solid 
 facet normal  1.000000e+00  0.000000e+00  0.000000e+00
   outer loop
     vertex  1.846000e+02  1.420000e+01  3.980000e+00
     vertex  1.846000e+02  1.256000e+02  3.980000e+00
     vertex  1.846000e+02  1.256000e+02  7.980000e+00
   endloop
 endfacet
 facet normal  1.000000e+00 -0.000000e+00  0.000000e+00
   outer loop
     vertex  1.846000e+02  1.420000e+01  7.980000e+00
     vertex  1.846000e+02  1.420000e+01  3.980000e+00
     vertex  1.846000e+02  1.256000e+02  7.980000e+00
   endloop
 endfacet
 facet normal  0.000000e+00  1.000000e+00  0.000000e+00
   outer loop
     vertex  4.985000e+01  1.256000e+02  5.980000e+00
     vertex  1.420000e+01  1.256000e+02  3.980000e+00
     vertex  1.420000e+01  1.256000e+02  7.980000e+00
   endloop
 endfacet
 facet normal  0.000000e+00  1.000000e+00  0.000000e+00
   outer loop
     vertex  4.985000e+01  1.256000e+02  7.980000e+00
     vertex  4.985000e+01  1.256000e+02  5.980000e+00
     vertex  1.420000e+01  1.256000e+02  7.980000e+00
   endloop
 endfacet
 facet normal  0.000000e+00  1.000000e+00  0.000000e+00
   outer loop
     vertex  1.349500e+02  1.256000e+02  7.980000e+00
     vertex  6.385000e+01  1.256000e+02  5.980000e+00
     vertex  6.385000e+01  1.256000e+02  7.980000e+00
   endloop
 endfacet
 facet normal  0.000000e+00  1.000000e+00  0.000000e+00
   outer loop
     vertex  1.349500e+02  1.256000e+02  7.980000e+00
     vertex  1.349500e+02  1.256000e+02  5.980000e+00
     vertex  6.385000e+01  1.256000e+02  5.980000e+00
   endloop
 endfacet
 facet normal  0.000000e+00  1.000000e+00  0.000000e+00
   outer loop
     vertex  1.846000e+02  1.256000e+02  7.980000e+00
     vertex  1.489500e+02  1.256000e+02  5.980000e+00
     vertex  1.489500e+02  1.256000e+02  7.980000e+00
   endloop
 endfacet
 facet normal  0.000000e+00  1.000000e+00  0.000000e+00
   outer loop
     vertex  1.846000e+02  1.256000e+02  7.980000e+00
     vertex  1.846000e+02  1.256000e+02  3.980000e+00
     vertex  1.489500e+02  1.256000e+02  5.980000e+00
   endloop
 endfacet
 facet normal  0.000000e+00  1.000000e+00  0.000000e+00
   outer loop
     vertex  1.846000e+02  1.256000e+02  3.980000e+00
     vertex  1.420000e+01  1.256000e+02  3.980000e+00
     vertex  4.985000e+01  1.256000e+02  5.980000e+00
   endloop
 endfacet
 facet normal  0.000000e+00  1.000000e+00  0.000000e+00
   outer loop
     vertex  1.846000e+02  1.256000e+02  3.980000e+00
     vertex  4.985000e+01  1.256000e+02  5.980000e+00
     vertex  6.385000e+01  1.256000e+02  5.980000e+00
   endloop
 endfacet
 facet normal  0.000000e+00  1.000000e+00  0.000000e+00
   outer loop
     vertex  1.846000e+02  1.256000e+02  3.980000e+00
     vertex  6.385000e+01  1.256000e+02  5.980000e+00
     vertex  1.349500e+02  1.256000e+02  5.980000e+00
   endloop
 endfacet
 facet normal  0.000000e+00  1.000000e+00  0.000000e+00
   outer loop
     vertex  1.846000e+02  1.256000e+02  3.980000e+00
     vertex  1.349500e+02  1.256000e+02  5.980000e+00
     vertex  1.489500e+02  1.256000e+02  5.980000e+00
   endloop
 endfacet
 facet normal -0.000000e+00 -1.000000e+00  0.000000e+00
   outer loop
     vertex  4.985000e+01  1.420000e+01  5.980000e+00
     vertex  1.420000e+01  1.420000e+01  7.980000e+00
     vertex  1.420000e+01  1.420000e+01  3.980000e+00
   endloop
 endfacet
 facet normal -0.000000e+00 -1.000000e+00 -0.000000e+00
   outer loop
     vertex  4.985000e+01  1.420000e+01  7.980000e+00
     vertex  1.420000e+01  1.420000e+01  7.980000e+00
     vertex  4.985000e+01  1.420000e+01  5.980000e+00
   endloop
 endfacet
 facet normal -0.000000e+00 -1.000000e+00  0.000000e+00
   outer loop
     vertex  1.349500e+02  1.420000e+01  7.980000e+00
     vertex  6.385000e+01  1.420000e+01  7.980000e+00
     vertex  6.385000e+01  1.420000e+01  5.980000e+00
   endloop
 endfacet
 facet normal  0.000000e+00 -1.000000e+00 -0.000000e+00
   outer loop
     vertex  1.349500e+02  1.420000e+01  7.980000e+00
     vertex  6.385000e+01  1.420000e+01  5.980000e+00
     vertex  1.349500e+02  1.420000e+01  5.980000e+00
   endloop
 endfacet
 facet normal -0.000000e+00 -1.000000e+00  0.000000e+00
   outer loop
     vertex  1.846000e+02  1.420000e+01  7.980000e+00
     vertex  1.489500e+02  1.420000e+01  7.980000e+00
     vertex  1.489500e+02  1.420000e+01  5.980000e+00
   endloop
 endfacet
 facet normal  0.000000e+00 -1.000000e+00 -0.000000e+00
   outer loop
     vertex  1.846000e+02  1.420000e+01  7.980000e+00
     vertex  1.489500e+02  1.420000e+01  5.980000e+00
     vertex  1.846000e+02  1.420000e+01  3.980000e+00
   endloop
 endfacet
 facet normal  0.000000e+00 -1.000000e+00  0.000000e+00
   outer loop
     vertex  1.846000e+02  1.420000e+01  3.980000e+00
     vertex  4.985000e+01  1.420000e+01  5.980000e+00
     vertex  1.420000e+01  1.420000e+01  3.980000e+00
   endloop
 endfacet
 facet normal  0.000000e+00 -1.000000e+00  0.000000e+00
   outer loop
     vertex  1.846000e+02  1.420000e+01  3.980000e+00
     vertex  6.385000e+01  1.420000e+01  5.980000e+00
     vertex  4.985000e+01  1.420000e+01  5.980000e+00
   endloop
 endfacet
 facet normal  0.000000e+00 -1.000000e+00  0.000000e+00
   outer loop
     vertex  1.846000e+02  1.420000e+01  3.980000e+00
     vertex  1.349500e+02  1.420000e+01  5.980000e+00
     vertex  6.385000e+01  1.420000e+01  5.980000e+00
   endloop
 endfacet
 facet normal  0.000000e+00 -1.000000e+00  0.000000e+00
   outer loop
     vertex  1.846000e+02  1.420000e+01  3.980000e+00
     vertex  1.489500e+02  1.420000e+01  5.980000e+00
     vertex  1.349500e+02  1.420000e+01  5.980000e+00
   endloop
 endfacet
 facet normal -1.000000e+00  0.000000e+00  0.000000e+00
   outer loop
     vertex  1.420000e+01  1.420000e+01  3.980000e+00
     vertex  1.420000e+01  1.256000e+02  7.980000e+00
     vertex  1.420000e+01  1.256000e+02  3.980000e+00
   endloop
 endfacet
 facet normal -1.000000e+00  0.000000e+00  0.000000e+00
   outer loop
     vertex  1.420000e+01  1.420000e+01  7.980000e+00
     vertex  1.420000e+01  1.256000e+02  7.980000e+00
     vertex  1.420000e+01  1.420000e+01  3.980000e+00
   endloop
 endfacet
 facet normal -1.000000e+00  0.000000e+00  0.000000e+00
   outer loop
     vertex  1.349500e+02  1.256000e+02  5.980000e+00
     vertex  1.349500e+02  1.358000e+02  7.980000e+00
     vertex  1.349500e+02  1.358000e+02  5.980000e+00
   endloop
 endfacet
 facet normal -1.000000e+00  0.000000e+00  0.000000e+00
   outer loop
     vertex  1.349500e+02  1.256000e+02  7.980000e+00
     vertex  1.349500e+02  1.358000e+02  7.980000e+00
     vertex  1.349500e+02  1.256000e+02  5.980000e+00
   endloop
 endfacet
 facet normal  0.000000e+00  1.000000e+00  0.000000e+00
   outer loop
     vertex  1.489500e+02  1.358000e+02  7.980000e+00
     vertex  1.489500e+02  1.358000e+02  5.980000e+00
     vertex  1.349500e+02  1.358000e+02  5.980000e+00
   endloop
 endfacet
 facet normal  0.000000e+00  1.000000e+00  0.000000e+00
   outer loop
     vertex  1.489500e+02  1.358000e+02  7.980000e+00
     vertex  1.349500e+02  1.358000e+02  5.980000e+00
     vertex  1.349500e+02  1.358000e+02  7.980000e+00
   endloop
 endfacet
 facet normal  1.000000e+00  0.000000e+00  0.000000e+00
   outer loop
     vertex  1.489500e+02  1.256000e+02  5.980000e+00
     vertex  1.489500e+02  1.358000e+02  5.980000e+00
     vertex  1.489500e+02  1.358000e+02  7.980000e+00
   endloop
 endfacet
 facet normal  1.000000e+00 -0.000000e+00  0.000000e+00
   outer loop
     vertex  1.489500e+02  1.256000e+02  7.980000e+00
     vertex  1.489500e+02  1.256000e+02  5.980000e+00
     vertex  1.489500e+02  1.358000e+02  7.980000e+00
   endloop
 endfacet
 facet normal  0.000000e+00  0.000000e+00 -1.000000e+00
   outer loop
     vertex  1.846000e+02  1.420000e+01  3.980000e+00
     vertex  1.420000e+01  1.420000e+01  3.980000e+00
     vertex  1.420000e+01  1.256000e+02  3.980000e+00
   endloop
 endfacet
 facet normal -0.000000e+00 -0.000000e+00 -1.000000e+00
   outer loop
     vertex  1.846000e+02  1.256000e+02  3.980000e+00
     vertex  1.846000e+02  1.420000e+01  3.980000e+00
     vertex  1.420000e+01  1.256000e+02  3.980000e+00
   endloop
 endfacet
 facet normal -0.000000e+00  0.000000e+00 -1.000000e+00
   outer loop
     vertex  1.407771e+02  1.295694e+02  5.980000e+00
     vertex  1.349500e+02  1.256000e+02  5.980000e+00
     vertex  1.407438e+02  1.296020e+02  5.980000e+00
   endloop
 endfacet
 facet normal  0.000000e+00 -0.000000e+00 -1.000000e+00
   outer loop
     vertex  1.407114e+02  1.296356e+02  5.980000e+00
     vertex  1.407438e+02  1.296020e+02  5.980000e+00
     vertex  1.349500e+02  1.256000e+02  5.980000e+00
   endloop
 endfacet
 facet normal -0.000000e+00  0.000000e+00 -1.000000e+00
   outer loop
     vertex  1.408113e+02  1.295377e+02  5.980000e+00
     vertex  1.349500e+02  1.256000e+02  5.980000e+00
     vertex  1.407771e+02  1.295694e+02  5.980000e+00
   endloop
 endfacet
 facet normal  0.000000e+00 -0.000000e+00 -1.000000e+00
   outer loop
     vertex  1.406799e+02  1.296700e+02  5.980000e+00
     vertex  1.407114e+02  1.296356e+02  5.980000e+00
     vertex  1.349500e+02  1.256000e+02  5.980000e+00
   endloop
 endfacet
 facet normal -0.000000e+00  0.000000e+00 -1.000000e+00
   outer loop
     vertex  1.408464e+02  1.295069e+02  5.980000e+00
     vertex  1.349500e+02  1.256000e+02  5.980000e+00
     vertex  1.408113e+02  1.295377e+02  5.980000e+00
   endloop
 endfacet
 facet normal  0.000000e+00 -0.000000e+00 -1.000000e+00
   outer loop
     vertex  1.406494e+02  1.297053e+02  5.980000e+00
     vertex  1.406799e+02  1.296700e+02  5.980000e+00
     vertex  1.349500e+02  1.256000e+02  5.980000e+00
   endloop
 endfacet
 facet normal -0.000000e+00  0.000000e+00 -1.000000e+00
   outer loop
     vertex  1.408823e+02  1.294771e+02  5.980000e+00
     vertex  1.349500e+02  1.256000e+02  5.980000e+00
     vertex  1.408464e+02  1.295069e+02  5.980000e+00
   endloop
 endfacet
 facet normal  0.000000e+00 -0.000000e+00 -1.000000e+00
   outer loop
     vertex  1.406198e+02  1.297414e+02  5.980000e+00
     vertex  1.406494e+02  1.297053e+02  5.980000e+00
     vertex  1.349500e+02  1.256000e+02  5.980000e+00
   endloop
 endfacet
 facet normal -0.000000e+00  0.000000e+00 -1.000000e+00
   outer loop
     vertex  1.409190e+02  1.294483e+02  5.980000e+00
     vertex  1.349500e+02  1.256000e+02  5.980000e+00
     vertex  1.408823e+02  1.294771e+02  5.980000e+00
   endloop
 endfacet
 facet normal  0.000000e+00 -0.000000e+00 -1.000000e+00
   outer loop
     vertex  1.405913e+02  1.297783e+02  5.980000e+00
     vertex  1.406198e+02  1.297414e+02  5.980000e+00
     vertex  1.349500e+02  1.256000e+02  5.980000e+00
   endloop
 endfacet
 facet normal -0.000000e+00  0.000000e+00 -1.000000e+00
   outer loop
     vertex  1.409564e+02  1.294206e+02  5.980000e+00
     vertex  1.349500e+02  1.256000e+02  5.980000e+00
     vertex  1.409190e+02  1.294483e+02  5.980000e+00
   endloop
 endfacet
 facet normal  0.000000e+00 -0.000000e+00 -1.000000e+00
   outer loop
     vertex  1.405638e+02  1.298159e+02  5.980000e+00
     vertex  1.405913e+02  1.297783e+02  5.980000e+00
     vertex  1.349500e+02  1.256000e+02  5.980000e+00
   endloop
 endfacet
 facet normal -0.000000e+00  0.000000e+00 -1.000000e+00
   outer loop
     vertex  1.409947e+02  1.293938e+02  5.980000e+00
     vertex  1.349500e+02  1.256000e+02  5.980000e+00
     vertex  1.409564e+02  1.294206e+02  5.980000e+00
   endloop
 endfacet
 facet normal  0.000000e+00 -0.000000e+00 -1.000000e+00
   outer loop
     vertex  1.405373e+02  1.298543e+02  5.980000e+00
     vertex  1.405638e+02  1.298159e+02  5.980000e+00
     vertex  1.349500e+02  1.256000e+02  5.980000e+00
   endloop
 endfacet
 facet normal -0.000000e+00  0.000000e+00 -1.000000e+00
   outer loop
     vertex  1.410336e+02  1.293682e+02  5.980000e+00
     vertex  1.349500e+02  1.256000e+02  5.980000e+00
     vertex  1.409947e+02  1.293938e+02  5.980000e+00
   endloop
 endfacet
 facet normal  0.000000e+00 -0.000000e+00 -1.000000e+00
   outer loop
     vertex  1.405119e+02  1.298934e+02  5.980000e+00
     vertex  1.405373e+02  1.298543e+02  5.980000e+00
     vertex  1.349500e+02  1.256000e+02  5.980000e+00
   endloop
 endfacet
 facet normal -0.000000e+00  0.000000e+00 -1.000000e+00
   outer loop
     vertex  1.410732e+02  1.293436e+02  5.980000e+00
     vertex  1.349500e+02  1.256000e+02  5.980000e+00
     vertex  1.410336e+02  1.293682e+02  5.980000e+00
   endloop
 endfacet
 facet normal  0.000000e+00 -0.000000e+00 -1.000000e+00
   outer loop
     vertex  1.404876e+02  1.299332e+02  5.980000e+00
     vertex  1.405119e+02  1.298934e+02  5.980000e+00
     vertex  1.349500e+02  1.256000e+02  5.980000e+00
   endloop
 endfacet
 facet normal -0.000000e+00  0.000000e+00 -1.000000e+00
   outer loop
     vertex  1.411135e+02  1.293200e+02  5.980000e+00
     vertex  1.349500e+02  1.256000e+02  5.980000e+00
     vertex  1.410732e+02  1.293436e+02  5.980000e+00
   endloop
 endfacet
 facet normal  0.000000e+00 -0.000000e+00 -1.000000e+00
   outer loop
     vertex  1.404643e+02  1.299737e+02  5.980000e+00
     vertex  1.404876e+02  1.299332e+02  5.980000e+00
     vertex  1.349500e+02  1.256000e+02  5.980000e+00
   endloop
 endfacet
 facet normal -0.000000e+00  0.000000e+00 -1.000000e+00
   outer loop
     vertex  1.411544e+02  1.292977e+02  5.980000e+00
     vertex  1.349500e+02  1.256000e+02  5.980000e+00
     vertex  1.411135e+02  1.293200e+02  5.980000e+00
   endloop
 endfacet
 facet normal  0.000000e+00 -0.000000e+00 -1.000000e+00
   outer loop
     vertex  1.404422e+02  1.300147e+02  5.980000e+00
     vertex  1.404643e+02  1.299737e+02  5.980000e+00
     vertex  1.349500e+02  1.256000e+02  5.980000e+00
   endloop
 endfacet
 facet normal -0.000000e+00  0.000000e+00 -1.000000e+00
   outer loop
     vertex  1.411959e+02  1.292764e+02  5.980000e+00
     vertex  1.349500e+02  1.256000e+02  5.980000e+00
     vertex  1.411544e+02  1.292977e+02  5.980000e+00
   endloop
 endfacet
 facet normal  0.000000e+00 -0.000000e+00 -1.000000e+00
   outer loop
     vertex  1.404213e+02  1.300564e+02  5.980000e+00
     vertex  1.404422e+02  1.300147e+02  5.980000e+00
     vertex  1.349500e+02  1.256000e+02  5.980000e+00
   endloop
 endfacet
 facet normal -0.000000e+00  0.000000e+00 -1.000000e+00
   outer loop
     vertex  1.412380e+02  1.292563e+02  5.980000e+00
     vertex  1.349500e+02  1.256000e+02  5.980000e+00
     vertex  1.411959e+02  1.292764e+02  5.980000e+00
   endloop
 endfacet
 facet normal  0.000000e+00 -0.000000e+00 -1.000000e+00
   outer loop
     vertex  1.404014e+02  1.300986e+02  5.980000e+00
     vertex  1.404213e+02  1.300564e+02  5.980000e+00
     vertex  1.349500e+02  1.256000e+02  5.980000e+00
   endloop
 endfacet
 facet normal -0.000000e+00  0.000000e+00 -1.000000e+00
   outer loop
     vertex  1.412806e+02  1.292373e+02  5.980000e+00
     vertex  1.349500e+02  1.256000e+02  5.980000e+00
     vertex  1.412380e+02  1.292563e+02  5.980000e+00
   endloop
 endfacet
 facet normal  0.000000e+00 -0.000000e+00 -1.000000e+00
   outer loop
     vertex  1.403828e+02  1.301414e+02  5.980000e+00
     vertex  1.404014e+02  1.300986e+02  5.980000e+00
     vertex  1.349500e+02  1.256000e+02  5.980000e+00
   endloop
 endfacet
 facet normal -0.000000e+00  0.000000e+00 -1.000000e+00
   outer loop
     vertex  1.413238e+02  1.292196e+02  5.980000e+00
     vertex  1.349500e+02  1.256000e+02  5.980000e+00
     vertex  1.412806e+02  1.292373e+02  5.980000e+00
   endloop
 endfacet
 facet normal  0.000000e+00 -0.000000e+00 -1.000000e+00
   outer loop
     vertex  1.403653e+02  1.301846e+02  5.980000e+00
     vertex  1.403828e+02  1.301414e+02  5.980000e+00
     vertex  1.349500e+02  1.256000e+02  5.980000e+00
   endloop
 endfacet
 facet normal -0.000000e+00  0.000000e+00 -1.000000e+00
   outer loop
     vertex  1.413673e+02  1.292030e+02  5.980000e+00
     vertex  1.349500e+02  1.256000e+02  5.980000e+00
     vertex  1.413238e+02  1.292196e+02  5.980000e+00
   endloop
 endfacet
 facet normal  0.000000e+00 -0.000000e+00 -1.000000e+00
   outer loop
     vertex  1.403490e+02  1.302283e+02  5.980000e+00
     vertex  1.403653e+02  1.301846e+02  5.980000e+00
     vertex  1.349500e+02  1.256000e+02  5.980000e+00
   endloop
 endfacet
 facet normal -0.000000e+00  0.000000e+00 -1.000000e+00
   outer loop
     vertex  1.414114e+02  1.291876e+02  5.980000e+00
     vertex  1.349500e+02  1.256000e+02  5.980000e+00
     vertex  1.413673e+02  1.292030e+02  5.980000e+00
   endloop
 endfacet
 facet normal  0.000000e+00 -0.000000e+00 -1.000000e+00
   outer loop
     vertex  1.403339e+02  1.302725e+02  5.980000e+00
     vertex  1.403490e+02  1.302283e+02  5.980000e+00
     vertex  1.349500e+02  1.256000e+02  5.980000e+00
   endloop
 endfacet
 facet normal -0.000000e+00  0.000000e+00 -1.000000e+00
   outer loop
     vertex  1.414558e+02  1.291734e+02  5.980000e+00
     vertex  1.349500e+02  1.256000e+02  5.980000e+00
     vertex  1.414114e+02  1.291876e+02  5.980000e+00
   endloop
 endfacet
 facet normal  0.000000e+00 -0.000000e+00 -1.000000e+00
   outer loop
     vertex  1.403201e+02  1.303170e+02  5.980000e+00
     vertex  1.403339e+02  1.302725e+02  5.980000e+00
     vertex  1.349500e+02  1.256000e+02  5.980000e+00
   endloop
 endfacet
 facet normal -0.000000e+00  0.000000e+00 -1.000000e+00
   outer loop
     vertex  1.415006e+02  1.291605e+02  5.980000e+00
     vertex  1.349500e+02  1.256000e+02  5.980000e+00
     vertex  1.414558e+02  1.291734e+02  5.980000e+00
   endloop
 endfacet
 facet normal  0.000000e+00 -0.000000e+00 -1.000000e+00
   outer loop
     vertex  1.403074e+02  1.303619e+02  5.980000e+00
     vertex  1.403201e+02  1.303170e+02  5.980000e+00
     vertex  1.349500e+02  1.256000e+02  5.980000e+00
   endloop
 endfacet
 facet normal -0.000000e+00  0.000000e+00 -1.000000e+00
   outer loop
     vertex  1.415458e+02  1.291488e+02  5.980000e+00
     vertex  1.349500e+02  1.256000e+02  5.980000e+00
     vertex  1.415006e+02  1.291605e+02  5.980000e+00
   endloop
 endfacet
 facet normal  0.000000e+00 -0.000000e+00 -1.000000e+00
   outer loop
     vertex  1.402960e+02  1.304071e+02  5.980000e+00
     vertex  1.403074e+02  1.303619e+02  5.980000e+00
     vertex  1.349500e+02  1.256000e+02  5.980000e+00
   endloop
 endfacet
 facet normal -0.000000e+00  0.000000e+00 -1.000000e+00
   outer loop
     vertex  1.415912e+02  1.291383e+02  5.980000e+00
     vertex  1.349500e+02  1.256000e+02  5.980000e+00
     vertex  1.415458e+02  1.291488e+02  5.980000e+00
   endloop
 endfacet
 facet normal  0.000000e+00 -0.000000e+00 -1.000000e+00
   outer loop
     vertex  1.402859e+02  1.304526e+02  5.980000e+00
     vertex  1.402960e+02  1.304071e+02  5.980000e+00
     vertex  1.349500e+02  1.256000e+02  5.980000e+00
   endloop
 endfacet
 facet normal -0.000000e+00  0.000000e+00 -1.000000e+00
   outer loop
     vertex  1.416370e+02  1.291291e+02  5.980000e+00
     vertex  1.349500e+02  1.256000e+02  5.980000e+00
     vertex  1.415912e+02  1.291383e+02  5.980000e+00
   endloop
 endfacet
 facet normal  0.000000e+00 -0.000000e+00 -1.000000e+00
   outer loop
     vertex  1.402770e+02  1.304984e+02  5.980000e+00
     vertex  1.402859e+02  1.304526e+02  5.980000e+00
     vertex  1.349500e+02  1.256000e+02  5.980000e+00
   endloop
 endfacet
 facet normal -0.000000e+00  0.000000e+00 -1.000000e+00
   outer loop
     vertex  1.416829e+02  1.291211e+02  5.980000e+00
     vertex  1.349500e+02  1.256000e+02  5.980000e+00
     vertex  1.416370e+02  1.291291e+02  5.980000e+00
   endloop
 endfacet
 facet normal  0.000000e+00 -0.000000e+00 -1.000000e+00
   outer loop
     vertex  1.402693e+02  1.305444e+02  5.980000e+00
     vertex  1.402770e+02  1.304984e+02  5.980000e+00
     vertex  1.349500e+02  1.256000e+02  5.980000e+00
   endloop
 endfacet
 facet normal -0.000000e+00  0.000000e+00 -1.000000e+00
   outer loop
     vertex  1.417291e+02  1.291144e+02  5.980000e+00
     vertex  1.349500e+02  1.256000e+02  5.980000e+00
     vertex  1.416829e+02  1.291211e+02  5.980000e+00
   endloop
 endfacet
 facet normal  0.000000e+00 -0.000000e+00 -1.000000e+00
   outer loop
     vertex  1.402629e+02  1.305906e+02  5.980000e+00
     vertex  1.402693e+02  1.305444e+02  5.980000e+00
     vertex  1.349500e+02  1.256000e+02  5.980000e+00
   endloop
 endfacet
 facet normal -0.000000e+00  0.000000e+00 -1.000000e+00
   outer loop
     vertex  1.417754e+02  1.291090e+02  5.980000e+00
     vertex  1.349500e+02  1.256000e+02  5.980000e+00
     vertex  1.417291e+02  1.291144e+02  5.980000e+00
   endloop
 endfacet
 facet normal  0.000000e+00 -0.000000e+00 -1.000000e+00
   outer loop
     vertex  1.402578e+02  1.306370e+02  5.980000e+00
     vertex  1.402629e+02  1.305906e+02  5.980000e+00
     vertex  1.349500e+02  1.256000e+02  5.980000e+00
   endloop
 endfacet
 facet normal -0.000000e+00  0.000000e+00 -1.000000e+00
   outer loop
     vertex  1.418219e+02  1.291048e+02  5.980000e+00
     vertex  1.349500e+02  1.256000e+02  5.980000e+00
     vertex  1.417754e+02  1.291090e+02  5.980000e+00
   endloop
 endfacet
 facet normal  0.000000e+00 -0.000000e+00 -1.000000e+00
   outer loop
     vertex  1.402540e+02  1.306835e+02  5.980000e+00
     vertex  1.402578e+02  1.306370e+02  5.980000e+00
     vertex  1.349500e+02  1.256000e+02  5.980000e+00
   endloop
 endfacet
 facet normal -0.000000e+00  0.000000e+00 -1.000000e+00
   outer loop
     vertex  1.418684e+02  1.291020e+02  5.980000e+00
     vertex  1.349500e+02  1.256000e+02  5.980000e+00
     vertex  1.418219e+02  1.291048e+02  5.980000e+00
   endloop
 endfacet
 facet normal  0.000000e+00 -0.000000e+00 -1.000000e+00
   outer loop
     vertex  1.402514e+02  1.307301e+02  5.980000e+00
     vertex  1.402540e+02  1.306835e+02  5.980000e+00
     vertex  1.349500e+02  1.256000e+02  5.980000e+00
   endloop
 endfacet
 facet normal -0.000000e+00  0.000000e+00 -1.000000e+00
   outer loop
     vertex  1.419150e+02  1.291004e+02  5.980000e+00
     vertex  1.349500e+02  1.256000e+02  5.980000e+00
     vertex  1.418684e+02  1.291020e+02  5.980000e+00
   endloop
 endfacet
 facet normal -0.000000e+00  0.000000e+00 -1.000000e+00
   outer loop
     vertex  1.402502e+02  1.307767e+02  5.980000e+00
     vertex  1.349500e+02  1.256000e+02  5.980000e+00
     vertex  1.349500e+02  1.358000e+02  5.980000e+00
   endloop
 endfacet
 facet normal  0.000000e+00 -0.000000e+00 -1.000000e+00
   outer loop
     vertex  1.402502e+02  1.307767e+02  5.980000e+00
     vertex  1.402514e+02  1.307301e+02  5.980000e+00
     vertex  1.349500e+02  1.256000e+02  5.980000e+00
   endloop
 endfacet
 facet normal -0.000000e+00  0.000000e+00 -1.000000e+00
   outer loop
     vertex  1.419617e+02  1.291000e+02  5.980000e+00
     vertex  1.349500e+02  1.256000e+02  5.980000e+00
     vertex  1.419150e+02  1.291004e+02  5.980000e+00
   endloop
 endfacet
 facet normal -0.000000e+00 -0.000000e+00 -1.000000e+00
   outer loop
     vertex  1.402502e+02  1.308233e+02  5.980000e+00
     vertex  1.402502e+02  1.307767e+02  5.980000e+00
     vertex  1.349500e+02  1.358000e+02  5.980000e+00
   endloop
 endfacet
 facet normal -0.000000e+00  0.000000e+00 -1.000000e+00
   outer loop
     vertex  1.402514e+02  1.308699e+02  5.980000e+00
     vertex  1.402502e+02  1.308233e+02  5.980000e+00
     vertex  1.349500e+02  1.358000e+02  5.980000e+00
   endloop
 endfacet
 facet normal -0.000000e+00  0.000000e+00 -1.000000e+00
   outer loop
     vertex  1.402540e+02  1.309165e+02  5.980000e+00
     vertex  1.402514e+02  1.308699e+02  5.980000e+00
     vertex  1.349500e+02  1.358000e+02  5.980000e+00
   endloop
 endfacet
 facet normal -0.000000e+00  0.000000e+00 -1.000000e+00
   outer loop
     vertex  1.402578e+02  1.309630e+02  5.980000e+00
     vertex  1.402540e+02  1.309165e+02  5.980000e+00
     vertex  1.349500e+02  1.358000e+02  5.980000e+00
   endloop
 endfacet
 facet normal -0.000000e+00  0.000000e+00 -1.000000e+00
   outer loop
     vertex  1.402629e+02  1.310094e+02  5.980000e+00
     vertex  1.402578e+02  1.309630e+02  5.980000e+00
     vertex  1.349500e+02  1.358000e+02  5.980000e+00
   endloop
 endfacet
 facet normal -0.000000e+00  0.000000e+00 -1.000000e+00
   outer loop
     vertex  1.402693e+02  1.310556e+02  5.980000e+00
     vertex  1.402629e+02  1.310094e+02  5.980000e+00
     vertex  1.349500e+02  1.358000e+02  5.980000e+00
   endloop
 endfacet
 facet normal -0.000000e+00  0.000000e+00 -1.000000e+00
   outer loop
     vertex  1.402770e+02  1.311016e+02  5.980000e+00
     vertex  1.402693e+02  1.310556e+02  5.980000e+00
     vertex  1.349500e+02  1.358000e+02  5.980000e+00
   endloop
 endfacet
 facet normal -0.000000e+00  0.000000e+00 -1.000000e+00
   outer loop
     vertex  1.402859e+02  1.311474e+02  5.980000e+00
     vertex  1.402770e+02  1.311016e+02  5.980000e+00
     vertex  1.349500e+02  1.358000e+02  5.980000e+00
   endloop
 endfacet
 facet normal -0.000000e+00  0.000000e+00 -1.000000e+00
   outer loop
     vertex  1.402960e+02  1.311929e+02  5.980000e+00
     vertex  1.402859e+02  1.311474e+02  5.980000e+00
     vertex  1.349500e+02  1.358000e+02  5.980000e+00
   endloop
 endfacet
 facet normal -0.000000e+00  0.000000e+00 -1.000000e+00
   outer loop
     vertex  1.403074e+02  1.312381e+02  5.980000e+00
     vertex  1.402960e+02  1.311929e+02  5.980000e+00
     vertex  1.349500e+02  1.358000e+02  5.980000e+00
   endloop
 endfacet
 facet normal -0.000000e+00  0.000000e+00 -1.000000e+00
   outer loop
     vertex  1.403201e+02  1.312830e+02  5.980000e+00
     vertex  1.403074e+02  1.312381e+02  5.980000e+00
     vertex  1.349500e+02  1.358000e+02  5.980000e+00
   endloop
 endfacet
 facet normal -0.000000e+00  0.000000e+00 -1.000000e+00
   outer loop
     vertex  1.403339e+02  1.313275e+02  5.980000e+00
     vertex  1.403201e+02  1.312830e+02  5.980000e+00
     vertex  1.349500e+02  1.358000e+02  5.980000e+00
   endloop
 endfacet
 facet normal -0.000000e+00  0.000000e+00 -1.000000e+00
   outer loop
     vertex  1.403490e+02  1.313717e+02  5.980000e+00
     vertex  1.403339e+02  1.313275e+02  5.980000e+00
     vertex  1.349500e+02  1.358000e+02  5.980000e+00
   endloop
 endfacet
 facet normal -0.000000e+00  0.000000e+00 -1.000000e+00
   outer loop
     vertex  1.403653e+02  1.314154e+02  5.980000e+00
     vertex  1.403490e+02  1.313717e+02  5.980000e+00
     vertex  1.349500e+02  1.358000e+02  5.980000e+00
   endloop
 endfacet
 facet normal -0.000000e+00  0.000000e+00 -1.000000e+00
   outer loop
     vertex  1.403828e+02  1.314586e+02  5.980000e+00
     vertex  1.403653e+02  1.314154e+02  5.980000e+00
     vertex  1.349500e+02  1.358000e+02  5.980000e+00
   endloop
 endfacet
 facet normal -0.000000e+00  0.000000e+00 -1.000000e+00
   outer loop
     vertex  1.404014e+02  1.315014e+02  5.980000e+00
     vertex  1.403828e+02  1.314586e+02  5.980000e+00
     vertex  1.349500e+02  1.358000e+02  5.980000e+00
   endloop
 endfacet
 facet normal -0.000000e+00  0.000000e+00 -1.000000e+00
   outer loop
     vertex  1.404213e+02  1.315436e+02  5.980000e+00
     vertex  1.404014e+02  1.315014e+02  5.980000e+00
     vertex  1.349500e+02  1.358000e+02  5.980000e+00
   endloop
 endfacet
 facet normal -0.000000e+00  0.000000e+00 -1.000000e+00
   outer loop
     vertex  1.404422e+02  1.315853e+02  5.980000e+00
     vertex  1.404213e+02  1.315436e+02  5.980000e+00
     vertex  1.349500e+02  1.358000e+02  5.980000e+00
   endloop
 endfacet
 facet normal -0.000000e+00  0.000000e+00 -1.000000e+00
   outer loop
     vertex  1.404643e+02  1.316263e+02  5.980000e+00
     vertex  1.404422e+02  1.315853e+02  5.980000e+00
     vertex  1.349500e+02  1.358000e+02  5.980000e+00
   endloop
 endfacet
 facet normal -0.000000e+00  0.000000e+00 -1.000000e+00
   outer loop
     vertex  1.404876e+02  1.316668e+02  5.980000e+00
     vertex  1.404643e+02  1.316263e+02  5.980000e+00
     vertex  1.349500e+02  1.358000e+02  5.980000e+00
   endloop
 endfacet
 facet normal -0.000000e+00  0.000000e+00 -1.000000e+00
   outer loop
     vertex  1.405119e+02  1.317066e+02  5.980000e+00
     vertex  1.404876e+02  1.316668e+02  5.980000e+00
     vertex  1.349500e+02  1.358000e+02  5.980000e+00
   endloop
 endfacet
 facet normal -0.000000e+00  0.000000e+00 -1.000000e+00
   outer loop
     vertex  1.405373e+02  1.317457e+02  5.980000e+00
     vertex  1.405119e+02  1.317066e+02  5.980000e+00
     vertex  1.349500e+02  1.358000e+02  5.980000e+00
   endloop
 endfacet
 facet normal -0.000000e+00  0.000000e+00 -1.000000e+00
   outer loop
     vertex  1.405638e+02  1.317841e+02  5.980000e+00
     vertex  1.405373e+02  1.317457e+02  5.980000e+00
     vertex  1.349500e+02  1.358000e+02  5.980000e+00
   endloop
 endfacet
 facet normal -0.000000e+00  0.000000e+00 -1.000000e+00
   outer loop
     vertex  1.405913e+02  1.318217e+02  5.980000e+00
     vertex  1.405638e+02  1.317841e+02  5.980000e+00
     vertex  1.349500e+02  1.358000e+02  5.980000e+00
   endloop
 endfacet
 facet normal -0.000000e+00  0.000000e+00 -1.000000e+00
   outer loop
     vertex  1.406198e+02  1.318586e+02  5.980000e+00
     vertex  1.405913e+02  1.318217e+02  5.980000e+00
     vertex  1.349500e+02  1.358000e+02  5.980000e+00
   endloop
 endfacet
 facet normal -0.000000e+00  0.000000e+00 -1.000000e+00
   outer loop
     vertex  1.406494e+02  1.318947e+02  5.980000e+00
     vertex  1.406198e+02  1.318586e+02  5.980000e+00
     vertex  1.349500e+02  1.358000e+02  5.980000e+00
   endloop
 endfacet
 facet normal -0.000000e+00  0.000000e+00 -1.000000e+00
   outer loop
     vertex  1.406799e+02  1.319300e+02  5.980000e+00
     vertex  1.406494e+02  1.318947e+02  5.980000e+00
     vertex  1.349500e+02  1.358000e+02  5.980000e+00
   endloop
 endfacet
 facet normal -0.000000e+00  0.000000e+00 -1.000000e+00
   outer loop
     vertex  1.407114e+02  1.319644e+02  5.980000e+00
     vertex  1.406799e+02  1.319300e+02  5.980000e+00
     vertex  1.349500e+02  1.358000e+02  5.980000e+00
   endloop
 endfacet
 facet normal -0.000000e+00  0.000000e+00 -1.000000e+00
   outer loop
     vertex  1.407438e+02  1.319980e+02  5.980000e+00
     vertex  1.407114e+02  1.319644e+02  5.980000e+00
     vertex  1.349500e+02  1.358000e+02  5.980000e+00
   endloop
 endfacet
 facet normal -0.000000e+00  0.000000e+00 -1.000000e+00
   outer loop
     vertex  1.407771e+02  1.320306e+02  5.980000e+00
     vertex  1.407438e+02  1.319980e+02  5.980000e+00
     vertex  1.349500e+02  1.358000e+02  5.980000e+00
   endloop
 endfacet
 facet normal -0.000000e+00  0.000000e+00 -1.000000e+00
   outer loop
     vertex  1.408113e+02  1.320623e+02  5.980000e+00
     vertex  1.407771e+02  1.320306e+02  5.980000e+00
     vertex  1.349500e+02  1.358000e+02  5.980000e+00
   endloop
 endfacet
 facet normal -0.000000e+00  0.000000e+00 -1.000000e+00
   outer loop
     vertex  1.408464e+02  1.320931e+02  5.980000e+00
     vertex  1.408113e+02  1.320623e+02  5.980000e+00
     vertex  1.349500e+02  1.358000e+02  5.980000e+00
   endloop
 endfacet
 facet normal -0.000000e+00  0.000000e+00 -1.000000e+00
   outer loop
     vertex  1.408823e+02  1.321229e+02  5.980000e+00
     vertex  1.408464e+02  1.320931e+02  5.980000e+00
     vertex  1.349500e+02  1.358000e+02  5.980000e+00
   endloop
 endfacet
 facet normal -0.000000e+00  0.000000e+00 -1.000000e+00
   outer loop
     vertex  1.409190e+02  1.321517e+02  5.980000e+00
     vertex  1.408823e+02  1.321229e+02  5.980000e+00
     vertex  1.349500e+02  1.358000e+02  5.980000e+00
   endloop
 endfacet
 facet normal -0.000000e+00  0.000000e+00 -1.000000e+00
   outer loop
     vertex  1.409564e+02  1.321794e+02  5.980000e+00
     vertex  1.409190e+02  1.321517e+02  5.980000e+00
     vertex  1.349500e+02  1.358000e+02  5.980000e+00
   endloop
 endfacet
 facet normal -0.000000e+00  0.000000e+00 -1.000000e+00
   outer loop
     vertex  1.409947e+02  1.322062e+02  5.980000e+00
     vertex  1.409564e+02  1.321794e+02  5.980000e+00
     vertex  1.349500e+02  1.358000e+02  5.980000e+00
   endloop
 endfacet
 facet normal -0.000000e+00  0.000000e+00 -1.000000e+00
   outer loop
     vertex  1.410336e+02  1.322318e+02  5.980000e+00
     vertex  1.409947e+02  1.322062e+02  5.980000e+00
     vertex  1.349500e+02  1.358000e+02  5.980000e+00
   endloop
 endfacet
 facet normal -0.000000e+00  0.000000e+00 -1.000000e+00
   outer loop
     vertex  1.410732e+02  1.322564e+02  5.980000e+00
     vertex  1.410336e+02  1.322318e+02  5.980000e+00
     vertex  1.349500e+02  1.358000e+02  5.980000e+00
   endloop
 endfacet
 facet normal -0.000000e+00  0.000000e+00 -1.000000e+00
   outer loop
     vertex  1.411135e+02  1.322800e+02  5.980000e+00
     vertex  1.410732e+02  1.322564e+02  5.980000e+00
     vertex  1.349500e+02  1.358000e+02  5.980000e+00
   endloop
 endfacet
 facet normal -0.000000e+00  0.000000e+00 -1.000000e+00
   outer loop
     vertex  1.411544e+02  1.323023e+02  5.980000e+00
     vertex  1.411135e+02  1.322800e+02  5.980000e+00
     vertex  1.349500e+02  1.358000e+02  5.980000e+00
   endloop
 endfacet
 facet normal -0.000000e+00  0.000000e+00 -1.000000e+00
   outer loop
     vertex  1.411959e+02  1.323236e+02  5.980000e+00
     vertex  1.411544e+02  1.323023e+02  5.980000e+00
     vertex  1.349500e+02  1.358000e+02  5.980000e+00
   endloop
 endfacet
 facet normal -0.000000e+00  0.000000e+00 -1.000000e+00
   outer loop
     vertex  1.412380e+02  1.323437e+02  5.980000e+00
     vertex  1.411959e+02  1.323236e+02  5.980000e+00
     vertex  1.349500e+02  1.358000e+02  5.980000e+00
   endloop
 endfacet
 facet normal -0.000000e+00  0.000000e+00 -1.000000e+00
   outer loop
     vertex  1.412806e+02  1.323627e+02  5.980000e+00
     vertex  1.412380e+02  1.323437e+02  5.980000e+00
     vertex  1.349500e+02  1.358000e+02  5.980000e+00
   endloop
 endfacet
 facet normal -0.000000e+00  0.000000e+00 -1.000000e+00
   outer loop
     vertex  1.413238e+02  1.323804e+02  5.980000e+00
     vertex  1.412806e+02  1.323627e+02  5.980000e+00
     vertex  1.349500e+02  1.358000e+02  5.980000e+00
   endloop
 endfacet
 facet normal -0.000000e+00  0.000000e+00 -1.000000e+00
   outer loop
     vertex  1.413673e+02  1.323970e+02  5.980000e+00
     vertex  1.413238e+02  1.323804e+02  5.980000e+00
     vertex  1.349500e+02  1.358000e+02  5.980000e+00
   endloop
 endfacet
 facet normal -0.000000e+00  0.000000e+00 -1.000000e+00
   outer loop
     vertex  1.414114e+02  1.324124e+02  5.980000e+00
     vertex  1.413673e+02  1.323970e+02  5.980000e+00
     vertex  1.349500e+02  1.358000e+02  5.980000e+00
   endloop
 endfacet
 facet normal -0.000000e+00  0.000000e+00 -1.000000e+00
   outer loop
     vertex  1.414558e+02  1.324266e+02  5.980000e+00
     vertex  1.414114e+02  1.324124e+02  5.980000e+00
     vertex  1.349500e+02  1.358000e+02  5.980000e+00
   endloop
 endfacet
 facet normal -0.000000e+00  0.000000e+00 -1.000000e+00
   outer loop
     vertex  1.415006e+02  1.324395e+02  5.980000e+00
     vertex  1.414558e+02  1.324266e+02  5.980000e+00
     vertex  1.349500e+02  1.358000e+02  5.980000e+00
   endloop
 endfacet
 facet normal -0.000000e+00  0.000000e+00 -1.000000e+00
   outer loop
     vertex  1.415458e+02  1.324512e+02  5.980000e+00
     vertex  1.415006e+02  1.324395e+02  5.980000e+00
     vertex  1.349500e+02  1.358000e+02  5.980000e+00
   endloop
 endfacet
 facet normal -0.000000e+00  0.000000e+00 -1.000000e+00
   outer loop
     vertex  1.415912e+02  1.324617e+02  5.980000e+00
     vertex  1.415458e+02  1.324512e+02  5.980000e+00
     vertex  1.349500e+02  1.358000e+02  5.980000e+00
   endloop
 endfacet
 facet normal -0.000000e+00  0.000000e+00 -1.000000e+00
   outer loop
     vertex  1.416370e+02  1.324709e+02  5.980000e+00
     vertex  1.415912e+02  1.324617e+02  5.980000e+00
     vertex  1.349500e+02  1.358000e+02  5.980000e+00
   endloop
 endfacet
 facet normal -0.000000e+00  0.000000e+00 -1.000000e+00
   outer loop
     vertex  1.416829e+02  1.324789e+02  5.980000e+00
     vertex  1.416370e+02  1.324709e+02  5.980000e+00
     vertex  1.349500e+02  1.358000e+02  5.980000e+00
   endloop
 endfacet
 facet normal -0.000000e+00  0.000000e+00 -1.000000e+00
   outer loop
     vertex  1.417291e+02  1.324856e+02  5.980000e+00
     vertex  1.416829e+02  1.324789e+02  5.980000e+00
     vertex  1.349500e+02  1.358000e+02  5.980000e+00
   endloop
 endfacet
 facet normal -0.000000e+00  0.000000e+00 -1.000000e+00
   outer loop
     vertex  1.417754e+02  1.324910e+02  5.980000e+00
     vertex  1.417291e+02  1.324856e+02  5.980000e+00
     vertex  1.349500e+02  1.358000e+02  5.980000e+00
   endloop
 endfacet
 facet normal -0.000000e+00  0.000000e+00 -1.000000e+00
   outer loop
     vertex  1.418219e+02  1.324952e+02  5.980000e+00
     vertex  1.417754e+02  1.324910e+02  5.980000e+00
     vertex  1.349500e+02  1.358000e+02  5.980000e+00
   endloop
 endfacet
 facet normal -0.000000e+00  0.000000e+00 -1.000000e+00
   outer loop
     vertex  1.418684e+02  1.324980e+02  5.980000e+00
     vertex  1.418219e+02  1.324952e+02  5.980000e+00
     vertex  1.349500e+02  1.358000e+02  5.980000e+00
   endloop
 endfacet
 facet normal -0.000000e+00  0.000000e+00 -1.000000e+00
   outer loop
     vertex  1.419150e+02  1.324996e+02  5.980000e+00
     vertex  1.418684e+02  1.324980e+02  5.980000e+00
     vertex  1.349500e+02  1.358000e+02  5.980000e+00
   endloop
 endfacet
 facet normal  0.000000e+00  0.000000e+00 -1.000000e+00
   outer loop
     vertex  1.489500e+02  1.256000e+02  5.980000e+00
     vertex  1.430358e+02  1.294919e+02  5.980000e+00
     vertex  1.430713e+02  1.295222e+02  5.980000e+00
   endloop
 endfacet
 facet normal  0.000000e+00  0.000000e+00 -1.000000e+00
   outer loop
     vertex  1.489500e+02  1.256000e+02  5.980000e+00
     vertex  1.430713e+02  1.295222e+02  5.980000e+00
     vertex  1.431059e+02  1.295534e+02  5.980000e+00
   endloop
 endfacet
 facet normal  0.000000e+00  0.000000e+00 -1.000000e+00
   outer loop
     vertex  1.489500e+02  1.256000e+02  5.980000e+00
     vertex  1.431059e+02  1.295534e+02  5.980000e+00
     vertex  1.431396e+02  1.295856e+02  5.980000e+00
   endloop
 endfacet
 facet normal  0.000000e+00  0.000000e+00 -1.000000e+00
   outer loop
     vertex  1.489500e+02  1.256000e+02  5.980000e+00
     vertex  1.431396e+02  1.295856e+02  5.980000e+00
     vertex  1.431725e+02  1.296187e+02  5.980000e+00
   endloop
 endfacet
 facet normal  0.000000e+00  0.000000e+00 -1.000000e+00
   outer loop
     vertex  1.489500e+02  1.256000e+02  5.980000e+00
     vertex  1.431725e+02  1.296187e+02  5.980000e+00
     vertex  1.432045e+02  1.296527e+02  5.980000e+00
   endloop
 endfacet
 facet normal  0.000000e+00  0.000000e+00 -1.000000e+00
   outer loop
     vertex  1.489500e+02  1.256000e+02  5.980000e+00
     vertex  1.432045e+02  1.296527e+02  5.980000e+00
     vertex  1.432355e+02  1.296875e+02  5.980000e+00
   endloop
 endfacet
 facet normal  0.000000e+00  0.000000e+00 -1.000000e+00
   outer loop
     vertex  1.489500e+02  1.256000e+02  5.980000e+00
     vertex  1.432355e+02  1.296875e+02  5.980000e+00
     vertex  1.432655e+02  1.297232e+02  5.980000e+00
   endloop
 endfacet
 facet normal  0.000000e+00  0.000000e+00 -1.000000e+00
   outer loop
     vertex  1.489500e+02  1.256000e+02  5.980000e+00
     vertex  1.432655e+02  1.297232e+02  5.980000e+00
     vertex  1.432945e+02  1.297597e+02  5.980000e+00
   endloop
 endfacet
 facet normal  0.000000e+00  0.000000e+00 -1.000000e+00
   outer loop
     vertex  1.489500e+02  1.256000e+02  5.980000e+00
     vertex  1.432945e+02  1.297597e+02  5.980000e+00
     vertex  1.433226e+02  1.297970e+02  5.980000e+00
   endloop
 endfacet
 facet normal  0.000000e+00  0.000000e+00 -1.000000e+00
   outer loop
     vertex  1.489500e+02  1.256000e+02  5.980000e+00
     vertex  1.433226e+02  1.297970e+02  5.980000e+00
     vertex  1.433496e+02  1.298350e+02  5.980000e+00
   endloop
 endfacet
 facet normal  0.000000e+00  0.000000e+00 -1.000000e+00
   outer loop
     vertex  1.489500e+02  1.256000e+02  5.980000e+00
     vertex  1.433496e+02  1.298350e+02  5.980000e+00
     vertex  1.433755e+02  1.298738e+02  5.980000e+00
   endloop
 endfacet
 facet normal  0.000000e+00  0.000000e+00 -1.000000e+00
   outer loop
     vertex  1.489500e+02  1.256000e+02  5.980000e+00
     vertex  1.433755e+02  1.298738e+02  5.980000e+00
     vertex  1.434004e+02  1.299132e+02  5.980000e+00
   endloop
 endfacet
 facet normal  0.000000e+00  0.000000e+00 -1.000000e+00
   outer loop
     vertex  1.489500e+02  1.256000e+02  5.980000e+00
     vertex  1.434004e+02  1.299132e+02  5.980000e+00
     vertex  1.434242e+02  1.299534e+02  5.980000e+00
   endloop
 endfacet
 facet normal  0.000000e+00  0.000000e+00 -1.000000e+00
   outer loop
     vertex  1.489500e+02  1.256000e+02  5.980000e+00
     vertex  1.434242e+02  1.299534e+02  5.980000e+00
     vertex  1.434469e+02  1.299941e+02  5.980000e+00
   endloop
 endfacet
 facet normal  0.000000e+00  0.000000e+00 -1.000000e+00
   outer loop
     vertex  1.489500e+02  1.256000e+02  5.980000e+00
     vertex  1.434469e+02  1.299941e+02  5.980000e+00
     vertex  1.434684e+02  1.300355e+02  5.980000e+00
   endloop
 endfacet
 facet normal  0.000000e+00  0.000000e+00 -1.000000e+00
   outer loop
     vertex  1.489500e+02  1.256000e+02  5.980000e+00
     vertex  1.434684e+02  1.300355e+02  5.980000e+00
     vertex  1.434888e+02  1.300774e+02  5.980000e+00
   endloop
 endfacet
 facet normal  0.000000e+00  0.000000e+00 -1.000000e+00
   outer loop
     vertex  1.489500e+02  1.256000e+02  5.980000e+00
     vertex  1.434888e+02  1.300774e+02  5.980000e+00
     vertex  1.435080e+02  1.301199e+02  5.980000e+00
   endloop
 endfacet
 facet normal  0.000000e+00  0.000000e+00 -1.000000e+00
   outer loop
     vertex  1.489500e+02  1.256000e+02  5.980000e+00
     vertex  1.435080e+02  1.301199e+02  5.980000e+00
     vertex  1.435261e+02  1.301629e+02  5.980000e+00
   endloop
 endfacet
 facet normal  0.000000e+00  0.000000e+00 -1.000000e+00
   outer loop
     vertex  1.489500e+02  1.256000e+02  5.980000e+00
     vertex  1.435261e+02  1.301629e+02  5.980000e+00
     vertex  1.435430e+02  1.302064e+02  5.980000e+00
   endloop
 endfacet
 facet normal  0.000000e+00  0.000000e+00 -1.000000e+00
   outer loop
     vertex  1.489500e+02  1.256000e+02  5.980000e+00
     vertex  1.435430e+02  1.302064e+02  5.980000e+00
     vertex  1.435587e+02  1.302503e+02  5.980000e+00
   endloop
 endfacet
 facet normal  0.000000e+00  0.000000e+00 -1.000000e+00
   outer loop
     vertex  1.489500e+02  1.256000e+02  5.980000e+00
     vertex  1.435587e+02  1.302503e+02  5.980000e+00
     vertex  1.435732e+02  1.302947e+02  5.980000e+00
   endloop
 endfacet
 facet normal  0.000000e+00  0.000000e+00 -1.000000e+00
   outer loop
     vertex  1.489500e+02  1.256000e+02  5.980000e+00
     vertex  1.435732e+02  1.302947e+02  5.980000e+00
     vertex  1.435864e+02  1.303394e+02  5.980000e+00
   endloop
 endfacet
 facet normal  0.000000e+00  0.000000e+00 -1.000000e+00
   outer loop
     vertex  1.489500e+02  1.256000e+02  5.980000e+00
     vertex  1.435864e+02  1.303394e+02  5.980000e+00
     vertex  1.435984e+02  1.303845e+02  5.980000e+00
   endloop
 endfacet
 facet normal  0.000000e+00  0.000000e+00 -1.000000e+00
   outer loop
     vertex  1.489500e+02  1.256000e+02  5.980000e+00
     vertex  1.435984e+02  1.303845e+02  5.980000e+00
     vertex  1.436092e+02  1.304298e+02  5.980000e+00
   endloop
 endfacet
 facet normal  0.000000e+00  0.000000e+00 -1.000000e+00
   outer loop
     vertex  1.489500e+02  1.256000e+02  5.980000e+00
     vertex  1.436092e+02  1.304298e+02  5.980000e+00
     vertex  1.436187e+02  1.304755e+02  5.980000e+00
   endloop
 endfacet
 facet normal  0.000000e+00  0.000000e+00 -1.000000e+00
   outer loop
     vertex  1.489500e+02  1.256000e+02  5.980000e+00
     vertex  1.436187e+02  1.304755e+02  5.980000e+00
     vertex  1.436270e+02  1.305214e+02  5.980000e+00
   endloop
 endfacet
 facet normal  0.000000e+00  0.000000e+00 -1.000000e+00
   outer loop
     vertex  1.489500e+02  1.256000e+02  5.980000e+00
     vertex  1.436270e+02  1.305214e+02  5.980000e+00
     vertex  1.436340e+02  1.305675e+02  5.980000e+00
   endloop
 endfacet
 facet normal  0.000000e+00  0.000000e+00 -1.000000e+00
   outer loop
     vertex  1.489500e+02  1.256000e+02  5.980000e+00
     vertex  1.436340e+02  1.305675e+02  5.980000e+00
     vertex  1.436398e+02  1.306138e+02  5.980000e+00
   endloop
 endfacet
 facet normal  0.000000e+00  0.000000e+00 -1.000000e+00
   outer loop
     vertex  1.489500e+02  1.256000e+02  5.980000e+00
     vertex  1.436398e+02  1.306138e+02  5.980000e+00
     vertex  1.436442e+02  1.306602e+02  5.980000e+00
   endloop
 endfacet
 facet normal  0.000000e+00  0.000000e+00 -1.000000e+00
   outer loop
     vertex  1.489500e+02  1.256000e+02  5.980000e+00
     vertex  1.436442e+02  1.306602e+02  5.980000e+00
     vertex  1.436474e+02  1.307068e+02  5.980000e+00
   endloop
 endfacet
 facet normal  0.000000e+00  0.000000e+00 -1.000000e+00
   outer loop
     vertex  1.489500e+02  1.256000e+02  5.980000e+00
     vertex  1.436474e+02  1.307068e+02  5.980000e+00
     vertex  1.436494e+02  1.307534e+02  5.980000e+00
   endloop
 endfacet
 facet normal  0.000000e+00  0.000000e+00 -1.000000e+00
   outer loop
     vertex  1.489500e+02  1.256000e+02  5.980000e+00
     vertex  1.349500e+02  1.256000e+02  5.980000e+00
     vertex  1.419617e+02  1.291000e+02  5.980000e+00
   endloop
 endfacet
 facet normal  0.000000e+00  0.000000e+00 -1.000000e+00
   outer loop
     vertex  1.489500e+02  1.256000e+02  5.980000e+00
     vertex  1.419617e+02  1.291000e+02  5.980000e+00
     vertex  1.420083e+02  1.291010e+02  5.980000e+00
   endloop
 endfacet
 facet normal  0.000000e+00  0.000000e+00 -1.000000e+00
   outer loop
     vertex  1.489500e+02  1.256000e+02  5.980000e+00
     vertex  1.420083e+02  1.291010e+02  5.980000e+00
     vertex  1.420549e+02  1.291032e+02  5.980000e+00
   endloop
 endfacet
 facet normal  0.000000e+00  0.000000e+00 -1.000000e+00
   outer loop
     vertex  1.489500e+02  1.256000e+02  5.980000e+00
     vertex  1.420549e+02  1.291032e+02  5.980000e+00
     vertex  1.421014e+02  1.291068e+02  5.980000e+00
   endloop
 endfacet
 facet normal  0.000000e+00  0.000000e+00 -1.000000e+00
   outer loop
     vertex  1.489500e+02  1.256000e+02  5.980000e+00
     vertex  1.421014e+02  1.291068e+02  5.980000e+00
     vertex  1.421478e+02  1.291115e+02  5.980000e+00
   endloop
 endfacet
 facet normal  0.000000e+00  0.000000e+00 -1.000000e+00
   outer loop
     vertex  1.489500e+02  1.256000e+02  5.980000e+00
     vertex  1.421478e+02  1.291115e+02  5.980000e+00
     vertex  1.421940e+02  1.291176e+02  5.980000e+00
   endloop
 endfacet
 facet normal  0.000000e+00  0.000000e+00 -1.000000e+00
   outer loop
     vertex  1.489500e+02  1.256000e+02  5.980000e+00
     vertex  1.421940e+02  1.291176e+02  5.980000e+00
     vertex  1.422401e+02  1.291249e+02  5.980000e+00
   endloop
 endfacet
 facet normal  0.000000e+00  0.000000e+00 -1.000000e+00
   outer loop
     vertex  1.489500e+02  1.256000e+02  5.980000e+00
     vertex  1.422401e+02  1.291249e+02  5.980000e+00
     vertex  1.422859e+02  1.291335e+02  5.980000e+00
   endloop
 endfacet
 facet normal  0.000000e+00  0.000000e+00 -1.000000e+00
   outer loop
     vertex  1.489500e+02  1.256000e+02  5.980000e+00
     vertex  1.422859e+02  1.291335e+02  5.980000e+00
     vertex  1.423315e+02  1.291434e+02  5.980000e+00
   endloop
 endfacet
 facet normal  0.000000e+00  0.000000e+00 -1.000000e+00
   outer loop
     vertex  1.489500e+02  1.256000e+02  5.980000e+00
     vertex  1.423315e+02  1.291434e+02  5.980000e+00
     vertex  1.423768e+02  1.291545e+02  5.980000e+00
   endloop
 endfacet
 facet normal  0.000000e+00  0.000000e+00 -1.000000e+00
   outer loop
     vertex  1.489500e+02  1.256000e+02  5.980000e+00
     vertex  1.423768e+02  1.291545e+02  5.980000e+00
     vertex  1.424218e+02  1.291668e+02  5.980000e+00
   endloop
 endfacet
 facet normal  0.000000e+00  0.000000e+00 -1.000000e+00
   outer loop
     vertex  1.489500e+02  1.256000e+02  5.980000e+00
     vertex  1.424218e+02  1.291668e+02  5.980000e+00
     vertex  1.424664e+02  1.291803e+02  5.980000e+00
   endloop
 endfacet
 facet normal  0.000000e+00  0.000000e+00 -1.000000e+00
   outer loop
     vertex  1.489500e+02  1.256000e+02  5.980000e+00
     vertex  1.424664e+02  1.291803e+02  5.980000e+00
     vertex  1.425107e+02  1.291951e+02  5.980000e+00
   endloop
 endfacet
 facet normal  0.000000e+00  0.000000e+00 -1.000000e+00
   outer loop
     vertex  1.489500e+02  1.256000e+02  5.980000e+00
     vertex  1.425107e+02  1.291951e+02  5.980000e+00
     vertex  1.425545e+02  1.292111e+02  5.980000e+00
   endloop
 endfacet
 facet normal  0.000000e+00  0.000000e+00 -1.000000e+00
   outer loop
     vertex  1.489500e+02  1.256000e+02  5.980000e+00
     vertex  1.425545e+02  1.292111e+02  5.980000e+00
     vertex  1.425979e+02  1.292283e+02  5.980000e+00
   endloop
 endfacet
 facet normal  0.000000e+00  0.000000e+00 -1.000000e+00
   outer loop
     vertex  1.489500e+02  1.256000e+02  5.980000e+00
     vertex  1.425979e+02  1.292283e+02  5.980000e+00
     vertex  1.426407e+02  1.292467e+02  5.980000e+00
   endloop
 endfacet
 facet normal  0.000000e+00  0.000000e+00 -1.000000e+00
   outer loop
     vertex  1.489500e+02  1.256000e+02  5.980000e+00
     vertex  1.426407e+02  1.292467e+02  5.980000e+00
     vertex  1.426831e+02  1.292662e+02  5.980000e+00
   endloop
 endfacet
 facet normal  0.000000e+00  0.000000e+00 -1.000000e+00
   outer loop
     vertex  1.489500e+02  1.256000e+02  5.980000e+00
     vertex  1.426831e+02  1.292662e+02  5.980000e+00
     vertex  1.427249e+02  1.292869e+02  5.980000e+00
   endloop
 endfacet
 facet normal  0.000000e+00  0.000000e+00 -1.000000e+00
   outer loop
     vertex  1.489500e+02  1.256000e+02  5.980000e+00
     vertex  1.427249e+02  1.292869e+02  5.980000e+00
     vertex  1.427661e+02  1.293087e+02  5.980000e+00
   endloop
 endfacet
 facet normal  0.000000e+00  0.000000e+00 -1.000000e+00
   outer loop
     vertex  1.489500e+02  1.256000e+02  5.980000e+00
     vertex  1.427661e+02  1.293087e+02  5.980000e+00
     vertex  1.428067e+02  1.293317e+02  5.980000e+00
   endloop
 endfacet
 facet normal  0.000000e+00  0.000000e+00 -1.000000e+00
   outer loop
     vertex  1.489500e+02  1.256000e+02  5.980000e+00
     vertex  1.428067e+02  1.293317e+02  5.980000e+00
     vertex  1.428467e+02  1.293557e+02  5.980000e+00
   endloop
 endfacet
 facet normal  0.000000e+00  0.000000e+00 -1.000000e+00
   outer loop
     vertex  1.489500e+02  1.256000e+02  5.980000e+00
     vertex  1.428467e+02  1.293557e+02  5.980000e+00
     vertex  1.428860e+02  1.293809e+02  5.980000e+00
   endloop
 endfacet
 facet normal  0.000000e+00  0.000000e+00 -1.000000e+00
   outer loop
     vertex  1.489500e+02  1.256000e+02  5.980000e+00
     vertex  1.428860e+02  1.293809e+02  5.980000e+00
     vertex  1.429245e+02  1.294071e+02  5.980000e+00
   endloop
 endfacet
 facet normal  0.000000e+00  0.000000e+00 -1.000000e+00
   outer loop
     vertex  1.489500e+02  1.256000e+02  5.980000e+00
     vertex  1.429245e+02  1.294071e+02  5.980000e+00
     vertex  1.429624e+02  1.294343e+02  5.980000e+00
   endloop
 endfacet
 facet normal  0.000000e+00  0.000000e+00 -1.000000e+00
   outer loop
     vertex  1.489500e+02  1.256000e+02  5.980000e+00
     vertex  1.429624e+02  1.294343e+02  5.980000e+00
     vertex  1.429995e+02  1.294626e+02  5.980000e+00
   endloop
 endfacet
 facet normal  0.000000e+00  0.000000e+00 -1.000000e+00
   outer loop
     vertex  1.489500e+02  1.256000e+02  5.980000e+00
     vertex  1.429995e+02  1.294626e+02  5.980000e+00
     vertex  1.430358e+02  1.294919e+02  5.980000e+00
   endloop
 endfacet
 facet normal  0.000000e+00  0.000000e+00 -1.000000e+00
   outer loop
     vertex  1.489500e+02  1.358000e+02  5.980000e+00
     vertex  1.436500e+02  1.308000e+02  5.980000e+00
     vertex  1.436494e+02  1.308466e+02  5.980000e+00
   endloop
 endfacet
 facet normal  0.000000e+00  0.000000e+00 -1.000000e+00
   outer loop
     vertex  1.489500e+02  1.358000e+02  5.980000e+00
     vertex  1.436494e+02  1.308466e+02  5.980000e+00
     vertex  1.436474e+02  1.308932e+02  5.980000e+00
   endloop
 endfacet
 facet normal  0.000000e+00  0.000000e+00 -1.000000e+00
   outer loop
     vertex  1.489500e+02  1.358000e+02  5.980000e+00
     vertex  1.436474e+02  1.308932e+02  5.980000e+00
     vertex  1.436442e+02  1.309398e+02  5.980000e+00
   endloop
 endfacet
 facet normal  0.000000e+00  0.000000e+00 -1.000000e+00
   outer loop
     vertex  1.489500e+02  1.358000e+02  5.980000e+00
     vertex  1.436442e+02  1.309398e+02  5.980000e+00
     vertex  1.436398e+02  1.309862e+02  5.980000e+00
   endloop
 endfacet
 facet normal  0.000000e+00  0.000000e+00 -1.000000e+00
   outer loop
     vertex  1.489500e+02  1.358000e+02  5.980000e+00
     vertex  1.436398e+02  1.309862e+02  5.980000e+00
     vertex  1.436340e+02  1.310325e+02  5.980000e+00
   endloop
 endfacet
 facet normal  0.000000e+00  0.000000e+00 -1.000000e+00
   outer loop
     vertex  1.489500e+02  1.358000e+02  5.980000e+00
     vertex  1.436340e+02  1.310325e+02  5.980000e+00
     vertex  1.436270e+02  1.310786e+02  5.980000e+00
   endloop
 endfacet
 facet normal  0.000000e+00  0.000000e+00 -1.000000e+00
   outer loop
     vertex  1.489500e+02  1.358000e+02  5.980000e+00
     vertex  1.436270e+02  1.310786e+02  5.980000e+00
     vertex  1.436187e+02  1.311245e+02  5.980000e+00
   endloop
 endfacet
 facet normal  0.000000e+00  0.000000e+00 -1.000000e+00
   outer loop
     vertex  1.489500e+02  1.358000e+02  5.980000e+00
     vertex  1.436187e+02  1.311245e+02  5.980000e+00
     vertex  1.436092e+02  1.311702e+02  5.980000e+00
   endloop
 endfacet
 facet normal  0.000000e+00  0.000000e+00 -1.000000e+00
   outer loop
     vertex  1.489500e+02  1.358000e+02  5.980000e+00
     vertex  1.436092e+02  1.311702e+02  5.980000e+00
     vertex  1.435984e+02  1.312155e+02  5.980000e+00
   endloop
 endfacet
 facet normal  0.000000e+00  0.000000e+00 -1.000000e+00
   outer loop
     vertex  1.489500e+02  1.358000e+02  5.980000e+00
     vertex  1.435984e+02  1.312155e+02  5.980000e+00
     vertex  1.435864e+02  1.312606e+02  5.980000e+00
   endloop
 endfacet
 facet normal  0.000000e+00  0.000000e+00 -1.000000e+00
   outer loop
     vertex  1.489500e+02  1.358000e+02  5.980000e+00
     vertex  1.435864e+02  1.312606e+02  5.980000e+00
     vertex  1.435732e+02  1.313053e+02  5.980000e+00
   endloop
 endfacet
 facet normal  0.000000e+00  0.000000e+00 -1.000000e+00
   outer loop
     vertex  1.489500e+02  1.358000e+02  5.980000e+00
     vertex  1.435732e+02  1.313053e+02  5.980000e+00
     vertex  1.435587e+02  1.313497e+02  5.980000e+00
   endloop
 endfacet
 facet normal  0.000000e+00  0.000000e+00 -1.000000e+00
   outer loop
     vertex  1.489500e+02  1.358000e+02  5.980000e+00
     vertex  1.435587e+02  1.313497e+02  5.980000e+00
     vertex  1.435430e+02  1.313936e+02  5.980000e+00
   endloop
 endfacet
 facet normal  0.000000e+00  0.000000e+00 -1.000000e+00
   outer loop
     vertex  1.489500e+02  1.358000e+02  5.980000e+00
     vertex  1.435430e+02  1.313936e+02  5.980000e+00
     vertex  1.435261e+02  1.314371e+02  5.980000e+00
   endloop
 endfacet
 facet normal  0.000000e+00  0.000000e+00 -1.000000e+00
   outer loop
     vertex  1.489500e+02  1.358000e+02  5.980000e+00
     vertex  1.435261e+02  1.314371e+02  5.980000e+00
     vertex  1.435080e+02  1.314801e+02  5.980000e+00
   endloop
 endfacet
 facet normal  0.000000e+00  0.000000e+00 -1.000000e+00
   outer loop
     vertex  1.489500e+02  1.358000e+02  5.980000e+00
     vertex  1.435080e+02  1.314801e+02  5.980000e+00
     vertex  1.434888e+02  1.315226e+02  5.980000e+00
   endloop
 endfacet
 facet normal  0.000000e+00  0.000000e+00 -1.000000e+00
   outer loop
     vertex  1.489500e+02  1.358000e+02  5.980000e+00
     vertex  1.434888e+02  1.315226e+02  5.980000e+00
     vertex  1.434684e+02  1.315645e+02  5.980000e+00
   endloop
 endfacet
 facet normal  0.000000e+00  0.000000e+00 -1.000000e+00
   outer loop
     vertex  1.489500e+02  1.358000e+02  5.980000e+00
     vertex  1.434684e+02  1.315645e+02  5.980000e+00
     vertex  1.434469e+02  1.316059e+02  5.980000e+00
   endloop
 endfacet
 facet normal  0.000000e+00  0.000000e+00 -1.000000e+00
   outer loop
     vertex  1.489500e+02  1.358000e+02  5.980000e+00
     vertex  1.434469e+02  1.316059e+02  5.980000e+00
     vertex  1.434242e+02  1.316466e+02  5.980000e+00
   endloop
 endfacet
 facet normal  0.000000e+00  0.000000e+00 -1.000000e+00
   outer loop
     vertex  1.489500e+02  1.358000e+02  5.980000e+00
     vertex  1.434242e+02  1.316466e+02  5.980000e+00
     vertex  1.434004e+02  1.316868e+02  5.980000e+00
   endloop
 endfacet
 facet normal  0.000000e+00  0.000000e+00 -1.000000e+00
   outer loop
     vertex  1.489500e+02  1.358000e+02  5.980000e+00
     vertex  1.434004e+02  1.316868e+02  5.980000e+00
     vertex  1.433755e+02  1.317262e+02  5.980000e+00
   endloop
 endfacet
 facet normal  0.000000e+00  0.000000e+00 -1.000000e+00
   outer loop
     vertex  1.489500e+02  1.358000e+02  5.980000e+00
     vertex  1.433755e+02  1.317262e+02  5.980000e+00
     vertex  1.433496e+02  1.317650e+02  5.980000e+00
   endloop
 endfacet
 facet normal  0.000000e+00 -0.000000e+00 -1.000000e+00
   outer loop
     vertex  1.489500e+02  1.358000e+02  5.980000e+00
     vertex  1.489500e+02  1.256000e+02  5.980000e+00
     vertex  1.436494e+02  1.307534e+02  5.980000e+00
   endloop
 endfacet
 facet normal  0.000000e+00  0.000000e+00 -1.000000e+00
   outer loop
     vertex  1.489500e+02  1.358000e+02  5.980000e+00
     vertex  1.433496e+02  1.317650e+02  5.980000e+00
     vertex  1.433226e+02  1.318030e+02  5.980000e+00
   endloop
 endfacet
 facet normal  0.000000e+00  0.000000e+00 -1.000000e+00
   outer loop
     vertex  1.489500e+02  1.358000e+02  5.980000e+00
     vertex  1.433226e+02  1.318030e+02  5.980000e+00
     vertex  1.432945e+02  1.318403e+02  5.980000e+00
   endloop
 endfacet
 facet normal  0.000000e+00  0.000000e+00 -1.000000e+00
   outer loop
     vertex  1.489500e+02  1.358000e+02  5.980000e+00
     vertex  1.432945e+02  1.318403e+02  5.980000e+00
     vertex  1.432655e+02  1.318768e+02  5.980000e+00
   endloop
 endfacet
 facet normal  0.000000e+00  0.000000e+00 -1.000000e+00
   outer loop
     vertex  1.489500e+02  1.358000e+02  5.980000e+00
     vertex  1.432655e+02  1.318768e+02  5.980000e+00
     vertex  1.432355e+02  1.319125e+02  5.980000e+00
   endloop
 endfacet
 facet normal  0.000000e+00  0.000000e+00 -1.000000e+00
   outer loop
     vertex  1.489500e+02  1.358000e+02  5.980000e+00
     vertex  1.436494e+02  1.307534e+02  5.980000e+00
     vertex  1.436500e+02  1.308000e+02  5.980000e+00
   endloop
 endfacet
 facet normal  0.000000e+00  0.000000e+00 -1.000000e+00
   outer loop
     vertex  1.489500e+02  1.358000e+02  5.980000e+00
     vertex  1.432355e+02  1.319125e+02  5.980000e+00
     vertex  1.432045e+02  1.319473e+02  5.980000e+00
   endloop
 endfacet
 facet normal  0.000000e+00  0.000000e+00 -1.000000e+00
   outer loop
     vertex  1.489500e+02  1.358000e+02  5.980000e+00
     vertex  1.432045e+02  1.319473e+02  5.980000e+00
     vertex  1.431725e+02  1.319813e+02  5.980000e+00
   endloop
 endfacet
 facet normal  0.000000e+00  0.000000e+00 -1.000000e+00
   outer loop
     vertex  1.489500e+02  1.358000e+02  5.980000e+00
     vertex  1.431725e+02  1.319813e+02  5.980000e+00
     vertex  1.431396e+02  1.320144e+02  5.980000e+00
   endloop
 endfacet
 facet normal  0.000000e+00  0.000000e+00 -1.000000e+00
   outer loop
     vertex  1.489500e+02  1.358000e+02  5.980000e+00
     vertex  1.431396e+02  1.320144e+02  5.980000e+00
     vertex  1.431059e+02  1.320466e+02  5.980000e+00
   endloop
 endfacet
 facet normal  0.000000e+00  0.000000e+00 -1.000000e+00
   outer loop
     vertex  1.489500e+02  1.358000e+02  5.980000e+00
     vertex  1.431059e+02  1.320466e+02  5.980000e+00
     vertex  1.430713e+02  1.320778e+02  5.980000e+00
   endloop
 endfacet
 facet normal  0.000000e+00  0.000000e+00 -1.000000e+00
   outer loop
     vertex  1.489500e+02  1.358000e+02  5.980000e+00
     vertex  1.430713e+02  1.320778e+02  5.980000e+00
     vertex  1.430358e+02  1.321081e+02  5.980000e+00
   endloop
 endfacet
 facet normal  0.000000e+00  0.000000e+00 -1.000000e+00
   outer loop
     vertex  1.489500e+02  1.358000e+02  5.980000e+00
     vertex  1.430358e+02  1.321081e+02  5.980000e+00
     vertex  1.429995e+02  1.321374e+02  5.980000e+00
   endloop
 endfacet
 facet normal  0.000000e+00  0.000000e+00 -1.000000e+00
   outer loop
     vertex  1.489500e+02  1.358000e+02  5.980000e+00
     vertex  1.429995e+02  1.321374e+02  5.980000e+00
     vertex  1.429624e+02  1.321657e+02  5.980000e+00
   endloop
 endfacet
 facet normal  0.000000e+00  0.000000e+00 -1.000000e+00
   outer loop
     vertex  1.489500e+02  1.358000e+02  5.980000e+00
     vertex  1.429624e+02  1.321657e+02  5.980000e+00
     vertex  1.429245e+02  1.321929e+02  5.980000e+00
   endloop
 endfacet
 facet normal  0.000000e+00  0.000000e+00 -1.000000e+00
   outer loop
     vertex  1.489500e+02  1.358000e+02  5.980000e+00
     vertex  1.429245e+02  1.321929e+02  5.980000e+00
     vertex  1.428860e+02  1.322191e+02  5.980000e+00
   endloop
 endfacet
 facet normal  0.000000e+00  0.000000e+00 -1.000000e+00
   outer loop
     vertex  1.489500e+02  1.358000e+02  5.980000e+00
     vertex  1.428860e+02  1.322191e+02  5.980000e+00
     vertex  1.428467e+02  1.322443e+02  5.980000e+00
   endloop
 endfacet
 facet normal  0.000000e+00  0.000000e+00 -1.000000e+00
   outer loop
     vertex  1.489500e+02  1.358000e+02  5.980000e+00
     vertex  1.428467e+02  1.322443e+02  5.980000e+00
     vertex  1.428067e+02  1.322683e+02  5.980000e+00
   endloop
 endfacet
 facet normal  0.000000e+00  0.000000e+00 -1.000000e+00
   outer loop
     vertex  1.489500e+02  1.358000e+02  5.980000e+00
     vertex  1.428067e+02  1.322683e+02  5.980000e+00
     vertex  1.427661e+02  1.322913e+02  5.980000e+00
   endloop
 endfacet
 facet normal  0.000000e+00  0.000000e+00 -1.000000e+00
   outer loop
     vertex  1.489500e+02  1.358000e+02  5.980000e+00
     vertex  1.427661e+02  1.322913e+02  5.980000e+00
     vertex  1.427249e+02  1.323131e+02  5.980000e+00
   endloop
 endfacet
 facet normal  0.000000e+00  0.000000e+00 -1.000000e+00
   outer loop
     vertex  1.489500e+02  1.358000e+02  5.980000e+00
     vertex  1.427249e+02  1.323131e+02  5.980000e+00
     vertex  1.426831e+02  1.323338e+02  5.980000e+00
   endloop
 endfacet
 facet normal  0.000000e+00  0.000000e+00 -1.000000e+00
   outer loop
     vertex  1.489500e+02  1.358000e+02  5.980000e+00
     vertex  1.426831e+02  1.323338e+02  5.980000e+00
     vertex  1.426407e+02  1.323533e+02  5.980000e+00
   endloop
 endfacet
 facet normal  0.000000e+00  0.000000e+00 -1.000000e+00
   outer loop
     vertex  1.489500e+02  1.358000e+02  5.980000e+00
     vertex  1.426407e+02  1.323533e+02  5.980000e+00
     vertex  1.425979e+02  1.323717e+02  5.980000e+00
   endloop
 endfacet
 facet normal  0.000000e+00  0.000000e+00 -1.000000e+00
   outer loop
     vertex  1.489500e+02  1.358000e+02  5.980000e+00
     vertex  1.425979e+02  1.323717e+02  5.980000e+00
     vertex  1.425545e+02  1.323889e+02  5.980000e+00
   endloop
 endfacet
 facet normal  0.000000e+00  0.000000e+00 -1.000000e+00
   outer loop
     vertex  1.489500e+02  1.358000e+02  5.980000e+00
     vertex  1.425545e+02  1.323889e+02  5.980000e+00
     vertex  1.425107e+02  1.324049e+02  5.980000e+00
   endloop
 endfacet
 facet normal  0.000000e+00  0.000000e+00 -1.000000e+00
   outer loop
     vertex  1.489500e+02  1.358000e+02  5.980000e+00
     vertex  1.425107e+02  1.324049e+02  5.980000e+00
     vertex  1.424664e+02  1.324197e+02  5.980000e+00
   endloop
 endfacet
 facet normal  0.000000e+00  0.000000e+00 -1.000000e+00
   outer loop
     vertex  1.489500e+02  1.358000e+02  5.980000e+00
     vertex  1.424664e+02  1.324197e+02  5.980000e+00
     vertex  1.424218e+02  1.324332e+02  5.980000e+00
   endloop
 endfacet
 facet normal  0.000000e+00  0.000000e+00 -1.000000e+00
   outer loop
     vertex  1.489500e+02  1.358000e+02  5.980000e+00
     vertex  1.424218e+02  1.324332e+02  5.980000e+00
     vertex  1.423768e+02  1.324455e+02  5.980000e+00
   endloop
 endfacet
 facet normal  0.000000e+00  0.000000e+00 -1.000000e+00
   outer loop
     vertex  1.489500e+02  1.358000e+02  5.980000e+00
     vertex  1.423768e+02  1.324455e+02  5.980000e+00
     vertex  1.423315e+02  1.324566e+02  5.980000e+00
   endloop
 endfacet
 facet normal  0.000000e+00  0.000000e+00 -1.000000e+00
   outer loop
     vertex  1.489500e+02  1.358000e+02  5.980000e+00
     vertex  1.423315e+02  1.324566e+02  5.980000e+00
     vertex  1.422859e+02  1.324665e+02  5.980000e+00
   endloop
 endfacet
 facet normal  0.000000e+00  0.000000e+00 -1.000000e+00
   outer loop
     vertex  1.489500e+02  1.358000e+02  5.980000e+00
     vertex  1.422859e+02  1.324665e+02  5.980000e+00
     vertex  1.422401e+02  1.324751e+02  5.980000e+00
   endloop
 endfacet
 facet normal  0.000000e+00  0.000000e+00 -1.000000e+00
   outer loop
     vertex  1.489500e+02  1.358000e+02  5.980000e+00
     vertex  1.422401e+02  1.324751e+02  5.980000e+00
     vertex  1.421940e+02  1.324824e+02  5.980000e+00
   endloop
 endfacet
 facet normal  0.000000e+00  0.000000e+00 -1.000000e+00
   outer loop
     vertex  1.489500e+02  1.358000e+02  5.980000e+00
     vertex  1.421940e+02  1.324824e+02  5.980000e+00
     vertex  1.421478e+02  1.324885e+02  5.980000e+00
   endloop
 endfacet
 facet normal  0.000000e+00  0.000000e+00 -1.000000e+00
   outer loop
     vertex  1.489500e+02  1.358000e+02  5.980000e+00
     vertex  1.421478e+02  1.324885e+02  5.980000e+00
     vertex  1.421014e+02  1.324932e+02  5.980000e+00
   endloop
 endfacet
 facet normal  0.000000e+00  0.000000e+00 -1.000000e+00
   outer loop
     vertex  1.489500e+02  1.358000e+02  5.980000e+00
     vertex  1.421014e+02  1.324932e+02  5.980000e+00
     vertex  1.420549e+02  1.324968e+02  5.980000e+00
   endloop
 endfacet
 facet normal  0.000000e+00  0.000000e+00 -1.000000e+00
   outer loop
     vertex  1.489500e+02  1.358000e+02  5.980000e+00
     vertex  1.420549e+02  1.324968e+02  5.980000e+00
     vertex  1.420083e+02  1.324990e+02  5.980000e+00
   endloop
 endfacet
 facet normal  0.000000e+00  0.000000e+00 -1.000000e+00
   outer loop
     vertex  1.489500e+02  1.358000e+02  5.980000e+00
     vertex  1.420083e+02  1.324990e+02  5.980000e+00
     vertex  1.419617e+02  1.325000e+02  5.980000e+00
   endloop
 endfacet
 facet normal -0.000000e+00  0.000000e+00 -1.000000e+00
   outer loop
     vertex  1.489500e+02  1.358000e+02  5.980000e+00
     vertex  1.419617e+02  1.325000e+02  5.980000e+00
     vertex  1.349500e+02  1.358000e+02  5.980000e+00
   endloop
 endfacet
 facet normal -0.000000e+00  0.000000e+00 -1.000000e+00
   outer loop
     vertex  1.419617e+02  1.325000e+02  5.980000e+00
     vertex  1.419150e+02  1.324996e+02  5.980000e+00
     vertex  1.349500e+02  1.358000e+02  5.980000e+00
   endloop
 endfacet
 facet normal -9.999059e-01 -1.371831e-02  0.000000e+00
   outer loop
     vertex  1.436494e+02  1.308466e+02  7.980000e+00
     vertex  1.436500e+02  1.308000e+02  5.980000e+00
     vertex  1.436500e+02  1.308000e+02  7.980000e+00
   endloop
 endfacet
 facet normal -9.999059e-01 -1.371831e-02 -0.000000e+00
   outer loop
     vertex  1.436494e+02  1.308466e+02  7.980000e+00
     vertex  1.436494e+02  1.308466e+02  5.980000e+00
     vertex  1.436500e+02  1.308000e+02  5.980000e+00
   endloop
 endfacet
 facet normal -9.991532e-01 -4.114462e-02 -0.000000e+00
   outer loop
     vertex  1.436474e+02  1.308932e+02  7.980000e+00
     vertex  1.436474e+02  1.308932e+02  5.980000e+00
     vertex  1.436494e+02  1.308466e+02  5.980000e+00
   endloop
 endfacet
 facet normal -9.991532e-01 -4.114462e-02  0.000000e+00
   outer loop
     vertex  1.436474e+02  1.308932e+02  7.980000e+00
     vertex  1.436494e+02  1.308466e+02  5.980000e+00
     vertex  1.436494e+02  1.308466e+02  7.980000e+00
   endloop
 endfacet
 facet normal -9.976484e-01 -6.853995e-02 -0.000000e+00
   outer loop
     vertex  1.436442e+02  1.309398e+02  7.980000e+00
     vertex  1.436442e+02  1.309398e+02  5.980000e+00
     vertex  1.436474e+02  1.308932e+02  5.980000e+00
   endloop
 endfacet
 facet normal -9.976484e-01 -6.853995e-02  0.000000e+00
   outer loop
     vertex  1.436442e+02  1.309398e+02  7.980000e+00
     vertex  1.436474e+02  1.308932e+02  5.980000e+00
     vertex  1.436474e+02  1.308932e+02  7.980000e+00
   endloop
 endfacet
 facet normal -9.953925e-01 -9.588368e-02 -0.000000e+00
   outer loop
     vertex  1.436398e+02  1.309862e+02  7.980000e+00
     vertex  1.436398e+02  1.309862e+02  5.980000e+00
     vertex  1.436442e+02  1.309398e+02  5.980000e+00
   endloop
 endfacet
 facet normal -9.953925e-01 -9.588368e-02  0.000000e+00
   outer loop
     vertex  1.436398e+02  1.309862e+02  7.980000e+00
     vertex  1.436442e+02  1.309398e+02  5.980000e+00
     vertex  1.436442e+02  1.309398e+02  7.980000e+00
   endloop
 endfacet
 facet normal -9.923874e-01 -1.231552e-01 -0.000000e+00
   outer loop
     vertex  1.436340e+02  1.310325e+02  7.980000e+00
     vertex  1.436340e+02  1.310325e+02  5.980000e+00
     vertex  1.436398e+02  1.309862e+02  5.980000e+00
   endloop
 endfacet
 facet normal -9.923874e-01 -1.231552e-01  0.000000e+00
   outer loop
     vertex  1.436340e+02  1.310325e+02  7.980000e+00
     vertex  1.436398e+02  1.309862e+02  5.980000e+00
     vertex  1.436398e+02  1.309862e+02  7.980000e+00
   endloop
 endfacet
 facet normal -9.886353e-01 -1.503341e-01 -0.000000e+00
   outer loop
     vertex  1.436270e+02  1.310786e+02  7.980000e+00
     vertex  1.436270e+02  1.310786e+02  5.980000e+00
     vertex  1.436340e+02  1.310325e+02  5.980000e+00
   endloop
 endfacet
 facet normal -9.886353e-01 -1.503341e-01  0.000000e+00
   outer loop
     vertex  1.436270e+02  1.310786e+02  7.980000e+00
     vertex  1.436340e+02  1.310325e+02  5.980000e+00
     vertex  1.436340e+02  1.310325e+02  7.980000e+00
   endloop
 endfacet
 facet normal -9.841389e-01 -1.773998e-01 -0.000000e+00
   outer loop
     vertex  1.436187e+02  1.311245e+02  7.980000e+00
     vertex  1.436187e+02  1.311245e+02  5.980000e+00
     vertex  1.436270e+02  1.310786e+02  5.980000e+00
   endloop
 endfacet
 facet normal -9.841389e-01 -1.773998e-01  0.000000e+00
   outer loop
     vertex  1.436187e+02  1.311245e+02  7.980000e+00
     vertex  1.436270e+02  1.310786e+02  5.980000e+00
     vertex  1.436270e+02  1.310786e+02  7.980000e+00
   endloop
 endfacet
 facet normal -9.789017e-01 -2.043319e-01 -0.000000e+00
   outer loop
     vertex  1.436092e+02  1.311702e+02  7.980000e+00
     vertex  1.436092e+02  1.311702e+02  5.980000e+00
     vertex  1.436187e+02  1.311245e+02  5.980000e+00
   endloop
 endfacet
 facet normal -9.789017e-01 -2.043319e-01  0.000000e+00
   outer loop
     vertex  1.436092e+02  1.311702e+02  7.980000e+00
     vertex  1.436187e+02  1.311245e+02  5.980000e+00
     vertex  1.436187e+02  1.311245e+02  7.980000e+00
   endloop
 endfacet
 facet normal -9.729276e-01 -2.311102e-01 -0.000000e+00
   outer loop
     vertex  1.435984e+02  1.312155e+02  7.980000e+00
     vertex  1.435984e+02  1.312155e+02  5.980000e+00
     vertex  1.436092e+02  1.311702e+02  5.980000e+00
   endloop
 endfacet
 facet normal -9.729276e-01 -2.311102e-01  0.000000e+00
   outer loop
     vertex  1.435984e+02  1.312155e+02  7.980000e+00
     vertex  1.436092e+02  1.311702e+02  5.980000e+00
     vertex  1.436092e+02  1.311702e+02  7.980000e+00
   endloop
 endfacet
 facet normal -9.662211e-01 -2.577146e-01  0.000000e+00
   outer loop
     vertex  1.435864e+02  1.312606e+02  7.980000e+00
     vertex  1.435984e+02  1.312155e+02  5.980000e+00
     vertex  1.435984e+02  1.312155e+02  7.980000e+00
   endloop
 endfacet
 facet normal -9.662211e-01 -2.577146e-01 -0.000000e+00
   outer loop
     vertex  1.435864e+02  1.312606e+02  7.980000e+00
     vertex  1.435864e+02  1.312606e+02  5.980000e+00
     vertex  1.435984e+02  1.312155e+02  5.980000e+00
   endloop
 endfacet
 facet normal -9.587873e-01 -2.841250e-01  0.000000e+00
   outer loop
     vertex  1.435732e+02  1.313053e+02  7.980000e+00
     vertex  1.435864e+02  1.312606e+02  5.980000e+00
     vertex  1.435864e+02  1.312606e+02  7.980000e+00
   endloop
 endfacet
 facet normal -9.587873e-01 -2.841250e-01 -0.000000e+00
   outer loop
     vertex  1.435732e+02  1.313053e+02  7.980000e+00
     vertex  1.435732e+02  1.313053e+02  5.980000e+00
     vertex  1.435864e+02  1.312606e+02  5.980000e+00
   endloop
 endfacet
 facet normal -9.506317e-01 -3.103214e-01  0.000000e+00
   outer loop
     vertex  1.435587e+02  1.313497e+02  7.980000e+00
     vertex  1.435732e+02  1.313053e+02  5.980000e+00
     vertex  1.435732e+02  1.313053e+02  7.980000e+00
   endloop
 endfacet
 facet normal -9.506317e-01 -3.103214e-01 -0.000000e+00
   outer loop
     vertex  1.435587e+02  1.313497e+02  7.980000e+00
     vertex  1.435587e+02  1.313497e+02  5.980000e+00
     vertex  1.435732e+02  1.313053e+02  5.980000e+00
   endloop
 endfacet
 facet normal -9.417605e-01 -3.362843e-01  0.000000e+00
   outer loop
     vertex  1.435430e+02  1.313936e+02  7.980000e+00
     vertex  1.435587e+02  1.313497e+02  5.980000e+00
     vertex  1.435587e+02  1.313497e+02  7.980000e+00
   endloop
 endfacet
 facet normal -9.417605e-01 -3.362843e-01 -0.000000e+00
   outer loop
     vertex  1.435430e+02  1.313936e+02  7.980000e+00
     vertex  1.435430e+02  1.313936e+02  5.980000e+00
     vertex  1.435587e+02  1.313497e+02  5.980000e+00
   endloop
 endfacet
 facet normal -9.321804e-01 -3.619940e-01  0.000000e+00
   outer loop
     vertex  1.435261e+02  1.314371e+02  7.980000e+00
     vertex  1.435430e+02  1.313936e+02  5.980000e+00
     vertex  1.435430e+02  1.313936e+02  7.980000e+00
   endloop
 endfacet
 facet normal -9.321804e-01 -3.619940e-01 -0.000000e+00
   outer loop
     vertex  1.435261e+02  1.314371e+02  7.980000e+00
     vertex  1.435261e+02  1.314371e+02  5.980000e+00
     vertex  1.435430e+02  1.313936e+02  5.980000e+00
   endloop
 endfacet
 facet normal -9.218986e-01 -3.874313e-01  0.000000e+00
   outer loop
     vertex  1.435080e+02  1.314801e+02  7.980000e+00
     vertex  1.435261e+02  1.314371e+02  5.980000e+00
     vertex  1.435261e+02  1.314371e+02  7.980000e+00
   endloop
 endfacet
 facet normal -9.218986e-01 -3.874313e-01 -0.000000e+00
   outer loop
     vertex  1.435080e+02  1.314801e+02  7.980000e+00
     vertex  1.435080e+02  1.314801e+02  5.980000e+00
     vertex  1.435261e+02  1.314371e+02  5.980000e+00
   endloop
 endfacet
 facet normal -9.109228e-01 -4.125769e-01 -0.000000e+00
   outer loop
     vertex  1.435080e+02  1.314801e+02  7.980000e+00
     vertex  1.434888e+02  1.315226e+02  5.980000e+00
     vertex  1.435080e+02  1.314801e+02  5.980000e+00
   endloop
 endfacet
 facet normal -9.109228e-01 -4.125769e-01 -0.000000e+00
   outer loop
     vertex  1.434888e+02  1.315226e+02  7.980000e+00
     vertex  1.434888e+02  1.315226e+02  5.980000e+00
     vertex  1.435080e+02  1.314801e+02  7.980000e+00
   endloop
 endfacet
 facet normal -8.992613e-01 -4.374119e-01  0.000000e+00
   outer loop
     vertex  1.434684e+02  1.315645e+02  7.980000e+00
     vertex  1.434888e+02  1.315226e+02  5.980000e+00
     vertex  1.434888e+02  1.315226e+02  7.980000e+00
   endloop
 endfacet
 facet normal -8.992613e-01 -4.374119e-01 -0.000000e+00
   outer loop
     vertex  1.434684e+02  1.315645e+02  7.980000e+00
     vertex  1.434684e+02  1.315645e+02  5.980000e+00
     vertex  1.434888e+02  1.315226e+02  5.980000e+00
   endloop
 endfacet
 facet normal -8.869228e-01 -4.619176e-01  0.000000e+00
   outer loop
     vertex  1.434469e+02  1.316059e+02  7.980000e+00
     vertex  1.434684e+02  1.315645e+02  5.980000e+00
     vertex  1.434684e+02  1.315645e+02  7.980000e+00
   endloop
 endfacet
 facet normal -8.869228e-01 -4.619176e-01 -0.000000e+00
   outer loop
     vertex  1.434469e+02  1.316059e+02  7.980000e+00
     vertex  1.434469e+02  1.316059e+02  5.980000e+00
     vertex  1.434684e+02  1.315645e+02  5.980000e+00
   endloop
 endfacet
 facet normal -8.739167e-01 -4.860756e-01 -0.000000e+00
   outer loop
     vertex  1.434469e+02  1.316059e+02  7.980000e+00
     vertex  1.434242e+02  1.316466e+02  5.980000e+00
     vertex  1.434469e+02  1.316059e+02  5.980000e+00
   endloop
 endfacet
 facet normal -8.739167e-01 -4.860756e-01 -0.000000e+00
   outer loop
     vertex  1.434242e+02  1.316466e+02  7.980000e+00
     vertex  1.434242e+02  1.316466e+02  5.980000e+00
     vertex  1.434469e+02  1.316059e+02  7.980000e+00
   endloop
 endfacet
 facet normal -8.602528e-01 -5.098678e-01  0.000000e+00
   outer loop
     vertex  1.434004e+02  1.316868e+02  7.980000e+00
     vertex  1.434242e+02  1.316466e+02  5.980000e+00
     vertex  1.434242e+02  1.316466e+02  7.980000e+00
   endloop
 endfacet
 facet normal -8.602528e-01 -5.098678e-01 -0.000000e+00
   outer loop
     vertex  1.434004e+02  1.316868e+02  7.980000e+00
     vertex  1.434004e+02  1.316868e+02  5.980000e+00
     vertex  1.434242e+02  1.316466e+02  5.980000e+00
   endloop
 endfacet
 facet normal -8.459413e-01 -5.332761e-01  0.000000e+00
   outer loop
     vertex  1.433755e+02  1.317262e+02  7.980000e+00
     vertex  1.434004e+02  1.316868e+02  5.980000e+00
     vertex  1.434004e+02  1.316868e+02  7.980000e+00
   endloop
 endfacet
 facet normal -8.459413e-01 -5.332761e-01 -0.000000e+00
   outer loop
     vertex  1.433755e+02  1.317262e+02  7.980000e+00
     vertex  1.433755e+02  1.317262e+02  5.980000e+00
     vertex  1.434004e+02  1.316868e+02  5.980000e+00
   endloop
 endfacet
 facet normal -8.309929e-01 -5.562829e-01 -0.000000e+00
   outer loop
     vertex  1.433496e+02  1.317650e+02  7.980000e+00
     vertex  1.433496e+02  1.317650e+02  5.980000e+00
     vertex  1.433755e+02  1.317262e+02  5.980000e+00
   endloop
 endfacet
 facet normal -8.309929e-01 -5.562829e-01  0.000000e+00
   outer loop
     vertex  1.433496e+02  1.317650e+02  7.980000e+00
     vertex  1.433755e+02  1.317262e+02  5.980000e+00
     vertex  1.433755e+02  1.317262e+02  7.980000e+00
   endloop
 endfacet
 facet normal -8.154191e-01 -5.788711e-01 -0.000000e+00
   outer loop
     vertex  1.433226e+02  1.318030e+02  7.980000e+00
     vertex  1.433226e+02  1.318030e+02  5.980000e+00
     vertex  1.433496e+02  1.317650e+02  5.980000e+00
   endloop
 endfacet
 facet normal -8.154191e-01 -5.788711e-01  0.000000e+00
   outer loop
     vertex  1.433226e+02  1.318030e+02  7.980000e+00
     vertex  1.433496e+02  1.317650e+02  5.980000e+00
     vertex  1.433496e+02  1.317650e+02  7.980000e+00
   endloop
 endfacet
 facet normal -7.992314e-01 -6.010234e-01 -0.000000e+00
   outer loop
     vertex  1.432945e+02  1.318403e+02  7.980000e+00
     vertex  1.432945e+02  1.318403e+02  5.980000e+00
     vertex  1.433226e+02  1.318030e+02  5.980000e+00
   endloop
 endfacet
 facet normal -7.992314e-01 -6.010234e-01  0.000000e+00
   outer loop
     vertex  1.432945e+02  1.318403e+02  7.980000e+00
     vertex  1.433226e+02  1.318030e+02  5.980000e+00
     vertex  1.433226e+02  1.318030e+02  7.980000e+00
   endloop
 endfacet
 facet normal -7.824421e-01 -6.227234e-01 -0.000000e+00
   outer loop
     vertex  1.432655e+02  1.318768e+02  7.980000e+00
     vertex  1.432655e+02  1.318768e+02  5.980000e+00
     vertex  1.432945e+02  1.318403e+02  5.980000e+00
   endloop
 endfacet
 facet normal -7.824421e-01 -6.227234e-01  0.000000e+00
   outer loop
     vertex  1.432655e+02  1.318768e+02  7.980000e+00
     vertex  1.432945e+02  1.318403e+02  5.980000e+00
     vertex  1.432945e+02  1.318403e+02  7.980000e+00
   endloop
 endfacet
 facet normal -7.650637e-01 -6.439545e-01 -0.000000e+00
   outer loop
     vertex  1.432355e+02  1.319125e+02  7.980000e+00
     vertex  1.432355e+02  1.319125e+02  5.980000e+00
     vertex  1.432655e+02  1.318768e+02  5.980000e+00
   endloop
 endfacet
 facet normal -7.650637e-01 -6.439545e-01  0.000000e+00
   outer loop
     vertex  1.432355e+02  1.319125e+02  7.980000e+00
     vertex  1.432655e+02  1.318768e+02  5.980000e+00
     vertex  1.432655e+02  1.318768e+02  7.980000e+00
   endloop
 endfacet
 facet normal -7.471095e-01 -6.647010e-01 -0.000000e+00
   outer loop
     vertex  1.432045e+02  1.319473e+02  7.980000e+00
     vertex  1.432045e+02  1.319473e+02  5.980000e+00
     vertex  1.432355e+02  1.319125e+02  5.980000e+00
   endloop
 endfacet
 facet normal -7.471095e-01 -6.647010e-01  0.000000e+00
   outer loop
     vertex  1.432045e+02  1.319473e+02  7.980000e+00
     vertex  1.432355e+02  1.319125e+02  5.980000e+00
     vertex  1.432355e+02  1.319125e+02  7.980000e+00
   endloop
 endfacet
 facet normal -7.285929e-01 -6.849470e-01 -0.000000e+00
   outer loop
     vertex  1.431725e+02  1.319813e+02  7.980000e+00
     vertex  1.431725e+02  1.319813e+02  5.980000e+00
     vertex  1.432045e+02  1.319473e+02  5.980000e+00
   endloop
 endfacet
 facet normal -7.285929e-01 -6.849470e-01  0.000000e+00
   outer loop
     vertex  1.431725e+02  1.319813e+02  7.980000e+00
     vertex  1.432045e+02  1.319473e+02  5.980000e+00
     vertex  1.432045e+02  1.319473e+02  7.980000e+00
   endloop
 endfacet
 facet normal -7.095278e-01 -7.046775e-01 -0.000000e+00
   outer loop
     vertex  1.431396e+02  1.320144e+02  7.980000e+00
     vertex  1.431396e+02  1.320144e+02  5.980000e+00
     vertex  1.431725e+02  1.319813e+02  5.980000e+00
   endloop
 endfacet
 facet normal -7.095278e-01 -7.046775e-01  0.000000e+00
   outer loop
     vertex  1.431396e+02  1.320144e+02  7.980000e+00
     vertex  1.431725e+02  1.319813e+02  5.980000e+00
     vertex  1.431725e+02  1.319813e+02  7.980000e+00
   endloop
 endfacet
 facet normal -6.899286e-01 -7.238775e-01 -0.000000e+00
   outer loop
     vertex  1.431059e+02  1.320466e+02  7.980000e+00
     vertex  1.431059e+02  1.320466e+02  5.980000e+00
     vertex  1.431396e+02  1.320144e+02  5.980000e+00
   endloop
 endfacet
 facet normal -6.899286e-01 -7.238775e-01  0.000000e+00
   outer loop
     vertex  1.431059e+02  1.320466e+02  7.980000e+00
     vertex  1.431396e+02  1.320144e+02  5.980000e+00
     vertex  1.431396e+02  1.320144e+02  7.980000e+00
   endloop
 endfacet
 facet normal -6.698100e-01 -7.425325e-01 -0.000000e+00
   outer loop
     vertex  1.430713e+02  1.320778e+02  7.980000e+00
     vertex  1.430713e+02  1.320778e+02  5.980000e+00
     vertex  1.431059e+02  1.320466e+02  5.980000e+00
   endloop
 endfacet
 facet normal -6.698100e-01 -7.425325e-01  0.000000e+00
   outer loop
     vertex  1.430713e+02  1.320778e+02  7.980000e+00
     vertex  1.431059e+02  1.320466e+02  5.980000e+00
     vertex  1.431059e+02  1.320466e+02  7.980000e+00
   endloop
 endfacet
 facet normal -6.491872e-01 -7.606287e-01 -0.000000e+00
   outer loop
     vertex  1.430358e+02  1.321081e+02  7.980000e+00
     vertex  1.430358e+02  1.321081e+02  5.980000e+00
     vertex  1.430713e+02  1.320778e+02  5.980000e+00
   endloop
 endfacet
 facet normal -6.491872e-01 -7.606287e-01  0.000000e+00
   outer loop
     vertex  1.430358e+02  1.321081e+02  7.980000e+00
     vertex  1.430713e+02  1.320778e+02  5.980000e+00
     vertex  1.430713e+02  1.320778e+02  7.980000e+00
   endloop
 endfacet
 facet normal -6.280757e-01 -7.781522e-01 -0.000000e+00
   outer loop
     vertex  1.429995e+02  1.321374e+02  7.980000e+00
     vertex  1.429995e+02  1.321374e+02  5.980000e+00
     vertex  1.430358e+02  1.321081e+02  5.980000e+00
   endloop
 endfacet
 facet normal -6.064915e-01 -7.950900e-01 -0.000000e+00
   outer loop
     vertex  1.429995e+02  1.321374e+02  7.980000e+00
     vertex  1.429624e+02  1.321657e+02  5.980000e+00
     vertex  1.429995e+02  1.321374e+02  5.980000e+00
   endloop
 endfacet
 facet normal -6.280757e-01 -7.781522e-01  0.000000e+00
   outer loop
     vertex  1.429995e+02  1.321374e+02  7.980000e+00
     vertex  1.430358e+02  1.321081e+02  5.980000e+00
     vertex  1.430358e+02  1.321081e+02  7.980000e+00
   endloop
 endfacet
 facet normal -6.064915e-01 -7.950900e-01 -0.000000e+00
   outer loop
     vertex  1.429624e+02  1.321657e+02  7.980000e+00
     vertex  1.429624e+02  1.321657e+02  5.980000e+00
     vertex  1.429995e+02  1.321374e+02  7.980000e+00
   endloop
 endfacet
 facet normal -5.844507e-01 -8.114292e-01  0.000000e+00
   outer loop
     vertex  1.429245e+02  1.321929e+02  7.980000e+00
     vertex  1.429624e+02  1.321657e+02  5.980000e+00
     vertex  1.429624e+02  1.321657e+02  7.980000e+00
   endloop
 endfacet
 facet normal -5.844507e-01 -8.114292e-01 -0.000000e+00
   outer loop
     vertex  1.429245e+02  1.321929e+02  7.980000e+00
     vertex  1.429245e+02  1.321929e+02  5.980000e+00
     vertex  1.429624e+02  1.321657e+02  5.980000e+00
   endloop
 endfacet
 facet normal -5.619699e-01 -8.271577e-01 -0.000000e+00
   outer loop
     vertex  1.429245e+02  1.321929e+02  7.980000e+00
     vertex  1.428860e+02  1.322191e+02  5.980000e+00
     vertex  1.429245e+02  1.321929e+02  5.980000e+00
   endloop
 endfacet
 facet normal -5.619699e-01 -8.271577e-01 -0.000000e+00
   outer loop
     vertex  1.428860e+02  1.322191e+02  7.980000e+00
     vertex  1.428860e+02  1.322191e+02  5.980000e+00
     vertex  1.429245e+02  1.321929e+02  7.980000e+00
   endloop
 endfacet
 facet normal -5.390661e-01 -8.422635e-01  0.000000e+00
   outer loop
     vertex  1.428467e+02  1.322443e+02  7.980000e+00
     vertex  1.428860e+02  1.322191e+02  5.980000e+00
     vertex  1.428860e+02  1.322191e+02  7.980000e+00
   endloop
 endfacet
 facet normal -5.390661e-01 -8.422635e-01 -0.000000e+00
   outer loop
     vertex  1.428467e+02  1.322443e+02  7.980000e+00
     vertex  1.428467e+02  1.322443e+02  5.980000e+00
     vertex  1.428860e+02  1.322191e+02  5.980000e+00
   endloop
 endfacet
 facet normal -5.157565e-01 -8.567352e-01  0.000000e+00
   outer loop
     vertex  1.428067e+02  1.322683e+02  7.980000e+00
     vertex  1.428467e+02  1.322443e+02  5.980000e+00
     vertex  1.428467e+02  1.322443e+02  7.980000e+00
   endloop
 endfacet
 facet normal -5.157565e-01 -8.567352e-01 -0.000000e+00
   outer loop
     vertex  1.428067e+02  1.322683e+02  7.980000e+00
     vertex  1.428067e+02  1.322683e+02  5.980000e+00
     vertex  1.428467e+02  1.322443e+02  5.980000e+00
   endloop
 endfacet
 facet normal -4.920587e-01 -8.705620e-01  0.000000e+00
   outer loop
     vertex  1.427661e+02  1.322913e+02  7.980000e+00
     vertex  1.428067e+02  1.322683e+02  5.980000e+00
     vertex  1.428067e+02  1.322683e+02  7.980000e+00
   endloop
 endfacet
 facet normal -4.920587e-01 -8.705620e-01 -0.000000e+00
   outer loop
     vertex  1.427661e+02  1.322913e+02  7.980000e+00
     vertex  1.427661e+02  1.322913e+02  5.980000e+00
     vertex  1.428067e+02  1.322683e+02  5.980000e+00
   endloop
 endfacet
 facet normal -4.679904e-01 -8.837335e-01 -0.000000e+00
   outer loop
     vertex  1.427661e+02  1.322913e+02  7.980000e+00
     vertex  1.427249e+02  1.323131e+02  5.980000e+00
     vertex  1.427661e+02  1.322913e+02  5.980000e+00
   endloop
 endfacet
 facet normal -4.679904e-01 -8.837335e-01 -0.000000e+00
   outer loop
     vertex  1.427249e+02  1.323131e+02  7.980000e+00
     vertex  1.427249e+02  1.323131e+02  5.980000e+00
     vertex  1.427661e+02  1.322913e+02  7.980000e+00
   endloop
 endfacet
 facet normal -4.435699e-01 -8.962398e-01  0.000000e+00
   outer loop
     vertex  1.426831e+02  1.323338e+02  7.980000e+00
     vertex  1.427249e+02  1.323131e+02  5.980000e+00
     vertex  1.427249e+02  1.323131e+02  7.980000e+00
   endloop
 endfacet
 facet normal -4.435699e-01 -8.962398e-01 -0.000000e+00
   outer loop
     vertex  1.426831e+02  1.323338e+02  7.980000e+00
     vertex  1.426831e+02  1.323338e+02  5.980000e+00
     vertex  1.427249e+02  1.323131e+02  5.980000e+00
   endloop
 endfacet
 facet normal -4.188155e-01 -9.080714e-01 -0.000000e+00
   outer loop
     vertex  1.426831e+02  1.323338e+02  7.980000e+00
     vertex  1.426407e+02  1.323533e+02  5.980000e+00
     vertex  1.426831e+02  1.323338e+02  5.980000e+00
   endloop
 endfacet
 facet normal -4.188155e-01 -9.080714e-01 -0.000000e+00
   outer loop
     vertex  1.426407e+02  1.323533e+02  7.980000e+00
     vertex  1.426407e+02  1.323533e+02  5.980000e+00
     vertex  1.426831e+02  1.323338e+02  7.980000e+00
   endloop
 endfacet
 facet normal -3.937458e-01 -9.192194e-01  0.000000e+00
   outer loop
     vertex  1.425979e+02  1.323717e+02  7.980000e+00
     vertex  1.426407e+02  1.323533e+02  5.980000e+00
     vertex  1.426407e+02  1.323533e+02  7.980000e+00
   endloop
 endfacet
 facet normal -3.937458e-01 -9.192194e-01 -0.000000e+00
   outer loop
     vertex  1.425979e+02  1.323717e+02  7.980000e+00
     vertex  1.425979e+02  1.323717e+02  5.980000e+00
     vertex  1.426407e+02  1.323533e+02  5.980000e+00
   endloop
 endfacet
 facet normal -3.683796e-01 -9.296754e-01  0.000000e+00
   outer loop
     vertex  1.425545e+02  1.323889e+02  7.980000e+00
     vertex  1.425979e+02  1.323717e+02  5.980000e+00
     vertex  1.425979e+02  1.323717e+02  7.980000e+00
   endloop
 endfacet
 facet normal -3.683796e-01 -9.296754e-01 -0.000000e+00
   outer loop
     vertex  1.425545e+02  1.323889e+02  7.980000e+00
     vertex  1.425545e+02  1.323889e+02  5.980000e+00
     vertex  1.425979e+02  1.323717e+02  5.980000e+00
   endloop
 endfacet
 facet normal -3.427362e-01 -9.394317e-01 -0.000000e+00
   outer loop
     vertex  1.425545e+02  1.323889e+02  7.980000e+00
     vertex  1.425107e+02  1.324049e+02  5.980000e+00
     vertex  1.425545e+02  1.323889e+02  5.980000e+00
   endloop
 endfacet
 facet normal -3.427362e-01 -9.394317e-01 -0.000000e+00
   outer loop
     vertex  1.425107e+02  1.324049e+02  7.980000e+00
     vertex  1.425107e+02  1.324049e+02  5.980000e+00
     vertex  1.425545e+02  1.323889e+02  7.980000e+00
   endloop
 endfacet
 facet normal -3.168348e-01 -9.484807e-01  0.000000e+00
   outer loop
     vertex  1.424664e+02  1.324197e+02  7.980000e+00
     vertex  1.425107e+02  1.324049e+02  5.980000e+00
     vertex  1.425107e+02  1.324049e+02  7.980000e+00
   endloop
 endfacet
 facet normal -3.168348e-01 -9.484807e-01 -0.000000e+00
   outer loop
     vertex  1.424664e+02  1.324197e+02  7.980000e+00
     vertex  1.424664e+02  1.324197e+02  5.980000e+00
     vertex  1.425107e+02  1.324049e+02  5.980000e+00
   endloop
 endfacet
 facet normal -2.906949e-01 -9.568158e-01  0.000000e+00
   outer loop
     vertex  1.424218e+02  1.324332e+02  7.980000e+00
     vertex  1.424664e+02  1.324197e+02  5.980000e+00
     vertex  1.424664e+02  1.324197e+02  7.980000e+00
   endloop
 endfacet
 facet normal -2.906949e-01 -9.568158e-01 -0.000000e+00
   outer loop
     vertex  1.424218e+02  1.324332e+02  7.980000e+00
     vertex  1.424218e+02  1.324332e+02  5.980000e+00
     vertex  1.424664e+02  1.324197e+02  5.980000e+00
   endloop
 endfacet
 facet normal -2.643362e-01 -9.644306e-01  0.000000e+00
   outer loop
     vertex  1.423768e+02  1.324455e+02  7.980000e+00
     vertex  1.424218e+02  1.324332e+02  5.980000e+00
     vertex  1.424218e+02  1.324332e+02  7.980000e+00
   endloop
 endfacet
 facet normal -2.643362e-01 -9.644306e-01 -0.000000e+00
   outer loop
     vertex  1.423768e+02  1.324455e+02  7.980000e+00
     vertex  1.423768e+02  1.324455e+02  5.980000e+00
     vertex  1.424218e+02  1.324332e+02  5.980000e+00
   endloop
 endfacet
 facet normal -2.377784e-01 -9.713194e-01  0.000000e+00
   outer loop
     vertex  1.423315e+02  1.324566e+02  7.980000e+00
     vertex  1.423768e+02  1.324455e+02  5.980000e+00
     vertex  1.423768e+02  1.324455e+02  7.980000e+00
   endloop
 endfacet
 facet normal -2.377784e-01 -9.713194e-01 -0.000000e+00
   outer loop
     vertex  1.423315e+02  1.324566e+02  7.980000e+00
     vertex  1.423315e+02  1.324566e+02  5.980000e+00
     vertex  1.423768e+02  1.324455e+02  5.980000e+00
   endloop
 endfacet
 facet normal -2.110417e-01 -9.774771e-01  0.000000e+00
   outer loop
     vertex  1.422859e+02  1.324665e+02  7.980000e+00
     vertex  1.423315e+02  1.324566e+02  5.980000e+00
     vertex  1.423315e+02  1.324566e+02  7.980000e+00
   endloop
 endfacet
 facet normal -2.110417e-01 -9.774771e-01 -0.000000e+00
   outer loop
     vertex  1.422859e+02  1.324665e+02  7.980000e+00
     vertex  1.422859e+02  1.324665e+02  5.980000e+00
     vertex  1.423315e+02  1.324566e+02  5.980000e+00
   endloop
 endfacet
 facet normal -1.841461e-01 -9.828989e-01 -0.000000e+00
   outer loop
     vertex  1.422859e+02  1.324665e+02  7.980000e+00
     vertex  1.422401e+02  1.324751e+02  5.980000e+00
     vertex  1.422859e+02  1.324665e+02  5.980000e+00
   endloop
 endfacet
 facet normal -1.841461e-01 -9.828989e-01 -0.000000e+00
   outer loop
     vertex  1.422401e+02  1.324751e+02  7.980000e+00
     vertex  1.422401e+02  1.324751e+02  5.980000e+00
     vertex  1.422859e+02  1.324665e+02  7.980000e+00
   endloop
 endfacet
 facet normal -1.571119e-01 -9.875808e-01  0.000000e+00
   outer loop
     vertex  1.421940e+02  1.324824e+02  7.980000e+00
     vertex  1.422401e+02  1.324751e+02  5.980000e+00
     vertex  1.422401e+02  1.324751e+02  7.980000e+00
   endloop
 endfacet
 facet normal -1.571119e-01 -9.875808e-01 -0.000000e+00
   outer loop
     vertex  1.421940e+02  1.324824e+02  7.980000e+00
     vertex  1.421940e+02  1.324824e+02  5.980000e+00
     vertex  1.422401e+02  1.324751e+02  5.980000e+00
   endloop
 endfacet
 facet normal -1.299594e-01 -9.915193e-01  0.000000e+00
   outer loop
     vertex  1.421478e+02  1.324885e+02  7.980000e+00
     vertex  1.421940e+02  1.324824e+02  5.980000e+00
     vertex  1.421940e+02  1.324824e+02  7.980000e+00
   endloop
 endfacet
 facet normal -1.299594e-01 -9.915193e-01 -0.000000e+00
   outer loop
     vertex  1.421478e+02  1.324885e+02  7.980000e+00
     vertex  1.421478e+02  1.324885e+02  5.980000e+00
     vertex  1.421940e+02  1.324824e+02  5.980000e+00
   endloop
 endfacet
 facet normal -1.027091e-01 -9.947114e-01  0.000000e+00
   outer loop
     vertex  1.421014e+02  1.324932e+02  7.980000e+00
     vertex  1.421478e+02  1.324885e+02  5.980000e+00
     vertex  1.421478e+02  1.324885e+02  7.980000e+00
   endloop
 endfacet
 facet normal -1.027091e-01 -9.947114e-01 -0.000000e+00
   outer loop
     vertex  1.421014e+02  1.324932e+02  7.980000e+00
     vertex  1.421014e+02  1.324932e+02  5.980000e+00
     vertex  1.421478e+02  1.324885e+02  5.980000e+00
   endloop
 endfacet
 facet normal -7.538152e-02 -9.971548e-01  0.000000e+00
   outer loop
     vertex  1.420549e+02  1.324968e+02  7.980000e+00
     vertex  1.421014e+02  1.324932e+02  5.980000e+00
     vertex  1.421014e+02  1.324932e+02  7.980000e+00
   endloop
 endfacet
 facet normal -7.538152e-02 -9.971548e-01 -0.000000e+00
   outer loop
     vertex  1.420549e+02  1.324968e+02  7.980000e+00
     vertex  1.420549e+02  1.324968e+02  5.980000e+00
     vertex  1.421014e+02  1.324932e+02  5.980000e+00
   endloop
 endfacet
 facet normal -4.799716e-02 -9.988475e-01  0.000000e+00
   outer loop
     vertex  1.420083e+02  1.324990e+02  7.980000e+00
     vertex  1.420549e+02  1.324968e+02  5.980000e+00
     vertex  1.420549e+02  1.324968e+02  7.980000e+00
   endloop
 endfacet
 facet normal -4.799716e-02 -9.988475e-01 -0.000000e+00
   outer loop
     vertex  1.420083e+02  1.324990e+02  7.980000e+00
     vertex  1.420083e+02  1.324990e+02  5.980000e+00
     vertex  1.420549e+02  1.324968e+02  5.980000e+00
   endloop
 endfacet
 facet normal -2.057667e-02 -9.997883e-01 -0.000000e+00
   outer loop
     vertex  1.419617e+02  1.325000e+02  7.980000e+00
     vertex  1.419617e+02  1.325000e+02  5.980000e+00
     vertex  1.420083e+02  1.324990e+02  5.980000e+00
   endloop
 endfacet
 facet normal -2.057667e-02 -9.997883e-01  0.000000e+00
   outer loop
     vertex  1.419617e+02  1.325000e+02  7.980000e+00
     vertex  1.420083e+02  1.324990e+02  5.980000e+00
     vertex  1.420083e+02  1.324990e+02  7.980000e+00
   endloop
 endfacet
 facet normal  6.859319e-03 -9.999765e-01  0.000000e+00
   outer loop
     vertex  1.419617e+02  1.325000e+02  7.980000e+00
     vertex  1.419150e+02  1.324996e+02  5.980000e+00
     vertex  1.419617e+02  1.325000e+02  5.980000e+00
   endloop
 endfacet
 facet normal  3.429014e-02 -9.994119e-01  0.000000e+00
   outer loop
     vertex  1.419150e+02  1.324996e+02  7.980000e+00
     vertex  1.418684e+02  1.324980e+02  5.980000e+00
     vertex  1.419150e+02  1.324996e+02  5.980000e+00
   endloop
 endfacet
 facet normal  6.859319e-03 -9.999765e-01  0.000000e+00
   outer loop
     vertex  1.419150e+02  1.324996e+02  7.980000e+00
     vertex  1.419150e+02  1.324996e+02  5.980000e+00
     vertex  1.419617e+02  1.325000e+02  7.980000e+00
   endloop
 endfacet
 facet normal  3.429014e-02 -9.994119e-01  0.000000e+00
   outer loop
     vertex  1.418684e+02  1.324980e+02  7.980000e+00
     vertex  1.418684e+02  1.324980e+02  5.980000e+00
     vertex  1.419150e+02  1.324996e+02  7.980000e+00
   endloop
 endfacet
 facet normal  6.169515e-02 -9.980950e-01  0.000000e+00
   outer loop
     vertex  1.418219e+02  1.324952e+02  7.980000e+00
     vertex  1.418219e+02  1.324952e+02  5.980000e+00
     vertex  1.418684e+02  1.324980e+02  5.980000e+00
   endloop
 endfacet
 facet normal  6.169515e-02 -9.980950e-01  0.000000e+00
   outer loop
     vertex  1.418219e+02  1.324952e+02  7.980000e+00
     vertex  1.418684e+02  1.324980e+02  5.980000e+00
     vertex  1.418684e+02  1.324980e+02  7.980000e+00
   endloop
 endfacet
 facet normal  8.905371e-02 -9.960268e-01  0.000000e+00
   outer loop
     vertex  1.417754e+02  1.324910e+02  7.980000e+00
     vertex  1.418219e+02  1.324952e+02  5.980000e+00
     vertex  1.418219e+02  1.324952e+02  7.980000e+00
   endloop
 endfacet
 facet normal  8.905371e-02 -9.960268e-01  0.000000e+00
   outer loop
     vertex  1.417754e+02  1.324910e+02  7.980000e+00
     vertex  1.417754e+02  1.324910e+02  5.980000e+00
     vertex  1.418219e+02  1.324952e+02  5.980000e+00
   endloop
 endfacet
 facet normal  1.163452e-01 -9.932088e-01  0.000000e+00
   outer loop
     vertex  1.417754e+02  1.324910e+02  7.980000e+00
     vertex  1.417291e+02  1.324856e+02  5.980000e+00
     vertex  1.417754e+02  1.324910e+02  5.980000e+00
   endloop
 endfacet
 facet normal  1.163452e-01 -9.932088e-01  0.000000e+00
   outer loop
     vertex  1.417291e+02  1.324856e+02  7.980000e+00
     vertex  1.417291e+02  1.324856e+02  5.980000e+00
     vertex  1.417754e+02  1.324910e+02  7.980000e+00
   endloop
 endfacet
 facet normal  1.435492e-01 -9.896432e-01  0.000000e+00
   outer loop
     vertex  1.416829e+02  1.324789e+02  7.980000e+00
     vertex  1.417291e+02  1.324856e+02  5.980000e+00
     vertex  1.417291e+02  1.324856e+02  7.980000e+00
   endloop
 endfacet
 facet normal  1.435492e-01 -9.896432e-01  0.000000e+00
   outer loop
     vertex  1.416829e+02  1.324789e+02  7.980000e+00
     vertex  1.416829e+02  1.324789e+02  5.980000e+00
     vertex  1.417291e+02  1.324856e+02  5.980000e+00
   endloop
 endfacet
 facet normal  1.706451e-01 -9.853326e-01  0.000000e+00
   outer loop
     vertex  1.416370e+02  1.324709e+02  7.980000e+00
     vertex  1.416829e+02  1.324789e+02  5.980000e+00
     vertex  1.416829e+02  1.324789e+02  7.980000e+00
   endloop
 endfacet
 facet normal  1.706451e-01 -9.853326e-01  0.000000e+00
   outer loop
     vertex  1.416370e+02  1.324709e+02  7.980000e+00
     vertex  1.416370e+02  1.324709e+02  5.980000e+00
     vertex  1.416829e+02  1.324789e+02  5.980000e+00
   endloop
 endfacet
 facet normal  1.976125e-01 -9.802802e-01  0.000000e+00
   outer loop
     vertex  1.416370e+02  1.324709e+02  7.980000e+00
     vertex  1.415912e+02  1.324617e+02  5.980000e+00
     vertex  1.416370e+02  1.324709e+02  5.980000e+00
   endloop
 endfacet
 facet normal  1.976125e-01 -9.802802e-01  0.000000e+00
   outer loop
     vertex  1.415912e+02  1.324617e+02  7.980000e+00
     vertex  1.415912e+02  1.324617e+02  5.980000e+00
     vertex  1.416370e+02  1.324709e+02  7.980000e+00
   endloop
 endfacet
 facet normal  2.244312e-01 -9.744899e-01  0.000000e+00
   outer loop
     vertex  1.415458e+02  1.324512e+02  7.980000e+00
     vertex  1.415912e+02  1.324617e+02  5.980000e+00
     vertex  1.415912e+02  1.324617e+02  7.980000e+00
   endloop
 endfacet
 facet normal  2.244312e-01 -9.744899e-01  0.000000e+00
   outer loop
     vertex  1.415458e+02  1.324512e+02  7.980000e+00
     vertex  1.415458e+02  1.324512e+02  5.980000e+00
     vertex  1.415912e+02  1.324617e+02  5.980000e+00
   endloop
 endfacet
 facet normal  2.510809e-01 -9.679661e-01  0.000000e+00
   outer loop
     vertex  1.415006e+02  1.324395e+02  7.980000e+00
     vertex  1.415458e+02  1.324512e+02  5.980000e+00
     vertex  1.415458e+02  1.324512e+02  7.980000e+00
   endloop
 endfacet
 facet normal  2.510809e-01 -9.679661e-01  0.000000e+00
   outer loop
     vertex  1.415006e+02  1.324395e+02  7.980000e+00
     vertex  1.415006e+02  1.324395e+02  5.980000e+00
     vertex  1.415458e+02  1.324512e+02  5.980000e+00
   endloop
 endfacet
 facet normal  2.775416e-01 -9.607136e-01  0.000000e+00
   outer loop
     vertex  1.414558e+02  1.324266e+02  7.980000e+00
     vertex  1.415006e+02  1.324395e+02  5.980000e+00
     vertex  1.415006e+02  1.324395e+02  7.980000e+00
   endloop
 endfacet
 facet normal  2.775416e-01 -9.607136e-01  0.000000e+00
   outer loop
     vertex  1.414558e+02  1.324266e+02  7.980000e+00
     vertex  1.414558e+02  1.324266e+02  5.980000e+00
     vertex  1.415006e+02  1.324395e+02  5.980000e+00
   endloop
 endfacet
 facet normal  3.037934e-01 -9.527379e-01  0.000000e+00
   outer loop
     vertex  1.414558e+02  1.324266e+02  7.980000e+00
     vertex  1.414114e+02  1.324124e+02  5.980000e+00
     vertex  1.414558e+02  1.324266e+02  5.980000e+00
   endloop
 endfacet
 facet normal  3.037934e-01 -9.527379e-01  0.000000e+00
   outer loop
     vertex  1.414114e+02  1.324124e+02  7.980000e+00
     vertex  1.414114e+02  1.324124e+02  5.980000e+00
     vertex  1.414558e+02  1.324266e+02  7.980000e+00
   endloop
 endfacet
 facet normal  3.298166e-01 -9.440450e-01  0.000000e+00
   outer loop
     vertex  1.413673e+02  1.323970e+02  7.980000e+00
     vertex  1.414114e+02  1.324124e+02  5.980000e+00
     vertex  1.414114e+02  1.324124e+02  7.980000e+00
   endloop
 endfacet
 facet normal  3.298166e-01 -9.440450e-01  0.000000e+00
   outer loop
     vertex  1.413673e+02  1.323970e+02  7.980000e+00
     vertex  1.413673e+02  1.323970e+02  5.980000e+00
     vertex  1.414114e+02  1.324124e+02  5.980000e+00
   endloop
 endfacet
 facet normal  3.555914e-01 -9.346415e-01  0.000000e+00
   outer loop
     vertex  1.413673e+02  1.323970e+02  7.980000e+00
     vertex  1.413238e+02  1.323804e+02  5.980000e+00
     vertex  1.413673e+02  1.323970e+02  5.980000e+00
   endloop
 endfacet
 facet normal  3.555914e-01 -9.346415e-01  0.000000e+00
   outer loop
     vertex  1.413238e+02  1.323804e+02  7.980000e+00
     vertex  1.413238e+02  1.323804e+02  5.980000e+00
     vertex  1.413673e+02  1.323970e+02  7.980000e+00
   endloop
 endfacet
 facet normal  3.810986e-01 -9.245344e-01  0.000000e+00
   outer loop
     vertex  1.412806e+02  1.323627e+02  7.980000e+00
     vertex  1.413238e+02  1.323804e+02  5.980000e+00
     vertex  1.413238e+02  1.323804e+02  7.980000e+00
   endloop
 endfacet
 facet normal  3.810986e-01 -9.245344e-01  0.000000e+00
   outer loop
     vertex  1.412806e+02  1.323627e+02  7.980000e+00
     vertex  1.412806e+02  1.323627e+02  5.980000e+00
     vertex  1.413238e+02  1.323804e+02  5.980000e+00
   endloop
 endfacet
 facet normal  4.063188e-01 -9.137314e-01  0.000000e+00
   outer loop
     vertex  1.412380e+02  1.323437e+02  7.980000e+00
     vertex  1.412380e+02  1.323437e+02  5.980000e+00
     vertex  1.412806e+02  1.323627e+02  5.980000e+00
   endloop
 endfacet
 facet normal  4.063188e-01 -9.137314e-01  0.000000e+00
   outer loop
     vertex  1.412380e+02  1.323437e+02  7.980000e+00
     vertex  1.412806e+02  1.323627e+02  5.980000e+00
     vertex  1.412806e+02  1.323627e+02  7.980000e+00
   endloop
 endfacet
 facet normal  4.312333e-01 -9.022405e-01  0.000000e+00
   outer loop
     vertex  1.411959e+02  1.323236e+02  7.980000e+00
     vertex  1.411959e+02  1.323236e+02  5.980000e+00
     vertex  1.412380e+02  1.323437e+02  5.980000e+00
   endloop
 endfacet
 facet normal  4.558231e-01 -8.900704e-01  0.000000e+00
   outer loop
     vertex  1.411959e+02  1.323236e+02  7.980000e+00
     vertex  1.411544e+02  1.323023e+02  5.980000e+00
     vertex  1.411959e+02  1.323236e+02  5.980000e+00
   endloop
 endfacet
 facet normal  4.312333e-01 -9.022405e-01  0.000000e+00
   outer loop
     vertex  1.411959e+02  1.323236e+02  7.980000e+00
     vertex  1.412380e+02  1.323437e+02  5.980000e+00
     vertex  1.412380e+02  1.323437e+02  7.980000e+00
   endloop
 endfacet
 facet normal  4.800697e-01 -8.772303e-01  0.000000e+00
   outer loop
     vertex  1.411544e+02  1.323023e+02  7.980000e+00
     vertex  1.411135e+02  1.322800e+02  5.980000e+00
     vertex  1.411544e+02  1.323023e+02  5.980000e+00
   endloop
 endfacet
 facet normal  4.558231e-01 -8.900704e-01  0.000000e+00
   outer loop
     vertex  1.411544e+02  1.323023e+02  7.980000e+00
     vertex  1.411544e+02  1.323023e+02  5.980000e+00
     vertex  1.411959e+02  1.323236e+02  7.980000e+00
   endloop
 endfacet
 facet normal  4.800697e-01 -8.772303e-01  0.000000e+00
   outer loop
     vertex  1.411135e+02  1.322800e+02  7.980000e+00
     vertex  1.411135e+02  1.322800e+02  5.980000e+00
     vertex  1.411544e+02  1.323023e+02  7.980000e+00
   endloop
 endfacet
 facet normal  5.039550e-01 -8.637299e-01  0.000000e+00
   outer loop
     vertex  1.410732e+02  1.322564e+02  7.980000e+00
     vertex  1.410732e+02  1.322564e+02  5.980000e+00
     vertex  1.411135e+02  1.322800e+02  5.980000e+00
   endloop
 endfacet
 facet normal  5.039550e-01 -8.637299e-01  0.000000e+00
   outer loop
     vertex  1.410732e+02  1.322564e+02  7.980000e+00
     vertex  1.411135e+02  1.322800e+02  5.980000e+00
     vertex  1.411135e+02  1.322800e+02  7.980000e+00
   endloop
 endfacet
 facet normal  5.274609e-01 -8.495793e-01  0.000000e+00
   outer loop
     vertex  1.410336e+02  1.322318e+02  7.980000e+00
     vertex  1.410336e+02  1.322318e+02  5.980000e+00
     vertex  1.410732e+02  1.322564e+02  5.980000e+00
   endloop
 endfacet
 facet normal  5.274609e-01 -8.495793e-01  0.000000e+00
   outer loop
     vertex  1.410336e+02  1.322318e+02  7.980000e+00
     vertex  1.410732e+02  1.322564e+02  5.980000e+00
     vertex  1.410732e+02  1.322564e+02  7.980000e+00
   endloop
 endfacet
 facet normal  5.505698e-01 -8.347891e-01  0.000000e+00
   outer loop
     vertex  1.409947e+02  1.322062e+02  7.980000e+00
     vertex  1.409947e+02  1.322062e+02  5.980000e+00
     vertex  1.410336e+02  1.322318e+02  5.980000e+00
   endloop
 endfacet
 facet normal  5.505698e-01 -8.347891e-01  0.000000e+00
   outer loop
     vertex  1.409947e+02  1.322062e+02  7.980000e+00
     vertex  1.410336e+02  1.322318e+02  5.980000e+00
     vertex  1.410336e+02  1.322318e+02  7.980000e+00
   endloop
 endfacet
 facet normal  5.732642e-01 -8.193706e-01  0.000000e+00
   outer loop
     vertex  1.409564e+02  1.321794e+02  7.980000e+00
     vertex  1.409564e+02  1.321794e+02  5.980000e+00
     vertex  1.409947e+02  1.322062e+02  5.980000e+00
   endloop
 endfacet
 facet normal  5.732642e-01 -8.193706e-01  0.000000e+00
   outer loop
     vertex  1.409564e+02  1.321794e+02  7.980000e+00
     vertex  1.409947e+02  1.322062e+02  5.980000e+00
     vertex  1.409947e+02  1.322062e+02  7.980000e+00
   endloop
 endfacet
 facet normal  5.955271e-01 -8.033352e-01  0.000000e+00
   outer loop
     vertex  1.409190e+02  1.321517e+02  7.980000e+00
     vertex  1.409190e+02  1.321517e+02  5.980000e+00
     vertex  1.409564e+02  1.321794e+02  5.980000e+00
   endloop
 endfacet
 facet normal  5.955271e-01 -8.033352e-01  0.000000e+00
   outer loop
     vertex  1.409190e+02  1.321517e+02  7.980000e+00
     vertex  1.409564e+02  1.321794e+02  5.980000e+00
     vertex  1.409564e+02  1.321794e+02  7.980000e+00
   endloop
 endfacet
 facet normal  6.173417e-01 -7.866951e-01  0.000000e+00
   outer loop
     vertex  1.408823e+02  1.321229e+02  7.980000e+00
     vertex  1.408823e+02  1.321229e+02  5.980000e+00
     vertex  1.409190e+02  1.321517e+02  5.980000e+00
   endloop
 endfacet
 facet normal  6.386916e-01 -7.694628e-01  0.000000e+00
   outer loop
     vertex  1.408823e+02  1.321229e+02  7.980000e+00
     vertex  1.408464e+02  1.320931e+02  5.980000e+00
     vertex  1.408823e+02  1.321229e+02  5.980000e+00
   endloop
 endfacet
 facet normal  6.173417e-01 -7.866951e-01  0.000000e+00
   outer loop
     vertex  1.408823e+02  1.321229e+02  7.980000e+00
     vertex  1.409190e+02  1.321517e+02  5.980000e+00
     vertex  1.409190e+02  1.321517e+02  7.980000e+00
   endloop
 endfacet
 facet normal  6.386916e-01 -7.694628e-01  0.000000e+00
   outer loop
     vertex  1.408464e+02  1.320931e+02  7.980000e+00
     vertex  1.408464e+02  1.320931e+02  5.980000e+00
     vertex  1.408823e+02  1.321229e+02  7.980000e+00
   endloop
 endfacet
 facet normal  6.595607e-01 -7.516513e-01  0.000000e+00
   outer loop
     vertex  1.408113e+02  1.320623e+02  7.980000e+00
     vertex  1.408113e+02  1.320623e+02  5.980000e+00
     vertex  1.408464e+02  1.320931e+02  5.980000e+00
   endloop
 endfacet
 facet normal  6.799333e-01 -7.332740e-01  0.000000e+00
   outer loop
     vertex  1.408113e+02  1.320623e+02  7.980000e+00
     vertex  1.407771e+02  1.320306e+02  5.980000e+00
     vertex  1.408113e+02  1.320623e+02  5.980000e+00
   endloop
 endfacet
 facet normal  6.595607e-01 -7.516513e-01  0.000000e+00
   outer loop
     vertex  1.408113e+02  1.320623e+02  7.980000e+00
     vertex  1.408464e+02  1.320931e+02  5.980000e+00
     vertex  1.408464e+02  1.320931e+02  7.980000e+00
   endloop
 endfacet
 facet normal  6.997940e-01 -7.143447e-01  0.000000e+00
   outer loop
     vertex  1.407771e+02  1.320306e+02  7.980000e+00
     vertex  1.407438e+02  1.319980e+02  5.980000e+00
     vertex  1.407771e+02  1.320306e+02  5.980000e+00
   endloop
 endfacet
 facet normal  6.799333e-01 -7.332740e-01  0.000000e+00
   outer loop
     vertex  1.407771e+02  1.320306e+02  7.980000e+00
     vertex  1.407771e+02  1.320306e+02  5.980000e+00
     vertex  1.408113e+02  1.320623e+02  7.980000e+00
   endloop
 endfacet
 facet normal  6.997940e-01 -7.143447e-01  0.000000e+00
   outer loop
     vertex  1.407438e+02  1.319980e+02  7.980000e+00
     vertex  1.407438e+02  1.319980e+02  5.980000e+00
     vertex  1.407771e+02  1.320306e+02  7.980000e+00
   endloop
 endfacet
 facet normal  7.191280e-01 -6.948776e-01  0.000000e+00
   outer loop
     vertex  1.407114e+02  1.319644e+02  7.980000e+00
     vertex  1.407438e+02  1.319980e+02  5.980000e+00
     vertex  1.407438e+02  1.319980e+02  7.980000e+00
   endloop
 endfacet
 facet normal  7.191280e-01 -6.948776e-01  0.000000e+00
   outer loop
     vertex  1.407114e+02  1.319644e+02  7.980000e+00
     vertex  1.407114e+02  1.319644e+02  5.980000e+00
     vertex  1.407438e+02  1.319980e+02  5.980000e+00
   endloop
 endfacet
 facet normal  7.379206e-01 -6.748875e-01  0.000000e+00
   outer loop
     vertex  1.407114e+02  1.319644e+02  7.980000e+00
     vertex  1.406799e+02  1.319300e+02  5.980000e+00
     vertex  1.407114e+02  1.319644e+02  5.980000e+00
   endloop
 endfacet
 facet normal  7.379206e-01 -6.748875e-01  0.000000e+00
   outer loop
     vertex  1.406799e+02  1.319300e+02  7.980000e+00
     vertex  1.406799e+02  1.319300e+02  5.980000e+00
     vertex  1.407114e+02  1.319644e+02  7.980000e+00
   endloop
 endfacet
 facet normal  7.561578e-01 -6.543893e-01  0.000000e+00
   outer loop
     vertex  1.406494e+02  1.318947e+02  7.980000e+00
     vertex  1.406799e+02  1.319300e+02  5.980000e+00
     vertex  1.406799e+02  1.319300e+02  7.980000e+00
   endloop
 endfacet
 facet normal  7.561578e-01 -6.543893e-01  0.000000e+00
   outer loop
     vertex  1.406494e+02  1.318947e+02  7.980000e+00
     vertex  1.406494e+02  1.318947e+02  5.980000e+00
     vertex  1.406799e+02  1.319300e+02  5.980000e+00
   endloop
 endfacet
 facet normal  7.738257e-01 -6.333986e-01  0.000000e+00
   outer loop
     vertex  1.406494e+02  1.318947e+02  7.980000e+00
     vertex  1.406198e+02  1.318586e+02  5.980000e+00
     vertex  1.406494e+02  1.318947e+02  5.980000e+00
   endloop
 endfacet
 facet normal  7.738257e-01 -6.333986e-01  0.000000e+00
   outer loop
     vertex  1.406198e+02  1.318586e+02  7.980000e+00
     vertex  1.406198e+02  1.318586e+02  5.980000e+00
     vertex  1.406494e+02  1.318947e+02  7.980000e+00
   endloop
 endfacet
 facet normal  7.909112e-01 -6.119310e-01  0.000000e+00
   outer loop
     vertex  1.405913e+02  1.318217e+02  7.980000e+00
     vertex  1.406198e+02  1.318586e+02  5.980000e+00
     vertex  1.406198e+02  1.318586e+02  7.980000e+00
   endloop
 endfacet
 facet normal  7.909112e-01 -6.119310e-01  0.000000e+00
   outer loop
     vertex  1.405913e+02  1.318217e+02  7.980000e+00
     vertex  1.405913e+02  1.318217e+02  5.980000e+00
     vertex  1.406198e+02  1.318586e+02  5.980000e+00
   endloop
 endfacet
 facet normal  8.074012e-01 -5.900028e-01  0.000000e+00
   outer loop
     vertex  1.405913e+02  1.318217e+02  7.980000e+00
     vertex  1.405638e+02  1.317841e+02  5.980000e+00
     vertex  1.405913e+02  1.318217e+02  5.980000e+00
   endloop
 endfacet
 facet normal  8.232835e-01 -5.676304e-01  0.000000e+00
   outer loop
     vertex  1.405638e+02  1.317841e+02  7.980000e+00
     vertex  1.405373e+02  1.317457e+02  5.980000e+00
     vertex  1.405638e+02  1.317841e+02  5.980000e+00
   endloop
 endfacet
 facet normal  8.074012e-01 -5.900028e-01  0.000000e+00
   outer loop
     vertex  1.405638e+02  1.317841e+02  7.980000e+00
     vertex  1.405638e+02  1.317841e+02  5.980000e+00
     vertex  1.405913e+02  1.318217e+02  7.980000e+00
   endloop
 endfacet
 facet normal  8.232835e-01 -5.676304e-01  0.000000e+00
   outer loop
     vertex  1.405373e+02  1.317457e+02  7.980000e+00
     vertex  1.405373e+02  1.317457e+02  5.980000e+00
     vertex  1.405638e+02  1.317841e+02  7.980000e+00
   endloop
 endfacet
 facet normal  8.385460e-01 -5.448308e-01  0.000000e+00
   outer loop
     vertex  1.405119e+02  1.317066e+02  7.980000e+00
     vertex  1.405373e+02  1.317457e+02  5.980000e+00
     vertex  1.405373e+02  1.317457e+02  7.980000e+00
   endloop
 endfacet
 facet normal  8.385460e-01 -5.448308e-01  0.000000e+00
   outer loop
     vertex  1.405119e+02  1.317066e+02  7.980000e+00
     vertex  1.405119e+02  1.317066e+02  5.980000e+00
     vertex  1.405373e+02  1.317457e+02  5.980000e+00
   endloop
 endfacet
 facet normal  8.531773e-01 -5.216210e-01  0.000000e+00
   outer loop
     vertex  1.404876e+02  1.316668e+02  7.980000e+00
     vertex  1.404876e+02  1.316668e+02  5.980000e+00
     vertex  1.405119e+02  1.317066e+02  5.980000e+00
   endloop
 endfacet
 facet normal  8.531773e-01 -5.216210e-01  0.000000e+00
   outer loop
     vertex  1.404876e+02  1.316668e+02  7.980000e+00
     vertex  1.405119e+02  1.317066e+02  5.980000e+00
     vertex  1.405119e+02  1.317066e+02  7.980000e+00
   endloop
 endfacet
 facet normal  8.671664e-01 -4.980186e-01  0.000000e+00
   outer loop
     vertex  1.404643e+02  1.316263e+02  7.980000e+00
     vertex  1.404643e+02  1.316263e+02  5.980000e+00
     vertex  1.404876e+02  1.316668e+02  5.980000e+00
   endloop
 endfacet
 facet normal  8.805026e-01 -4.740412e-01  0.000000e+00
   outer loop
     vertex  1.404643e+02  1.316263e+02  7.980000e+00
     vertex  1.404422e+02  1.315853e+02  5.980000e+00
     vertex  1.404643e+02  1.316263e+02  5.980000e+00
   endloop
 endfacet
 facet normal  8.671664e-01 -4.980186e-01  0.000000e+00
   outer loop
     vertex  1.404643e+02  1.316263e+02  7.980000e+00
     vertex  1.404876e+02  1.316668e+02  5.980000e+00
     vertex  1.404876e+02  1.316668e+02  7.980000e+00
   endloop
 endfacet
 facet normal  8.805026e-01 -4.740412e-01  0.000000e+00
   outer loop
     vertex  1.404422e+02  1.315853e+02  7.980000e+00
     vertex  1.404422e+02  1.315853e+02  5.980000e+00
     vertex  1.404643e+02  1.316263e+02  7.980000e+00
   endloop
 endfacet
 facet normal  8.931761e-01 -4.497071e-01  0.000000e+00
   outer loop
     vertex  1.404213e+02  1.315436e+02  7.980000e+00
     vertex  1.404213e+02  1.315436e+02  5.980000e+00
     vertex  1.404422e+02  1.315853e+02  5.980000e+00
   endloop
 endfacet
 facet normal  8.931761e-01 -4.497071e-01  0.000000e+00
   outer loop
     vertex  1.404213e+02  1.315436e+02  7.980000e+00
     vertex  1.404422e+02  1.315853e+02  5.980000e+00
     vertex  1.404422e+02  1.315853e+02  7.980000e+00
   endloop
 endfacet
 facet normal  9.051772e-01 -4.250344e-01  0.000000e+00
   outer loop
     vertex  1.404014e+02  1.315014e+02  7.980000e+00
     vertex  1.404014e+02  1.315014e+02  5.980000e+00
     vertex  1.404213e+02  1.315436e+02  5.980000e+00
   endloop
 endfacet
 facet normal  9.051772e-01 -4.250344e-01  0.000000e+00
   outer loop
     vertex  1.404014e+02  1.315014e+02  7.980000e+00
     vertex  1.404213e+02  1.315436e+02  5.980000e+00
     vertex  1.404213e+02  1.315436e+02  7.980000e+00
   endloop
 endfacet
 facet normal  9.164969e-01 -4.000417e-01  0.000000e+00
   outer loop
     vertex  1.403828e+02  1.314586e+02  7.980000e+00
     vertex  1.403828e+02  1.314586e+02  5.980000e+00
     vertex  1.404014e+02  1.315014e+02  5.980000e+00
   endloop
 endfacet
 facet normal  9.271267e-01 -3.747479e-01  0.000000e+00
   outer loop
     vertex  1.403828e+02  1.314586e+02  7.980000e+00
     vertex  1.403653e+02  1.314154e+02  5.980000e+00
     vertex  1.403828e+02  1.314586e+02  5.980000e+00
   endloop
 endfacet
 facet normal  9.164969e-01 -4.000417e-01  0.000000e+00
   outer loop
     vertex  1.403828e+02  1.314586e+02  7.980000e+00
     vertex  1.404014e+02  1.315014e+02  5.980000e+00
     vertex  1.404014e+02  1.315014e+02  7.980000e+00
   endloop
 endfacet
 facet normal  9.271267e-01 -3.747479e-01  0.000000e+00
   outer loop
     vertex  1.403653e+02  1.314154e+02  7.980000e+00
     vertex  1.403653e+02  1.314154e+02  5.980000e+00
     vertex  1.403828e+02  1.314586e+02  7.980000e+00
   endloop
 endfacet
 facet normal  9.370586e-01 -3.491720e-01  0.000000e+00
   outer loop
     vertex  1.403490e+02  1.313717e+02  7.980000e+00
     vertex  1.403490e+02  1.313717e+02  5.980000e+00
     vertex  1.403653e+02  1.314154e+02  5.980000e+00
   endloop
 endfacet
 facet normal  9.370586e-01 -3.491720e-01  0.000000e+00
   outer loop
     vertex  1.403490e+02  1.313717e+02  7.980000e+00
     vertex  1.403653e+02  1.314154e+02  5.980000e+00
     vertex  1.403653e+02  1.314154e+02  7.980000e+00
   endloop
 endfacet
 facet normal  9.462851e-01 -3.233333e-01  0.000000e+00
   outer loop
     vertex  1.403339e+02  1.313275e+02  7.980000e+00
     vertex  1.403339e+02  1.313275e+02  5.980000e+00
     vertex  1.403490e+02  1.313717e+02  5.980000e+00
   endloop
 endfacet
 facet normal  9.547993e-01 -2.972512e-01  0.000000e+00
   outer loop
     vertex  1.403339e+02  1.313275e+02  7.980000e+00
     vertex  1.403201e+02  1.312830e+02  5.980000e+00
     vertex  1.403339e+02  1.313275e+02  5.980000e+00
   endloop
 endfacet
 facet normal  9.462851e-01 -3.233333e-01  0.000000e+00
   outer loop
     vertex  1.403339e+02  1.313275e+02  7.980000e+00
     vertex  1.403490e+02  1.313717e+02  5.980000e+00
     vertex  1.403490e+02  1.313717e+02  7.980000e+00
   endloop
 endfacet
 facet normal  9.547993e-01 -2.972512e-01  0.000000e+00
   outer loop
     vertex  1.403201e+02  1.312830e+02  7.980000e+00
     vertex  1.403201e+02  1.312830e+02  5.980000e+00
     vertex  1.403339e+02  1.313275e+02  7.980000e+00
   endloop
 endfacet
 facet normal  9.625948e-01 -2.709453e-01  0.000000e+00
   outer loop
     vertex  1.403074e+02  1.312381e+02  7.980000e+00
     vertex  1.403074e+02  1.312381e+02  5.980000e+00
     vertex  1.403201e+02  1.312830e+02  5.980000e+00
   endloop
 endfacet
 facet normal  9.625948e-01 -2.709453e-01  0.000000e+00
   outer loop
     vertex  1.403074e+02  1.312381e+02  7.980000e+00
     vertex  1.403201e+02  1.312830e+02  5.980000e+00
     vertex  1.403201e+02  1.312830e+02  7.980000e+00
   endloop
 endfacet
 facet normal  9.696656e-01 -2.444354e-01  0.000000e+00
   outer loop
     vertex  1.402960e+02  1.311929e+02  7.980000e+00
     vertex  1.402960e+02  1.311929e+02  5.980000e+00
     vertex  1.403074e+02  1.312381e+02  5.980000e+00
   endloop
 endfacet
 facet normal  9.760065e-01 -2.177416e-01  0.000000e+00
   outer loop
     vertex  1.402960e+02  1.311929e+02  7.980000e+00
     vertex  1.402859e+02  1.311474e+02  5.980000e+00
     vertex  1.402960e+02  1.311929e+02  5.980000e+00
   endloop
 endfacet
 facet normal  9.696656e-01 -2.444354e-01  0.000000e+00
   outer loop
     vertex  1.402960e+02  1.311929e+02  7.980000e+00
     vertex  1.403074e+02  1.312381e+02  5.980000e+00
     vertex  1.403074e+02  1.312381e+02  7.980000e+00
   endloop
 endfacet
 facet normal  9.816126e-01 -1.908838e-01  0.000000e+00
   outer loop
     vertex  1.402859e+02  1.311474e+02  7.980000e+00
     vertex  1.402770e+02  1.311016e+02  5.980000e+00
     vertex  1.402859e+02  1.311474e+02  5.980000e+00
   endloop
 endfacet
 facet normal  9.760065e-01 -2.177416e-01  0.000000e+00
   outer loop
     vertex  1.402859e+02  1.311474e+02  7.980000e+00
     vertex  1.402859e+02  1.311474e+02  5.980000e+00
     vertex  1.402960e+02  1.311929e+02  7.980000e+00
   endloop
 endfacet
 facet normal  9.864799e-01 -1.638824e-01  0.000000e+00
   outer loop
     vertex  1.402770e+02  1.311016e+02  7.980000e+00
     vertex  1.402693e+02  1.310556e+02  5.980000e+00
     vertex  1.402770e+02  1.311016e+02  5.980000e+00
   endloop
 endfacet
 facet normal  9.816126e-01 -1.908838e-01  0.000000e+00
   outer loop
     vertex  1.402770e+02  1.311016e+02  7.980000e+00
     vertex  1.402770e+02  1.311016e+02  5.980000e+00
     vertex  1.402859e+02  1.311474e+02  7.980000e+00
   endloop
 endfacet
 facet normal  9.906046e-01 -1.367575e-01  0.000000e+00
   outer loop
     vertex  1.402693e+02  1.310556e+02  7.980000e+00
     vertex  1.402629e+02  1.310094e+02  5.980000e+00
     vertex  1.402693e+02  1.310556e+02  5.980000e+00
   endloop
 endfacet
 facet normal  9.864799e-01 -1.638824e-01  0.000000e+00
   outer loop
     vertex  1.402693e+02  1.310556e+02  7.980000e+00
     vertex  1.402693e+02  1.310556e+02  5.980000e+00
     vertex  1.402770e+02  1.311016e+02  7.980000e+00
   endloop
 endfacet
 facet normal  9.906046e-01 -1.367575e-01  0.000000e+00
   outer loop
     vertex  1.402629e+02  1.310094e+02  7.980000e+00
     vertex  1.402629e+02  1.310094e+02  5.980000e+00
     vertex  1.402693e+02  1.310556e+02  7.980000e+00
   endloop
 endfacet
 facet normal  9.939835e-01 -1.095298e-01  0.000000e+00
   outer loop
     vertex  1.402578e+02  1.309630e+02  7.980000e+00
     vertex  1.402629e+02  1.310094e+02  5.980000e+00
     vertex  1.402629e+02  1.310094e+02  7.980000e+00
   endloop
 endfacet
 facet normal  9.939835e-01 -1.095298e-01  0.000000e+00
   outer loop
     vertex  1.402578e+02  1.309630e+02  7.980000e+00
     vertex  1.402578e+02  1.309630e+02  5.980000e+00
     vertex  1.402629e+02  1.310094e+02  5.980000e+00
   endloop
 endfacet
 facet normal  9.966142e-01 -8.221955e-02  0.000000e+00
   outer loop
     vertex  1.402540e+02  1.309165e+02  7.980000e+00
     vertex  1.402578e+02  1.309630e+02  5.980000e+00
     vertex  1.402578e+02  1.309630e+02  7.980000e+00
   endloop
 endfacet
 facet normal  9.966142e-01 -8.221955e-02  0.000000e+00
   outer loop
     vertex  1.402540e+02  1.309165e+02  7.980000e+00
     vertex  1.402540e+02  1.309165e+02  5.980000e+00
     vertex  1.402578e+02  1.309630e+02  5.980000e+00
   endloop
 endfacet
 facet normal  9.984947e-01 -5.484744e-02  0.000000e+00
   outer loop
     vertex  1.402540e+02  1.309165e+02  7.980000e+00
     vertex  1.402514e+02  1.308699e+02  5.980000e+00
     vertex  1.402540e+02  1.309165e+02  5.980000e+00
   endloop
 endfacet
 facet normal  9.984947e-01 -5.484744e-02  0.000000e+00
   outer loop
     vertex  1.402514e+02  1.308699e+02  7.980000e+00
     vertex  1.402514e+02  1.308699e+02  5.980000e+00
     vertex  1.402540e+02  1.309165e+02  7.980000e+00
   endloop
 endfacet
 facet normal  9.996236e-01 -2.743405e-02  0.000000e+00
   outer loop
     vertex  1.402502e+02  1.308233e+02  7.980000e+00
     vertex  1.402514e+02  1.308699e+02  5.980000e+00
     vertex  1.402514e+02  1.308699e+02  7.980000e+00
   endloop
 endfacet
 facet normal  9.996236e-01 -2.743405e-02  0.000000e+00
   outer loop
     vertex  1.402502e+02  1.308233e+02  7.980000e+00
     vertex  1.402502e+02  1.308233e+02  5.980000e+00
     vertex  1.402514e+02  1.308699e+02  5.980000e+00
   endloop
 endfacet
 facet normal  1.000000e+00  0.000000e+00  0.000000e+00
   outer loop
     vertex  1.402502e+02  1.308233e+02  7.980000e+00
     vertex  1.402502e+02  1.307767e+02  5.980000e+00
     vertex  1.402502e+02  1.308233e+02  5.980000e+00
   endloop
 endfacet
 facet normal  1.000000e+00 -0.000000e+00  0.000000e+00
   outer loop
     vertex  1.402502e+02  1.307767e+02  7.980000e+00
     vertex  1.402502e+02  1.307767e+02  5.980000e+00
     vertex  1.402502e+02  1.308233e+02  7.980000e+00
   endloop
 endfacet
 facet normal  9.996236e-01  2.743405e-02  0.000000e+00
   outer loop
     vertex  1.402514e+02  1.307301e+02  7.980000e+00
     vertex  1.402502e+02  1.307767e+02  5.980000e+00
     vertex  1.402502e+02  1.307767e+02  7.980000e+00
   endloop
 endfacet
 facet normal  9.996236e-01  2.743405e-02  0.000000e+00
   outer loop
     vertex  1.402514e+02  1.307301e+02  7.980000e+00
     vertex  1.402514e+02  1.307301e+02  5.980000e+00
     vertex  1.402502e+02  1.307767e+02  5.980000e+00
   endloop
 endfacet
 facet normal  9.984947e-01  5.484744e-02  0.000000e+00
   outer loop
     vertex  1.402514e+02  1.307301e+02  7.980000e+00
     vertex  1.402540e+02  1.306835e+02  5.980000e+00
     vertex  1.402514e+02  1.307301e+02  5.980000e+00
   endloop
 endfacet
 facet normal  9.984947e-01  5.484744e-02  0.000000e+00
   outer loop
     vertex  1.402540e+02  1.306835e+02  7.980000e+00
     vertex  1.402540e+02  1.306835e+02  5.980000e+00
     vertex  1.402514e+02  1.307301e+02  7.980000e+00
   endloop
 endfacet
 facet normal  9.966142e-01  8.221955e-02  0.000000e+00
   outer loop
     vertex  1.402578e+02  1.306370e+02  7.980000e+00
     vertex  1.402540e+02  1.306835e+02  5.980000e+00
     vertex  1.402540e+02  1.306835e+02  7.980000e+00
   endloop
 endfacet
 facet normal  9.966142e-01  8.221955e-02  0.000000e+00
   outer loop
     vertex  1.402578e+02  1.306370e+02  7.980000e+00
     vertex  1.402578e+02  1.306370e+02  5.980000e+00
     vertex  1.402540e+02  1.306835e+02  5.980000e+00
   endloop
 endfacet
 facet normal  9.939835e-01  1.095298e-01  0.000000e+00
   outer loop
     vertex  1.402578e+02  1.306370e+02  7.980000e+00
     vertex  1.402629e+02  1.305906e+02  5.980000e+00
     vertex  1.402578e+02  1.306370e+02  5.980000e+00
   endloop
 endfacet
 facet normal  9.939835e-01  1.095298e-01  0.000000e+00
   outer loop
     vertex  1.402629e+02  1.305906e+02  7.980000e+00
     vertex  1.402629e+02  1.305906e+02  5.980000e+00
     vertex  1.402578e+02  1.306370e+02  7.980000e+00
   endloop
 endfacet
 facet normal  9.906046e-01  1.367575e-01  0.000000e+00
   outer loop
     vertex  1.402693e+02  1.305444e+02  7.980000e+00
     vertex  1.402629e+02  1.305906e+02  5.980000e+00
     vertex  1.402629e+02  1.305906e+02  7.980000e+00
   endloop
 endfacet
 facet normal  9.906046e-01  1.367575e-01  0.000000e+00
   outer loop
     vertex  1.402693e+02  1.305444e+02  7.980000e+00
     vertex  1.402693e+02  1.305444e+02  5.980000e+00
     vertex  1.402629e+02  1.305906e+02  5.980000e+00
   endloop
 endfacet
 facet normal  9.864799e-01  1.638824e-01  0.000000e+00
   outer loop
     vertex  1.402770e+02  1.304984e+02  7.980000e+00
     vertex  1.402693e+02  1.305444e+02  5.980000e+00
     vertex  1.402693e+02  1.305444e+02  7.980000e+00
   endloop
 endfacet
 facet normal  9.864799e-01  1.638824e-01  0.000000e+00
   outer loop
     vertex  1.402770e+02  1.304984e+02  7.980000e+00
     vertex  1.402770e+02  1.304984e+02  5.980000e+00
     vertex  1.402693e+02  1.305444e+02  5.980000e+00
   endloop
 endfacet
 facet normal  9.816126e-01  1.908838e-01  0.000000e+00
   outer loop
     vertex  1.402770e+02  1.304984e+02  7.980000e+00
     vertex  1.402859e+02  1.304526e+02  5.980000e+00
     vertex  1.402770e+02  1.304984e+02  5.980000e+00
   endloop
 endfacet
 facet normal  9.816126e-01  1.908838e-01  0.000000e+00
   outer loop
     vertex  1.402859e+02  1.304526e+02  7.980000e+00
     vertex  1.402859e+02  1.304526e+02  5.980000e+00
     vertex  1.402770e+02  1.304984e+02  7.980000e+00
   endloop
 endfacet
 facet normal  9.760065e-01  2.177416e-01  0.000000e+00
   outer loop
     vertex  1.402960e+02  1.304071e+02  7.980000e+00
     vertex  1.402859e+02  1.304526e+02  5.980000e+00
     vertex  1.402859e+02  1.304526e+02  7.980000e+00
   endloop
 endfacet
 facet normal  9.760065e-01  2.177416e-01  0.000000e+00
   outer loop
     vertex  1.402960e+02  1.304071e+02  7.980000e+00
     vertex  1.402960e+02  1.304071e+02  5.980000e+00
     vertex  1.402859e+02  1.304526e+02  5.980000e+00
   endloop
 endfacet
 facet normal  9.696656e-01  2.444354e-01  0.000000e+00
   outer loop
     vertex  1.403074e+02  1.303619e+02  7.980000e+00
     vertex  1.403074e+02  1.303619e+02  5.980000e+00
     vertex  1.402960e+02  1.304071e+02  5.980000e+00
   endloop
 endfacet
 facet normal  9.696656e-01  2.444354e-01  0.000000e+00
   outer loop
     vertex  1.403074e+02  1.303619e+02  7.980000e+00
     vertex  1.402960e+02  1.304071e+02  5.980000e+00
     vertex  1.402960e+02  1.304071e+02  7.980000e+00
   endloop
 endfacet
 facet normal  9.625948e-01  2.709453e-01  0.000000e+00
   outer loop
     vertex  1.403201e+02  1.303170e+02  7.980000e+00
     vertex  1.403201e+02  1.303170e+02  5.980000e+00
     vertex  1.403074e+02  1.303619e+02  5.980000e+00
   endloop
 endfacet
 facet normal  9.625948e-01  2.709453e-01  0.000000e+00
   outer loop
     vertex  1.403201e+02  1.303170e+02  7.980000e+00
     vertex  1.403074e+02  1.303619e+02  5.980000e+00
     vertex  1.403074e+02  1.303619e+02  7.980000e+00
   endloop
 endfacet
 facet normal  9.547993e-01  2.972512e-01  0.000000e+00
   outer loop
     vertex  1.403339e+02  1.302725e+02  7.980000e+00
     vertex  1.403339e+02  1.302725e+02  5.980000e+00
     vertex  1.403201e+02  1.303170e+02  5.980000e+00
   endloop
 endfacet
 facet normal  9.547993e-01  2.972512e-01  0.000000e+00
   outer loop
     vertex  1.403339e+02  1.302725e+02  7.980000e+00
     vertex  1.403201e+02  1.303170e+02  5.980000e+00
     vertex  1.403201e+02  1.303170e+02  7.980000e+00
   endloop
 endfacet
 facet normal  9.462851e-01  3.233333e-01  0.000000e+00
   outer loop
     vertex  1.403490e+02  1.302283e+02  7.980000e+00
     vertex  1.403490e+02  1.302283e+02  5.980000e+00
     vertex  1.403339e+02  1.302725e+02  5.980000e+00
   endloop
 endfacet
 facet normal  9.462851e-01  3.233333e-01  0.000000e+00
   outer loop
     vertex  1.403490e+02  1.302283e+02  7.980000e+00
     vertex  1.403339e+02  1.302725e+02  5.980000e+00
     vertex  1.403339e+02  1.302725e+02  7.980000e+00
   endloop
 endfacet
 facet normal  9.370586e-01  3.491720e-01  0.000000e+00
   outer loop
     vertex  1.403653e+02  1.301846e+02  7.980000e+00
     vertex  1.403653e+02  1.301846e+02  5.980000e+00
     vertex  1.403490e+02  1.302283e+02  5.980000e+00
   endloop
 endfacet
 facet normal  9.271267e-01  3.747479e-01  0.000000e+00
   outer loop
     vertex  1.403653e+02  1.301846e+02  7.980000e+00
     vertex  1.403828e+02  1.301414e+02  5.980000e+00
     vertex  1.403653e+02  1.301846e+02  5.980000e+00
   endloop
 endfacet
 facet normal  9.370586e-01  3.491720e-01  0.000000e+00
   outer loop
     vertex  1.403653e+02  1.301846e+02  7.980000e+00
     vertex  1.403490e+02  1.302283e+02  5.980000e+00
     vertex  1.403490e+02  1.302283e+02  7.980000e+00
   endloop
 endfacet
 facet normal  9.271267e-01  3.747479e-01  0.000000e+00
   outer loop
     vertex  1.403828e+02  1.301414e+02  7.980000e+00
     vertex  1.403828e+02  1.301414e+02  5.980000e+00
     vertex  1.403653e+02  1.301846e+02  7.980000e+00
   endloop
 endfacet
 facet normal  9.164969e-01  4.000417e-01  0.000000e+00
   outer loop
     vertex  1.404014e+02  1.300986e+02  7.980000e+00
     vertex  1.404014e+02  1.300986e+02  5.980000e+00
     vertex  1.403828e+02  1.301414e+02  5.980000e+00
   endloop
 endfacet
 facet normal  9.164969e-01  4.000417e-01  0.000000e+00
   outer loop
     vertex  1.404014e+02  1.300986e+02  7.980000e+00
     vertex  1.403828e+02  1.301414e+02  5.980000e+00
     vertex  1.403828e+02  1.301414e+02  7.980000e+00
   endloop
 endfacet
 facet normal  9.051772e-01  4.250344e-01  0.000000e+00
   outer loop
     vertex  1.404213e+02  1.300564e+02  7.980000e+00
     vertex  1.404213e+02  1.300564e+02  5.980000e+00
     vertex  1.404014e+02  1.300986e+02  5.980000e+00
   endloop
 endfacet
 facet normal  9.051772e-01  4.250344e-01  0.000000e+00
   outer loop
     vertex  1.404213e+02  1.300564e+02  7.980000e+00
     vertex  1.404014e+02  1.300986e+02  5.980000e+00
     vertex  1.404014e+02  1.300986e+02  7.980000e+00
   endloop
 endfacet
 facet normal  8.931761e-01  4.497071e-01  0.000000e+00
   outer loop
     vertex  1.404422e+02  1.300147e+02  7.980000e+00
     vertex  1.404422e+02  1.300147e+02  5.980000e+00
     vertex  1.404213e+02  1.300564e+02  5.980000e+00
   endloop
 endfacet
 facet normal  8.931761e-01  4.497071e-01  0.000000e+00
   outer loop
     vertex  1.404422e+02  1.300147e+02  7.980000e+00
     vertex  1.404213e+02  1.300564e+02  5.980000e+00
     vertex  1.404213e+02  1.300564e+02  7.980000e+00
   endloop
 endfacet
 facet normal  8.805026e-01  4.740412e-01  0.000000e+00
   outer loop
     vertex  1.404643e+02  1.299737e+02  7.980000e+00
     vertex  1.404643e+02  1.299737e+02  5.980000e+00
     vertex  1.404422e+02  1.300147e+02  5.980000e+00
   endloop
 endfacet
 facet normal  8.671664e-01  4.980186e-01  0.000000e+00
   outer loop
     vertex  1.404643e+02  1.299737e+02  7.980000e+00
     vertex  1.404876e+02  1.299332e+02  5.980000e+00
     vertex  1.404643e+02  1.299737e+02  5.980000e+00
   endloop
 endfacet
 facet normal  8.805026e-01  4.740412e-01  0.000000e+00
   outer loop
     vertex  1.404643e+02  1.299737e+02  7.980000e+00
     vertex  1.404422e+02  1.300147e+02  5.980000e+00
     vertex  1.404422e+02  1.300147e+02  7.980000e+00
   endloop
 endfacet
 facet normal  8.531773e-01  5.216210e-01  0.000000e+00
   outer loop
     vertex  1.404876e+02  1.299332e+02  7.980000e+00
     vertex  1.405119e+02  1.298934e+02  5.980000e+00
     vertex  1.404876e+02  1.299332e+02  5.980000e+00
   endloop
 endfacet
 facet normal  8.671664e-01  4.980186e-01  0.000000e+00
   outer loop
     vertex  1.404876e+02  1.299332e+02  7.980000e+00
     vertex  1.404876e+02  1.299332e+02  5.980000e+00
     vertex  1.404643e+02  1.299737e+02  7.980000e+00
   endloop
 endfacet
 facet normal  8.531773e-01  5.216210e-01  0.000000e+00
   outer loop
     vertex  1.405119e+02  1.298934e+02  7.980000e+00
     vertex  1.405119e+02  1.298934e+02  5.980000e+00
     vertex  1.404876e+02  1.299332e+02  7.980000e+00
   endloop
 endfacet
 facet normal  8.385460e-01  5.448308e-01  0.000000e+00
   outer loop
     vertex  1.405373e+02  1.298543e+02  7.980000e+00
     vertex  1.405119e+02  1.298934e+02  5.980000e+00
     vertex  1.405119e+02  1.298934e+02  7.980000e+00
   endloop
 endfacet
 facet normal  8.385460e-01  5.448308e-01  0.000000e+00
   outer loop
     vertex  1.405373e+02  1.298543e+02  7.980000e+00
     vertex  1.405373e+02  1.298543e+02  5.980000e+00
     vertex  1.405119e+02  1.298934e+02  5.980000e+00
   endloop
 endfacet
 facet normal  8.232835e-01  5.676304e-01  0.000000e+00
   outer loop
     vertex  1.405373e+02  1.298543e+02  7.980000e+00
     vertex  1.405638e+02  1.298159e+02  5.980000e+00
     vertex  1.405373e+02  1.298543e+02  5.980000e+00
   endloop
 endfacet
 facet normal  8.232835e-01  5.676304e-01  0.000000e+00
   outer loop
     vertex  1.405638e+02  1.298159e+02  7.980000e+00
     vertex  1.405638e+02  1.298159e+02  5.980000e+00
     vertex  1.405373e+02  1.298543e+02  7.980000e+00
   endloop
 endfacet
 facet normal  8.074012e-01  5.900028e-01  0.000000e+00
   outer loop
     vertex  1.405913e+02  1.297783e+02  7.980000e+00
     vertex  1.405638e+02  1.298159e+02  5.980000e+00
     vertex  1.405638e+02  1.298159e+02  7.980000e+00
   endloop
 endfacet
 facet normal  8.074012e-01  5.900028e-01  0.000000e+00
   outer loop
     vertex  1.405913e+02  1.297783e+02  7.980000e+00
     vertex  1.405913e+02  1.297783e+02  5.980000e+00
     vertex  1.405638e+02  1.298159e+02  5.980000e+00
   endloop
 endfacet
 facet normal  7.909112e-01  6.119310e-01  0.000000e+00
   outer loop
     vertex  1.405913e+02  1.297783e+02  7.980000e+00
     vertex  1.406198e+02  1.297414e+02  5.980000e+00
     vertex  1.405913e+02  1.297783e+02  5.980000e+00
   endloop
 endfacet
 facet normal  7.909112e-01  6.119310e-01  0.000000e+00
   outer loop
     vertex  1.406198e+02  1.297414e+02  7.980000e+00
     vertex  1.406198e+02  1.297414e+02  5.980000e+00
     vertex  1.405913e+02  1.297783e+02  7.980000e+00
   endloop
 endfacet
 facet normal  7.738257e-01  6.333986e-01  0.000000e+00
   outer loop
     vertex  1.406494e+02  1.297053e+02  7.980000e+00
     vertex  1.406198e+02  1.297414e+02  5.980000e+00
     vertex  1.406198e+02  1.297414e+02  7.980000e+00
   endloop
 endfacet
 facet normal  7.738257e-01  6.333986e-01  0.000000e+00
   outer loop
     vertex  1.406494e+02  1.297053e+02  7.980000e+00
     vertex  1.406494e+02  1.297053e+02  5.980000e+00
     vertex  1.406198e+02  1.297414e+02  5.980000e+00
   endloop
 endfacet
 facet normal  7.561578e-01  6.543893e-01  0.000000e+00
   outer loop
     vertex  1.406494e+02  1.297053e+02  7.980000e+00
     vertex  1.406799e+02  1.296700e+02  5.980000e+00
     vertex  1.406494e+02  1.297053e+02  5.980000e+00
   endloop
 endfacet
 facet normal  7.561578e-01  6.543893e-01  0.000000e+00
   outer loop
     vertex  1.406799e+02  1.296700e+02  7.980000e+00
     vertex  1.406799e+02  1.296700e+02  5.980000e+00
     vertex  1.406494e+02  1.297053e+02  7.980000e+00
   endloop
 endfacet
 facet normal  7.379206e-01  6.748875e-01  0.000000e+00
   outer loop
     vertex  1.407114e+02  1.296356e+02  7.980000e+00
     vertex  1.406799e+02  1.296700e+02  5.980000e+00
     vertex  1.406799e+02  1.296700e+02  7.980000e+00
   endloop
 endfacet
 facet normal  7.379206e-01  6.748875e-01  0.000000e+00
   outer loop
     vertex  1.407114e+02  1.296356e+02  7.980000e+00
     vertex  1.407114e+02  1.296356e+02  5.980000e+00
     vertex  1.406799e+02  1.296700e+02  5.980000e+00
   endloop
 endfacet
 facet normal  7.191280e-01  6.948776e-01  0.000000e+00
   outer loop
     vertex  1.407438e+02  1.296020e+02  7.980000e+00
     vertex  1.407114e+02  1.296356e+02  5.980000e+00
     vertex  1.407114e+02  1.296356e+02  7.980000e+00
   endloop
 endfacet
 facet normal  7.191280e-01  6.948776e-01  0.000000e+00
   outer loop
     vertex  1.407438e+02  1.296020e+02  7.980000e+00
     vertex  1.407438e+02  1.296020e+02  5.980000e+00
     vertex  1.407114e+02  1.296356e+02  5.980000e+00
   endloop
 endfacet
 facet normal  6.997940e-01  7.143447e-01  0.000000e+00
   outer loop
     vertex  1.407771e+02  1.295694e+02  7.980000e+00
     vertex  1.407438e+02  1.296020e+02  5.980000e+00
     vertex  1.407438e+02  1.296020e+02  7.980000e+00
   endloop
 endfacet
 facet normal  6.997940e-01  7.143447e-01  0.000000e+00
   outer loop
     vertex  1.407771e+02  1.295694e+02  7.980000e+00
     vertex  1.407771e+02  1.295694e+02  5.980000e+00
     vertex  1.407438e+02  1.296020e+02  5.980000e+00
   endloop
 endfacet
 facet normal  6.799333e-01  7.332740e-01  0.000000e+00
   outer loop
     vertex  1.408113e+02  1.295377e+02  7.980000e+00
     vertex  1.407771e+02  1.295694e+02  5.980000e+00
     vertex  1.407771e+02  1.295694e+02  7.980000e+00
   endloop
 endfacet
 facet normal  6.799333e-01  7.332740e-01  0.000000e+00
   outer loop
     vertex  1.408113e+02  1.295377e+02  7.980000e+00
     vertex  1.408113e+02  1.295377e+02  5.980000e+00
     vertex  1.407771e+02  1.295694e+02  5.980000e+00
   endloop
 endfacet
 facet normal  6.595607e-01  7.516513e-01  0.000000e+00
   outer loop
     vertex  1.408113e+02  1.295377e+02  7.980000e+00
     vertex  1.408464e+02  1.295069e+02  5.980000e+00
     vertex  1.408113e+02  1.295377e+02  5.980000e+00
   endloop
 endfacet
 facet normal  6.595607e-01  7.516513e-01  0.000000e+00
   outer loop
     vertex  1.408464e+02  1.295069e+02  7.980000e+00
     vertex  1.408464e+02  1.295069e+02  5.980000e+00
     vertex  1.408113e+02  1.295377e+02  7.980000e+00
   endloop
 endfacet
 facet normal  6.386916e-01  7.694628e-01  0.000000e+00
   outer loop
     vertex  1.408823e+02  1.294771e+02  7.980000e+00
     vertex  1.408464e+02  1.295069e+02  5.980000e+00
     vertex  1.408464e+02  1.295069e+02  7.980000e+00
   endloop
 endfacet
 facet normal  6.386916e-01  7.694628e-01  0.000000e+00
   outer loop
     vertex  1.408823e+02  1.294771e+02  7.980000e+00
     vertex  1.408823e+02  1.294771e+02  5.980000e+00
     vertex  1.408464e+02  1.295069e+02  5.980000e+00
   endloop
 endfacet
 facet normal  6.173417e-01  7.866951e-01  0.000000e+00
   outer loop
     vertex  1.408823e+02  1.294771e+02  7.980000e+00
     vertex  1.409190e+02  1.294483e+02  5.980000e+00
     vertex  1.408823e+02  1.294771e+02  5.980000e+00
   endloop
 endfacet
 facet normal  6.173417e-01  7.866951e-01  0.000000e+00
   outer loop
     vertex  1.409190e+02  1.294483e+02  7.980000e+00
     vertex  1.409190e+02  1.294483e+02  5.980000e+00
     vertex  1.408823e+02  1.294771e+02  7.980000e+00
   endloop
 endfacet
 facet normal  5.955271e-01  8.033352e-01  0.000000e+00
   outer loop
     vertex  1.409564e+02  1.294206e+02  7.980000e+00
     vertex  1.409190e+02  1.294483e+02  5.980000e+00
     vertex  1.409190e+02  1.294483e+02  7.980000e+00
   endloop
 endfacet
 facet normal  5.955271e-01  8.033352e-01  0.000000e+00
   outer loop
     vertex  1.409564e+02  1.294206e+02  7.980000e+00
     vertex  1.409564e+02  1.294206e+02  5.980000e+00
     vertex  1.409190e+02  1.294483e+02  5.980000e+00
   endloop
 endfacet
 facet normal  5.732642e-01  8.193706e-01  0.000000e+00
   outer loop
     vertex  1.409947e+02  1.293938e+02  7.980000e+00
     vertex  1.409564e+02  1.294206e+02  5.980000e+00
     vertex  1.409564e+02  1.294206e+02  7.980000e+00
   endloop
 endfacet
 facet normal  5.732642e-01  8.193706e-01  0.000000e+00
   outer loop
     vertex  1.409947e+02  1.293938e+02  7.980000e+00
     vertex  1.409947e+02  1.293938e+02  5.980000e+00
     vertex  1.409564e+02  1.294206e+02  5.980000e+00
   endloop
 endfacet
 facet normal  5.505698e-01  8.347891e-01  0.000000e+00
   outer loop
     vertex  1.410336e+02  1.293682e+02  7.980000e+00
     vertex  1.409947e+02  1.293938e+02  5.980000e+00
     vertex  1.409947e+02  1.293938e+02  7.980000e+00
   endloop
 endfacet
 facet normal  5.505698e-01  8.347891e-01  0.000000e+00
   outer loop
     vertex  1.410336e+02  1.293682e+02  7.980000e+00
     vertex  1.410336e+02  1.293682e+02  5.980000e+00
     vertex  1.409947e+02  1.293938e+02  5.980000e+00
   endloop
 endfacet
 facet normal  5.274609e-01  8.495793e-01  0.000000e+00
   outer loop
     vertex  1.410336e+02  1.293682e+02  7.980000e+00
     vertex  1.410732e+02  1.293436e+02  5.980000e+00
     vertex  1.410336e+02  1.293682e+02  5.980000e+00
   endloop
 endfacet
 facet normal  5.274609e-01  8.495793e-01  0.000000e+00
   outer loop
     vertex  1.410732e+02  1.293436e+02  7.980000e+00
     vertex  1.410732e+02  1.293436e+02  5.980000e+00
     vertex  1.410336e+02  1.293682e+02  7.980000e+00
   endloop
 endfacet
 facet normal  5.039550e-01  8.637299e-01  0.000000e+00
   outer loop
     vertex  1.411135e+02  1.293200e+02  7.980000e+00
     vertex  1.410732e+02  1.293436e+02  5.980000e+00
     vertex  1.410732e+02  1.293436e+02  7.980000e+00
   endloop
 endfacet
 facet normal  5.039550e-01  8.637299e-01  0.000000e+00
   outer loop
     vertex  1.411135e+02  1.293200e+02  7.980000e+00
     vertex  1.411135e+02  1.293200e+02  5.980000e+00
     vertex  1.410732e+02  1.293436e+02  5.980000e+00
   endloop
 endfacet
 facet normal  4.800697e-01  8.772303e-01  0.000000e+00
   outer loop
     vertex  1.411135e+02  1.293200e+02  7.980000e+00
     vertex  1.411544e+02  1.292977e+02  5.980000e+00
     vertex  1.411135e+02  1.293200e+02  5.980000e+00
   endloop
 endfacet
 facet normal  4.800697e-01  8.772303e-01  0.000000e+00
   outer loop
     vertex  1.411544e+02  1.292977e+02  7.980000e+00
     vertex  1.411544e+02  1.292977e+02  5.980000e+00
     vertex  1.411135e+02  1.293200e+02  7.980000e+00
   endloop
 endfacet
 facet normal  4.558231e-01  8.900704e-01  0.000000e+00
   outer loop
     vertex  1.411959e+02  1.292764e+02  7.980000e+00
     vertex  1.411544e+02  1.292977e+02  5.980000e+00
     vertex  1.411544e+02  1.292977e+02  7.980000e+00
   endloop
 endfacet
 facet normal  4.558231e-01  8.900704e-01  0.000000e+00
   outer loop
     vertex  1.411959e+02  1.292764e+02  7.980000e+00
     vertex  1.411959e+02  1.292764e+02  5.980000e+00
     vertex  1.411544e+02  1.292977e+02  5.980000e+00
   endloop
 endfacet
 facet normal  4.312333e-01  9.022405e-01  0.000000e+00
   outer loop
     vertex  1.412380e+02  1.292563e+02  7.980000e+00
     vertex  1.411959e+02  1.292764e+02  5.980000e+00
     vertex  1.411959e+02  1.292764e+02  7.980000e+00
   endloop
 endfacet
 facet normal  4.312333e-01  9.022405e-01  0.000000e+00
   outer loop
     vertex  1.412380e+02  1.292563e+02  7.980000e+00
     vertex  1.412380e+02  1.292563e+02  5.980000e+00
     vertex  1.411959e+02  1.292764e+02  5.980000e+00
   endloop
 endfacet
 facet normal  4.063188e-01  9.137314e-01  0.000000e+00
   outer loop
     vertex  1.412380e+02  1.292563e+02  7.980000e+00
     vertex  1.412806e+02  1.292373e+02  5.980000e+00
     vertex  1.412380e+02  1.292563e+02  5.980000e+00
   endloop
 endfacet
 facet normal  4.063188e-01  9.137314e-01  0.000000e+00
   outer loop
     vertex  1.412806e+02  1.292373e+02  7.980000e+00
     vertex  1.412806e+02  1.292373e+02  5.980000e+00
     vertex  1.412380e+02  1.292563e+02  7.980000e+00
   endloop
 endfacet
 facet normal  3.810986e-01  9.245344e-01  0.000000e+00
   outer loop
     vertex  1.413238e+02  1.292196e+02  7.980000e+00
     vertex  1.413238e+02  1.292196e+02  5.980000e+00
     vertex  1.412806e+02  1.292373e+02  5.980000e+00
   endloop
 endfacet
 facet normal  3.810986e-01  9.245344e-01  0.000000e+00
   outer loop
     vertex  1.413238e+02  1.292196e+02  7.980000e+00
     vertex  1.412806e+02  1.292373e+02  5.980000e+00
     vertex  1.412806e+02  1.292373e+02  7.980000e+00
   endloop
 endfacet
 facet normal  3.555914e-01  9.346415e-01  0.000000e+00
   outer loop
     vertex  1.413673e+02  1.292030e+02  7.980000e+00
     vertex  1.413673e+02  1.292030e+02  5.980000e+00
     vertex  1.413238e+02  1.292196e+02  5.980000e+00
   endloop
 endfacet
 facet normal  3.555914e-01  9.346415e-01  0.000000e+00
   outer loop
     vertex  1.413673e+02  1.292030e+02  7.980000e+00
     vertex  1.413238e+02  1.292196e+02  5.980000e+00
     vertex  1.413238e+02  1.292196e+02  7.980000e+00
   endloop
 endfacet
 facet normal  3.298166e-01  9.440450e-01  0.000000e+00
   outer loop
     vertex  1.414114e+02  1.291876e+02  7.980000e+00
     vertex  1.414114e+02  1.291876e+02  5.980000e+00
     vertex  1.413673e+02  1.292030e+02  5.980000e+00
   endloop
 endfacet
 facet normal  3.298166e-01  9.440450e-01  0.000000e+00
   outer loop
     vertex  1.414114e+02  1.291876e+02  7.980000e+00
     vertex  1.413673e+02  1.292030e+02  5.980000e+00
     vertex  1.413673e+02  1.292030e+02  7.980000e+00
   endloop
 endfacet
 facet normal  3.037934e-01  9.527379e-01  0.000000e+00
   outer loop
     vertex  1.414558e+02  1.291734e+02  7.980000e+00
     vertex  1.414558e+02  1.291734e+02  5.980000e+00
     vertex  1.414114e+02  1.291876e+02  5.980000e+00
   endloop
 endfacet
 facet normal  2.775416e-01  9.607136e-01  0.000000e+00
   outer loop
     vertex  1.414558e+02  1.291734e+02  7.980000e+00
     vertex  1.415006e+02  1.291605e+02  5.980000e+00
     vertex  1.414558e+02  1.291734e+02  5.980000e+00
   endloop
 endfacet
 facet normal  3.037934e-01  9.527379e-01  0.000000e+00
   outer loop
     vertex  1.414558e+02  1.291734e+02  7.980000e+00
     vertex  1.414114e+02  1.291876e+02  5.980000e+00
     vertex  1.414114e+02  1.291876e+02  7.980000e+00
   endloop
 endfacet
 facet normal  2.775416e-01  9.607136e-01  0.000000e+00
   outer loop
     vertex  1.415006e+02  1.291605e+02  7.980000e+00
     vertex  1.415006e+02  1.291605e+02  5.980000e+00
     vertex  1.414558e+02  1.291734e+02  7.980000e+00
   endloop
 endfacet
 facet normal  2.510809e-01  9.679661e-01  0.000000e+00
   outer loop
     vertex  1.415458e+02  1.291488e+02  7.980000e+00
     vertex  1.415006e+02  1.291605e+02  5.980000e+00
     vertex  1.415006e+02  1.291605e+02  7.980000e+00
   endloop
 endfacet
 facet normal  2.510809e-01  9.679661e-01  0.000000e+00
   outer loop
     vertex  1.415458e+02  1.291488e+02  7.980000e+00
     vertex  1.415458e+02  1.291488e+02  5.980000e+00
     vertex  1.415006e+02  1.291605e+02  5.980000e+00
   endloop
 endfacet
 facet normal  2.244312e-01  9.744899e-01  0.000000e+00
   outer loop
     vertex  1.415458e+02  1.291488e+02  7.980000e+00
     vertex  1.415912e+02  1.291383e+02  5.980000e+00
     vertex  1.415458e+02  1.291488e+02  5.980000e+00
   endloop
 endfacet
 facet normal  2.244312e-01  9.744899e-01  0.000000e+00
   outer loop
     vertex  1.415912e+02  1.291383e+02  7.980000e+00
     vertex  1.415912e+02  1.291383e+02  5.980000e+00
     vertex  1.415458e+02  1.291488e+02  7.980000e+00
   endloop
 endfacet
 facet normal  1.976125e-01  9.802802e-01  0.000000e+00
   outer loop
     vertex  1.416370e+02  1.291291e+02  7.980000e+00
     vertex  1.415912e+02  1.291383e+02  5.980000e+00
     vertex  1.415912e+02  1.291383e+02  7.980000e+00
   endloop
 endfacet
 facet normal  1.976125e-01  9.802802e-01  0.000000e+00
   outer loop
     vertex  1.416370e+02  1.291291e+02  7.980000e+00
     vertex  1.416370e+02  1.291291e+02  5.980000e+00
     vertex  1.415912e+02  1.291383e+02  5.980000e+00
   endloop
 endfacet
 facet normal  1.706451e-01  9.853326e-01  0.000000e+00
   outer loop
     vertex  1.416829e+02  1.291211e+02  7.980000e+00
     vertex  1.416370e+02  1.291291e+02  5.980000e+00
     vertex  1.416370e+02  1.291291e+02  7.980000e+00
   endloop
 endfacet
 facet normal  1.706451e-01  9.853326e-01  0.000000e+00
   outer loop
     vertex  1.416829e+02  1.291211e+02  7.980000e+00
     vertex  1.416829e+02  1.291211e+02  5.980000e+00
     vertex  1.416370e+02  1.291291e+02  5.980000e+00
   endloop
 endfacet
 facet normal  1.435492e-01  9.896432e-01  0.000000e+00
   outer loop
     vertex  1.416829e+02  1.291211e+02  7.980000e+00
     vertex  1.417291e+02  1.291144e+02  5.980000e+00
     vertex  1.416829e+02  1.291211e+02  5.980000e+00
   endloop
 endfacet
 facet normal  1.435492e-01  9.896432e-01  0.000000e+00
   outer loop
     vertex  1.417291e+02  1.291144e+02  7.980000e+00
     vertex  1.417291e+02  1.291144e+02  5.980000e+00
     vertex  1.416829e+02  1.291211e+02  7.980000e+00
   endloop
 endfacet
 facet normal  1.163452e-01  9.932088e-01  0.000000e+00
   outer loop
     vertex  1.417754e+02  1.291090e+02  7.980000e+00
     vertex  1.417291e+02  1.291144e+02  5.980000e+00
     vertex  1.417291e+02  1.291144e+02  7.980000e+00
   endloop
 endfacet
 facet normal  1.163452e-01  9.932088e-01  0.000000e+00
   outer loop
     vertex  1.417754e+02  1.291090e+02  7.980000e+00
     vertex  1.417754e+02  1.291090e+02  5.980000e+00
     vertex  1.417291e+02  1.291144e+02  5.980000e+00
   endloop
 endfacet
 facet normal  8.905371e-02  9.960268e-01  0.000000e+00
   outer loop
     vertex  1.418219e+02  1.291048e+02  7.980000e+00
     vertex  1.417754e+02  1.291090e+02  5.980000e+00
     vertex  1.417754e+02  1.291090e+02  7.980000e+00
   endloop
 endfacet
 facet normal  8.905371e-02  9.960268e-01  0.000000e+00
   outer loop
     vertex  1.418219e+02  1.291048e+02  7.980000e+00
     vertex  1.418219e+02  1.291048e+02  5.980000e+00
     vertex  1.417754e+02  1.291090e+02  5.980000e+00
   endloop
 endfacet
 facet normal  6.169515e-02  9.980950e-01  0.000000e+00
   outer loop
     vertex  1.418684e+02  1.291020e+02  7.980000e+00
     vertex  1.418219e+02  1.291048e+02  5.980000e+00
     vertex  1.418219e+02  1.291048e+02  7.980000e+00
   endloop
 endfacet
 facet normal  6.169515e-02  9.980950e-01  0.000000e+00
   outer loop
     vertex  1.418684e+02  1.291020e+02  7.980000e+00
     vertex  1.418684e+02  1.291020e+02  5.980000e+00
     vertex  1.418219e+02  1.291048e+02  5.980000e+00
   endloop
 endfacet
 facet normal  3.429014e-02  9.994119e-01  0.000000e+00
   outer loop
     vertex  1.419150e+02  1.291004e+02  7.980000e+00
     vertex  1.418684e+02  1.291020e+02  5.980000e+00
     vertex  1.418684e+02  1.291020e+02  7.980000e+00
   endloop
 endfacet
 facet normal  3.429014e-02  9.994119e-01  0.000000e+00
   outer loop
     vertex  1.419150e+02  1.291004e+02  7.980000e+00
     vertex  1.419150e+02  1.291004e+02  5.980000e+00
     vertex  1.418684e+02  1.291020e+02  5.980000e+00
   endloop
 endfacet
 facet normal  6.859319e-03  9.999765e-01  0.000000e+00
   outer loop
     vertex  1.419617e+02  1.291000e+02  7.980000e+00
     vertex  1.419150e+02  1.291004e+02  5.980000e+00
     vertex  1.419150e+02  1.291004e+02  7.980000e+00
   endloop
 endfacet
 facet normal  6.859319e-03  9.999765e-01  0.000000e+00
   outer loop
     vertex  1.419617e+02  1.291000e+02  7.980000e+00
     vertex  1.419617e+02  1.291000e+02  5.980000e+00
     vertex  1.419150e+02  1.291004e+02  5.980000e+00
   endloop
 endfacet
 facet normal -2.057667e-02  9.997883e-01  0.000000e+00
   outer loop
     vertex  1.420083e+02  1.291010e+02  7.980000e+00
     vertex  1.419617e+02  1.291000e+02  5.980000e+00
     vertex  1.419617e+02  1.291000e+02  7.980000e+00
   endloop
 endfacet
 facet normal -2.057667e-02  9.997883e-01  0.000000e+00
   outer loop
     vertex  1.420083e+02  1.291010e+02  7.980000e+00
     vertex  1.420083e+02  1.291010e+02  5.980000e+00
     vertex  1.419617e+02  1.291000e+02  5.980000e+00
   endloop
 endfacet
 facet normal -4.799716e-02  9.988475e-01  0.000000e+00
   outer loop
     vertex  1.420549e+02  1.291032e+02  7.980000e+00
     vertex  1.420549e+02  1.291032e+02  5.980000e+00
     vertex  1.420083e+02  1.291010e+02  5.980000e+00
   endloop
 endfacet
 facet normal -4.799716e-02  9.988475e-01  0.000000e+00
   outer loop
     vertex  1.420549e+02  1.291032e+02  7.980000e+00
     vertex  1.420083e+02  1.291010e+02  5.980000e+00
     vertex  1.420083e+02  1.291010e+02  7.980000e+00
   endloop
 endfacet
 facet normal -7.538152e-02  9.971548e-01  0.000000e+00
   outer loop
     vertex  1.421014e+02  1.291068e+02  7.980000e+00
     vertex  1.421014e+02  1.291068e+02  5.980000e+00
     vertex  1.420549e+02  1.291032e+02  5.980000e+00
   endloop
 endfacet
 facet normal -7.538152e-02  9.971548e-01  0.000000e+00
   outer loop
     vertex  1.421014e+02  1.291068e+02  7.980000e+00
     vertex  1.420549e+02  1.291032e+02  5.980000e+00
     vertex  1.420549e+02  1.291032e+02  7.980000e+00
   endloop
 endfacet
 facet normal -1.027091e-01  9.947114e-01  0.000000e+00
   outer loop
     vertex  1.421478e+02  1.291115e+02  7.980000e+00
     vertex  1.421478e+02  1.291115e+02  5.980000e+00
     vertex  1.421014e+02  1.291068e+02  5.980000e+00
   endloop
 endfacet
 facet normal -1.299594e-01  9.915193e-01  0.000000e+00
   outer loop
     vertex  1.421478e+02  1.291115e+02  7.980000e+00
     vertex  1.421940e+02  1.291176e+02  5.980000e+00
     vertex  1.421478e+02  1.291115e+02  5.980000e+00
   endloop
 endfacet
 facet normal -1.027091e-01  9.947114e-01  0.000000e+00
   outer loop
     vertex  1.421478e+02  1.291115e+02  7.980000e+00
     vertex  1.421014e+02  1.291068e+02  5.980000e+00
     vertex  1.421014e+02  1.291068e+02  7.980000e+00
   endloop
 endfacet
 facet normal -1.299594e-01  9.915193e-01  0.000000e+00
   outer loop
     vertex  1.421940e+02  1.291176e+02  7.980000e+00
     vertex  1.421940e+02  1.291176e+02  5.980000e+00
     vertex  1.421478e+02  1.291115e+02  7.980000e+00
   endloop
 endfacet
 facet normal -1.571119e-01  9.875808e-01  0.000000e+00
   outer loop
     vertex  1.422401e+02  1.291249e+02  7.980000e+00
     vertex  1.422401e+02  1.291249e+02  5.980000e+00
     vertex  1.421940e+02  1.291176e+02  5.980000e+00
   endloop
 endfacet
 facet normal -1.571119e-01  9.875808e-01  0.000000e+00
   outer loop
     vertex  1.422401e+02  1.291249e+02  7.980000e+00
     vertex  1.421940e+02  1.291176e+02  5.980000e+00
     vertex  1.421940e+02  1.291176e+02  7.980000e+00
   endloop
 endfacet
 facet normal -1.841461e-01  9.828989e-01  0.000000e+00
   outer loop
     vertex  1.422859e+02  1.291335e+02  7.980000e+00
     vertex  1.422859e+02  1.291335e+02  5.980000e+00
     vertex  1.422401e+02  1.291249e+02  5.980000e+00
   endloop
 endfacet
 facet normal -1.841461e-01  9.828989e-01  0.000000e+00
   outer loop
     vertex  1.422859e+02  1.291335e+02  7.980000e+00
     vertex  1.422401e+02  1.291249e+02  5.980000e+00
     vertex  1.422401e+02  1.291249e+02  7.980000e+00
   endloop
 endfacet
 facet normal -2.110417e-01  9.774771e-01  0.000000e+00
   outer loop
     vertex  1.423315e+02  1.291434e+02  7.980000e+00
     vertex  1.423315e+02  1.291434e+02  5.980000e+00
     vertex  1.422859e+02  1.291335e+02  5.980000e+00
   endloop
 endfacet
 facet normal -2.110417e-01  9.774771e-01  0.000000e+00
   outer loop
     vertex  1.423315e+02  1.291434e+02  7.980000e+00
     vertex  1.422859e+02  1.291335e+02  5.980000e+00
     vertex  1.422859e+02  1.291335e+02  7.980000e+00
   endloop
 endfacet
 facet normal -2.377784e-01  9.713194e-01  0.000000e+00
   outer loop
     vertex  1.423768e+02  1.291545e+02  7.980000e+00
     vertex  1.423768e+02  1.291545e+02  5.980000e+00
     vertex  1.423315e+02  1.291434e+02  5.980000e+00
   endloop
 endfacet
 facet normal -2.643362e-01  9.644306e-01  0.000000e+00
   outer loop
     vertex  1.423768e+02  1.291545e+02  7.980000e+00
     vertex  1.424218e+02  1.291668e+02  5.980000e+00
     vertex  1.423768e+02  1.291545e+02  5.980000e+00
   endloop
 endfacet
 facet normal -2.377784e-01  9.713194e-01  0.000000e+00
   outer loop
     vertex  1.423768e+02  1.291545e+02  7.980000e+00
     vertex  1.423315e+02  1.291434e+02  5.980000e+00
     vertex  1.423315e+02  1.291434e+02  7.980000e+00
   endloop
 endfacet
 facet normal -2.643362e-01  9.644306e-01  0.000000e+00
   outer loop
     vertex  1.424218e+02  1.291668e+02  7.980000e+00
     vertex  1.424218e+02  1.291668e+02  5.980000e+00
     vertex  1.423768e+02  1.291545e+02  7.980000e+00
   endloop
 endfacet
 facet normal -2.906949e-01  9.568158e-01  0.000000e+00
   outer loop
     vertex  1.424664e+02  1.291803e+02  7.980000e+00
     vertex  1.424664e+02  1.291803e+02  5.980000e+00
     vertex  1.424218e+02  1.291668e+02  5.980000e+00
   endloop
 endfacet
 facet normal -2.906949e-01  9.568158e-01  0.000000e+00
   outer loop
     vertex  1.424664e+02  1.291803e+02  7.980000e+00
     vertex  1.424218e+02  1.291668e+02  5.980000e+00
     vertex  1.424218e+02  1.291668e+02  7.980000e+00
   endloop
 endfacet
 facet normal -3.168348e-01  9.484807e-01  0.000000e+00
   outer loop
     vertex  1.425107e+02  1.291951e+02  7.980000e+00
     vertex  1.425107e+02  1.291951e+02  5.980000e+00
     vertex  1.424664e+02  1.291803e+02  5.980000e+00
   endloop
 endfacet
 facet normal -3.168348e-01  9.484807e-01  0.000000e+00
   outer loop
     vertex  1.425107e+02  1.291951e+02  7.980000e+00
     vertex  1.424664e+02  1.291803e+02  5.980000e+00
     vertex  1.424664e+02  1.291803e+02  7.980000e+00
   endloop
 endfacet
 facet normal -3.427362e-01  9.394317e-01  0.000000e+00
   outer loop
     vertex  1.425545e+02  1.292111e+02  7.980000e+00
     vertex  1.425545e+02  1.292111e+02  5.980000e+00
     vertex  1.425107e+02  1.291951e+02  5.980000e+00
   endloop
 endfacet
 facet normal -3.427362e-01  9.394317e-01  0.000000e+00
   outer loop
     vertex  1.425545e+02  1.292111e+02  7.980000e+00
     vertex  1.425107e+02  1.291951e+02  5.980000e+00
     vertex  1.425107e+02  1.291951e+02  7.980000e+00
   endloop
 endfacet
 facet normal -3.683796e-01  9.296754e-01  0.000000e+00
   outer loop
     vertex  1.425979e+02  1.292283e+02  7.980000e+00
     vertex  1.425979e+02  1.292283e+02  5.980000e+00
     vertex  1.425545e+02  1.292111e+02  5.980000e+00
   endloop
 endfacet
 facet normal -3.683796e-01  9.296754e-01  0.000000e+00
   outer loop
     vertex  1.425979e+02  1.292283e+02  7.980000e+00
     vertex  1.425545e+02  1.292111e+02  5.980000e+00
     vertex  1.425545e+02  1.292111e+02  7.980000e+00
   endloop
 endfacet
 facet normal -3.937458e-01  9.192194e-01  0.000000e+00
   outer loop
     vertex  1.426407e+02  1.292467e+02  7.980000e+00
     vertex  1.425979e+02  1.292283e+02  5.980000e+00
     vertex  1.425979e+02  1.292283e+02  7.980000e+00
   endloop
 endfacet
 facet normal -3.937458e-01  9.192194e-01  0.000000e+00
   outer loop
     vertex  1.426407e+02  1.292467e+02  7.980000e+00
     vertex  1.426407e+02  1.292467e+02  5.980000e+00
     vertex  1.425979e+02  1.292283e+02  5.980000e+00
   endloop
 endfacet
 facet normal -4.188155e-01  9.080714e-01  0.000000e+00
   outer loop
     vertex  1.426831e+02  1.292662e+02  7.980000e+00
     vertex  1.426407e+02  1.292467e+02  5.980000e+00
     vertex  1.426407e+02  1.292467e+02  7.980000e+00
   endloop
 endfacet
 facet normal -4.188155e-01  9.080714e-01  0.000000e+00
   outer loop
     vertex  1.426831e+02  1.292662e+02  7.980000e+00
     vertex  1.426831e+02  1.292662e+02  5.980000e+00
     vertex  1.426407e+02  1.292467e+02  5.980000e+00
   endloop
 endfacet
 facet normal -4.435699e-01  8.962398e-01  0.000000e+00
   outer loop
     vertex  1.427249e+02  1.292869e+02  7.980000e+00
     vertex  1.426831e+02  1.292662e+02  5.980000e+00
     vertex  1.426831e+02  1.292662e+02  7.980000e+00
   endloop
 endfacet
 facet normal -4.435699e-01  8.962398e-01  0.000000e+00
   outer loop
     vertex  1.427249e+02  1.292869e+02  7.980000e+00
     vertex  1.427249e+02  1.292869e+02  5.980000e+00
     vertex  1.426831e+02  1.292662e+02  5.980000e+00
   endloop
 endfacet
 facet normal -4.679904e-01  8.837335e-01  0.000000e+00
   outer loop
     vertex  1.427661e+02  1.293087e+02  7.980000e+00
     vertex  1.427249e+02  1.292869e+02  5.980000e+00
     vertex  1.427249e+02  1.292869e+02  7.980000e+00
   endloop
 endfacet
 facet normal -4.679904e-01  8.837335e-01  0.000000e+00
   outer loop
     vertex  1.427661e+02  1.293087e+02  7.980000e+00
     vertex  1.427661e+02  1.293087e+02  5.980000e+00
     vertex  1.427249e+02  1.292869e+02  5.980000e+00
   endloop
 endfacet
 facet normal -4.920587e-01  8.705620e-01  0.000000e+00
   outer loop
     vertex  1.428067e+02  1.293317e+02  7.980000e+00
     vertex  1.428067e+02  1.293317e+02  5.980000e+00
     vertex  1.427661e+02  1.293087e+02  5.980000e+00
   endloop
 endfacet
 facet normal -4.920587e-01  8.705620e-01  0.000000e+00
   outer loop
     vertex  1.428067e+02  1.293317e+02  7.980000e+00
     vertex  1.427661e+02  1.293087e+02  5.980000e+00
     vertex  1.427661e+02  1.293087e+02  7.980000e+00
   endloop
 endfacet
 facet normal -5.157565e-01  8.567352e-01  0.000000e+00
   outer loop
     vertex  1.428467e+02  1.293557e+02  7.980000e+00
     vertex  1.428467e+02  1.293557e+02  5.980000e+00
     vertex  1.428067e+02  1.293317e+02  5.980000e+00
   endloop
 endfacet
 facet normal -5.157565e-01  8.567352e-01  0.000000e+00
   outer loop
     vertex  1.428467e+02  1.293557e+02  7.980000e+00
     vertex  1.428067e+02  1.293317e+02  5.980000e+00
     vertex  1.428067e+02  1.293317e+02  7.980000e+00
   endloop
 endfacet
 facet normal -5.390661e-01  8.422635e-01  0.000000e+00
   outer loop
     vertex  1.428860e+02  1.293809e+02  7.980000e+00
     vertex  1.428860e+02  1.293809e+02  5.980000e+00
     vertex  1.428467e+02  1.293557e+02  5.980000e+00
   endloop
 endfacet
 facet normal -5.390661e-01  8.422635e-01  0.000000e+00
   outer loop
     vertex  1.428860e+02  1.293809e+02  7.980000e+00
     vertex  1.428467e+02  1.293557e+02  5.980000e+00
     vertex  1.428467e+02  1.293557e+02  7.980000e+00
   endloop
 endfacet
 facet normal -5.619699e-01  8.271577e-01  0.000000e+00
   outer loop
     vertex  1.429245e+02  1.294071e+02  7.980000e+00
     vertex  1.429245e+02  1.294071e+02  5.980000e+00
     vertex  1.428860e+02  1.293809e+02  5.980000e+00
   endloop
 endfacet
 facet normal -5.844507e-01  8.114292e-01  0.000000e+00
   outer loop
     vertex  1.429245e+02  1.294071e+02  7.980000e+00
     vertex  1.429624e+02  1.294343e+02  5.980000e+00
     vertex  1.429245e+02  1.294071e+02  5.980000e+00
   endloop
 endfacet
 facet normal -5.619699e-01  8.271577e-01  0.000000e+00
   outer loop
     vertex  1.429245e+02  1.294071e+02  7.980000e+00
     vertex  1.428860e+02  1.293809e+02  5.980000e+00
     vertex  1.428860e+02  1.293809e+02  7.980000e+00
   endloop
 endfacet
 facet normal -5.844507e-01  8.114292e-01  0.000000e+00
   outer loop
     vertex  1.429624e+02  1.294343e+02  7.980000e+00
     vertex  1.429624e+02  1.294343e+02  5.980000e+00
     vertex  1.429245e+02  1.294071e+02  7.980000e+00
   endloop
 endfacet
 facet normal -6.064915e-01  7.950900e-01  0.000000e+00
   outer loop
     vertex  1.429995e+02  1.294626e+02  7.980000e+00
     vertex  1.429995e+02  1.294626e+02  5.980000e+00
     vertex  1.429624e+02  1.294343e+02  5.980000e+00
   endloop
 endfacet
 facet normal -6.280757e-01  7.781522e-01  0.000000e+00
   outer loop
     vertex  1.429995e+02  1.294626e+02  7.980000e+00
     vertex  1.430358e+02  1.294919e+02  5.980000e+00
     vertex  1.429995e+02  1.294626e+02  5.980000e+00
   endloop
 endfacet
 facet normal -6.064915e-01  7.950900e-01  0.000000e+00
   outer loop
     vertex  1.429995e+02  1.294626e+02  7.980000e+00
     vertex  1.429624e+02  1.294343e+02  5.980000e+00
     vertex  1.429624e+02  1.294343e+02  7.980000e+00
   endloop
 endfacet
 facet normal -6.280757e-01  7.781522e-01  0.000000e+00
   outer loop
     vertex  1.430358e+02  1.294919e+02  7.980000e+00
     vertex  1.430358e+02  1.294919e+02  5.980000e+00
     vertex  1.429995e+02  1.294626e+02  7.980000e+00
   endloop
 endfacet
 facet normal -6.491872e-01  7.606287e-01  0.000000e+00
   outer loop
     vertex  1.430713e+02  1.295222e+02  7.980000e+00
     vertex  1.430713e+02  1.295222e+02  5.980000e+00
     vertex  1.430358e+02  1.294919e+02  5.980000e+00
   endloop
 endfacet
 facet normal -6.491872e-01  7.606287e-01  0.000000e+00
   outer loop
     vertex  1.430713e+02  1.295222e+02  7.980000e+00
     vertex  1.430358e+02  1.294919e+02  5.980000e+00
     vertex  1.430358e+02  1.294919e+02  7.980000e+00
   endloop
 endfacet
 facet normal -6.698100e-01  7.425325e-01  0.000000e+00
   outer loop
     vertex  1.431059e+02  1.295534e+02  7.980000e+00
     vertex  1.431059e+02  1.295534e+02  5.980000e+00
     vertex  1.430713e+02  1.295222e+02  5.980000e+00
   endloop
 endfacet
 facet normal -6.899286e-01  7.238775e-01  0.000000e+00
   outer loop
     vertex  1.431059e+02  1.295534e+02  7.980000e+00
     vertex  1.431396e+02  1.295856e+02  5.980000e+00
     vertex  1.431059e+02  1.295534e+02  5.980000e+00
   endloop
 endfacet
 facet normal -6.698100e-01  7.425325e-01  0.000000e+00
   outer loop
     vertex  1.431059e+02  1.295534e+02  7.980000e+00
     vertex  1.430713e+02  1.295222e+02  5.980000e+00
     vertex  1.430713e+02  1.295222e+02  7.980000e+00
   endloop
 endfacet
 facet normal -6.899286e-01  7.238775e-01  0.000000e+00
   outer loop
     vertex  1.431396e+02  1.295856e+02  7.980000e+00
     vertex  1.431396e+02  1.295856e+02  5.980000e+00
     vertex  1.431059e+02  1.295534e+02  7.980000e+00
   endloop
 endfacet
 facet normal -7.095278e-01  7.046775e-01  0.000000e+00
   outer loop
     vertex  1.431725e+02  1.296187e+02  7.980000e+00
     vertex  1.431725e+02  1.296187e+02  5.980000e+00
     vertex  1.431396e+02  1.295856e+02  5.980000e+00
   endloop
 endfacet
 facet normal -7.095278e-01  7.046775e-01  0.000000e+00
   outer loop
     vertex  1.431725e+02  1.296187e+02  7.980000e+00
     vertex  1.431396e+02  1.295856e+02  5.980000e+00
     vertex  1.431396e+02  1.295856e+02  7.980000e+00
   endloop
 endfacet
 facet normal -7.285929e-01  6.849470e-01  0.000000e+00
   outer loop
     vertex  1.432045e+02  1.296527e+02  7.980000e+00
     vertex  1.432045e+02  1.296527e+02  5.980000e+00
     vertex  1.431725e+02  1.296187e+02  5.980000e+00
   endloop
 endfacet
 facet normal -7.471095e-01  6.647010e-01  0.000000e+00
   outer loop
     vertex  1.432045e+02  1.296527e+02  7.980000e+00
     vertex  1.432355e+02  1.296875e+02  5.980000e+00
     vertex  1.432045e+02  1.296527e+02  5.980000e+00
   endloop
 endfacet
 facet normal -7.285929e-01  6.849470e-01  0.000000e+00
   outer loop
     vertex  1.432045e+02  1.296527e+02  7.980000e+00
     vertex  1.431725e+02  1.296187e+02  5.980000e+00
     vertex  1.431725e+02  1.296187e+02  7.980000e+00
   endloop
 endfacet
 facet normal -7.471095e-01  6.647010e-01  0.000000e+00
   outer loop
     vertex  1.432355e+02  1.296875e+02  7.980000e+00
     vertex  1.432355e+02  1.296875e+02  5.980000e+00
     vertex  1.432045e+02  1.296527e+02  7.980000e+00
   endloop
 endfacet
 facet normal -7.650637e-01  6.439545e-01  0.000000e+00
   outer loop
     vertex  1.432655e+02  1.297232e+02  7.980000e+00
     vertex  1.432655e+02  1.297232e+02  5.980000e+00
     vertex  1.432355e+02  1.296875e+02  5.980000e+00
   endloop
 endfacet
 facet normal -7.650637e-01  6.439545e-01  0.000000e+00
   outer loop
     vertex  1.432655e+02  1.297232e+02  7.980000e+00
     vertex  1.432355e+02  1.296875e+02  5.980000e+00
     vertex  1.432355e+02  1.296875e+02  7.980000e+00
   endloop
 endfacet
 facet normal -7.824421e-01  6.227234e-01  0.000000e+00
   outer loop
     vertex  1.432945e+02  1.297597e+02  7.980000e+00
     vertex  1.432945e+02  1.297597e+02  5.980000e+00
     vertex  1.432655e+02  1.297232e+02  5.980000e+00
   endloop
 endfacet
 facet normal -7.824421e-01  6.227234e-01  0.000000e+00
   outer loop
     vertex  1.432945e+02  1.297597e+02  7.980000e+00
     vertex  1.432655e+02  1.297232e+02  5.980000e+00
     vertex  1.432655e+02  1.297232e+02  7.980000e+00
   endloop
 endfacet
 facet normal -7.992314e-01  6.010234e-01  0.000000e+00
   outer loop
     vertex  1.433226e+02  1.297970e+02  7.980000e+00
     vertex  1.433226e+02  1.297970e+02  5.980000e+00
     vertex  1.432945e+02  1.297597e+02  5.980000e+00
   endloop
 endfacet
 facet normal -7.992314e-01  6.010234e-01  0.000000e+00
   outer loop
     vertex  1.433226e+02  1.297970e+02  7.980000e+00
     vertex  1.432945e+02  1.297597e+02  5.980000e+00
     vertex  1.432945e+02  1.297597e+02  7.980000e+00
   endloop
 endfacet
 facet normal -8.154191e-01  5.788711e-01  0.000000e+00
   outer loop
     vertex  1.433496e+02  1.298350e+02  7.980000e+00
     vertex  1.433496e+02  1.298350e+02  5.980000e+00
     vertex  1.433226e+02  1.297970e+02  5.980000e+00
   endloop
 endfacet
 facet normal -8.154191e-01  5.788711e-01  0.000000e+00
   outer loop
     vertex  1.433496e+02  1.298350e+02  7.980000e+00
     vertex  1.433226e+02  1.297970e+02  5.980000e+00
     vertex  1.433226e+02  1.297970e+02  7.980000e+00
   endloop
 endfacet
 facet normal -8.309929e-01  5.562829e-01  0.000000e+00
   outer loop
     vertex  1.433755e+02  1.298738e+02  7.980000e+00
     vertex  1.433755e+02  1.298738e+02  5.980000e+00
     vertex  1.433496e+02  1.298350e+02  5.980000e+00
   endloop
 endfacet
 facet normal -8.309929e-01  5.562829e-01  0.000000e+00
   outer loop
     vertex  1.433755e+02  1.298738e+02  7.980000e+00
     vertex  1.433496e+02  1.298350e+02  5.980000e+00
     vertex  1.433496e+02  1.298350e+02  7.980000e+00
   endloop
 endfacet
 facet normal -8.459413e-01  5.332761e-01  0.000000e+00
   outer loop
     vertex  1.434004e+02  1.299132e+02  7.980000e+00
     vertex  1.434004e+02  1.299132e+02  5.980000e+00
     vertex  1.433755e+02  1.298738e+02  5.980000e+00
   endloop
 endfacet
 facet normal -8.459413e-01  5.332761e-01  0.000000e+00
   outer loop
     vertex  1.434004e+02  1.299132e+02  7.980000e+00
     vertex  1.433755e+02  1.298738e+02  5.980000e+00
     vertex  1.433755e+02  1.298738e+02  7.980000e+00
   endloop
 endfacet
 facet normal -8.602528e-01  5.098678e-01  0.000000e+00
   outer loop
     vertex  1.434242e+02  1.299534e+02  7.980000e+00
     vertex  1.434242e+02  1.299534e+02  5.980000e+00
     vertex  1.434004e+02  1.299132e+02  5.980000e+00
   endloop
 endfacet
 facet normal -8.602528e-01  5.098678e-01  0.000000e+00
   outer loop
     vertex  1.434242e+02  1.299534e+02  7.980000e+00
     vertex  1.434004e+02  1.299132e+02  5.980000e+00
     vertex  1.434004e+02  1.299132e+02  7.980000e+00
   endloop
 endfacet
 facet normal -8.739167e-01  4.860756e-01  0.000000e+00
   outer loop
     vertex  1.434469e+02  1.299941e+02  7.980000e+00
     vertex  1.434469e+02  1.299941e+02  5.980000e+00
     vertex  1.434242e+02  1.299534e+02  5.980000e+00
   endloop
 endfacet
 facet normal -8.869228e-01  4.619176e-01  0.000000e+00
   outer loop
     vertex  1.434469e+02  1.299941e+02  7.980000e+00
     vertex  1.434684e+02  1.300355e+02  5.980000e+00
     vertex  1.434469e+02  1.299941e+02  5.980000e+00
   endloop
 endfacet
 facet normal -8.739167e-01  4.860756e-01  0.000000e+00
   outer loop
     vertex  1.434469e+02  1.299941e+02  7.980000e+00
     vertex  1.434242e+02  1.299534e+02  5.980000e+00
     vertex  1.434242e+02  1.299534e+02  7.980000e+00
   endloop
 endfacet
 facet normal -8.992613e-01  4.374119e-01  0.000000e+00
   outer loop
     vertex  1.434684e+02  1.300355e+02  7.980000e+00
     vertex  1.434888e+02  1.300774e+02  5.980000e+00
     vertex  1.434684e+02  1.300355e+02  5.980000e+00
   endloop
 endfacet
 facet normal -8.869228e-01  4.619176e-01  0.000000e+00
   outer loop
     vertex  1.434684e+02  1.300355e+02  7.980000e+00
     vertex  1.434684e+02  1.300355e+02  5.980000e+00
     vertex  1.434469e+02  1.299941e+02  7.980000e+00
   endloop
 endfacet
 facet normal -8.992613e-01  4.374119e-01  0.000000e+00
   outer loop
     vertex  1.434888e+02  1.300774e+02  7.980000e+00
     vertex  1.434888e+02  1.300774e+02  5.980000e+00
     vertex  1.434684e+02  1.300355e+02  7.980000e+00
   endloop
 endfacet
 facet normal -9.109228e-01  4.125769e-01  0.000000e+00
   outer loop
     vertex  1.435080e+02  1.301199e+02  7.980000e+00
     vertex  1.434888e+02  1.300774e+02  5.980000e+00
     vertex  1.434888e+02  1.300774e+02  7.980000e+00
   endloop
 endfacet
 facet normal -9.109228e-01  4.125769e-01  0.000000e+00
   outer loop
     vertex  1.435080e+02  1.301199e+02  7.980000e+00
     vertex  1.435080e+02  1.301199e+02  5.980000e+00
     vertex  1.434888e+02  1.300774e+02  5.980000e+00
   endloop
 endfacet
 facet normal -9.218986e-01  3.874313e-01  0.000000e+00
   outer loop
     vertex  1.435261e+02  1.301629e+02  7.980000e+00
     vertex  1.435080e+02  1.301199e+02  5.980000e+00
     vertex  1.435080e+02  1.301199e+02  7.980000e+00
   endloop
 endfacet
 facet normal -9.218986e-01  3.874313e-01  0.000000e+00
   outer loop
     vertex  1.435261e+02  1.301629e+02  7.980000e+00
     vertex  1.435261e+02  1.301629e+02  5.980000e+00
     vertex  1.435080e+02  1.301199e+02  5.980000e+00
   endloop
 endfacet
 facet normal -9.321804e-01  3.619940e-01  0.000000e+00
   outer loop
     vertex  1.435430e+02  1.302064e+02  7.980000e+00
     vertex  1.435261e+02  1.301629e+02  5.980000e+00
     vertex  1.435261e+02  1.301629e+02  7.980000e+00
   endloop
 endfacet
 facet normal -9.321804e-01  3.619940e-01  0.000000e+00
   outer loop
     vertex  1.435430e+02  1.302064e+02  7.980000e+00
     vertex  1.435430e+02  1.302064e+02  5.980000e+00
     vertex  1.435261e+02  1.301629e+02  5.980000e+00
   endloop
 endfacet
 facet normal -9.417605e-01  3.362843e-01  0.000000e+00
   outer loop
     vertex  1.435587e+02  1.302503e+02  7.980000e+00
     vertex  1.435430e+02  1.302064e+02  5.980000e+00
     vertex  1.435430e+02  1.302064e+02  7.980000e+00
   endloop
 endfacet
 facet normal -9.417605e-01  3.362843e-01  0.000000e+00
   outer loop
     vertex  1.435587e+02  1.302503e+02  7.980000e+00
     vertex  1.435587e+02  1.302503e+02  5.980000e+00
     vertex  1.435430e+02  1.302064e+02  5.980000e+00
   endloop
 endfacet
 facet normal -9.506317e-01  3.103214e-01  0.000000e+00
   outer loop
     vertex  1.435732e+02  1.302947e+02  7.980000e+00
     vertex  1.435587e+02  1.302503e+02  5.980000e+00
     vertex  1.435587e+02  1.302503e+02  7.980000e+00
   endloop
 endfacet
 facet normal -9.506317e-01  3.103214e-01  0.000000e+00
   outer loop
     vertex  1.435732e+02  1.302947e+02  7.980000e+00
     vertex  1.435732e+02  1.302947e+02  5.980000e+00
     vertex  1.435587e+02  1.302503e+02  5.980000e+00
   endloop
 endfacet
 facet normal -9.587873e-01  2.841250e-01  0.000000e+00
   outer loop
     vertex  1.435864e+02  1.303394e+02  7.980000e+00
     vertex  1.435732e+02  1.302947e+02  5.980000e+00
     vertex  1.435732e+02  1.302947e+02  7.980000e+00
   endloop
 endfacet
 facet normal -9.587873e-01  2.841250e-01  0.000000e+00
   outer loop
     vertex  1.435864e+02  1.303394e+02  7.980000e+00
     vertex  1.435864e+02  1.303394e+02  5.980000e+00
     vertex  1.435732e+02  1.302947e+02  5.980000e+00
   endloop
 endfacet
 facet normal -9.662211e-01  2.577146e-01  0.000000e+00
   outer loop
     vertex  1.435984e+02  1.303845e+02  7.980000e+00
     vertex  1.435864e+02  1.303394e+02  5.980000e+00
     vertex  1.435864e+02  1.303394e+02  7.980000e+00
   endloop
 endfacet
 facet normal -9.662211e-01  2.577146e-01  0.000000e+00
   outer loop
     vertex  1.435984e+02  1.303845e+02  7.980000e+00
     vertex  1.435984e+02  1.303845e+02  5.980000e+00
     vertex  1.435864e+02  1.303394e+02  5.980000e+00
   endloop
 endfacet
 facet normal -9.729276e-01  2.311102e-01  0.000000e+00
   outer loop
     vertex  1.436092e+02  1.304298e+02  7.980000e+00
     vertex  1.435984e+02  1.303845e+02  5.980000e+00
     vertex  1.435984e+02  1.303845e+02  7.980000e+00
   endloop
 endfacet
 facet normal -9.729276e-01  2.311102e-01  0.000000e+00
   outer loop
     vertex  1.436092e+02  1.304298e+02  7.980000e+00
     vertex  1.436092e+02  1.304298e+02  5.980000e+00
     vertex  1.435984e+02  1.303845e+02  5.980000e+00
   endloop
 endfacet
 facet normal -9.789017e-01  2.043319e-01  0.000000e+00
   outer loop
     vertex  1.436187e+02  1.304755e+02  7.980000e+00
     vertex  1.436092e+02  1.304298e+02  5.980000e+00
     vertex  1.436092e+02  1.304298e+02  7.980000e+00
   endloop
 endfacet
 facet normal -9.789017e-01  2.043319e-01  0.000000e+00
   outer loop
     vertex  1.436187e+02  1.304755e+02  7.980000e+00
     vertex  1.436187e+02  1.304755e+02  5.980000e+00
     vertex  1.436092e+02  1.304298e+02  5.980000e+00
   endloop
 endfacet
 facet normal -9.841389e-01  1.773998e-01  0.000000e+00
   outer loop
     vertex  1.436270e+02  1.305214e+02  7.980000e+00
     vertex  1.436187e+02  1.304755e+02  5.980000e+00
     vertex  1.436187e+02  1.304755e+02  7.980000e+00
   endloop
 endfacet
 facet normal -9.841389e-01  1.773998e-01  0.000000e+00
   outer loop
     vertex  1.436270e+02  1.305214e+02  7.980000e+00
     vertex  1.436270e+02  1.305214e+02  5.980000e+00
     vertex  1.436187e+02  1.304755e+02  5.980000e+00
   endloop
 endfacet
 facet normal -9.886353e-01  1.503341e-01  0.000000e+00
   outer loop
     vertex  1.436340e+02  1.305675e+02  7.980000e+00
     vertex  1.436270e+02  1.305214e+02  5.980000e+00
     vertex  1.436270e+02  1.305214e+02  7.980000e+00
   endloop
 endfacet
 facet normal -9.886353e-01  1.503341e-01  0.000000e+00
   outer loop
     vertex  1.436340e+02  1.305675e+02  7.980000e+00
     vertex  1.436340e+02  1.305675e+02  5.980000e+00
     vertex  1.436270e+02  1.305214e+02  5.980000e+00
   endloop
 endfacet
 facet normal -9.923874e-01  1.231552e-01  0.000000e+00
   outer loop
     vertex  1.436340e+02  1.305675e+02  7.980000e+00
     vertex  1.436398e+02  1.306138e+02  5.980000e+00
     vertex  1.436340e+02  1.305675e+02  5.980000e+00
   endloop
 endfacet
 facet normal -9.923874e-01  1.231552e-01  0.000000e+00
   outer loop
     vertex  1.436398e+02  1.306138e+02  7.980000e+00
     vertex  1.436398e+02  1.306138e+02  5.980000e+00
     vertex  1.436340e+02  1.305675e+02  7.980000e+00
   endloop
 endfacet
 facet normal -9.953925e-01  9.588368e-02  0.000000e+00
   outer loop
     vertex  1.436442e+02  1.306602e+02  7.980000e+00
     vertex  1.436442e+02  1.306602e+02  5.980000e+00
     vertex  1.436398e+02  1.306138e+02  5.980000e+00
   endloop
 endfacet
 facet normal -9.953925e-01  9.588368e-02  0.000000e+00
   outer loop
     vertex  1.436442e+02  1.306602e+02  7.980000e+00
     vertex  1.436398e+02  1.306138e+02  5.980000e+00
     vertex  1.436398e+02  1.306138e+02  7.980000e+00
   endloop
 endfacet
 facet normal -9.976484e-01  6.853995e-02  0.000000e+00
   outer loop
     vertex  1.436474e+02  1.307068e+02  7.980000e+00
     vertex  1.436474e+02  1.307068e+02  5.980000e+00
     vertex  1.436442e+02  1.306602e+02  5.980000e+00
   endloop
 endfacet
 facet normal -9.976484e-01  6.853995e-02  0.000000e+00
   outer loop
     vertex  1.436474e+02  1.307068e+02  7.980000e+00
     vertex  1.436442e+02  1.306602e+02  5.980000e+00
     vertex  1.436442e+02  1.306602e+02  7.980000e+00
   endloop
 endfacet
 facet normal -9.991532e-01  4.114462e-02  0.000000e+00
   outer loop
     vertex  1.436494e+02  1.307534e+02  7.980000e+00
     vertex  1.436494e+02  1.307534e+02  5.980000e+00
     vertex  1.436474e+02  1.307068e+02  5.980000e+00
   endloop
 endfacet
 facet normal -9.991532e-01  4.114462e-02  0.000000e+00
   outer loop
     vertex  1.436494e+02  1.307534e+02  7.980000e+00
     vertex  1.436474e+02  1.307068e+02  5.980000e+00
     vertex  1.436474e+02  1.307068e+02  7.980000e+00
   endloop
 endfacet
 facet normal -9.999059e-01  1.371831e-02  0.000000e+00
   outer loop
     vertex  1.436500e+02  1.308000e+02  7.980000e+00
     vertex  1.436500e+02  1.308000e+02  5.980000e+00
     vertex  1.436494e+02  1.307534e+02  5.980000e+00
   endloop
 endfacet
 facet normal -9.999059e-01  1.371831e-02  0.000000e+00
   outer loop
     vertex  1.436500e+02  1.308000e+02  7.980000e+00
     vertex  1.436494e+02  1.307534e+02  5.980000e+00
     vertex  1.436494e+02  1.307534e+02  7.980000e+00
   endloop
 endfacet
 facet normal  1.000000e+00  0.000000e+00  0.000000e+00
   outer loop
     vertex  6.385000e+01  1.256000e+02  5.980000e+00
     vertex  6.385000e+01  1.358000e+02  5.980000e+00
     vertex  6.385000e+01  1.358000e+02  7.980000e+00
   endloop
 endfacet
 facet normal  1.000000e+00 -0.000000e+00  0.000000e+00
   outer loop
     vertex  6.385000e+01  1.256000e+02  7.980000e+00
     vertex  6.385000e+01  1.256000e+02  5.980000e+00
     vertex  6.385000e+01  1.358000e+02  7.980000e+00
   endloop
 endfacet
 facet normal -0.000000e+00  0.000000e+00 -1.000000e+00
   outer loop
     vertex  5.567712e+01  1.295694e+02  5.980000e+00
     vertex  4.985000e+01  1.256000e+02  5.980000e+00
     vertex  5.564380e+01  1.296020e+02  5.980000e+00
   endloop
 endfacet
 facet normal  0.000000e+00 -0.000000e+00 -1.000000e+00
   outer loop
     vertex  5.561139e+01  1.296356e+02  5.980000e+00
     vertex  5.564380e+01  1.296020e+02  5.980000e+00
     vertex  4.985000e+01  1.256000e+02  5.980000e+00
   endloop
 endfacet
 facet normal -0.000000e+00  0.000000e+00 -1.000000e+00
   outer loop
     vertex  5.571132e+01  1.295377e+02  5.980000e+00
     vertex  4.985000e+01  1.256000e+02  5.980000e+00
     vertex  5.567712e+01  1.295694e+02  5.980000e+00
   endloop
 endfacet
 facet normal  0.000000e+00 -0.000000e+00 -1.000000e+00
   outer loop
     vertex  5.557991e+01  1.296700e+02  5.980000e+00
     vertex  5.561139e+01  1.296356e+02  5.980000e+00
     vertex  4.985000e+01  1.256000e+02  5.980000e+00
   endloop
 endfacet
 facet normal -0.000000e+00  0.000000e+00 -1.000000e+00
   outer loop
     vertex  5.574638e+01  1.295069e+02  5.980000e+00
     vertex  4.985000e+01  1.256000e+02  5.980000e+00
     vertex  5.571132e+01  1.295377e+02  5.980000e+00
   endloop
 endfacet
 facet normal  0.000000e+00 -0.000000e+00 -1.000000e+00
   outer loop
     vertex  5.554939e+01  1.297053e+02  5.980000e+00
     vertex  5.557991e+01  1.296700e+02  5.980000e+00
     vertex  4.985000e+01  1.256000e+02  5.980000e+00
   endloop
 endfacet
 facet normal -0.000000e+00  0.000000e+00 -1.000000e+00
   outer loop
     vertex  5.578227e+01  1.294771e+02  5.980000e+00
     vertex  4.985000e+01  1.256000e+02  5.980000e+00
     vertex  5.574638e+01  1.295069e+02  5.980000e+00
   endloop
 endfacet
 facet normal  0.000000e+00 -0.000000e+00 -1.000000e+00
   outer loop
     vertex  5.551985e+01  1.297414e+02  5.980000e+00
     vertex  5.554939e+01  1.297053e+02  5.980000e+00
     vertex  4.985000e+01  1.256000e+02  5.980000e+00
   endloop
 endfacet
 facet normal -0.000000e+00  0.000000e+00 -1.000000e+00
   outer loop
     vertex  5.581896e+01  1.294483e+02  5.980000e+00
     vertex  4.985000e+01  1.256000e+02  5.980000e+00
     vertex  5.578227e+01  1.294771e+02  5.980000e+00
   endloop
 endfacet
 facet normal  0.000000e+00 -0.000000e+00 -1.000000e+00
   outer loop
     vertex  5.549131e+01  1.297783e+02  5.980000e+00
     vertex  5.551985e+01  1.297414e+02  5.980000e+00
     vertex  4.985000e+01  1.256000e+02  5.980000e+00
   endloop
 endfacet
 facet normal -0.000000e+00  0.000000e+00 -1.000000e+00
   outer loop
     vertex  5.585643e+01  1.294206e+02  5.980000e+00
     vertex  4.985000e+01  1.256000e+02  5.980000e+00
     vertex  5.581896e+01  1.294483e+02  5.980000e+00
   endloop
 endfacet
 facet normal  0.000000e+00 -0.000000e+00 -1.000000e+00
   outer loop
     vertex  5.546379e+01  1.298159e+02  5.980000e+00
     vertex  5.549131e+01  1.297783e+02  5.980000e+00
     vertex  4.985000e+01  1.256000e+02  5.980000e+00
   endloop
 endfacet
 facet normal -0.000000e+00  0.000000e+00 -1.000000e+00
   outer loop
     vertex  5.589465e+01  1.293938e+02  5.980000e+00
     vertex  4.985000e+01  1.256000e+02  5.980000e+00
     vertex  5.585643e+01  1.294206e+02  5.980000e+00
   endloop
 endfacet
 facet normal  0.000000e+00 -0.000000e+00 -1.000000e+00
   outer loop
     vertex  5.543731e+01  1.298543e+02  5.980000e+00
     vertex  5.546379e+01  1.298159e+02  5.980000e+00
     vertex  4.985000e+01  1.256000e+02  5.980000e+00
   endloop
 endfacet
 facet normal -0.000000e+00  0.000000e+00 -1.000000e+00
   outer loop
     vertex  5.593359e+01  1.293682e+02  5.980000e+00
     vertex  4.985000e+01  1.256000e+02  5.980000e+00
     vertex  5.589465e+01  1.293938e+02  5.980000e+00
   endloop
 endfacet
 facet normal  0.000000e+00 -0.000000e+00 -1.000000e+00
   outer loop
     vertex  5.541190e+01  1.298934e+02  5.980000e+00
     vertex  5.543731e+01  1.298543e+02  5.980000e+00
     vertex  4.985000e+01  1.256000e+02  5.980000e+00
   endloop
 endfacet
 facet normal -0.000000e+00  0.000000e+00 -1.000000e+00
   outer loop
     vertex  5.597321e+01  1.293436e+02  5.980000e+00
     vertex  4.985000e+01  1.256000e+02  5.980000e+00
     vertex  5.593359e+01  1.293682e+02  5.980000e+00
   endloop
 endfacet
 facet normal  0.000000e+00 -0.000000e+00 -1.000000e+00
   outer loop
     vertex  5.538757e+01  1.299332e+02  5.980000e+00
     vertex  5.541190e+01  1.298934e+02  5.980000e+00
     vertex  4.985000e+01  1.256000e+02  5.980000e+00
   endloop
 endfacet
 facet normal -0.000000e+00  0.000000e+00 -1.000000e+00
   outer loop
     vertex  5.601350e+01  1.293200e+02  5.980000e+00
     vertex  4.985000e+01  1.256000e+02  5.980000e+00
     vertex  5.597321e+01  1.293436e+02  5.980000e+00
   endloop
 endfacet
 facet normal  0.000000e+00 -0.000000e+00 -1.000000e+00
   outer loop
     vertex  5.536434e+01  1.299737e+02  5.980000e+00
     vertex  5.538757e+01  1.299332e+02  5.980000e+00
     vertex  4.985000e+01  1.256000e+02  5.980000e+00
   endloop
 endfacet
 facet normal -0.000000e+00  0.000000e+00 -1.000000e+00
   outer loop
     vertex  5.605442e+01  1.292977e+02  5.980000e+00
     vertex  4.985000e+01  1.256000e+02  5.980000e+00
     vertex  5.601350e+01  1.293200e+02  5.980000e+00
   endloop
 endfacet
 facet normal  0.000000e+00 -0.000000e+00 -1.000000e+00
   outer loop
     vertex  5.534223e+01  1.300147e+02  5.980000e+00
     vertex  5.536434e+01  1.299737e+02  5.980000e+00
     vertex  4.985000e+01  1.256000e+02  5.980000e+00
   endloop
 endfacet
 facet normal -0.000000e+00  0.000000e+00 -1.000000e+00
   outer loop
     vertex  5.609593e+01  1.292764e+02  5.980000e+00
     vertex  4.985000e+01  1.256000e+02  5.980000e+00
     vertex  5.605442e+01  1.292977e+02  5.980000e+00
   endloop
 endfacet
 facet normal  0.000000e+00 -0.000000e+00 -1.000000e+00
   outer loop
     vertex  5.532126e+01  1.300564e+02  5.980000e+00
     vertex  5.534223e+01  1.300147e+02  5.980000e+00
     vertex  4.985000e+01  1.256000e+02  5.980000e+00
   endloop
 endfacet
 facet normal -0.000000e+00  0.000000e+00 -1.000000e+00
   outer loop
     vertex  5.613801e+01  1.292563e+02  5.980000e+00
     vertex  4.985000e+01  1.256000e+02  5.980000e+00
     vertex  5.609593e+01  1.292764e+02  5.980000e+00
   endloop
 endfacet
 facet normal  0.000000e+00 -0.000000e+00 -1.000000e+00
   outer loop
     vertex  5.530143e+01  1.300986e+02  5.980000e+00
     vertex  5.532126e+01  1.300564e+02  5.980000e+00
     vertex  4.985000e+01  1.256000e+02  5.980000e+00
   endloop
 endfacet
 facet normal -0.000000e+00  0.000000e+00 -1.000000e+00
   outer loop
     vertex  5.618063e+01  1.292373e+02  5.980000e+00
     vertex  4.985000e+01  1.256000e+02  5.980000e+00
     vertex  5.613801e+01  1.292563e+02  5.980000e+00
   endloop
 endfacet
 facet normal  0.000000e+00 -0.000000e+00 -1.000000e+00
   outer loop
     vertex  5.528277e+01  1.301414e+02  5.980000e+00
     vertex  5.530143e+01  1.300986e+02  5.980000e+00
     vertex  4.985000e+01  1.256000e+02  5.980000e+00
   endloop
 endfacet
 facet normal -0.000000e+00  0.000000e+00 -1.000000e+00
   outer loop
     vertex  5.622375e+01  1.292196e+02  5.980000e+00
     vertex  4.985000e+01  1.256000e+02  5.980000e+00
     vertex  5.618063e+01  1.292373e+02  5.980000e+00
   endloop
 endfacet
 facet normal  0.000000e+00 -0.000000e+00 -1.000000e+00
   outer loop
     vertex  5.526529e+01  1.301846e+02  5.980000e+00
     vertex  5.528277e+01  1.301414e+02  5.980000e+00
     vertex  4.985000e+01  1.256000e+02  5.980000e+00
   endloop
 endfacet
 facet normal -0.000000e+00  0.000000e+00 -1.000000e+00
   outer loop
     vertex  5.626735e+01  1.292030e+02  5.980000e+00
     vertex  4.985000e+01  1.256000e+02  5.980000e+00
     vertex  5.622375e+01  1.292196e+02  5.980000e+00
   endloop
 endfacet
 facet normal  0.000000e+00 -0.000000e+00 -1.000000e+00
   outer loop
     vertex  5.524901e+01  1.302283e+02  5.980000e+00
     vertex  5.526529e+01  1.301846e+02  5.980000e+00
     vertex  4.985000e+01  1.256000e+02  5.980000e+00
   endloop
 endfacet
 facet normal -0.000000e+00  0.000000e+00 -1.000000e+00
   outer loop
     vertex  5.631138e+01  1.291876e+02  5.980000e+00
     vertex  4.985000e+01  1.256000e+02  5.980000e+00
     vertex  5.626735e+01  1.292030e+02  5.980000e+00
   endloop
 endfacet
 facet normal  0.000000e+00 -0.000000e+00 -1.000000e+00
   outer loop
     vertex  5.523393e+01  1.302725e+02  5.980000e+00
     vertex  5.524901e+01  1.302283e+02  5.980000e+00
     vertex  4.985000e+01  1.256000e+02  5.980000e+00
   endloop
 endfacet
 facet normal -0.000000e+00  0.000000e+00 -1.000000e+00
   outer loop
     vertex  5.635582e+01  1.291734e+02  5.980000e+00
     vertex  4.985000e+01  1.256000e+02  5.980000e+00
     vertex  5.631138e+01  1.291876e+02  5.980000e+00
   endloop
 endfacet
 facet normal  0.000000e+00 -0.000000e+00 -1.000000e+00
   outer loop
     vertex  5.522006e+01  1.303170e+02  5.980000e+00
     vertex  5.523393e+01  1.302725e+02  5.980000e+00
     vertex  4.985000e+01  1.256000e+02  5.980000e+00
   endloop
 endfacet
 facet normal -0.000000e+00  0.000000e+00 -1.000000e+00
   outer loop
     vertex  5.640063e+01  1.291605e+02  5.980000e+00
     vertex  4.985000e+01  1.256000e+02  5.980000e+00
     vertex  5.635582e+01  1.291734e+02  5.980000e+00
   endloop
 endfacet
 facet normal  0.000000e+00 -0.000000e+00 -1.000000e+00
   outer loop
     vertex  5.520742e+01  1.303619e+02  5.980000e+00
     vertex  5.522006e+01  1.303170e+02  5.980000e+00
     vertex  4.985000e+01  1.256000e+02  5.980000e+00
   endloop
 endfacet
 facet normal -0.000000e+00  0.000000e+00 -1.000000e+00
   outer loop
     vertex  5.644578e+01  1.291488e+02  5.980000e+00
     vertex  4.985000e+01  1.256000e+02  5.980000e+00
     vertex  5.640063e+01  1.291605e+02  5.980000e+00
   endloop
 endfacet
 facet normal  0.000000e+00 -0.000000e+00 -1.000000e+00
   outer loop
     vertex  5.519602e+01  1.304071e+02  5.980000e+00
     vertex  5.520742e+01  1.303619e+02  5.980000e+00
     vertex  4.985000e+01  1.256000e+02  5.980000e+00
   endloop
 endfacet
 facet normal -0.000000e+00  0.000000e+00 -1.000000e+00
   outer loop
     vertex  5.649123e+01  1.291383e+02  5.980000e+00
     vertex  4.985000e+01  1.256000e+02  5.980000e+00
     vertex  5.644578e+01  1.291488e+02  5.980000e+00
   endloop
 endfacet
 facet normal  0.000000e+00 -0.000000e+00 -1.000000e+00
   outer loop
     vertex  5.518587e+01  1.304526e+02  5.980000e+00
     vertex  5.519602e+01  1.304071e+02  5.980000e+00
     vertex  4.985000e+01  1.256000e+02  5.980000e+00
   endloop
 endfacet
 facet normal -0.000000e+00  0.000000e+00 -1.000000e+00
   outer loop
     vertex  5.653695e+01  1.291291e+02  5.980000e+00
     vertex  4.985000e+01  1.256000e+02  5.980000e+00
     vertex  5.649123e+01  1.291383e+02  5.980000e+00
   endloop
 endfacet
 facet normal  0.000000e+00 -0.000000e+00 -1.000000e+00
   outer loop
     vertex  5.517696e+01  1.304984e+02  5.980000e+00
     vertex  5.518587e+01  1.304526e+02  5.980000e+00
     vertex  4.985000e+01  1.256000e+02  5.980000e+00
   endloop
 endfacet
 facet normal -0.000000e+00  0.000000e+00 -1.000000e+00
   outer loop
     vertex  5.658291e+01  1.291211e+02  5.980000e+00
     vertex  4.985000e+01  1.256000e+02  5.980000e+00
     vertex  5.653695e+01  1.291291e+02  5.980000e+00
   endloop
 endfacet
 facet normal  0.000000e+00 -0.000000e+00 -1.000000e+00
   outer loop
     vertex  5.516932e+01  1.305444e+02  5.980000e+00
     vertex  5.517696e+01  1.304984e+02  5.980000e+00
     vertex  4.985000e+01  1.256000e+02  5.980000e+00
   endloop
 endfacet
 facet normal -0.000000e+00  0.000000e+00 -1.000000e+00
   outer loop
     vertex  5.662907e+01  1.291144e+02  5.980000e+00
     vertex  4.985000e+01  1.256000e+02  5.980000e+00
     vertex  5.658291e+01  1.291211e+02  5.980000e+00
   endloop
 endfacet
 facet normal  0.000000e+00 -0.000000e+00 -1.000000e+00
   outer loop
     vertex  5.516294e+01  1.305906e+02  5.980000e+00
     vertex  5.516932e+01  1.305444e+02  5.980000e+00
     vertex  4.985000e+01  1.256000e+02  5.980000e+00
   endloop
 endfacet
 facet normal -0.000000e+00  0.000000e+00 -1.000000e+00
   outer loop
     vertex  5.667539e+01  1.291090e+02  5.980000e+00
     vertex  4.985000e+01  1.256000e+02  5.980000e+00
     vertex  5.662907e+01  1.291144e+02  5.980000e+00
   endloop
 endfacet
 facet normal  0.000000e+00 -0.000000e+00 -1.000000e+00
   outer loop
     vertex  5.515783e+01  1.306370e+02  5.980000e+00
     vertex  5.516294e+01  1.305906e+02  5.980000e+00
     vertex  4.985000e+01  1.256000e+02  5.980000e+00
   endloop
 endfacet
 facet normal -0.000000e+00  0.000000e+00 -1.000000e+00
   outer loop
     vertex  5.672185e+01  1.291048e+02  5.980000e+00
     vertex  4.985000e+01  1.256000e+02  5.980000e+00
     vertex  5.667539e+01  1.291090e+02  5.980000e+00
   endloop
 endfacet
 facet normal  0.000000e+00 -0.000000e+00 -1.000000e+00
   outer loop
     vertex  5.515400e+01  1.306835e+02  5.980000e+00
     vertex  5.515783e+01  1.306370e+02  5.980000e+00
     vertex  4.985000e+01  1.256000e+02  5.980000e+00
   endloop
 endfacet
 facet normal -0.000000e+00  0.000000e+00 -1.000000e+00
   outer loop
     vertex  5.676840e+01  1.291020e+02  5.980000e+00
     vertex  4.985000e+01  1.256000e+02  5.980000e+00
     vertex  5.672185e+01  1.291048e+02  5.980000e+00
   endloop
 endfacet
 facet normal  0.000000e+00 -0.000000e+00 -1.000000e+00
   outer loop
     vertex  5.515144e+01  1.307301e+02  5.980000e+00
     vertex  5.515400e+01  1.306835e+02  5.980000e+00
     vertex  4.985000e+01  1.256000e+02  5.980000e+00
   endloop
 endfacet
 facet normal -0.000000e+00  0.000000e+00 -1.000000e+00
   outer loop
     vertex  5.681502e+01  1.291004e+02  5.980000e+00
     vertex  4.985000e+01  1.256000e+02  5.980000e+00
     vertex  5.676840e+01  1.291020e+02  5.980000e+00
   endloop
 endfacet
 facet normal -0.000000e+00  0.000000e+00 -1.000000e+00
   outer loop
     vertex  5.515016e+01  1.307767e+02  5.980000e+00
     vertex  4.985000e+01  1.256000e+02  5.980000e+00
     vertex  4.985000e+01  1.358000e+02  5.980000e+00
   endloop
 endfacet
 facet normal  0.000000e+00 -0.000000e+00 -1.000000e+00
   outer loop
     vertex  5.515016e+01  1.307767e+02  5.980000e+00
     vertex  5.515144e+01  1.307301e+02  5.980000e+00
     vertex  4.985000e+01  1.256000e+02  5.980000e+00
   endloop
 endfacet
 facet normal -0.000000e+00  0.000000e+00 -1.000000e+00
   outer loop
     vertex  5.686166e+01  1.291000e+02  5.980000e+00
     vertex  4.985000e+01  1.256000e+02  5.980000e+00
     vertex  5.681502e+01  1.291004e+02  5.980000e+00
   endloop
 endfacet
 facet normal -0.000000e+00 -0.000000e+00 -1.000000e+00
   outer loop
     vertex  5.515016e+01  1.308233e+02  5.980000e+00
     vertex  5.515016e+01  1.307767e+02  5.980000e+00
     vertex  4.985000e+01  1.358000e+02  5.980000e+00
   endloop
 endfacet
 facet normal -0.000000e+00  0.000000e+00 -1.000000e+00
   outer loop
     vertex  5.515144e+01  1.308699e+02  5.980000e+00
     vertex  5.515016e+01  1.308233e+02  5.980000e+00
     vertex  4.985000e+01  1.358000e+02  5.980000e+00
   endloop
 endfacet
 facet normal -0.000000e+00  0.000000e+00 -1.000000e+00
   outer loop
     vertex  5.515400e+01  1.309165e+02  5.980000e+00
     vertex  5.515144e+01  1.308699e+02  5.980000e+00
     vertex  4.985000e+01  1.358000e+02  5.980000e+00
   endloop
 endfacet
 facet normal -0.000000e+00  0.000000e+00 -1.000000e+00
   outer loop
     vertex  5.515783e+01  1.309630e+02  5.980000e+00
     vertex  5.515400e+01  1.309165e+02  5.980000e+00
     vertex  4.985000e+01  1.358000e+02  5.980000e+00
   endloop
 endfacet
 facet normal -0.000000e+00  0.000000e+00 -1.000000e+00
   outer loop
     vertex  5.516294e+01  1.310094e+02  5.980000e+00
     vertex  5.515783e+01  1.309630e+02  5.980000e+00
     vertex  4.985000e+01  1.358000e+02  5.980000e+00
   endloop
 endfacet
 facet normal -0.000000e+00  0.000000e+00 -1.000000e+00
   outer loop
     vertex  5.516932e+01  1.310556e+02  5.980000e+00
     vertex  5.516294e+01  1.310094e+02  5.980000e+00
     vertex  4.985000e+01  1.358000e+02  5.980000e+00
   endloop
 endfacet
 facet normal -0.000000e+00  0.000000e+00 -1.000000e+00
   outer loop
     vertex  5.517696e+01  1.311016e+02  5.980000e+00
     vertex  5.516932e+01  1.310556e+02  5.980000e+00
     vertex  4.985000e+01  1.358000e+02  5.980000e+00
   endloop
 endfacet
 facet normal -0.000000e+00  0.000000e+00 -1.000000e+00
   outer loop
     vertex  5.518587e+01  1.311474e+02  5.980000e+00
     vertex  5.517696e+01  1.311016e+02  5.980000e+00
     vertex  4.985000e+01  1.358000e+02  5.980000e+00
   endloop
 endfacet
 facet normal -0.000000e+00  0.000000e+00 -1.000000e+00
   outer loop
     vertex  5.519602e+01  1.311929e+02  5.980000e+00
     vertex  5.518587e+01  1.311474e+02  5.980000e+00
     vertex  4.985000e+01  1.358000e+02  5.980000e+00
   endloop
 endfacet
 facet normal -0.000000e+00  0.000000e+00 -1.000000e+00
   outer loop
     vertex  5.520742e+01  1.312381e+02  5.980000e+00
     vertex  5.519602e+01  1.311929e+02  5.980000e+00
     vertex  4.985000e+01  1.358000e+02  5.980000e+00
   endloop
 endfacet
 facet normal -0.000000e+00  0.000000e+00 -1.000000e+00
   outer loop
     vertex  5.522006e+01  1.312830e+02  5.980000e+00
     vertex  5.520742e+01  1.312381e+02  5.980000e+00
     vertex  4.985000e+01  1.358000e+02  5.980000e+00
   endloop
 endfacet
 facet normal -0.000000e+00  0.000000e+00 -1.000000e+00
   outer loop
     vertex  5.523393e+01  1.313275e+02  5.980000e+00
     vertex  5.522006e+01  1.312830e+02  5.980000e+00
     vertex  4.985000e+01  1.358000e+02  5.980000e+00
   endloop
 endfacet
 facet normal -0.000000e+00  0.000000e+00 -1.000000e+00
   outer loop
     vertex  5.524901e+01  1.313717e+02  5.980000e+00
     vertex  5.523393e+01  1.313275e+02  5.980000e+00
     vertex  4.985000e+01  1.358000e+02  5.980000e+00
   endloop
 endfacet
 facet normal -0.000000e+00  0.000000e+00 -1.000000e+00
   outer loop
     vertex  5.526529e+01  1.314154e+02  5.980000e+00
     vertex  5.524901e+01  1.313717e+02  5.980000e+00
     vertex  4.985000e+01  1.358000e+02  5.980000e+00
   endloop
 endfacet
 facet normal -0.000000e+00  0.000000e+00 -1.000000e+00
   outer loop
     vertex  5.528277e+01  1.314586e+02  5.980000e+00
     vertex  5.526529e+01  1.314154e+02  5.980000e+00
     vertex  4.985000e+01  1.358000e+02  5.980000e+00
   endloop
 endfacet
 facet normal -0.000000e+00  0.000000e+00 -1.000000e+00
   outer loop
     vertex  5.530143e+01  1.315014e+02  5.980000e+00
     vertex  5.528277e+01  1.314586e+02  5.980000e+00
     vertex  4.985000e+01  1.358000e+02  5.980000e+00
   endloop
 endfacet
 facet normal -0.000000e+00  0.000000e+00 -1.000000e+00
   outer loop
     vertex  5.532126e+01  1.315436e+02  5.980000e+00
     vertex  5.530143e+01  1.315014e+02  5.980000e+00
     vertex  4.985000e+01  1.358000e+02  5.980000e+00
   endloop
 endfacet
 facet normal -0.000000e+00  0.000000e+00 -1.000000e+00
   outer loop
     vertex  5.534223e+01  1.315853e+02  5.980000e+00
     vertex  5.532126e+01  1.315436e+02  5.980000e+00
     vertex  4.985000e+01  1.358000e+02  5.980000e+00
   endloop
 endfacet
 facet normal -0.000000e+00  0.000000e+00 -1.000000e+00
   outer loop
     vertex  5.536434e+01  1.316263e+02  5.980000e+00
     vertex  5.534223e+01  1.315853e+02  5.980000e+00
     vertex  4.985000e+01  1.358000e+02  5.980000e+00
   endloop
 endfacet
 facet normal -0.000000e+00  0.000000e+00 -1.000000e+00
   outer loop
     vertex  5.538757e+01  1.316668e+02  5.980000e+00
     vertex  5.536434e+01  1.316263e+02  5.980000e+00
     vertex  4.985000e+01  1.358000e+02  5.980000e+00
   endloop
 endfacet
 facet normal -0.000000e+00  0.000000e+00 -1.000000e+00
   outer loop
     vertex  5.541190e+01  1.317066e+02  5.980000e+00
     vertex  5.538757e+01  1.316668e+02  5.980000e+00
     vertex  4.985000e+01  1.358000e+02  5.980000e+00
   endloop
 endfacet
 facet normal -0.000000e+00  0.000000e+00 -1.000000e+00
   outer loop
     vertex  5.543731e+01  1.317457e+02  5.980000e+00
     vertex  5.541190e+01  1.317066e+02  5.980000e+00
     vertex  4.985000e+01  1.358000e+02  5.980000e+00
   endloop
 endfacet
 facet normal -0.000000e+00  0.000000e+00 -1.000000e+00
   outer loop
     vertex  5.546379e+01  1.317841e+02  5.980000e+00
     vertex  5.543731e+01  1.317457e+02  5.980000e+00
     vertex  4.985000e+01  1.358000e+02  5.980000e+00
   endloop
 endfacet
 facet normal -0.000000e+00  0.000000e+00 -1.000000e+00
   outer loop
     vertex  5.549131e+01  1.318217e+02  5.980000e+00
     vertex  5.546379e+01  1.317841e+02  5.980000e+00
     vertex  4.985000e+01  1.358000e+02  5.980000e+00
   endloop
 endfacet
 facet normal -0.000000e+00  0.000000e+00 -1.000000e+00
   outer loop
     vertex  5.551985e+01  1.318586e+02  5.980000e+00
     vertex  5.549131e+01  1.318217e+02  5.980000e+00
     vertex  4.985000e+01  1.358000e+02  5.980000e+00
   endloop
 endfacet
 facet normal -0.000000e+00  0.000000e+00 -1.000000e+00
   outer loop
     vertex  5.554939e+01  1.318947e+02  5.980000e+00
     vertex  5.551985e+01  1.318586e+02  5.980000e+00
     vertex  4.985000e+01  1.358000e+02  5.980000e+00
   endloop
 endfacet
 facet normal -0.000000e+00  0.000000e+00 -1.000000e+00
   outer loop
     vertex  5.557991e+01  1.319300e+02  5.980000e+00
     vertex  5.554939e+01  1.318947e+02  5.980000e+00
     vertex  4.985000e+01  1.358000e+02  5.980000e+00
   endloop
 endfacet
 facet normal -0.000000e+00  0.000000e+00 -1.000000e+00
   outer loop
     vertex  5.561139e+01  1.319644e+02  5.980000e+00
     vertex  5.557991e+01  1.319300e+02  5.980000e+00
     vertex  4.985000e+01  1.358000e+02  5.980000e+00
   endloop
 endfacet
 facet normal -0.000000e+00  0.000000e+00 -1.000000e+00
   outer loop
     vertex  5.564380e+01  1.319980e+02  5.980000e+00
     vertex  5.561139e+01  1.319644e+02  5.980000e+00
     vertex  4.985000e+01  1.358000e+02  5.980000e+00
   endloop
 endfacet
 facet normal -0.000000e+00  0.000000e+00 -1.000000e+00
   outer loop
     vertex  5.567712e+01  1.320306e+02  5.980000e+00
     vertex  5.564380e+01  1.319980e+02  5.980000e+00
     vertex  4.985000e+01  1.358000e+02  5.980000e+00
   endloop
 endfacet
 facet normal -0.000000e+00  0.000000e+00 -1.000000e+00
   outer loop
     vertex  5.571132e+01  1.320623e+02  5.980000e+00
     vertex  5.567712e+01  1.320306e+02  5.980000e+00
     vertex  4.985000e+01  1.358000e+02  5.980000e+00
   endloop
 endfacet
 facet normal -0.000000e+00  0.000000e+00 -1.000000e+00
   outer loop
     vertex  5.574638e+01  1.320931e+02  5.980000e+00
     vertex  5.571132e+01  1.320623e+02  5.980000e+00
     vertex  4.985000e+01  1.358000e+02  5.980000e+00
   endloop
 endfacet
 facet normal -0.000000e+00  0.000000e+00 -1.000000e+00
   outer loop
     vertex  5.578227e+01  1.321229e+02  5.980000e+00
     vertex  5.574638e+01  1.320931e+02  5.980000e+00
     vertex  4.985000e+01  1.358000e+02  5.980000e+00
   endloop
 endfacet
 facet normal -0.000000e+00  0.000000e+00 -1.000000e+00
   outer loop
     vertex  5.581896e+01  1.321517e+02  5.980000e+00
     vertex  5.578227e+01  1.321229e+02  5.980000e+00
     vertex  4.985000e+01  1.358000e+02  5.980000e+00
   endloop
 endfacet
 facet normal -0.000000e+00  0.000000e+00 -1.000000e+00
   outer loop
     vertex  5.585643e+01  1.321794e+02  5.980000e+00
     vertex  5.581896e+01  1.321517e+02  5.980000e+00
     vertex  4.985000e+01  1.358000e+02  5.980000e+00
   endloop
 endfacet
 facet normal -0.000000e+00  0.000000e+00 -1.000000e+00
   outer loop
     vertex  5.589465e+01  1.322062e+02  5.980000e+00
     vertex  5.585643e+01  1.321794e+02  5.980000e+00
     vertex  4.985000e+01  1.358000e+02  5.980000e+00
   endloop
 endfacet
 facet normal -0.000000e+00  0.000000e+00 -1.000000e+00
   outer loop
     vertex  5.593359e+01  1.322318e+02  5.980000e+00
     vertex  5.589465e+01  1.322062e+02  5.980000e+00
     vertex  4.985000e+01  1.358000e+02  5.980000e+00
   endloop
 endfacet
 facet normal -0.000000e+00  0.000000e+00 -1.000000e+00
   outer loop
     vertex  5.597321e+01  1.322564e+02  5.980000e+00
     vertex  5.593359e+01  1.322318e+02  5.980000e+00
     vertex  4.985000e+01  1.358000e+02  5.980000e+00
   endloop
 endfacet
 facet normal -0.000000e+00  0.000000e+00 -1.000000e+00
   outer loop
     vertex  5.601350e+01  1.322800e+02  5.980000e+00
     vertex  5.597321e+01  1.322564e+02  5.980000e+00
     vertex  4.985000e+01  1.358000e+02  5.980000e+00
   endloop
 endfacet
 facet normal -0.000000e+00  0.000000e+00 -1.000000e+00
   outer loop
     vertex  5.605442e+01  1.323023e+02  5.980000e+00
     vertex  5.601350e+01  1.322800e+02  5.980000e+00
     vertex  4.985000e+01  1.358000e+02  5.980000e+00
   endloop
 endfacet
 facet normal -0.000000e+00  0.000000e+00 -1.000000e+00
   outer loop
     vertex  5.609593e+01  1.323236e+02  5.980000e+00
     vertex  5.605442e+01  1.323023e+02  5.980000e+00
     vertex  4.985000e+01  1.358000e+02  5.980000e+00
   endloop
 endfacet
 facet normal -0.000000e+00  0.000000e+00 -1.000000e+00
   outer loop
     vertex  5.613801e+01  1.323437e+02  5.980000e+00
     vertex  5.609593e+01  1.323236e+02  5.980000e+00
     vertex  4.985000e+01  1.358000e+02  5.980000e+00
   endloop
 endfacet
 facet normal -0.000000e+00  0.000000e+00 -1.000000e+00
   outer loop
     vertex  5.618063e+01  1.323627e+02  5.980000e+00
     vertex  5.613801e+01  1.323437e+02  5.980000e+00
     vertex  4.985000e+01  1.358000e+02  5.980000e+00
   endloop
 endfacet
 facet normal -0.000000e+00  0.000000e+00 -1.000000e+00
   outer loop
     vertex  5.622375e+01  1.323804e+02  5.980000e+00
     vertex  5.618063e+01  1.323627e+02  5.980000e+00
     vertex  4.985000e+01  1.358000e+02  5.980000e+00
   endloop
 endfacet
 facet normal -0.000000e+00  0.000000e+00 -1.000000e+00
   outer loop
     vertex  5.626735e+01  1.323970e+02  5.980000e+00
     vertex  5.622375e+01  1.323804e+02  5.980000e+00
     vertex  4.985000e+01  1.358000e+02  5.980000e+00
   endloop
 endfacet
 facet normal -0.000000e+00  0.000000e+00 -1.000000e+00
   outer loop
     vertex  5.631138e+01  1.324124e+02  5.980000e+00
     vertex  5.626735e+01  1.323970e+02  5.980000e+00
     vertex  4.985000e+01  1.358000e+02  5.980000e+00
   endloop
 endfacet
 facet normal -0.000000e+00  0.000000e+00 -1.000000e+00
   outer loop
     vertex  5.635582e+01  1.324266e+02  5.980000e+00
     vertex  5.631138e+01  1.324124e+02  5.980000e+00
     vertex  4.985000e+01  1.358000e+02  5.980000e+00
   endloop
 endfacet
 facet normal -0.000000e+00  0.000000e+00 -1.000000e+00
   outer loop
     vertex  5.640063e+01  1.324395e+02  5.980000e+00
     vertex  5.635582e+01  1.324266e+02  5.980000e+00
     vertex  4.985000e+01  1.358000e+02  5.980000e+00
   endloop
 endfacet
 facet normal -0.000000e+00  0.000000e+00 -1.000000e+00
   outer loop
     vertex  5.644578e+01  1.324512e+02  5.980000e+00
     vertex  5.640063e+01  1.324395e+02  5.980000e+00
     vertex  4.985000e+01  1.358000e+02  5.980000e+00
   endloop
 endfacet
 facet normal -0.000000e+00  0.000000e+00 -1.000000e+00
   outer loop
     vertex  5.649123e+01  1.324617e+02  5.980000e+00
     vertex  5.644578e+01  1.324512e+02  5.980000e+00
     vertex  4.985000e+01  1.358000e+02  5.980000e+00
   endloop
 endfacet
 facet normal -0.000000e+00  0.000000e+00 -1.000000e+00
   outer loop
     vertex  5.653695e+01  1.324709e+02  5.980000e+00
     vertex  5.649123e+01  1.324617e+02  5.980000e+00
     vertex  4.985000e+01  1.358000e+02  5.980000e+00
   endloop
 endfacet
 facet normal -0.000000e+00  0.000000e+00 -1.000000e+00
   outer loop
     vertex  5.658291e+01  1.324789e+02  5.980000e+00
     vertex  5.653695e+01  1.324709e+02  5.980000e+00
     vertex  4.985000e+01  1.358000e+02  5.980000e+00
   endloop
 endfacet
 facet normal -0.000000e+00  0.000000e+00 -1.000000e+00
   outer loop
     vertex  5.662907e+01  1.324856e+02  5.980000e+00
     vertex  5.658291e+01  1.324789e+02  5.980000e+00
     vertex  4.985000e+01  1.358000e+02  5.980000e+00
   endloop
 endfacet
 facet normal -0.000000e+00  0.000000e+00 -1.000000e+00
   outer loop
     vertex  5.667539e+01  1.324910e+02  5.980000e+00
     vertex  5.662907e+01  1.324856e+02  5.980000e+00
     vertex  4.985000e+01  1.358000e+02  5.980000e+00
   endloop
 endfacet
 facet normal -0.000000e+00  0.000000e+00 -1.000000e+00
   outer loop
     vertex  5.672185e+01  1.324952e+02  5.980000e+00
     vertex  5.667539e+01  1.324910e+02  5.980000e+00
     vertex  4.985000e+01  1.358000e+02  5.980000e+00
   endloop
 endfacet
 facet normal -0.000000e+00  0.000000e+00 -1.000000e+00
   outer loop
     vertex  5.676840e+01  1.324980e+02  5.980000e+00
     vertex  5.672185e+01  1.324952e+02  5.980000e+00
     vertex  4.985000e+01  1.358000e+02  5.980000e+00
   endloop
 endfacet
 facet normal -0.000000e+00  0.000000e+00 -1.000000e+00
   outer loop
     vertex  5.681502e+01  1.324996e+02  5.980000e+00
     vertex  5.676840e+01  1.324980e+02  5.980000e+00
     vertex  4.985000e+01  1.358000e+02  5.980000e+00
   endloop
 endfacet
 facet normal  0.000000e+00  0.000000e+00 -1.000000e+00
   outer loop
     vertex  6.385000e+01  1.256000e+02  5.980000e+00
     vertex  5.793578e+01  1.294919e+02  5.980000e+00
     vertex  5.797125e+01  1.295222e+02  5.980000e+00
   endloop
 endfacet
 facet normal  0.000000e+00  0.000000e+00 -1.000000e+00
   outer loop
     vertex  6.385000e+01  1.256000e+02  5.980000e+00
     vertex  5.797125e+01  1.295222e+02  5.980000e+00
     vertex  5.800589e+01  1.295534e+02  5.980000e+00
   endloop
 endfacet
 facet normal  0.000000e+00  0.000000e+00 -1.000000e+00
   outer loop
     vertex  6.385000e+01  1.256000e+02  5.980000e+00
     vertex  5.800589e+01  1.295534e+02  5.980000e+00
     vertex  5.803965e+01  1.295856e+02  5.980000e+00
   endloop
 endfacet
 facet normal  0.000000e+00  0.000000e+00 -1.000000e+00
   outer loop
     vertex  6.385000e+01  1.256000e+02  5.980000e+00
     vertex  5.803965e+01  1.295856e+02  5.980000e+00
     vertex  5.807252e+01  1.296187e+02  5.980000e+00
   endloop
 endfacet
 facet normal  0.000000e+00  0.000000e+00 -1.000000e+00
   outer loop
     vertex  6.385000e+01  1.256000e+02  5.980000e+00
     vertex  5.807252e+01  1.296187e+02  5.980000e+00
     vertex  5.810447e+01  1.296527e+02  5.980000e+00
   endloop
 endfacet
 facet normal  0.000000e+00  0.000000e+00 -1.000000e+00
   outer loop
     vertex  6.385000e+01  1.256000e+02  5.980000e+00
     vertex  5.810447e+01  1.296527e+02  5.980000e+00
     vertex  5.813547e+01  1.296875e+02  5.980000e+00
   endloop
 endfacet
 facet normal  0.000000e+00  0.000000e+00 -1.000000e+00
   outer loop
     vertex  6.385000e+01  1.256000e+02  5.980000e+00
     vertex  5.813547e+01  1.296875e+02  5.980000e+00
     vertex  5.816550e+01  1.297232e+02  5.980000e+00
   endloop
 endfacet
 facet normal  0.000000e+00  0.000000e+00 -1.000000e+00
   outer loop
     vertex  6.385000e+01  1.256000e+02  5.980000e+00
     vertex  5.816550e+01  1.297232e+02  5.980000e+00
     vertex  5.819455e+01  1.297597e+02  5.980000e+00
   endloop
 endfacet
 facet normal  0.000000e+00  0.000000e+00 -1.000000e+00
   outer loop
     vertex  6.385000e+01  1.256000e+02  5.980000e+00
     vertex  5.819455e+01  1.297597e+02  5.980000e+00
     vertex  5.822258e+01  1.297970e+02  5.980000e+00
   endloop
 endfacet
 facet normal  0.000000e+00  0.000000e+00 -1.000000e+00
   outer loop
     vertex  6.385000e+01  1.256000e+02  5.980000e+00
     vertex  5.822258e+01  1.297970e+02  5.980000e+00
     vertex  5.824958e+01  1.298350e+02  5.980000e+00
   endloop
 endfacet
 facet normal  0.000000e+00  0.000000e+00 -1.000000e+00
   outer loop
     vertex  6.385000e+01  1.256000e+02  5.980000e+00
     vertex  5.824958e+01  1.298350e+02  5.980000e+00
     vertex  5.827553e+01  1.298738e+02  5.980000e+00
   endloop
 endfacet
 facet normal  0.000000e+00  0.000000e+00 -1.000000e+00
   outer loop
     vertex  6.385000e+01  1.256000e+02  5.980000e+00
     vertex  5.827553e+01  1.298738e+02  5.980000e+00
     vertex  5.830040e+01  1.299132e+02  5.980000e+00
   endloop
 endfacet
 facet normal  0.000000e+00  0.000000e+00 -1.000000e+00
   outer loop
     vertex  6.385000e+01  1.256000e+02  5.980000e+00
     vertex  5.830040e+01  1.299132e+02  5.980000e+00
     vertex  5.832418e+01  1.299534e+02  5.980000e+00
   endloop
 endfacet
 facet normal  0.000000e+00  0.000000e+00 -1.000000e+00
   outer loop
     vertex  6.385000e+01  1.256000e+02  5.980000e+00
     vertex  5.832418e+01  1.299534e+02  5.980000e+00
     vertex  5.834685e+01  1.299941e+02  5.980000e+00
   endloop
 endfacet
 facet normal  0.000000e+00  0.000000e+00 -1.000000e+00
   outer loop
     vertex  6.385000e+01  1.256000e+02  5.980000e+00
     vertex  5.834685e+01  1.299941e+02  5.980000e+00
     vertex  5.836840e+01  1.300355e+02  5.980000e+00
   endloop
 endfacet
 facet normal  0.000000e+00  0.000000e+00 -1.000000e+00
   outer loop
     vertex  6.385000e+01  1.256000e+02  5.980000e+00
     vertex  5.836840e+01  1.300355e+02  5.980000e+00
     vertex  5.838880e+01  1.300774e+02  5.980000e+00
   endloop
 endfacet
 facet normal  0.000000e+00  0.000000e+00 -1.000000e+00
   outer loop
     vertex  6.385000e+01  1.256000e+02  5.980000e+00
     vertex  5.838880e+01  1.300774e+02  5.980000e+00
     vertex  5.840804e+01  1.301199e+02  5.980000e+00
   endloop
 endfacet
 facet normal  0.000000e+00  0.000000e+00 -1.000000e+00
   outer loop
     vertex  6.385000e+01  1.256000e+02  5.980000e+00
     vertex  5.840804e+01  1.301199e+02  5.980000e+00
     vertex  5.842612e+01  1.301629e+02  5.980000e+00
   endloop
 endfacet
 facet normal  0.000000e+00  0.000000e+00 -1.000000e+00
   outer loop
     vertex  6.385000e+01  1.256000e+02  5.980000e+00
     vertex  5.842612e+01  1.301629e+02  5.980000e+00
     vertex  5.844300e+01  1.302064e+02  5.980000e+00
   endloop
 endfacet
 facet normal  0.000000e+00  0.000000e+00 -1.000000e+00
   outer loop
     vertex  6.385000e+01  1.256000e+02  5.980000e+00
     vertex  5.844300e+01  1.302064e+02  5.980000e+00
     vertex  5.845868e+01  1.302503e+02  5.980000e+00
   endloop
 endfacet
 facet normal  0.000000e+00  0.000000e+00 -1.000000e+00
   outer loop
     vertex  6.385000e+01  1.256000e+02  5.980000e+00
     vertex  5.845868e+01  1.302503e+02  5.980000e+00
     vertex  5.847316e+01  1.302947e+02  5.980000e+00
   endloop
 endfacet
 facet normal  0.000000e+00  0.000000e+00 -1.000000e+00
   outer loop
     vertex  6.385000e+01  1.256000e+02  5.980000e+00
     vertex  5.847316e+01  1.302947e+02  5.980000e+00
     vertex  5.848641e+01  1.303394e+02  5.980000e+00
   endloop
 endfacet
 facet normal  0.000000e+00  0.000000e+00 -1.000000e+00
   outer loop
     vertex  6.385000e+01  1.256000e+02  5.980000e+00
     vertex  5.848641e+01  1.303394e+02  5.980000e+00
     vertex  5.849843e+01  1.303845e+02  5.980000e+00
   endloop
 endfacet
 facet normal  0.000000e+00  0.000000e+00 -1.000000e+00
   outer loop
     vertex  6.385000e+01  1.256000e+02  5.980000e+00
     vertex  5.849843e+01  1.303845e+02  5.980000e+00
     vertex  5.850921e+01  1.304298e+02  5.980000e+00
   endloop
 endfacet
 facet normal  0.000000e+00  0.000000e+00 -1.000000e+00
   outer loop
     vertex  6.385000e+01  1.256000e+02  5.980000e+00
     vertex  5.850921e+01  1.304298e+02  5.980000e+00
     vertex  5.851874e+01  1.304755e+02  5.980000e+00
   endloop
 endfacet
 facet normal  0.000000e+00  0.000000e+00 -1.000000e+00
   outer loop
     vertex  6.385000e+01  1.256000e+02  5.980000e+00
     vertex  5.851874e+01  1.304755e+02  5.980000e+00
     vertex  5.852702e+01  1.305214e+02  5.980000e+00
   endloop
 endfacet
 facet normal  0.000000e+00  0.000000e+00 -1.000000e+00
   outer loop
     vertex  6.385000e+01  1.256000e+02  5.980000e+00
     vertex  5.852702e+01  1.305214e+02  5.980000e+00
     vertex  5.853403e+01  1.305675e+02  5.980000e+00
   endloop
 endfacet
 facet normal  0.000000e+00  0.000000e+00 -1.000000e+00
   outer loop
     vertex  6.385000e+01  1.256000e+02  5.980000e+00
     vertex  5.853403e+01  1.305675e+02  5.980000e+00
     vertex  5.853977e+01  1.306138e+02  5.980000e+00
   endloop
 endfacet
 facet normal  0.000000e+00  0.000000e+00 -1.000000e+00
   outer loop
     vertex  6.385000e+01  1.256000e+02  5.980000e+00
     vertex  5.853977e+01  1.306138e+02  5.980000e+00
     vertex  5.854424e+01  1.306602e+02  5.980000e+00
   endloop
 endfacet
 facet normal  0.000000e+00  0.000000e+00 -1.000000e+00
   outer loop
     vertex  6.385000e+01  1.256000e+02  5.980000e+00
     vertex  5.854424e+01  1.306602e+02  5.980000e+00
     vertex  5.854744e+01  1.307068e+02  5.980000e+00
   endloop
 endfacet
 facet normal  0.000000e+00  0.000000e+00 -1.000000e+00
   outer loop
     vertex  6.385000e+01  1.256000e+02  5.980000e+00
     vertex  5.854744e+01  1.307068e+02  5.980000e+00
     vertex  5.854936e+01  1.307534e+02  5.980000e+00
   endloop
 endfacet
 facet normal  0.000000e+00  0.000000e+00 -1.000000e+00
   outer loop
     vertex  6.385000e+01  1.256000e+02  5.980000e+00
     vertex  4.985000e+01  1.256000e+02  5.980000e+00
     vertex  5.686166e+01  1.291000e+02  5.980000e+00
   endloop
 endfacet
 facet normal  0.000000e+00  0.000000e+00 -1.000000e+00
   outer loop
     vertex  6.385000e+01  1.256000e+02  5.980000e+00
     vertex  5.686166e+01  1.291000e+02  5.980000e+00
     vertex  5.690829e+01  1.291010e+02  5.980000e+00
   endloop
 endfacet
 facet normal  0.000000e+00  0.000000e+00 -1.000000e+00
   outer loop
     vertex  6.385000e+01  1.256000e+02  5.980000e+00
     vertex  5.690829e+01  1.291010e+02  5.980000e+00
     vertex  5.695488e+01  1.291032e+02  5.980000e+00
   endloop
 endfacet
 facet normal  0.000000e+00  0.000000e+00 -1.000000e+00
   outer loop
     vertex  6.385000e+01  1.256000e+02  5.980000e+00
     vertex  5.695488e+01  1.291032e+02  5.980000e+00
     vertex  5.700139e+01  1.291068e+02  5.980000e+00
   endloop
 endfacet
 facet normal  0.000000e+00  0.000000e+00 -1.000000e+00
   outer loop
     vertex  6.385000e+01  1.256000e+02  5.980000e+00
     vertex  5.700139e+01  1.291068e+02  5.980000e+00
     vertex  5.704779e+01  1.291115e+02  5.980000e+00
   endloop
 endfacet
 facet normal  0.000000e+00  0.000000e+00 -1.000000e+00
   outer loop
     vertex  6.385000e+01  1.256000e+02  5.980000e+00
     vertex  5.704779e+01  1.291115e+02  5.980000e+00
     vertex  5.709403e+01  1.291176e+02  5.980000e+00
   endloop
 endfacet
 facet normal  0.000000e+00  0.000000e+00 -1.000000e+00
   outer loop
     vertex  6.385000e+01  1.256000e+02  5.980000e+00
     vertex  5.709403e+01  1.291176e+02  5.980000e+00
     vertex  5.714010e+01  1.291249e+02  5.980000e+00
   endloop
 endfacet
 facet normal  0.000000e+00  0.000000e+00 -1.000000e+00
   outer loop
     vertex  6.385000e+01  1.256000e+02  5.980000e+00
     vertex  5.714010e+01  1.291249e+02  5.980000e+00
     vertex  5.718594e+01  1.291335e+02  5.980000e+00
   endloop
 endfacet
 facet normal  0.000000e+00  0.000000e+00 -1.000000e+00
   outer loop
     vertex  6.385000e+01  1.256000e+02  5.980000e+00
     vertex  5.718594e+01  1.291335e+02  5.980000e+00
     vertex  5.723153e+01  1.291434e+02  5.980000e+00
   endloop
 endfacet
 facet normal  0.000000e+00  0.000000e+00 -1.000000e+00
   outer loop
     vertex  6.385000e+01  1.256000e+02  5.980000e+00
     vertex  5.723153e+01  1.291434e+02  5.980000e+00
     vertex  5.727684e+01  1.291545e+02  5.980000e+00
   endloop
 endfacet
 facet normal  0.000000e+00  0.000000e+00 -1.000000e+00
   outer loop
     vertex  6.385000e+01  1.256000e+02  5.980000e+00
     vertex  5.727684e+01  1.291545e+02  5.980000e+00
     vertex  5.732182e+01  1.291668e+02  5.980000e+00
   endloop
 endfacet
 facet normal  0.000000e+00  0.000000e+00 -1.000000e+00
   outer loop
     vertex  6.385000e+01  1.256000e+02  5.980000e+00
     vertex  5.732182e+01  1.291668e+02  5.980000e+00
     vertex  5.736645e+01  1.291803e+02  5.980000e+00
   endloop
 endfacet
 facet normal  0.000000e+00  0.000000e+00 -1.000000e+00
   outer loop
     vertex  6.385000e+01  1.256000e+02  5.980000e+00
     vertex  5.736645e+01  1.291803e+02  5.980000e+00
     vertex  5.741069e+01  1.291951e+02  5.980000e+00
   endloop
 endfacet
 facet normal  0.000000e+00  0.000000e+00 -1.000000e+00
   outer loop
     vertex  6.385000e+01  1.256000e+02  5.980000e+00
     vertex  5.741069e+01  1.291951e+02  5.980000e+00
     vertex  5.745451e+01  1.292111e+02  5.980000e+00
   endloop
 endfacet
 facet normal  0.000000e+00  0.000000e+00 -1.000000e+00
   outer loop
     vertex  6.385000e+01  1.256000e+02  5.980000e+00
     vertex  5.745451e+01  1.292111e+02  5.980000e+00
     vertex  5.749787e+01  1.292283e+02  5.980000e+00
   endloop
 endfacet
 facet normal  0.000000e+00  0.000000e+00 -1.000000e+00
   outer loop
     vertex  6.385000e+01  1.256000e+02  5.980000e+00
     vertex  5.749787e+01  1.292283e+02  5.980000e+00
     vertex  5.754074e+01  1.292467e+02  5.980000e+00
   endloop
 endfacet
 facet normal  0.000000e+00  0.000000e+00 -1.000000e+00
   outer loop
     vertex  6.385000e+01  1.256000e+02  5.980000e+00
     vertex  5.754074e+01  1.292467e+02  5.980000e+00
     vertex  5.758310e+01  1.292662e+02  5.980000e+00
   endloop
 endfacet
 facet normal  0.000000e+00  0.000000e+00 -1.000000e+00
   outer loop
     vertex  6.385000e+01  1.256000e+02  5.980000e+00
     vertex  5.758310e+01  1.292662e+02  5.980000e+00
     vertex  5.762490e+01  1.292869e+02  5.980000e+00
   endloop
 endfacet
 facet normal  0.000000e+00  0.000000e+00 -1.000000e+00
   outer loop
     vertex  6.385000e+01  1.256000e+02  5.980000e+00
     vertex  5.762490e+01  1.292869e+02  5.980000e+00
     vertex  5.766612e+01  1.293087e+02  5.980000e+00
   endloop
 endfacet
 facet normal  0.000000e+00  0.000000e+00 -1.000000e+00
   outer loop
     vertex  6.385000e+01  1.256000e+02  5.980000e+00
     vertex  5.766612e+01  1.293087e+02  5.980000e+00
     vertex  5.770672e+01  1.293317e+02  5.980000e+00
   endloop
 endfacet
 facet normal  0.000000e+00  0.000000e+00 -1.000000e+00
   outer loop
     vertex  6.385000e+01  1.256000e+02  5.980000e+00
     vertex  5.770672e+01  1.293317e+02  5.980000e+00
     vertex  5.774668e+01  1.293557e+02  5.980000e+00
   endloop
 endfacet
 facet normal  0.000000e+00  0.000000e+00 -1.000000e+00
   outer loop
     vertex  6.385000e+01  1.256000e+02  5.980000e+00
     vertex  5.774668e+01  1.293557e+02  5.980000e+00
     vertex  5.778597e+01  1.293809e+02  5.980000e+00
   endloop
 endfacet
 facet normal  0.000000e+00  0.000000e+00 -1.000000e+00
   outer loop
     vertex  6.385000e+01  1.256000e+02  5.980000e+00
     vertex  5.778597e+01  1.293809e+02  5.980000e+00
     vertex  5.782455e+01  1.294071e+02  5.980000e+00
   endloop
 endfacet
 facet normal  0.000000e+00  0.000000e+00 -1.000000e+00
   outer loop
     vertex  6.385000e+01  1.256000e+02  5.980000e+00
     vertex  5.782455e+01  1.294071e+02  5.980000e+00
     vertex  5.786240e+01  1.294343e+02  5.980000e+00
   endloop
 endfacet
 facet normal  0.000000e+00  0.000000e+00 -1.000000e+00
   outer loop
     vertex  6.385000e+01  1.256000e+02  5.980000e+00
     vertex  5.786240e+01  1.294343e+02  5.980000e+00
     vertex  5.789948e+01  1.294626e+02  5.980000e+00
   endloop
 endfacet
 facet normal  0.000000e+00  0.000000e+00 -1.000000e+00
   outer loop
     vertex  6.385000e+01  1.256000e+02  5.980000e+00
     vertex  5.789948e+01  1.294626e+02  5.980000e+00
     vertex  5.793578e+01  1.294919e+02  5.980000e+00
   endloop
 endfacet
 facet normal  0.000000e+00  0.000000e+00 -1.000000e+00
   outer loop
     vertex  6.385000e+01  1.358000e+02  5.980000e+00
     vertex  5.855000e+01  1.308000e+02  5.980000e+00
     vertex  5.854936e+01  1.308466e+02  5.980000e+00
   endloop
 endfacet
 facet normal  0.000000e+00  0.000000e+00 -1.000000e+00
   outer loop
     vertex  6.385000e+01  1.358000e+02  5.980000e+00
     vertex  5.854936e+01  1.308466e+02  5.980000e+00
     vertex  5.854744e+01  1.308932e+02  5.980000e+00
   endloop
 endfacet
 facet normal  0.000000e+00  0.000000e+00 -1.000000e+00
   outer loop
     vertex  6.385000e+01  1.358000e+02  5.980000e+00
     vertex  5.854744e+01  1.308932e+02  5.980000e+00
     vertex  5.854424e+01  1.309398e+02  5.980000e+00
   endloop
 endfacet
 facet normal  0.000000e+00  0.000000e+00 -1.000000e+00
   outer loop
     vertex  6.385000e+01  1.358000e+02  5.980000e+00
     vertex  5.854424e+01  1.309398e+02  5.980000e+00
     vertex  5.853977e+01  1.309862e+02  5.980000e+00
   endloop
 endfacet
 facet normal  0.000000e+00  0.000000e+00 -1.000000e+00
   outer loop
     vertex  6.385000e+01  1.358000e+02  5.980000e+00
     vertex  5.853977e+01  1.309862e+02  5.980000e+00
     vertex  5.853403e+01  1.310325e+02  5.980000e+00
   endloop
 endfacet
 facet normal  0.000000e+00  0.000000e+00 -1.000000e+00
   outer loop
     vertex  6.385000e+01  1.358000e+02  5.980000e+00
     vertex  5.853403e+01  1.310325e+02  5.980000e+00
     vertex  5.852702e+01  1.310786e+02  5.980000e+00
   endloop
 endfacet
 facet normal  0.000000e+00 -0.000000e+00 -1.000000e+00
   outer loop
     vertex  6.385000e+01  1.358000e+02  5.980000e+00
     vertex  6.385000e+01  1.256000e+02  5.980000e+00
     vertex  5.854936e+01  1.307534e+02  5.980000e+00
   endloop
 endfacet
 facet normal  0.000000e+00  0.000000e+00 -1.000000e+00
   outer loop
     vertex  6.385000e+01  1.358000e+02  5.980000e+00
     vertex  5.852702e+01  1.310786e+02  5.980000e+00
     vertex  5.851874e+01  1.311245e+02  5.980000e+00
   endloop
 endfacet
 facet normal  0.000000e+00  0.000000e+00 -1.000000e+00
   outer loop
     vertex  6.385000e+01  1.358000e+02  5.980000e+00
     vertex  5.851874e+01  1.311245e+02  5.980000e+00
     vertex  5.850921e+01  1.311702e+02  5.980000e+00
   endloop
 endfacet
 facet normal  0.000000e+00  0.000000e+00 -1.000000e+00
   outer loop
     vertex  6.385000e+01  1.358000e+02  5.980000e+00
     vertex  5.850921e+01  1.311702e+02  5.980000e+00
     vertex  5.849843e+01  1.312155e+02  5.980000e+00
   endloop
 endfacet
 facet normal  0.000000e+00  0.000000e+00 -1.000000e+00
   outer loop
     vertex  6.385000e+01  1.358000e+02  5.980000e+00
     vertex  5.849843e+01  1.312155e+02  5.980000e+00
     vertex  5.848641e+01  1.312606e+02  5.980000e+00
   endloop
 endfacet
 facet normal  0.000000e+00  0.000000e+00 -1.000000e+00
   outer loop
     vertex  6.385000e+01  1.358000e+02  5.980000e+00
     vertex  5.848641e+01  1.312606e+02  5.980000e+00
     vertex  5.847316e+01  1.313053e+02  5.980000e+00
   endloop
 endfacet
 facet normal  0.000000e+00  0.000000e+00 -1.000000e+00
   outer loop
     vertex  6.385000e+01  1.358000e+02  5.980000e+00
     vertex  5.847316e+01  1.313053e+02  5.980000e+00
     vertex  5.845868e+01  1.313497e+02  5.980000e+00
   endloop
 endfacet
 facet normal  0.000000e+00  0.000000e+00 -1.000000e+00
   outer loop
     vertex  6.385000e+01  1.358000e+02  5.980000e+00
     vertex  5.845868e+01  1.313497e+02  5.980000e+00
     vertex  5.844300e+01  1.313936e+02  5.980000e+00
   endloop
 endfacet
 facet normal  0.000000e+00  0.000000e+00 -1.000000e+00
   outer loop
     vertex  6.385000e+01  1.358000e+02  5.980000e+00
     vertex  5.844300e+01  1.313936e+02  5.980000e+00
     vertex  5.842612e+01  1.314371e+02  5.980000e+00
   endloop
 endfacet
 facet normal  0.000000e+00  0.000000e+00 -1.000000e+00
   outer loop
     vertex  6.385000e+01  1.358000e+02  5.980000e+00
     vertex  5.842612e+01  1.314371e+02  5.980000e+00
     vertex  5.840804e+01  1.314801e+02  5.980000e+00
   endloop
 endfacet
 facet normal  0.000000e+00  0.000000e+00 -1.000000e+00
   outer loop
     vertex  6.385000e+01  1.358000e+02  5.980000e+00
     vertex  5.840804e+01  1.314801e+02  5.980000e+00
     vertex  5.838880e+01  1.315226e+02  5.980000e+00
   endloop
 endfacet
 facet normal  0.000000e+00  0.000000e+00 -1.000000e+00
   outer loop
     vertex  6.385000e+01  1.358000e+02  5.980000e+00
     vertex  5.838880e+01  1.315226e+02  5.980000e+00
     vertex  5.836840e+01  1.315645e+02  5.980000e+00
   endloop
 endfacet
 facet normal  0.000000e+00  0.000000e+00 -1.000000e+00
   outer loop
     vertex  6.385000e+01  1.358000e+02  5.980000e+00
     vertex  5.836840e+01  1.315645e+02  5.980000e+00
     vertex  5.834685e+01  1.316059e+02  5.980000e+00
   endloop
 endfacet
 facet normal  0.000000e+00  0.000000e+00 -1.000000e+00
   outer loop
     vertex  6.385000e+01  1.358000e+02  5.980000e+00
     vertex  5.834685e+01  1.316059e+02  5.980000e+00
     vertex  5.832418e+01  1.316466e+02  5.980000e+00
   endloop
 endfacet
 facet normal  0.000000e+00  0.000000e+00 -1.000000e+00
   outer loop
     vertex  6.385000e+01  1.358000e+02  5.980000e+00
     vertex  5.832418e+01  1.316466e+02  5.980000e+00
     vertex  5.830040e+01  1.316868e+02  5.980000e+00
   endloop
 endfacet
 facet normal  0.000000e+00  0.000000e+00 -1.000000e+00
   outer loop
     vertex  6.385000e+01  1.358000e+02  5.980000e+00
     vertex  5.830040e+01  1.316868e+02  5.980000e+00
     vertex  5.827553e+01  1.317262e+02  5.980000e+00
   endloop
 endfacet
 facet normal  0.000000e+00  0.000000e+00 -1.000000e+00
   outer loop
     vertex  6.385000e+01  1.358000e+02  5.980000e+00
     vertex  5.827553e+01  1.317262e+02  5.980000e+00
     vertex  5.824958e+01  1.317650e+02  5.980000e+00
   endloop
 endfacet
 facet normal  0.000000e+00  0.000000e+00 -1.000000e+00
   outer loop
     vertex  6.385000e+01  1.358000e+02  5.980000e+00
     vertex  5.824958e+01  1.317650e+02  5.980000e+00
     vertex  5.822258e+01  1.318030e+02  5.980000e+00
   endloop
 endfacet
 facet normal  0.000000e+00  0.000000e+00 -1.000000e+00
   outer loop
     vertex  6.385000e+01  1.358000e+02  5.980000e+00
     vertex  5.822258e+01  1.318030e+02  5.980000e+00
     vertex  5.819455e+01  1.318403e+02  5.980000e+00
   endloop
 endfacet
 facet normal  0.000000e+00  0.000000e+00 -1.000000e+00
   outer loop
     vertex  6.385000e+01  1.358000e+02  5.980000e+00
     vertex  5.819455e+01  1.318403e+02  5.980000e+00
     vertex  5.816550e+01  1.318768e+02  5.980000e+00
   endloop
 endfacet
 facet normal  0.000000e+00  0.000000e+00 -1.000000e+00
   outer loop
     vertex  6.385000e+01  1.358000e+02  5.980000e+00
     vertex  5.816550e+01  1.318768e+02  5.980000e+00
     vertex  5.813547e+01  1.319125e+02  5.980000e+00
   endloop
 endfacet
 facet normal  0.000000e+00  0.000000e+00 -1.000000e+00
   outer loop
     vertex  6.385000e+01  1.358000e+02  5.980000e+00
     vertex  5.854936e+01  1.307534e+02  5.980000e+00
     vertex  5.855000e+01  1.308000e+02  5.980000e+00
   endloop
 endfacet
 facet normal  0.000000e+00  0.000000e+00 -1.000000e+00
   outer loop
     vertex  6.385000e+01  1.358000e+02  5.980000e+00
     vertex  5.813547e+01  1.319125e+02  5.980000e+00
     vertex  5.810447e+01  1.319473e+02  5.980000e+00
   endloop
 endfacet
 facet normal  0.000000e+00  0.000000e+00 -1.000000e+00
   outer loop
     vertex  6.385000e+01  1.358000e+02  5.980000e+00
     vertex  5.810447e+01  1.319473e+02  5.980000e+00
     vertex  5.807252e+01  1.319813e+02  5.980000e+00
   endloop
 endfacet
 facet normal  0.000000e+00  0.000000e+00 -1.000000e+00
   outer loop
     vertex  6.385000e+01  1.358000e+02  5.980000e+00
     vertex  5.807252e+01  1.319813e+02  5.980000e+00
     vertex  5.803965e+01  1.320144e+02  5.980000e+00
   endloop
 endfacet
 facet normal  0.000000e+00  0.000000e+00 -1.000000e+00
   outer loop
     vertex  6.385000e+01  1.358000e+02  5.980000e+00
     vertex  5.803965e+01  1.320144e+02  5.980000e+00
     vertex  5.800589e+01  1.320466e+02  5.980000e+00
   endloop
 endfacet
 facet normal  0.000000e+00  0.000000e+00 -1.000000e+00
   outer loop
     vertex  6.385000e+01  1.358000e+02  5.980000e+00
     vertex  5.800589e+01  1.320466e+02  5.980000e+00
     vertex  5.797125e+01  1.320778e+02  5.980000e+00
   endloop
 endfacet
 facet normal  0.000000e+00  0.000000e+00 -1.000000e+00
   outer loop
     vertex  6.385000e+01  1.358000e+02  5.980000e+00
     vertex  5.797125e+01  1.320778e+02  5.980000e+00
     vertex  5.793578e+01  1.321081e+02  5.980000e+00
   endloop
 endfacet
 facet normal  0.000000e+00  0.000000e+00 -1.000000e+00
   outer loop
     vertex  6.385000e+01  1.358000e+02  5.980000e+00
     vertex  5.793578e+01  1.321081e+02  5.980000e+00
     vertex  5.789948e+01  1.321374e+02  5.980000e+00
   endloop
 endfacet
 facet normal  0.000000e+00  0.000000e+00 -1.000000e+00
   outer loop
     vertex  6.385000e+01  1.358000e+02  5.980000e+00
     vertex  5.789948e+01  1.321374e+02  5.980000e+00
     vertex  5.786240e+01  1.321657e+02  5.980000e+00
   endloop
 endfacet
 facet normal  0.000000e+00  0.000000e+00 -1.000000e+00
   outer loop
     vertex  6.385000e+01  1.358000e+02  5.980000e+00
     vertex  5.786240e+01  1.321657e+02  5.980000e+00
     vertex  5.782455e+01  1.321929e+02  5.980000e+00
   endloop
 endfacet
 facet normal  0.000000e+00  0.000000e+00 -1.000000e+00
   outer loop
     vertex  6.385000e+01  1.358000e+02  5.980000e+00
     vertex  5.782455e+01  1.321929e+02  5.980000e+00
     vertex  5.778597e+01  1.322191e+02  5.980000e+00
   endloop
 endfacet
 facet normal  0.000000e+00  0.000000e+00 -1.000000e+00
   outer loop
     vertex  6.385000e+01  1.358000e+02  5.980000e+00
     vertex  5.778597e+01  1.322191e+02  5.980000e+00
     vertex  5.774668e+01  1.322443e+02  5.980000e+00
   endloop
 endfacet
 facet normal  0.000000e+00  0.000000e+00 -1.000000e+00
   outer loop
     vertex  6.385000e+01  1.358000e+02  5.980000e+00
     vertex  5.774668e+01  1.322443e+02  5.980000e+00
     vertex  5.770672e+01  1.322683e+02  5.980000e+00
   endloop
 endfacet
 facet normal  0.000000e+00  0.000000e+00 -1.000000e+00
   outer loop
     vertex  6.385000e+01  1.358000e+02  5.980000e+00
     vertex  5.770672e+01  1.322683e+02  5.980000e+00
     vertex  5.766612e+01  1.322913e+02  5.980000e+00
   endloop
 endfacet
 facet normal  0.000000e+00  0.000000e+00 -1.000000e+00
   outer loop
     vertex  6.385000e+01  1.358000e+02  5.980000e+00
     vertex  5.766612e+01  1.322913e+02  5.980000e+00
     vertex  5.762490e+01  1.323131e+02  5.980000e+00
   endloop
 endfacet
 facet normal  0.000000e+00  0.000000e+00 -1.000000e+00
   outer loop
     vertex  6.385000e+01  1.358000e+02  5.980000e+00
     vertex  5.762490e+01  1.323131e+02  5.980000e+00
     vertex  5.758310e+01  1.323338e+02  5.980000e+00
   endloop
 endfacet
 facet normal  0.000000e+00  0.000000e+00 -1.000000e+00
   outer loop
     vertex  6.385000e+01  1.358000e+02  5.980000e+00
     vertex  5.758310e+01  1.323338e+02  5.980000e+00
     vertex  5.754074e+01  1.323533e+02  5.980000e+00
   endloop
 endfacet
 facet normal  0.000000e+00  0.000000e+00 -1.000000e+00
   outer loop
     vertex  6.385000e+01  1.358000e+02  5.980000e+00
     vertex  5.754074e+01  1.323533e+02  5.980000e+00
     vertex  5.749787e+01  1.323717e+02  5.980000e+00
   endloop
 endfacet
 facet normal  0.000000e+00  0.000000e+00 -1.000000e+00
   outer loop
     vertex  6.385000e+01  1.358000e+02  5.980000e+00
     vertex  5.749787e+01  1.323717e+02  5.980000e+00
     vertex  5.745451e+01  1.323889e+02  5.980000e+00
   endloop
 endfacet
 facet normal  0.000000e+00  0.000000e+00 -1.000000e+00
   outer loop
     vertex  6.385000e+01  1.358000e+02  5.980000e+00
     vertex  5.745451e+01  1.323889e+02  5.980000e+00
     vertex  5.741069e+01  1.324049e+02  5.980000e+00
   endloop
 endfacet
 facet normal  0.000000e+00  0.000000e+00 -1.000000e+00
   outer loop
     vertex  6.385000e+01  1.358000e+02  5.980000e+00
     vertex  5.741069e+01  1.324049e+02  5.980000e+00
     vertex  5.736645e+01  1.324197e+02  5.980000e+00
   endloop
 endfacet
 facet normal  0.000000e+00  0.000000e+00 -1.000000e+00
   outer loop
     vertex  6.385000e+01  1.358000e+02  5.980000e+00
     vertex  5.736645e+01  1.324197e+02  5.980000e+00
     vertex  5.732182e+01  1.324332e+02  5.980000e+00
   endloop
 endfacet
 facet normal  0.000000e+00  0.000000e+00 -1.000000e+00
   outer loop
     vertex  6.385000e+01  1.358000e+02  5.980000e+00
     vertex  5.732182e+01  1.324332e+02  5.980000e+00
     vertex  5.727684e+01  1.324455e+02  5.980000e+00
   endloop
 endfacet
 facet normal  0.000000e+00  0.000000e+00 -1.000000e+00
   outer loop
     vertex  6.385000e+01  1.358000e+02  5.980000e+00
     vertex  5.727684e+01  1.324455e+02  5.980000e+00
     vertex  5.723153e+01  1.324566e+02  5.980000e+00
   endloop
 endfacet
 facet normal  0.000000e+00  0.000000e+00 -1.000000e+00
   outer loop
     vertex  6.385000e+01  1.358000e+02  5.980000e+00
     vertex  5.723153e+01  1.324566e+02  5.980000e+00
     vertex  5.718594e+01  1.324665e+02  5.980000e+00
   endloop
 endfacet
 facet normal  0.000000e+00  0.000000e+00 -1.000000e+00
   outer loop
     vertex  6.385000e+01  1.358000e+02  5.980000e+00
     vertex  5.718594e+01  1.324665e+02  5.980000e+00
     vertex  5.714010e+01  1.324751e+02  5.980000e+00
   endloop
 endfacet
 facet normal  0.000000e+00  0.000000e+00 -1.000000e+00
   outer loop
     vertex  6.385000e+01  1.358000e+02  5.980000e+00
     vertex  5.714010e+01  1.324751e+02  5.980000e+00
     vertex  5.709403e+01  1.324824e+02  5.980000e+00
   endloop
 endfacet
 facet normal  0.000000e+00  0.000000e+00 -1.000000e+00
   outer loop
     vertex  6.385000e+01  1.358000e+02  5.980000e+00
     vertex  5.709403e+01  1.324824e+02  5.980000e+00
     vertex  5.704779e+01  1.324885e+02  5.980000e+00
   endloop
 endfacet
 facet normal  0.000000e+00  0.000000e+00 -1.000000e+00
   outer loop
     vertex  6.385000e+01  1.358000e+02  5.980000e+00
     vertex  5.704779e+01  1.324885e+02  5.980000e+00
     vertex  5.700139e+01  1.324932e+02  5.980000e+00
   endloop
 endfacet
 facet normal  0.000000e+00  0.000000e+00 -1.000000e+00
   outer loop
     vertex  6.385000e+01  1.358000e+02  5.980000e+00
     vertex  5.700139e+01  1.324932e+02  5.980000e+00
     vertex  5.695488e+01  1.324968e+02  5.980000e+00
   endloop
 endfacet
 facet normal  0.000000e+00  0.000000e+00 -1.000000e+00
   outer loop
     vertex  6.385000e+01  1.358000e+02  5.980000e+00
     vertex  5.695488e+01  1.324968e+02  5.980000e+00
     vertex  5.690829e+01  1.324990e+02  5.980000e+00
   endloop
 endfacet
 facet normal  0.000000e+00  0.000000e+00 -1.000000e+00
   outer loop
     vertex  6.385000e+01  1.358000e+02  5.980000e+00
     vertex  5.690829e+01  1.324990e+02  5.980000e+00
     vertex  5.686166e+01  1.325000e+02  5.980000e+00
   endloop
 endfacet
 facet normal -0.000000e+00  0.000000e+00 -1.000000e+00
   outer loop
     vertex  6.385000e+01  1.358000e+02  5.980000e+00
     vertex  5.686166e+01  1.325000e+02  5.980000e+00
     vertex  4.985000e+01  1.358000e+02  5.980000e+00
   endloop
 endfacet
 facet normal -0.000000e+00  0.000000e+00 -1.000000e+00
   outer loop
     vertex  5.686166e+01  1.325000e+02  5.980000e+00
     vertex  5.681502e+01  1.324996e+02  5.980000e+00
     vertex  4.985000e+01  1.358000e+02  5.980000e+00
   endloop
 endfacet
 facet normal -1.000000e+00  0.000000e+00  0.000000e+00
   outer loop
     vertex  4.985000e+01  1.256000e+02  5.980000e+00
     vertex  4.985000e+01  1.358000e+02  7.980000e+00
     vertex  4.985000e+01  1.358000e+02  5.980000e+00
   endloop
 endfacet
 facet normal -1.000000e+00  0.000000e+00  0.000000e+00
   outer loop
     vertex  4.985000e+01  1.256000e+02  7.980000e+00
     vertex  4.985000e+01  1.358000e+02  7.980000e+00
     vertex  4.985000e+01  1.256000e+02  5.980000e+00
   endloop
 endfacet
 facet normal  1.000000e+00  0.000000e+00  0.000000e+00
   outer loop
     vertex  1.489500e+02  4.000000e+00  7.980000e+00
     vertex  1.489500e+02  4.000000e+00  5.980000e+00
     vertex  1.489500e+02  1.420000e+01  5.980000e+00
   endloop
 endfacet
 facet normal  1.000000e+00 -0.000000e+00  0.000000e+00
   outer loop
     vertex  1.489500e+02  4.000000e+00  7.980000e+00
     vertex  1.489500e+02  1.420000e+01  5.980000e+00
     vertex  1.489500e+02  1.420000e+01  7.980000e+00
   endloop
 endfacet
 facet normal -0.000000e+00  0.000000e+00 -1.000000e+00
   outer loop
     vertex  1.407771e+02  7.769408e+00  5.980000e+00
     vertex  1.349500e+02  4.000000e+00  5.980000e+00
     vertex  1.407438e+02  7.802048e+00  5.980000e+00
   endloop
 endfacet
 facet normal  0.000000e+00 -0.000000e+00 -1.000000e+00
   outer loop
     vertex  1.407114e+02  7.835590e+00  5.980000e+00
     vertex  1.407438e+02  7.802048e+00  5.980000e+00
     vertex  1.349500e+02  4.000000e+00  5.980000e+00
   endloop
 endfacet
 facet normal -0.000000e+00  0.000000e+00 -1.000000e+00
   outer loop
     vertex  1.408113e+02  7.737695e+00  5.980000e+00
     vertex  1.349500e+02  4.000000e+00  5.980000e+00
     vertex  1.407771e+02  7.769408e+00  5.980000e+00
   endloop
 endfacet
 facet normal  0.000000e+00 -0.000000e+00 -1.000000e+00
   outer loop
     vertex  1.406799e+02  7.870008e+00  5.980000e+00
     vertex  1.407114e+02  7.835590e+00  5.980000e+00
     vertex  1.349500e+02  4.000000e+00  5.980000e+00
   endloop
 endfacet
 facet normal -0.000000e+00  0.000000e+00 -1.000000e+00
   outer loop
     vertex  1.408464e+02  7.706931e+00  5.980000e+00
     vertex  1.349500e+02  4.000000e+00  5.980000e+00
     vertex  1.408113e+02  7.737695e+00  5.980000e+00
   endloop
 endfacet
 facet normal  0.000000e+00 -0.000000e+00 -1.000000e+00
   outer loop
     vertex  1.406494e+02  7.905277e+00  5.980000e+00
     vertex  1.406799e+02  7.870008e+00  5.980000e+00
     vertex  1.349500e+02  4.000000e+00  5.980000e+00
   endloop
 endfacet
 facet normal -0.000000e+00  0.000000e+00 -1.000000e+00
   outer loop
     vertex  1.408823e+02  7.677141e+00  5.980000e+00
     vertex  1.349500e+02  4.000000e+00  5.980000e+00
     vertex  1.408464e+02  7.706931e+00  5.980000e+00
   endloop
 endfacet
 facet normal  0.000000e+00 -0.000000e+00 -1.000000e+00
   outer loop
     vertex  1.406198e+02  7.941370e+00  5.980000e+00
     vertex  1.406494e+02  7.905277e+00  5.980000e+00
     vertex  1.349500e+02  4.000000e+00  5.980000e+00
   endloop
 endfacet
 facet normal -0.000000e+00  0.000000e+00 -1.000000e+00
   outer loop
     vertex  1.409190e+02  7.648347e+00  5.980000e+00
     vertex  1.349500e+02  4.000000e+00  5.980000e+00
     vertex  1.408823e+02  7.677141e+00  5.980000e+00
   endloop
 endfacet
 facet normal  0.000000e+00 -0.000000e+00 -1.000000e+00
   outer loop
     vertex  1.405913e+02  7.978260e+00  5.980000e+00
     vertex  1.406198e+02  7.941370e+00  5.980000e+00
     vertex  1.349500e+02  4.000000e+00  5.980000e+00
   endloop
 endfacet
 facet normal -0.000000e+00  0.000000e+00 -1.000000e+00
   outer loop
     vertex  1.409564e+02  7.620570e+00  5.980000e+00
     vertex  1.349500e+02  4.000000e+00  5.980000e+00
     vertex  1.409190e+02  7.648347e+00  5.980000e+00
   endloop
 endfacet
 facet normal  0.000000e+00 -0.000000e+00 -1.000000e+00
   outer loop
     vertex  1.405638e+02  8.015919e+00  5.980000e+00
     vertex  1.405913e+02  7.978260e+00  5.980000e+00
     vertex  1.349500e+02  4.000000e+00  5.980000e+00
   endloop
 endfacet
 facet normal -0.000000e+00  0.000000e+00 -1.000000e+00
   outer loop
     vertex  1.409947e+02  7.593832e+00  5.980000e+00
     vertex  1.349500e+02  4.000000e+00  5.980000e+00
     vertex  1.409564e+02  7.620570e+00  5.980000e+00
   endloop
 endfacet
 facet normal  0.000000e+00 -0.000000e+00 -1.000000e+00
   outer loop
     vertex  1.405373e+02  8.054319e+00  5.980000e+00
     vertex  1.405638e+02  8.015919e+00  5.980000e+00
     vertex  1.349500e+02  4.000000e+00  5.980000e+00
   endloop
 endfacet
 facet normal -0.000000e+00  0.000000e+00 -1.000000e+00
   outer loop
     vertex  1.410336e+02  7.568152e+00  5.980000e+00
     vertex  1.349500e+02  4.000000e+00  5.980000e+00
     vertex  1.409947e+02  7.593832e+00  5.980000e+00
   endloop
 endfacet
 facet normal  0.000000e+00 -0.000000e+00 -1.000000e+00
   outer loop
     vertex  1.405119e+02  8.093431e+00  5.980000e+00
     vertex  1.405373e+02  8.054319e+00  5.980000e+00
     vertex  1.349500e+02  4.000000e+00  5.980000e+00
   endloop
 endfacet
 facet normal -0.000000e+00  0.000000e+00 -1.000000e+00
   outer loop
     vertex  1.410732e+02  7.543550e+00  5.980000e+00
     vertex  1.349500e+02  4.000000e+00  5.980000e+00
     vertex  1.410336e+02  7.568152e+00  5.980000e+00
   endloop
 endfacet
 facet normal  0.000000e+00 -0.000000e+00 -1.000000e+00
   outer loop
     vertex  1.404876e+02  8.133225e+00  5.980000e+00
     vertex  1.405119e+02  8.093431e+00  5.980000e+00
     vertex  1.349500e+02  4.000000e+00  5.980000e+00
   endloop
 endfacet
 facet normal -0.000000e+00  0.000000e+00 -1.000000e+00
   outer loop
     vertex  1.411135e+02  7.520045e+00  5.980000e+00
     vertex  1.349500e+02  4.000000e+00  5.980000e+00
     vertex  1.410732e+02  7.543550e+00  5.980000e+00
   endloop
 endfacet
 facet normal  0.000000e+00 -0.000000e+00 -1.000000e+00
   outer loop
     vertex  1.404643e+02  8.173671e+00  5.980000e+00
     vertex  1.404876e+02  8.133225e+00  5.980000e+00
     vertex  1.349500e+02  4.000000e+00  5.980000e+00
   endloop
 endfacet
 facet normal -0.000000e+00  0.000000e+00 -1.000000e+00
   outer loop
     vertex  1.411544e+02  7.497653e+00  5.980000e+00
     vertex  1.349500e+02  4.000000e+00  5.980000e+00
     vertex  1.411135e+02  7.520045e+00  5.980000e+00
   endloop
 endfacet
 facet normal  0.000000e+00 -0.000000e+00 -1.000000e+00
   outer loop
     vertex  1.404422e+02  8.214740e+00  5.980000e+00
     vertex  1.404643e+02  8.173671e+00  5.980000e+00
     vertex  1.349500e+02  4.000000e+00  5.980000e+00
   endloop
 endfacet
 facet normal -0.000000e+00  0.000000e+00 -1.000000e+00
   outer loop
     vertex  1.411959e+02  7.476392e+00  5.980000e+00
     vertex  1.349500e+02  4.000000e+00  5.980000e+00
     vertex  1.411544e+02  7.497653e+00  5.980000e+00
   endloop
 endfacet
 facet normal  0.000000e+00 -0.000000e+00 -1.000000e+00
   outer loop
     vertex  1.404213e+02  8.256400e+00  5.980000e+00
     vertex  1.404422e+02  8.214740e+00  5.980000e+00
     vertex  1.349500e+02  4.000000e+00  5.980000e+00
   endloop
 endfacet
 facet normal -0.000000e+00  0.000000e+00 -1.000000e+00
   outer loop
     vertex  1.412380e+02  7.456279e+00  5.980000e+00
     vertex  1.349500e+02  4.000000e+00  5.980000e+00
     vertex  1.411959e+02  7.476392e+00  5.980000e+00
   endloop
 endfacet
 facet normal  0.000000e+00 -0.000000e+00 -1.000000e+00
   outer loop
     vertex  1.404014e+02  8.298619e+00  5.980000e+00
     vertex  1.404213e+02  8.256400e+00  5.980000e+00
     vertex  1.349500e+02  4.000000e+00  5.980000e+00
   endloop
 endfacet
 facet normal -0.000000e+00  0.000000e+00 -1.000000e+00
   outer loop
     vertex  1.412806e+02  7.437327e+00  5.980000e+00
     vertex  1.349500e+02  4.000000e+00  5.980000e+00
     vertex  1.412380e+02  7.456279e+00  5.980000e+00
   endloop
 endfacet
 facet normal  0.000000e+00 -0.000000e+00 -1.000000e+00
   outer loop
     vertex  1.403828e+02  8.341367e+00  5.980000e+00
     vertex  1.404014e+02  8.298619e+00  5.980000e+00
     vertex  1.349500e+02  4.000000e+00  5.980000e+00
   endloop
 endfacet
 facet normal -0.000000e+00  0.000000e+00 -1.000000e+00
   outer loop
     vertex  1.413238e+02  7.419552e+00  5.980000e+00
     vertex  1.349500e+02  4.000000e+00  5.980000e+00
     vertex  1.412806e+02  7.437327e+00  5.980000e+00
   endloop
 endfacet
 facet normal  0.000000e+00 -0.000000e+00 -1.000000e+00
   outer loop
     vertex  1.403653e+02  8.384610e+00  5.980000e+00
     vertex  1.403828e+02  8.341367e+00  5.980000e+00
     vertex  1.349500e+02  4.000000e+00  5.980000e+00
   endloop
 endfacet
 facet normal -0.000000e+00  0.000000e+00 -1.000000e+00
   outer loop
     vertex  1.413673e+02  7.402966e+00  5.980000e+00
     vertex  1.349500e+02  4.000000e+00  5.980000e+00
     vertex  1.413238e+02  7.419552e+00  5.980000e+00
   endloop
 endfacet
 facet normal  0.000000e+00 -0.000000e+00 -1.000000e+00
   outer loop
     vertex  1.403490e+02  8.428317e+00  5.980000e+00
     vertex  1.403653e+02  8.384610e+00  5.980000e+00
     vertex  1.349500e+02  4.000000e+00  5.980000e+00
   endloop
 endfacet
 facet normal -0.000000e+00  0.000000e+00 -1.000000e+00
   outer loop
     vertex  1.414114e+02  7.387583e+00  5.980000e+00
     vertex  1.349500e+02  4.000000e+00  5.980000e+00
     vertex  1.413673e+02  7.402966e+00  5.980000e+00
   endloop
 endfacet
 facet normal  0.000000e+00 -0.000000e+00 -1.000000e+00
   outer loop
     vertex  1.403339e+02  8.472454e+00  5.980000e+00
     vertex  1.403490e+02  8.428317e+00  5.980000e+00
     vertex  1.349500e+02  4.000000e+00  5.980000e+00
   endloop
 endfacet
 facet normal -0.000000e+00  0.000000e+00 -1.000000e+00
   outer loop
     vertex  1.414558e+02  7.373413e+00  5.980000e+00
     vertex  1.349500e+02  4.000000e+00  5.980000e+00
     vertex  1.414114e+02  7.387583e+00  5.980000e+00
   endloop
 endfacet
 facet normal  0.000000e+00 -0.000000e+00 -1.000000e+00
   outer loop
     vertex  1.403201e+02  8.516988e+00  5.980000e+00
     vertex  1.403339e+02  8.472454e+00  5.980000e+00
     vertex  1.349500e+02  4.000000e+00  5.980000e+00
   endloop
 endfacet
 facet normal -0.000000e+00  0.000000e+00 -1.000000e+00
   outer loop
     vertex  1.415006e+02  7.360468e+00  5.980000e+00
     vertex  1.349500e+02  4.000000e+00  5.980000e+00
     vertex  1.414558e+02  7.373413e+00  5.980000e+00
   endloop
 endfacet
 facet normal  0.000000e+00 -0.000000e+00 -1.000000e+00
   outer loop
     vertex  1.403074e+02  8.561885e+00  5.980000e+00
     vertex  1.403201e+02  8.516988e+00  5.980000e+00
     vertex  1.349500e+02  4.000000e+00  5.980000e+00
   endloop
 endfacet
 facet normal -0.000000e+00  0.000000e+00 -1.000000e+00
   outer loop
     vertex  1.415458e+02  7.348757e+00  5.980000e+00
     vertex  1.349500e+02  4.000000e+00  5.980000e+00
     vertex  1.415006e+02  7.360468e+00  5.980000e+00
   endloop
 endfacet
 facet normal  0.000000e+00 -0.000000e+00 -1.000000e+00
   outer loop
     vertex  1.402960e+02  8.607113e+00  5.980000e+00
     vertex  1.403074e+02  8.561885e+00  5.980000e+00
     vertex  1.349500e+02  4.000000e+00  5.980000e+00
   endloop
 endfacet
 facet normal -0.000000e+00  0.000000e+00 -1.000000e+00
   outer loop
     vertex  1.415912e+02  7.338289e+00  5.980000e+00
     vertex  1.349500e+02  4.000000e+00  5.980000e+00
     vertex  1.415458e+02  7.348757e+00  5.980000e+00
   endloop
 endfacet
 facet normal  0.000000e+00 -0.000000e+00 -1.000000e+00
   outer loop
     vertex  1.402859e+02  8.652636e+00  5.980000e+00
     vertex  1.402960e+02  8.607113e+00  5.980000e+00
     vertex  1.349500e+02  4.000000e+00  5.980000e+00
   endloop
 endfacet
 facet normal -0.000000e+00  0.000000e+00 -1.000000e+00
   outer loop
     vertex  1.416370e+02  7.329072e+00  5.980000e+00
     vertex  1.349500e+02  4.000000e+00  5.980000e+00
     vertex  1.415912e+02  7.338289e+00  5.980000e+00
   endloop
 endfacet
 facet normal  0.000000e+00 -0.000000e+00 -1.000000e+00
   outer loop
     vertex  1.402770e+02  8.698420e+00  5.980000e+00
     vertex  1.402859e+02  8.652636e+00  5.980000e+00
     vertex  1.349500e+02  4.000000e+00  5.980000e+00
   endloop
 endfacet
 facet normal -0.000000e+00  0.000000e+00 -1.000000e+00
   outer loop
     vertex  1.416829e+02  7.321113e+00  5.980000e+00
     vertex  1.349500e+02  4.000000e+00  5.980000e+00
     vertex  1.416370e+02  7.329072e+00  5.980000e+00
   endloop
 endfacet
 facet normal  0.000000e+00 -0.000000e+00 -1.000000e+00
   outer loop
     vertex  1.402693e+02  8.744432e+00  5.980000e+00
     vertex  1.402770e+02  8.698420e+00  5.980000e+00
     vertex  1.349500e+02  4.000000e+00  5.980000e+00
   endloop
 endfacet
 facet normal -0.000000e+00  0.000000e+00 -1.000000e+00
   outer loop
     vertex  1.417291e+02  7.314417e+00  5.980000e+00
     vertex  1.349500e+02  4.000000e+00  5.980000e+00
     vertex  1.416829e+02  7.321113e+00  5.980000e+00
   endloop
 endfacet
 facet normal  0.000000e+00 -0.000000e+00 -1.000000e+00
   outer loop
     vertex  1.402629e+02  8.790636e+00  5.980000e+00
     vertex  1.402693e+02  8.744432e+00  5.980000e+00
     vertex  1.349500e+02  4.000000e+00  5.980000e+00
   endloop
 endfacet
 facet normal -0.000000e+00  0.000000e+00 -1.000000e+00
   outer loop
     vertex  1.417754e+02  7.308991e+00  5.980000e+00
     vertex  1.349500e+02  4.000000e+00  5.980000e+00
     vertex  1.417291e+02  7.314417e+00  5.980000e+00
   endloop
 endfacet
 facet normal  0.000000e+00 -0.000000e+00 -1.000000e+00
   outer loop
     vertex  1.402578e+02  8.836998e+00  5.980000e+00
     vertex  1.402629e+02  8.790636e+00  5.980000e+00
     vertex  1.349500e+02  4.000000e+00  5.980000e+00
   endloop
 endfacet
 facet normal -0.000000e+00  0.000000e+00 -1.000000e+00
   outer loop
     vertex  1.418219e+02  7.304837e+00  5.980000e+00
     vertex  1.349500e+02  4.000000e+00  5.980000e+00
     vertex  1.417754e+02  7.308991e+00  5.980000e+00
   endloop
 endfacet
 facet normal  0.000000e+00 -0.000000e+00 -1.000000e+00
   outer loop
     vertex  1.402540e+02  8.883482e+00  5.980000e+00
     vertex  1.402578e+02  8.836998e+00  5.980000e+00
     vertex  1.349500e+02  4.000000e+00  5.980000e+00
   endloop
 endfacet
 facet normal -0.000000e+00  0.000000e+00 -1.000000e+00
   outer loop
     vertex  1.418684e+02  7.301959e+00  5.980000e+00
     vertex  1.349500e+02  4.000000e+00  5.980000e+00
     vertex  1.418219e+02  7.304837e+00  5.980000e+00
   endloop
 endfacet
 facet normal  0.000000e+00 -0.000000e+00 -1.000000e+00
   outer loop
     vertex  1.402514e+02  8.930054e+00  5.980000e+00
     vertex  1.402540e+02  8.883482e+00  5.980000e+00
     vertex  1.349500e+02  4.000000e+00  5.980000e+00
   endloop
 endfacet
 facet normal -0.000000e+00  0.000000e+00 -1.000000e+00
   outer loop
     vertex  1.419150e+02  7.300360e+00  5.980000e+00
     vertex  1.349500e+02  4.000000e+00  5.980000e+00
     vertex  1.418684e+02  7.301959e+00  5.980000e+00
   endloop
 endfacet
 facet normal  0.000000e+00 -0.000000e+00 -1.000000e+00
   outer loop
     vertex  1.402502e+02  8.976679e+00  5.980000e+00
     vertex  1.402514e+02  8.930054e+00  5.980000e+00
     vertex  1.349500e+02  4.000000e+00  5.980000e+00
   endloop
 endfacet
 facet normal -0.000000e+00  0.000000e+00 -1.000000e+00
   outer loop
     vertex  1.419617e+02  7.300040e+00  5.980000e+00
     vertex  1.349500e+02  4.000000e+00  5.980000e+00
     vertex  1.419150e+02  7.300360e+00  5.980000e+00
   endloop
 endfacet
 facet normal -0.000000e+00  0.000000e+00 -1.000000e+00
   outer loop
     vertex  1.402502e+02  9.023321e+00  5.980000e+00
     vertex  1.349500e+02  4.000000e+00  5.980000e+00
     vertex  1.349500e+02  1.420000e+01  5.980000e+00
   endloop
 endfacet
 facet normal  0.000000e+00 -0.000000e+00 -1.000000e+00
   outer loop
     vertex  1.402502e+02  9.023321e+00  5.980000e+00
     vertex  1.402502e+02  8.976679e+00  5.980000e+00
     vertex  1.349500e+02  4.000000e+00  5.980000e+00
   endloop
 endfacet
 facet normal -0.000000e+00  0.000000e+00 -1.000000e+00
   outer loop
     vertex  1.402514e+02  9.069946e+00  5.980000e+00
     vertex  1.402502e+02  9.023321e+00  5.980000e+00
     vertex  1.349500e+02  1.420000e+01  5.980000e+00
   endloop
 endfacet
 facet normal -0.000000e+00  0.000000e+00 -1.000000e+00
   outer loop
     vertex  1.402540e+02  9.116518e+00  5.980000e+00
     vertex  1.402514e+02  9.069946e+00  5.980000e+00
     vertex  1.349500e+02  1.420000e+01  5.980000e+00
   endloop
 endfacet
 facet normal -0.000000e+00  0.000000e+00 -1.000000e+00
   outer loop
     vertex  1.402578e+02  9.163002e+00  5.980000e+00
     vertex  1.402540e+02  9.116518e+00  5.980000e+00
     vertex  1.349500e+02  1.420000e+01  5.980000e+00
   endloop
 endfacet
 facet normal -0.000000e+00  0.000000e+00 -1.000000e+00
   outer loop
     vertex  1.402629e+02  9.209364e+00  5.980000e+00
     vertex  1.402578e+02  9.163002e+00  5.980000e+00
     vertex  1.349500e+02  1.420000e+01  5.980000e+00
   endloop
 endfacet
 facet normal -0.000000e+00  0.000000e+00 -1.000000e+00
   outer loop
     vertex  1.402693e+02  9.255568e+00  5.980000e+00
     vertex  1.402629e+02  9.209364e+00  5.980000e+00
     vertex  1.349500e+02  1.420000e+01  5.980000e+00
   endloop
 endfacet
 facet normal -0.000000e+00  0.000000e+00 -1.000000e+00
   outer loop
     vertex  1.402770e+02  9.301580e+00  5.980000e+00
     vertex  1.402693e+02  9.255568e+00  5.980000e+00
     vertex  1.349500e+02  1.420000e+01  5.980000e+00
   endloop
 endfacet
 facet normal -0.000000e+00  0.000000e+00 -1.000000e+00
   outer loop
     vertex  1.402859e+02  9.347364e+00  5.980000e+00
     vertex  1.402770e+02  9.301580e+00  5.980000e+00
     vertex  1.349500e+02  1.420000e+01  5.980000e+00
   endloop
 endfacet
 facet normal -0.000000e+00  0.000000e+00 -1.000000e+00
   outer loop
     vertex  1.402960e+02  9.392887e+00  5.980000e+00
     vertex  1.402859e+02  9.347364e+00  5.980000e+00
     vertex  1.349500e+02  1.420000e+01  5.980000e+00
   endloop
 endfacet
 facet normal -0.000000e+00  0.000000e+00 -1.000000e+00
   outer loop
     vertex  1.403074e+02  9.438115e+00  5.980000e+00
     vertex  1.402960e+02  9.392887e+00  5.980000e+00
     vertex  1.349500e+02  1.420000e+01  5.980000e+00
   endloop
 endfacet
 facet normal -0.000000e+00  0.000000e+00 -1.000000e+00
   outer loop
     vertex  1.403201e+02  9.483012e+00  5.980000e+00
     vertex  1.403074e+02  9.438115e+00  5.980000e+00
     vertex  1.349500e+02  1.420000e+01  5.980000e+00
   endloop
 endfacet
 facet normal -0.000000e+00  0.000000e+00 -1.000000e+00
   outer loop
     vertex  1.403339e+02  9.527546e+00  5.980000e+00
     vertex  1.403201e+02  9.483012e+00  5.980000e+00
     vertex  1.349500e+02  1.420000e+01  5.980000e+00
   endloop
 endfacet
 facet normal -0.000000e+00  0.000000e+00 -1.000000e+00
   outer loop
     vertex  1.403490e+02  9.571683e+00  5.980000e+00
     vertex  1.403339e+02  9.527546e+00  5.980000e+00
     vertex  1.349500e+02  1.420000e+01  5.980000e+00
   endloop
 endfacet
 facet normal -0.000000e+00  0.000000e+00 -1.000000e+00
   outer loop
     vertex  1.403653e+02  9.615390e+00  5.980000e+00
     vertex  1.403490e+02  9.571683e+00  5.980000e+00
     vertex  1.349500e+02  1.420000e+01  5.980000e+00
   endloop
 endfacet
 facet normal -0.000000e+00  0.000000e+00 -1.000000e+00
   outer loop
     vertex  1.403828e+02  9.658633e+00  5.980000e+00
     vertex  1.403653e+02  9.615390e+00  5.980000e+00
     vertex  1.349500e+02  1.420000e+01  5.980000e+00
   endloop
 endfacet
 facet normal -0.000000e+00  0.000000e+00 -1.000000e+00
   outer loop
     vertex  1.404014e+02  9.701381e+00  5.980000e+00
     vertex  1.403828e+02  9.658633e+00  5.980000e+00
     vertex  1.349500e+02  1.420000e+01  5.980000e+00
   endloop
 endfacet
 facet normal -0.000000e+00  0.000000e+00 -1.000000e+00
   outer loop
     vertex  1.404213e+02  9.743600e+00  5.980000e+00
     vertex  1.404014e+02  9.701381e+00  5.980000e+00
     vertex  1.349500e+02  1.420000e+01  5.980000e+00
   endloop
 endfacet
 facet normal -0.000000e+00  0.000000e+00 -1.000000e+00
   outer loop
     vertex  1.404422e+02  9.785260e+00  5.980000e+00
     vertex  1.404213e+02  9.743600e+00  5.980000e+00
     vertex  1.349500e+02  1.420000e+01  5.980000e+00
   endloop
 endfacet
 facet normal -0.000000e+00  0.000000e+00 -1.000000e+00
   outer loop
     vertex  1.404643e+02  9.826329e+00  5.980000e+00
     vertex  1.404422e+02  9.785260e+00  5.980000e+00
     vertex  1.349500e+02  1.420000e+01  5.980000e+00
   endloop
 endfacet
 facet normal -0.000000e+00  0.000000e+00 -1.000000e+00
   outer loop
     vertex  1.404876e+02  9.866775e+00  5.980000e+00
     vertex  1.404643e+02  9.826329e+00  5.980000e+00
     vertex  1.349500e+02  1.420000e+01  5.980000e+00
   endloop
 endfacet
 facet normal -0.000000e+00  0.000000e+00 -1.000000e+00
   outer loop
     vertex  1.405119e+02  9.906569e+00  5.980000e+00
     vertex  1.404876e+02  9.866775e+00  5.980000e+00
     vertex  1.349500e+02  1.420000e+01  5.980000e+00
   endloop
 endfacet
 facet normal -0.000000e+00  0.000000e+00 -1.000000e+00
   outer loop
     vertex  1.405373e+02  9.945681e+00  5.980000e+00
     vertex  1.405119e+02  9.906569e+00  5.980000e+00
     vertex  1.349500e+02  1.420000e+01  5.980000e+00
   endloop
 endfacet
 facet normal -0.000000e+00  0.000000e+00 -1.000000e+00
   outer loop
     vertex  1.405638e+02  9.984081e+00  5.980000e+00
     vertex  1.405373e+02  9.945681e+00  5.980000e+00
     vertex  1.349500e+02  1.420000e+01  5.980000e+00
   endloop
 endfacet
 facet normal -0.000000e+00  0.000000e+00 -1.000000e+00
   outer loop
     vertex  1.405913e+02  1.002174e+01  5.980000e+00
     vertex  1.405638e+02  9.984081e+00  5.980000e+00
     vertex  1.349500e+02  1.420000e+01  5.980000e+00
   endloop
 endfacet
 facet normal -0.000000e+00  0.000000e+00 -1.000000e+00
   outer loop
     vertex  1.406198e+02  1.005863e+01  5.980000e+00
     vertex  1.405913e+02  1.002174e+01  5.980000e+00
     vertex  1.349500e+02  1.420000e+01  5.980000e+00
   endloop
 endfacet
 facet normal -0.000000e+00  0.000000e+00 -1.000000e+00
   outer loop
     vertex  1.406494e+02  1.009472e+01  5.980000e+00
     vertex  1.406198e+02  1.005863e+01  5.980000e+00
     vertex  1.349500e+02  1.420000e+01  5.980000e+00
   endloop
 endfacet
 facet normal -0.000000e+00  0.000000e+00 -1.000000e+00
   outer loop
     vertex  1.406799e+02  1.012999e+01  5.980000e+00
     vertex  1.406494e+02  1.009472e+01  5.980000e+00
     vertex  1.349500e+02  1.420000e+01  5.980000e+00
   endloop
 endfacet
 facet normal -0.000000e+00  0.000000e+00 -1.000000e+00
   outer loop
     vertex  1.407114e+02  1.016441e+01  5.980000e+00
     vertex  1.406799e+02  1.012999e+01  5.980000e+00
     vertex  1.349500e+02  1.420000e+01  5.980000e+00
   endloop
 endfacet
 facet normal -0.000000e+00  0.000000e+00 -1.000000e+00
   outer loop
     vertex  1.407438e+02  1.019795e+01  5.980000e+00
     vertex  1.407114e+02  1.016441e+01  5.980000e+00
     vertex  1.349500e+02  1.420000e+01  5.980000e+00
   endloop
 endfacet
 facet normal -0.000000e+00  0.000000e+00 -1.000000e+00
   outer loop
     vertex  1.407771e+02  1.023059e+01  5.980000e+00
     vertex  1.407438e+02  1.019795e+01  5.980000e+00
     vertex  1.349500e+02  1.420000e+01  5.980000e+00
   endloop
 endfacet
 facet normal -0.000000e+00  0.000000e+00 -1.000000e+00
   outer loop
     vertex  1.408113e+02  1.026231e+01  5.980000e+00
     vertex  1.407771e+02  1.023059e+01  5.980000e+00
     vertex  1.349500e+02  1.420000e+01  5.980000e+00
   endloop
 endfacet
 facet normal -0.000000e+00  0.000000e+00 -1.000000e+00
   outer loop
     vertex  1.408464e+02  1.029307e+01  5.980000e+00
     vertex  1.408113e+02  1.026231e+01  5.980000e+00
     vertex  1.349500e+02  1.420000e+01  5.980000e+00
   endloop
 endfacet
 facet normal -0.000000e+00  0.000000e+00 -1.000000e+00
   outer loop
     vertex  1.408823e+02  1.032286e+01  5.980000e+00
     vertex  1.408464e+02  1.029307e+01  5.980000e+00
     vertex  1.349500e+02  1.420000e+01  5.980000e+00
   endloop
 endfacet
 facet normal -0.000000e+00  0.000000e+00 -1.000000e+00
   outer loop
     vertex  1.409190e+02  1.035165e+01  5.980000e+00
     vertex  1.408823e+02  1.032286e+01  5.980000e+00
     vertex  1.349500e+02  1.420000e+01  5.980000e+00
   endloop
 endfacet
 facet normal -0.000000e+00  0.000000e+00 -1.000000e+00
   outer loop
     vertex  1.409564e+02  1.037943e+01  5.980000e+00
     vertex  1.409190e+02  1.035165e+01  5.980000e+00
     vertex  1.349500e+02  1.420000e+01  5.980000e+00
   endloop
 endfacet
 facet normal -0.000000e+00  0.000000e+00 -1.000000e+00
   outer loop
     vertex  1.409947e+02  1.040617e+01  5.980000e+00
     vertex  1.409564e+02  1.037943e+01  5.980000e+00
     vertex  1.349500e+02  1.420000e+01  5.980000e+00
   endloop
 endfacet
 facet normal -0.000000e+00  0.000000e+00 -1.000000e+00
   outer loop
     vertex  1.410336e+02  1.043185e+01  5.980000e+00
     vertex  1.409947e+02  1.040617e+01  5.980000e+00
     vertex  1.349500e+02  1.420000e+01  5.980000e+00
   endloop
 endfacet
 facet normal -0.000000e+00  0.000000e+00 -1.000000e+00
   outer loop
     vertex  1.410732e+02  1.045645e+01  5.980000e+00
     vertex  1.410336e+02  1.043185e+01  5.980000e+00
     vertex  1.349500e+02  1.420000e+01  5.980000e+00
   endloop
 endfacet
 facet normal -0.000000e+00  0.000000e+00 -1.000000e+00
   outer loop
     vertex  1.411135e+02  1.047996e+01  5.980000e+00
     vertex  1.410732e+02  1.045645e+01  5.980000e+00
     vertex  1.349500e+02  1.420000e+01  5.980000e+00
   endloop
 endfacet
 facet normal -0.000000e+00  0.000000e+00 -1.000000e+00
   outer loop
     vertex  1.411544e+02  1.050235e+01  5.980000e+00
     vertex  1.411135e+02  1.047996e+01  5.980000e+00
     vertex  1.349500e+02  1.420000e+01  5.980000e+00
   endloop
 endfacet
 facet normal -0.000000e+00  0.000000e+00 -1.000000e+00
   outer loop
     vertex  1.411959e+02  1.052361e+01  5.980000e+00
     vertex  1.411544e+02  1.050235e+01  5.980000e+00
     vertex  1.349500e+02  1.420000e+01  5.980000e+00
   endloop
 endfacet
 facet normal -0.000000e+00  0.000000e+00 -1.000000e+00
   outer loop
     vertex  1.412380e+02  1.054372e+01  5.980000e+00
     vertex  1.411959e+02  1.052361e+01  5.980000e+00
     vertex  1.349500e+02  1.420000e+01  5.980000e+00
   endloop
 endfacet
 facet normal -0.000000e+00  0.000000e+00 -1.000000e+00
   outer loop
     vertex  1.412806e+02  1.056267e+01  5.980000e+00
     vertex  1.412380e+02  1.054372e+01  5.980000e+00
     vertex  1.349500e+02  1.420000e+01  5.980000e+00
   endloop
 endfacet
 facet normal -0.000000e+00  0.000000e+00 -1.000000e+00
   outer loop
     vertex  1.413238e+02  1.058045e+01  5.980000e+00
     vertex  1.412806e+02  1.056267e+01  5.980000e+00
     vertex  1.349500e+02  1.420000e+01  5.980000e+00
   endloop
 endfacet
 facet normal -0.000000e+00  0.000000e+00 -1.000000e+00
   outer loop
     vertex  1.413673e+02  1.059703e+01  5.980000e+00
     vertex  1.413238e+02  1.058045e+01  5.980000e+00
     vertex  1.349500e+02  1.420000e+01  5.980000e+00
   endloop
 endfacet
 facet normal -0.000000e+00  0.000000e+00 -1.000000e+00
   outer loop
     vertex  1.414114e+02  1.061242e+01  5.980000e+00
     vertex  1.413673e+02  1.059703e+01  5.980000e+00
     vertex  1.349500e+02  1.420000e+01  5.980000e+00
   endloop
 endfacet
 facet normal -0.000000e+00  0.000000e+00 -1.000000e+00
   outer loop
     vertex  1.414558e+02  1.062659e+01  5.980000e+00
     vertex  1.414114e+02  1.061242e+01  5.980000e+00
     vertex  1.349500e+02  1.420000e+01  5.980000e+00
   endloop
 endfacet
 facet normal -0.000000e+00  0.000000e+00 -1.000000e+00
   outer loop
     vertex  1.415006e+02  1.063953e+01  5.980000e+00
     vertex  1.414558e+02  1.062659e+01  5.980000e+00
     vertex  1.349500e+02  1.420000e+01  5.980000e+00
   endloop
 endfacet
 facet normal -0.000000e+00  0.000000e+00 -1.000000e+00
   outer loop
     vertex  1.415458e+02  1.065124e+01  5.980000e+00
     vertex  1.415006e+02  1.063953e+01  5.980000e+00
     vertex  1.349500e+02  1.420000e+01  5.980000e+00
   endloop
 endfacet
 facet normal -0.000000e+00  0.000000e+00 -1.000000e+00
   outer loop
     vertex  1.415912e+02  1.066171e+01  5.980000e+00
     vertex  1.415458e+02  1.065124e+01  5.980000e+00
     vertex  1.349500e+02  1.420000e+01  5.980000e+00
   endloop
 endfacet
 facet normal -0.000000e+00  0.000000e+00 -1.000000e+00
   outer loop
     vertex  1.416370e+02  1.067093e+01  5.980000e+00
     vertex  1.415912e+02  1.066171e+01  5.980000e+00
     vertex  1.349500e+02  1.420000e+01  5.980000e+00
   endloop
 endfacet
 facet normal -0.000000e+00  0.000000e+00 -1.000000e+00
   outer loop
     vertex  1.416829e+02  1.067889e+01  5.980000e+00
     vertex  1.416370e+02  1.067093e+01  5.980000e+00
     vertex  1.349500e+02  1.420000e+01  5.980000e+00
   endloop
 endfacet
 facet normal -0.000000e+00  0.000000e+00 -1.000000e+00
   outer loop
     vertex  1.417291e+02  1.068558e+01  5.980000e+00
     vertex  1.416829e+02  1.067889e+01  5.980000e+00
     vertex  1.349500e+02  1.420000e+01  5.980000e+00
   endloop
 endfacet
 facet normal -0.000000e+00  0.000000e+00 -1.000000e+00
   outer loop
     vertex  1.417754e+02  1.069101e+01  5.980000e+00
     vertex  1.417291e+02  1.068558e+01  5.980000e+00
     vertex  1.349500e+02  1.420000e+01  5.980000e+00
   endloop
 endfacet
 facet normal -0.000000e+00  0.000000e+00 -1.000000e+00
   outer loop
     vertex  1.418219e+02  1.069516e+01  5.980000e+00
     vertex  1.417754e+02  1.069101e+01  5.980000e+00
     vertex  1.349500e+02  1.420000e+01  5.980000e+00
   endloop
 endfacet
 facet normal -0.000000e+00  0.000000e+00 -1.000000e+00
   outer loop
     vertex  1.418684e+02  1.069804e+01  5.980000e+00
     vertex  1.418219e+02  1.069516e+01  5.980000e+00
     vertex  1.349500e+02  1.420000e+01  5.980000e+00
   endloop
 endfacet
 facet normal -0.000000e+00  0.000000e+00 -1.000000e+00
   outer loop
     vertex  1.419150e+02  1.069964e+01  5.980000e+00
     vertex  1.418684e+02  1.069804e+01  5.980000e+00
     vertex  1.349500e+02  1.420000e+01  5.980000e+00
   endloop
 endfacet
 facet normal -0.000000e+00  0.000000e+00 -1.000000e+00
   outer loop
     vertex  1.419617e+02  1.069996e+01  5.980000e+00
     vertex  1.419150e+02  1.069964e+01  5.980000e+00
     vertex  1.349500e+02  1.420000e+01  5.980000e+00
   endloop
 endfacet
 facet normal  0.000000e+00  0.000000e+00 -1.000000e+00
   outer loop
     vertex  1.489500e+02  4.000000e+00  5.980000e+00
     vertex  1.430358e+02  7.691913e+00  5.980000e+00
     vertex  1.430713e+02  7.722193e+00  5.980000e+00
   endloop
 endfacet
 facet normal  0.000000e+00  0.000000e+00 -1.000000e+00
   outer loop
     vertex  1.489500e+02  4.000000e+00  5.980000e+00
     vertex  1.430713e+02  7.722193e+00  5.980000e+00
     vertex  1.431059e+02  7.753434e+00  5.980000e+00
   endloop
 endfacet
 facet normal  0.000000e+00  0.000000e+00 -1.000000e+00
   outer loop
     vertex  1.489500e+02  4.000000e+00  5.980000e+00
     vertex  1.431059e+02  7.753434e+00  5.980000e+00
     vertex  1.431396e+02  7.785614e+00  5.980000e+00
   endloop
 endfacet
 facet normal  0.000000e+00  0.000000e+00 -1.000000e+00
   outer loop
     vertex  1.489500e+02  4.000000e+00  5.980000e+00
     vertex  1.431396e+02  7.785614e+00  5.980000e+00
     vertex  1.431725e+02  7.818708e+00  5.980000e+00
   endloop
 endfacet
 facet normal  0.000000e+00  0.000000e+00 -1.000000e+00
   outer loop
     vertex  1.489500e+02  4.000000e+00  5.980000e+00
     vertex  1.431725e+02  7.818708e+00  5.980000e+00
     vertex  1.432045e+02  7.852691e+00  5.980000e+00
   endloop
 endfacet
 facet normal  0.000000e+00  0.000000e+00 -1.000000e+00
   outer loop
     vertex  1.489500e+02  4.000000e+00  5.980000e+00
     vertex  1.436500e+02  9.000000e+00  5.980000e+00
     vertex  1.436494e+02  9.046638e+00  5.980000e+00
   endloop
 endfacet
 facet normal  0.000000e+00  0.000000e+00 -1.000000e+00
   outer loop
     vertex  1.489500e+02  4.000000e+00  5.980000e+00
     vertex  1.432045e+02  7.852691e+00  5.980000e+00
     vertex  1.432355e+02  7.887538e+00  5.980000e+00
   endloop
 endfacet
 facet normal  0.000000e+00  0.000000e+00 -1.000000e+00
   outer loop
     vertex  1.489500e+02  4.000000e+00  5.980000e+00
     vertex  1.432355e+02  7.887538e+00  5.980000e+00
     vertex  1.432655e+02  7.923222e+00  5.980000e+00
   endloop
 endfacet
 facet normal  0.000000e+00  0.000000e+00 -1.000000e+00
   outer loop
     vertex  1.489500e+02  4.000000e+00  5.980000e+00
     vertex  1.432655e+02  7.923222e+00  5.980000e+00
     vertex  1.432945e+02  7.959717e+00  5.980000e+00
   endloop
 endfacet
 facet normal  0.000000e+00  0.000000e+00 -1.000000e+00
   outer loop
     vertex  1.489500e+02  4.000000e+00  5.980000e+00
     vertex  1.432945e+02  7.959717e+00  5.980000e+00
     vertex  1.433226e+02  7.996995e+00  5.980000e+00
   endloop
 endfacet
 facet normal  0.000000e+00  0.000000e+00 -1.000000e+00
   outer loop
     vertex  1.489500e+02  4.000000e+00  5.980000e+00
     vertex  1.433226e+02  7.996995e+00  5.980000e+00
     vertex  1.433496e+02  8.035028e+00  5.980000e+00
   endloop
 endfacet
 facet normal  0.000000e+00  0.000000e+00 -1.000000e+00
   outer loop
     vertex  1.489500e+02  4.000000e+00  5.980000e+00
     vertex  1.433496e+02  8.035028e+00  5.980000e+00
     vertex  1.433755e+02  8.073788e+00  5.980000e+00
   endloop
 endfacet
 facet normal  0.000000e+00  0.000000e+00 -1.000000e+00
   outer loop
     vertex  1.489500e+02  4.000000e+00  5.980000e+00
     vertex  1.433755e+02  8.073788e+00  5.980000e+00
     vertex  1.434004e+02  8.113244e+00  5.980000e+00
   endloop
 endfacet
 facet normal  0.000000e+00  0.000000e+00 -1.000000e+00
   outer loop
     vertex  1.489500e+02  4.000000e+00  5.980000e+00
     vertex  1.434004e+02  8.113244e+00  5.980000e+00
     vertex  1.434242e+02  8.153368e+00  5.980000e+00
   endloop
 endfacet
 facet normal  0.000000e+00  0.000000e+00 -1.000000e+00
   outer loop
     vertex  1.489500e+02  4.000000e+00  5.980000e+00
     vertex  1.434242e+02  8.153368e+00  5.980000e+00
     vertex  1.434469e+02  8.194130e+00  5.980000e+00
   endloop
 endfacet
 facet normal  0.000000e+00  0.000000e+00 -1.000000e+00
   outer loop
     vertex  1.489500e+02  4.000000e+00  5.980000e+00
     vertex  1.434469e+02  8.194130e+00  5.980000e+00
     vertex  1.434684e+02  8.235498e+00  5.980000e+00
   endloop
 endfacet
 facet normal  0.000000e+00  0.000000e+00 -1.000000e+00
   outer loop
     vertex  1.489500e+02  4.000000e+00  5.980000e+00
     vertex  1.434684e+02  8.235498e+00  5.980000e+00
     vertex  1.434888e+02  8.277442e+00  5.980000e+00
   endloop
 endfacet
 facet normal  0.000000e+00  0.000000e+00 -1.000000e+00
   outer loop
     vertex  1.489500e+02  4.000000e+00  5.980000e+00
     vertex  1.434888e+02  8.277442e+00  5.980000e+00
     vertex  1.435080e+02  8.319929e+00  5.980000e+00
   endloop
 endfacet
 facet normal  0.000000e+00  0.000000e+00 -1.000000e+00
   outer loop
     vertex  1.489500e+02  4.000000e+00  5.980000e+00
     vertex  1.435080e+02  8.319929e+00  5.980000e+00
     vertex  1.435261e+02  8.362929e+00  5.980000e+00
   endloop
 endfacet
 facet normal  0.000000e+00  0.000000e+00 -1.000000e+00
   outer loop
     vertex  1.489500e+02  4.000000e+00  5.980000e+00
     vertex  1.435261e+02  8.362929e+00  5.980000e+00
     vertex  1.435430e+02  8.406408e+00  5.980000e+00
   endloop
 endfacet
 facet normal  0.000000e+00  0.000000e+00 -1.000000e+00
   outer loop
     vertex  1.489500e+02  4.000000e+00  5.980000e+00
     vertex  1.435430e+02  8.406408e+00  5.980000e+00
     vertex  1.435587e+02  8.450333e+00  5.980000e+00
   endloop
 endfacet
 facet normal  0.000000e+00  0.000000e+00 -1.000000e+00
   outer loop
     vertex  1.489500e+02  4.000000e+00  5.980000e+00
     vertex  1.435587e+02  8.450333e+00  5.980000e+00
     vertex  1.435732e+02  8.494673e+00  5.980000e+00
   endloop
 endfacet
 facet normal  0.000000e+00  0.000000e+00 -1.000000e+00
   outer loop
     vertex  1.489500e+02  4.000000e+00  5.980000e+00
     vertex  1.435732e+02  8.494673e+00  5.980000e+00
     vertex  1.435864e+02  8.539393e+00  5.980000e+00
   endloop
 endfacet
 facet normal  0.000000e+00  0.000000e+00 -1.000000e+00
   outer loop
     vertex  1.489500e+02  4.000000e+00  5.980000e+00
     vertex  1.435864e+02  8.539393e+00  5.980000e+00
     vertex  1.435984e+02  8.584460e+00  5.980000e+00
   endloop
 endfacet
 facet normal  0.000000e+00  0.000000e+00 -1.000000e+00
   outer loop
     vertex  1.489500e+02  4.000000e+00  5.980000e+00
     vertex  1.435984e+02  8.584460e+00  5.980000e+00
     vertex  1.436092e+02  8.629839e+00  5.980000e+00
   endloop
 endfacet
 facet normal  0.000000e+00  0.000000e+00 -1.000000e+00
   outer loop
     vertex  1.489500e+02  4.000000e+00  5.980000e+00
     vertex  1.436092e+02  8.629839e+00  5.980000e+00
     vertex  1.436187e+02  8.675498e+00  5.980000e+00
   endloop
 endfacet
 facet normal  0.000000e+00  0.000000e+00 -1.000000e+00
   outer loop
     vertex  1.489500e+02  4.000000e+00  5.980000e+00
     vertex  1.436187e+02  8.675498e+00  5.980000e+00
     vertex  1.436270e+02  8.721400e+00  5.980000e+00
   endloop
 endfacet
 facet normal  0.000000e+00  0.000000e+00 -1.000000e+00
   outer loop
     vertex  1.489500e+02  4.000000e+00  5.980000e+00
     vertex  1.436270e+02  8.721400e+00  5.980000e+00
     vertex  1.436340e+02  8.767512e+00  5.980000e+00
   endloop
 endfacet
 facet normal  0.000000e+00  0.000000e+00 -1.000000e+00
   outer loop
     vertex  1.489500e+02  4.000000e+00  5.980000e+00
     vertex  1.436340e+02  8.767512e+00  5.980000e+00
     vertex  1.436398e+02  8.813799e+00  5.980000e+00
   endloop
 endfacet
 facet normal  0.000000e+00  0.000000e+00 -1.000000e+00
   outer loop
     vertex  1.489500e+02  4.000000e+00  5.980000e+00
     vertex  1.436398e+02  8.813799e+00  5.980000e+00
     vertex  1.436442e+02  8.860227e+00  5.980000e+00
   endloop
 endfacet
 facet normal  0.000000e+00  0.000000e+00 -1.000000e+00
   outer loop
     vertex  1.489500e+02  4.000000e+00  5.980000e+00
     vertex  1.436442e+02  8.860227e+00  5.980000e+00
     vertex  1.436474e+02  8.906759e+00  5.980000e+00
   endloop
 endfacet
 facet normal  0.000000e+00  0.000000e+00 -1.000000e+00
   outer loop
     vertex  1.489500e+02  4.000000e+00  5.980000e+00
     vertex  1.436474e+02  8.906759e+00  5.980000e+00
     vertex  1.436494e+02  8.953362e+00  5.980000e+00
   endloop
 endfacet
 facet normal  0.000000e+00  0.000000e+00 -1.000000e+00
   outer loop
     vertex  1.489500e+02  4.000000e+00  5.980000e+00
     vertex  1.436494e+02  8.953362e+00  5.980000e+00
     vertex  1.436500e+02  9.000000e+00  5.980000e+00
   endloop
 endfacet
 facet normal  0.000000e+00  0.000000e+00 -1.000000e+00
   outer loop
     vertex  1.489500e+02  4.000000e+00  5.980000e+00
     vertex  1.349500e+02  4.000000e+00  5.980000e+00
     vertex  1.419617e+02  7.300040e+00  5.980000e+00
   endloop
 endfacet
 facet normal  0.000000e+00  0.000000e+00 -1.000000e+00
   outer loop
     vertex  1.489500e+02  4.000000e+00  5.980000e+00
     vertex  1.419617e+02  7.300040e+00  5.980000e+00
     vertex  1.420083e+02  7.301000e+00  5.980000e+00
   endloop
 endfacet
 facet normal  0.000000e+00  0.000000e+00 -1.000000e+00
   outer loop
     vertex  1.489500e+02  4.000000e+00  5.980000e+00
     vertex  1.420083e+02  7.301000e+00  5.980000e+00
     vertex  1.420549e+02  7.303238e+00  5.980000e+00
   endloop
 endfacet
 facet normal  0.000000e+00  0.000000e+00 -1.000000e+00
   outer loop
     vertex  1.489500e+02  4.000000e+00  5.980000e+00
     vertex  1.420549e+02  7.303238e+00  5.980000e+00
     vertex  1.421014e+02  7.306754e+00  5.980000e+00
   endloop
 endfacet
 facet normal  0.000000e+00  0.000000e+00 -1.000000e+00
   outer loop
     vertex  1.489500e+02  4.000000e+00  5.980000e+00
     vertex  1.421014e+02  7.306754e+00  5.980000e+00
     vertex  1.421478e+02  7.311545e+00  5.980000e+00
   endloop
 endfacet
 facet normal  0.000000e+00  0.000000e+00 -1.000000e+00
   outer loop
     vertex  1.489500e+02  4.000000e+00  5.980000e+00
     vertex  1.421478e+02  7.311545e+00  5.980000e+00
     vertex  1.421940e+02  7.317607e+00  5.980000e+00
   endloop
 endfacet
 facet normal  0.000000e+00  0.000000e+00 -1.000000e+00
   outer loop
     vertex  1.489500e+02  4.000000e+00  5.980000e+00
     vertex  1.421940e+02  7.317607e+00  5.980000e+00
     vertex  1.422401e+02  7.324935e+00  5.980000e+00
   endloop
 endfacet
 facet normal  0.000000e+00  0.000000e+00 -1.000000e+00
   outer loop
     vertex  1.489500e+02  4.000000e+00  5.980000e+00
     vertex  1.422401e+02  7.324935e+00  5.980000e+00
     vertex  1.422859e+02  7.333524e+00  5.980000e+00
   endloop
 endfacet
 facet normal  0.000000e+00  0.000000e+00 -1.000000e+00
   outer loop
     vertex  1.489500e+02  4.000000e+00  5.980000e+00
     vertex  1.422859e+02  7.333524e+00  5.980000e+00
     vertex  1.423315e+02  7.343367e+00  5.980000e+00
   endloop
 endfacet
 facet normal  0.000000e+00  0.000000e+00 -1.000000e+00
   outer loop
     vertex  1.489500e+02  4.000000e+00  5.980000e+00
     vertex  1.423315e+02  7.343367e+00  5.980000e+00
     vertex  1.423768e+02  7.354458e+00  5.980000e+00
   endloop
 endfacet
 facet normal  0.000000e+00  0.000000e+00 -1.000000e+00
   outer loop
     vertex  1.489500e+02  4.000000e+00  5.980000e+00
     vertex  1.423768e+02  7.354458e+00  5.980000e+00
     vertex  1.424218e+02  7.366787e+00  5.980000e+00
   endloop
 endfacet
 facet normal  0.000000e+00  0.000000e+00 -1.000000e+00
   outer loop
     vertex  1.489500e+02  4.000000e+00  5.980000e+00
     vertex  1.424218e+02  7.366787e+00  5.980000e+00
     vertex  1.424664e+02  7.380346e+00  5.980000e+00
   endloop
 endfacet
 facet normal  0.000000e+00  0.000000e+00 -1.000000e+00
   outer loop
     vertex  1.489500e+02  4.000000e+00  5.980000e+00
     vertex  1.424664e+02  7.380346e+00  5.980000e+00
     vertex  1.425107e+02  7.395123e+00  5.980000e+00
   endloop
 endfacet
 facet normal  0.000000e+00  0.000000e+00 -1.000000e+00
   outer loop
     vertex  1.489500e+02  4.000000e+00  5.980000e+00
     vertex  1.425107e+02  7.395123e+00  5.980000e+00
     vertex  1.425545e+02  7.411109e+00  5.980000e+00
   endloop
 endfacet
 facet normal  0.000000e+00  0.000000e+00 -1.000000e+00
   outer loop
     vertex  1.489500e+02  4.000000e+00  5.980000e+00
     vertex  1.425545e+02  7.411109e+00  5.980000e+00
     vertex  1.425979e+02  7.428291e+00  5.980000e+00
   endloop
 endfacet
 facet normal  0.000000e+00  0.000000e+00 -1.000000e+00
   outer loop
     vertex  1.489500e+02  4.000000e+00  5.980000e+00
     vertex  1.425979e+02  7.428291e+00  5.980000e+00
     vertex  1.426407e+02  7.446657e+00  5.980000e+00
   endloop
 endfacet
 facet normal  0.000000e+00  0.000000e+00 -1.000000e+00
   outer loop
     vertex  1.489500e+02  4.000000e+00  5.980000e+00
     vertex  1.426407e+02  7.446657e+00  5.980000e+00
     vertex  1.426831e+02  7.466191e+00  5.980000e+00
   endloop
 endfacet
 facet normal  0.000000e+00  0.000000e+00 -1.000000e+00
   outer loop
     vertex  1.489500e+02  4.000000e+00  5.980000e+00
     vertex  1.426831e+02  7.466191e+00  5.980000e+00
     vertex  1.427249e+02  7.486880e+00  5.980000e+00
   endloop
 endfacet
 facet normal  0.000000e+00  0.000000e+00 -1.000000e+00
   outer loop
     vertex  1.489500e+02  4.000000e+00  5.980000e+00
     vertex  1.427249e+02  7.486880e+00  5.980000e+00
     vertex  1.427661e+02  7.508708e+00  5.980000e+00
   endloop
 endfacet
 facet normal  0.000000e+00  0.000000e+00 -1.000000e+00
   outer loop
     vertex  1.489500e+02  4.000000e+00  5.980000e+00
     vertex  1.427661e+02  7.508708e+00  5.980000e+00
     vertex  1.428067e+02  7.531659e+00  5.980000e+00
   endloop
 endfacet
 facet normal  0.000000e+00  0.000000e+00 -1.000000e+00
   outer loop
     vertex  1.489500e+02  4.000000e+00  5.980000e+00
     vertex  1.428067e+02  7.531659e+00  5.980000e+00
     vertex  1.428467e+02  7.555715e+00  5.980000e+00
   endloop
 endfacet
 facet normal  0.000000e+00  0.000000e+00 -1.000000e+00
   outer loop
     vertex  1.489500e+02  4.000000e+00  5.980000e+00
     vertex  1.428467e+02  7.555715e+00  5.980000e+00
     vertex  1.428860e+02  7.580858e+00  5.980000e+00
   endloop
 endfacet
 facet normal  0.000000e+00  0.000000e+00 -1.000000e+00
   outer loop
     vertex  1.489500e+02  4.000000e+00  5.980000e+00
     vertex  1.428860e+02  7.580858e+00  5.980000e+00
     vertex  1.429245e+02  7.607070e+00  5.980000e+00
   endloop
 endfacet
 facet normal  0.000000e+00  0.000000e+00 -1.000000e+00
   outer loop
     vertex  1.489500e+02  4.000000e+00  5.980000e+00
     vertex  1.429245e+02  7.607070e+00  5.980000e+00
     vertex  1.429624e+02  7.634330e+00  5.980000e+00
   endloop
 endfacet
 facet normal  0.000000e+00  0.000000e+00 -1.000000e+00
   outer loop
     vertex  1.489500e+02  4.000000e+00  5.980000e+00
     vertex  1.429624e+02  7.634330e+00  5.980000e+00
     vertex  1.429995e+02  7.662618e+00  5.980000e+00
   endloop
 endfacet
 facet normal  0.000000e+00  0.000000e+00 -1.000000e+00
   outer loop
     vertex  1.489500e+02  4.000000e+00  5.980000e+00
     vertex  1.429995e+02  7.662618e+00  5.980000e+00
     vertex  1.430358e+02  7.691913e+00  5.980000e+00
   endloop
 endfacet
 facet normal  0.000000e+00  0.000000e+00 -1.000000e+00
   outer loop
     vertex  1.489500e+02  1.420000e+01  5.980000e+00
     vertex  1.436494e+02  9.046638e+00  5.980000e+00
     vertex  1.436474e+02  9.093241e+00  5.980000e+00
   endloop
 endfacet
 facet normal  0.000000e+00  0.000000e+00 -1.000000e+00
   outer loop
     vertex  1.489500e+02  1.420000e+01  5.980000e+00
     vertex  1.436474e+02  9.093241e+00  5.980000e+00
     vertex  1.436442e+02  9.139773e+00  5.980000e+00
   endloop
 endfacet
 facet normal  0.000000e+00  0.000000e+00 -1.000000e+00
   outer loop
     vertex  1.489500e+02  1.420000e+01  5.980000e+00
     vertex  1.436442e+02  9.139773e+00  5.980000e+00
     vertex  1.436398e+02  9.186201e+00  5.980000e+00
   endloop
 endfacet
 facet normal  0.000000e+00 -0.000000e+00 -1.000000e+00
   outer loop
     vertex  1.489500e+02  1.420000e+01  5.980000e+00
     vertex  1.489500e+02  4.000000e+00  5.980000e+00
     vertex  1.436494e+02  9.046638e+00  5.980000e+00
   endloop
 endfacet
 facet normal  0.000000e+00  0.000000e+00 -1.000000e+00
   outer loop
     vertex  1.489500e+02  1.420000e+01  5.980000e+00
     vertex  1.436398e+02  9.186201e+00  5.980000e+00
     vertex  1.436340e+02  9.232488e+00  5.980000e+00
   endloop
 endfacet
 facet normal  0.000000e+00  0.000000e+00 -1.000000e+00
   outer loop
     vertex  1.489500e+02  1.420000e+01  5.980000e+00
     vertex  1.436340e+02  9.232488e+00  5.980000e+00
     vertex  1.436270e+02  9.278600e+00  5.980000e+00
   endloop
 endfacet
 facet normal  0.000000e+00  0.000000e+00 -1.000000e+00
   outer loop
     vertex  1.489500e+02  1.420000e+01  5.980000e+00
     vertex  1.436270e+02  9.278600e+00  5.980000e+00
     vertex  1.436187e+02  9.324502e+00  5.980000e+00
   endloop
 endfacet
 facet normal  0.000000e+00  0.000000e+00 -1.000000e+00
   outer loop
     vertex  1.489500e+02  1.420000e+01  5.980000e+00
     vertex  1.436187e+02  9.324502e+00  5.980000e+00
     vertex  1.436092e+02  9.370161e+00  5.980000e+00
   endloop
 endfacet
 facet normal  0.000000e+00  0.000000e+00 -1.000000e+00
   outer loop
     vertex  1.489500e+02  1.420000e+01  5.980000e+00
     vertex  1.436092e+02  9.370161e+00  5.980000e+00
     vertex  1.435984e+02  9.415540e+00  5.980000e+00
   endloop
 endfacet
 facet normal  0.000000e+00  0.000000e+00 -1.000000e+00
   outer loop
     vertex  1.489500e+02  1.420000e+01  5.980000e+00
     vertex  1.435984e+02  9.415540e+00  5.980000e+00
     vertex  1.435864e+02  9.460607e+00  5.980000e+00
   endloop
 endfacet
 facet normal  0.000000e+00  0.000000e+00 -1.000000e+00
   outer loop
     vertex  1.489500e+02  1.420000e+01  5.980000e+00
     vertex  1.435864e+02  9.460607e+00  5.980000e+00
     vertex  1.435732e+02  9.505327e+00  5.980000e+00
   endloop
 endfacet
 facet normal  0.000000e+00  0.000000e+00 -1.000000e+00
   outer loop
     vertex  1.489500e+02  1.420000e+01  5.980000e+00
     vertex  1.435732e+02  9.505327e+00  5.980000e+00
     vertex  1.435587e+02  9.549667e+00  5.980000e+00
   endloop
 endfacet
 facet normal  0.000000e+00  0.000000e+00 -1.000000e+00
   outer loop
     vertex  1.489500e+02  1.420000e+01  5.980000e+00
     vertex  1.435587e+02  9.549667e+00  5.980000e+00
     vertex  1.435430e+02  9.593592e+00  5.980000e+00
   endloop
 endfacet
 facet normal  0.000000e+00  0.000000e+00 -1.000000e+00
   outer loop
     vertex  1.489500e+02  1.420000e+01  5.980000e+00
     vertex  1.435430e+02  9.593592e+00  5.980000e+00
     vertex  1.435261e+02  9.637071e+00  5.980000e+00
   endloop
 endfacet
 facet normal  0.000000e+00  0.000000e+00 -1.000000e+00
   outer loop
     vertex  1.489500e+02  1.420000e+01  5.980000e+00
     vertex  1.435261e+02  9.637071e+00  5.980000e+00
     vertex  1.435080e+02  9.680071e+00  5.980000e+00
   endloop
 endfacet
 facet normal  0.000000e+00  0.000000e+00 -1.000000e+00
   outer loop
     vertex  1.489500e+02  1.420000e+01  5.980000e+00
     vertex  1.435080e+02  9.680071e+00  5.980000e+00
     vertex  1.434888e+02  9.722558e+00  5.980000e+00
   endloop
 endfacet
 facet normal  0.000000e+00  0.000000e+00 -1.000000e+00
   outer loop
     vertex  1.489500e+02  1.420000e+01  5.980000e+00
     vertex  1.434888e+02  9.722558e+00  5.980000e+00
     vertex  1.434684e+02  9.764502e+00  5.980000e+00
   endloop
 endfacet
 facet normal  0.000000e+00  0.000000e+00 -1.000000e+00
   outer loop
     vertex  1.489500e+02  1.420000e+01  5.980000e+00
     vertex  1.434684e+02  9.764502e+00  5.980000e+00
     vertex  1.434469e+02  9.805870e+00  5.980000e+00
   endloop
 endfacet
 facet normal  0.000000e+00  0.000000e+00 -1.000000e+00
   outer loop
     vertex  1.489500e+02  1.420000e+01  5.980000e+00
     vertex  1.434469e+02  9.805870e+00  5.980000e+00
     vertex  1.434242e+02  9.846632e+00  5.980000e+00
   endloop
 endfacet
 facet normal  0.000000e+00  0.000000e+00 -1.000000e+00
   outer loop
     vertex  1.489500e+02  1.420000e+01  5.980000e+00
     vertex  1.434242e+02  9.846632e+00  5.980000e+00
     vertex  1.434004e+02  9.886756e+00  5.980000e+00
   endloop
 endfacet
 facet normal  0.000000e+00  0.000000e+00 -1.000000e+00
   outer loop
     vertex  1.489500e+02  1.420000e+01  5.980000e+00
     vertex  1.434004e+02  9.886756e+00  5.980000e+00
     vertex  1.433755e+02  9.926212e+00  5.980000e+00
   endloop
 endfacet
 facet normal  0.000000e+00  0.000000e+00 -1.000000e+00
   outer loop
     vertex  1.489500e+02  1.420000e+01  5.980000e+00
     vertex  1.433755e+02  9.926212e+00  5.980000e+00
     vertex  1.433496e+02  9.964972e+00  5.980000e+00
   endloop
 endfacet
 facet normal  0.000000e+00  0.000000e+00 -1.000000e+00
   outer loop
     vertex  1.489500e+02  1.420000e+01  5.980000e+00
     vertex  1.433496e+02  9.964972e+00  5.980000e+00
     vertex  1.433226e+02  1.000300e+01  5.980000e+00
   endloop
 endfacet
 facet normal  0.000000e+00  0.000000e+00 -1.000000e+00
   outer loop
     vertex  1.489500e+02  1.420000e+01  5.980000e+00
     vertex  1.433226e+02  1.000300e+01  5.980000e+00
     vertex  1.432945e+02  1.004028e+01  5.980000e+00
   endloop
 endfacet
 facet normal  0.000000e+00  0.000000e+00 -1.000000e+00
   outer loop
     vertex  1.489500e+02  1.420000e+01  5.980000e+00
     vertex  1.432945e+02  1.004028e+01  5.980000e+00
     vertex  1.432655e+02  1.007678e+01  5.980000e+00
   endloop
 endfacet
 facet normal  0.000000e+00  0.000000e+00 -1.000000e+00
   outer loop
     vertex  1.489500e+02  1.420000e+01  5.980000e+00
     vertex  1.432655e+02  1.007678e+01  5.980000e+00
     vertex  1.432355e+02  1.011246e+01  5.980000e+00
   endloop
 endfacet
 facet normal  0.000000e+00  0.000000e+00 -1.000000e+00
   outer loop
     vertex  1.489500e+02  1.420000e+01  5.980000e+00
     vertex  1.432355e+02  1.011246e+01  5.980000e+00
     vertex  1.432045e+02  1.014731e+01  5.980000e+00
   endloop
 endfacet
 facet normal  0.000000e+00  0.000000e+00 -1.000000e+00
   outer loop
     vertex  1.489500e+02  1.420000e+01  5.980000e+00
     vertex  1.432045e+02  1.014731e+01  5.980000e+00
     vertex  1.431725e+02  1.018129e+01  5.980000e+00
   endloop
 endfacet
 facet normal  0.000000e+00  0.000000e+00 -1.000000e+00
   outer loop
     vertex  1.489500e+02  1.420000e+01  5.980000e+00
     vertex  1.431725e+02  1.018129e+01  5.980000e+00
     vertex  1.431396e+02  1.021439e+01  5.980000e+00
   endloop
 endfacet
 facet normal  0.000000e+00  0.000000e+00 -1.000000e+00
   outer loop
     vertex  1.489500e+02  1.420000e+01  5.980000e+00
     vertex  1.431396e+02  1.021439e+01  5.980000e+00
     vertex  1.431059e+02  1.024657e+01  5.980000e+00
   endloop
 endfacet
 facet normal  0.000000e+00  0.000000e+00 -1.000000e+00
   outer loop
     vertex  1.489500e+02  1.420000e+01  5.980000e+00
     vertex  1.431059e+02  1.024657e+01  5.980000e+00
     vertex  1.430713e+02  1.027781e+01  5.980000e+00
   endloop
 endfacet
 facet normal  0.000000e+00  0.000000e+00 -1.000000e+00
   outer loop
     vertex  1.489500e+02  1.420000e+01  5.980000e+00
     vertex  1.430713e+02  1.027781e+01  5.980000e+00
     vertex  1.430358e+02  1.030809e+01  5.980000e+00
   endloop
 endfacet
 facet normal  0.000000e+00  0.000000e+00 -1.000000e+00
   outer loop
     vertex  1.489500e+02  1.420000e+01  5.980000e+00
     vertex  1.430358e+02  1.030809e+01  5.980000e+00
     vertex  1.429995e+02  1.033738e+01  5.980000e+00
   endloop
 endfacet
 facet normal  0.000000e+00  0.000000e+00 -1.000000e+00
   outer loop
     vertex  1.489500e+02  1.420000e+01  5.980000e+00
     vertex  1.429995e+02  1.033738e+01  5.980000e+00
     vertex  1.429624e+02  1.036567e+01  5.980000e+00
   endloop
 endfacet
 facet normal  0.000000e+00  0.000000e+00 -1.000000e+00
   outer loop
     vertex  1.489500e+02  1.420000e+01  5.980000e+00
     vertex  1.429624e+02  1.036567e+01  5.980000e+00
     vertex  1.429245e+02  1.039293e+01  5.980000e+00
   endloop
 endfacet
 facet normal  0.000000e+00  0.000000e+00 -1.000000e+00
   outer loop
     vertex  1.489500e+02  1.420000e+01  5.980000e+00
     vertex  1.429245e+02  1.039293e+01  5.980000e+00
     vertex  1.428860e+02  1.041914e+01  5.980000e+00
   endloop
 endfacet
 facet normal  0.000000e+00  0.000000e+00 -1.000000e+00
   outer loop
     vertex  1.489500e+02  1.420000e+01  5.980000e+00
     vertex  1.428860e+02  1.041914e+01  5.980000e+00
     vertex  1.428467e+02  1.044428e+01  5.980000e+00
   endloop
 endfacet
 facet normal  0.000000e+00  0.000000e+00 -1.000000e+00
   outer loop
     vertex  1.489500e+02  1.420000e+01  5.980000e+00
     vertex  1.428467e+02  1.044428e+01  5.980000e+00
     vertex  1.428067e+02  1.046834e+01  5.980000e+00
   endloop
 endfacet
 facet normal  0.000000e+00  0.000000e+00 -1.000000e+00
   outer loop
     vertex  1.489500e+02  1.420000e+01  5.980000e+00
     vertex  1.428067e+02  1.046834e+01  5.980000e+00
     vertex  1.427661e+02  1.049129e+01  5.980000e+00
   endloop
 endfacet
 facet normal  0.000000e+00  0.000000e+00 -1.000000e+00
   outer loop
     vertex  1.489500e+02  1.420000e+01  5.980000e+00
     vertex  1.427661e+02  1.049129e+01  5.980000e+00
     vertex  1.427249e+02  1.051312e+01  5.980000e+00
   endloop
 endfacet
 facet normal  0.000000e+00  0.000000e+00 -1.000000e+00
   outer loop
     vertex  1.489500e+02  1.420000e+01  5.980000e+00
     vertex  1.427249e+02  1.051312e+01  5.980000e+00
     vertex  1.426831e+02  1.053381e+01  5.980000e+00
   endloop
 endfacet
 facet normal  0.000000e+00  0.000000e+00 -1.000000e+00
   outer loop
     vertex  1.489500e+02  1.420000e+01  5.980000e+00
     vertex  1.426831e+02  1.053381e+01  5.980000e+00
     vertex  1.426407e+02  1.055334e+01  5.980000e+00
   endloop
 endfacet
 facet normal  0.000000e+00  0.000000e+00 -1.000000e+00
   outer loop
     vertex  1.489500e+02  1.420000e+01  5.980000e+00
     vertex  1.426407e+02  1.055334e+01  5.980000e+00
     vertex  1.425979e+02  1.057171e+01  5.980000e+00
   endloop
 endfacet
 facet normal  0.000000e+00  0.000000e+00 -1.000000e+00
   outer loop
     vertex  1.489500e+02  1.420000e+01  5.980000e+00
     vertex  1.425979e+02  1.057171e+01  5.980000e+00
     vertex  1.425545e+02  1.058889e+01  5.980000e+00
   endloop
 endfacet
 facet normal  0.000000e+00  0.000000e+00 -1.000000e+00
   outer loop
     vertex  1.489500e+02  1.420000e+01  5.980000e+00
     vertex  1.425545e+02  1.058889e+01  5.980000e+00
     vertex  1.425107e+02  1.060488e+01  5.980000e+00
   endloop
 endfacet
 facet normal  0.000000e+00  0.000000e+00 -1.000000e+00
   outer loop
     vertex  1.489500e+02  1.420000e+01  5.980000e+00
     vertex  1.425107e+02  1.060488e+01  5.980000e+00
     vertex  1.424664e+02  1.061965e+01  5.980000e+00
   endloop
 endfacet
 facet normal  0.000000e+00  0.000000e+00 -1.000000e+00
   outer loop
     vertex  1.489500e+02  1.420000e+01  5.980000e+00
     vertex  1.424664e+02  1.061965e+01  5.980000e+00
     vertex  1.424218e+02  1.063321e+01  5.980000e+00
   endloop
 endfacet
 facet normal  0.000000e+00  0.000000e+00 -1.000000e+00
   outer loop
     vertex  1.489500e+02  1.420000e+01  5.980000e+00
     vertex  1.424218e+02  1.063321e+01  5.980000e+00
     vertex  1.423768e+02  1.064554e+01  5.980000e+00
   endloop
 endfacet
 facet normal  0.000000e+00  0.000000e+00 -1.000000e+00
   outer loop
     vertex  1.489500e+02  1.420000e+01  5.980000e+00
     vertex  1.423768e+02  1.064554e+01  5.980000e+00
     vertex  1.423315e+02  1.065663e+01  5.980000e+00
   endloop
 endfacet
 facet normal  0.000000e+00  0.000000e+00 -1.000000e+00
   outer loop
     vertex  1.489500e+02  1.420000e+01  5.980000e+00
     vertex  1.423315e+02  1.065663e+01  5.980000e+00
     vertex  1.422859e+02  1.066648e+01  5.980000e+00
   endloop
 endfacet
 facet normal  0.000000e+00  0.000000e+00 -1.000000e+00
   outer loop
     vertex  1.489500e+02  1.420000e+01  5.980000e+00
     vertex  1.422859e+02  1.066648e+01  5.980000e+00
     vertex  1.422401e+02  1.067507e+01  5.980000e+00
   endloop
 endfacet
 facet normal  0.000000e+00  0.000000e+00 -1.000000e+00
   outer loop
     vertex  1.489500e+02  1.420000e+01  5.980000e+00
     vertex  1.422401e+02  1.067507e+01  5.980000e+00
     vertex  1.421940e+02  1.068239e+01  5.980000e+00
   endloop
 endfacet
 facet normal  0.000000e+00  0.000000e+00 -1.000000e+00
   outer loop
     vertex  1.489500e+02  1.420000e+01  5.980000e+00
     vertex  1.421940e+02  1.068239e+01  5.980000e+00
     vertex  1.421478e+02  1.068846e+01  5.980000e+00
   endloop
 endfacet
 facet normal  0.000000e+00  0.000000e+00 -1.000000e+00
   outer loop
     vertex  1.489500e+02  1.420000e+01  5.980000e+00
     vertex  1.421478e+02  1.068846e+01  5.980000e+00
     vertex  1.421014e+02  1.069325e+01  5.980000e+00
   endloop
 endfacet
 facet normal  0.000000e+00  0.000000e+00 -1.000000e+00
   outer loop
     vertex  1.489500e+02  1.420000e+01  5.980000e+00
     vertex  1.421014e+02  1.069325e+01  5.980000e+00
     vertex  1.420549e+02  1.069676e+01  5.980000e+00
   endloop
 endfacet
 facet normal  0.000000e+00  0.000000e+00 -1.000000e+00
   outer loop
     vertex  1.489500e+02  1.420000e+01  5.980000e+00
     vertex  1.420549e+02  1.069676e+01  5.980000e+00
     vertex  1.420083e+02  1.069900e+01  5.980000e+00
   endloop
 endfacet
 facet normal  0.000000e+00  0.000000e+00 -1.000000e+00
   outer loop
     vertex  1.489500e+02  1.420000e+01  5.980000e+00
     vertex  1.420083e+02  1.069900e+01  5.980000e+00
     vertex  1.419617e+02  1.069996e+01  5.980000e+00
   endloop
 endfacet
 facet normal -0.000000e+00  0.000000e+00 -1.000000e+00
   outer loop
     vertex  1.489500e+02  1.420000e+01  5.980000e+00
     vertex  1.419617e+02  1.069996e+01  5.980000e+00
     vertex  1.349500e+02  1.420000e+01  5.980000e+00
   endloop
 endfacet
 facet normal -1.000000e+00  0.000000e+00  0.000000e+00
   outer loop
     vertex  1.349500e+02  4.000000e+00  7.980000e+00
     vertex  1.349500e+02  1.420000e+01  5.980000e+00
     vertex  1.349500e+02  4.000000e+00  5.980000e+00
   endloop
 endfacet
 facet normal -1.000000e+00  0.000000e+00  0.000000e+00
   outer loop
     vertex  1.349500e+02  4.000000e+00  7.980000e+00
     vertex  1.349500e+02  1.420000e+01  7.980000e+00
     vertex  1.349500e+02  1.420000e+01  5.980000e+00
   endloop
 endfacet
 facet normal  1.000000e+00  0.000000e+00  0.000000e+00
   outer loop
     vertex  6.385000e+01  4.000000e+00  7.980000e+00
     vertex  6.385000e+01  4.000000e+00  5.980000e+00
     vertex  6.385000e+01  1.420000e+01  5.980000e+00
   endloop
 endfacet
 facet normal  1.000000e+00 -0.000000e+00  0.000000e+00
   outer loop
     vertex  6.385000e+01  4.000000e+00  7.980000e+00
     vertex  6.385000e+01  1.420000e+01  5.980000e+00
     vertex  6.385000e+01  1.420000e+01  7.980000e+00
   endloop
 endfacet
 facet normal -0.000000e+00  0.000000e+00 -1.000000e+00
   outer loop
     vertex  5.567712e+01  7.769408e+00  5.980000e+00
     vertex  4.985000e+01  4.000000e+00  5.980000e+00
     vertex  5.564380e+01  7.802048e+00  5.980000e+00
   endloop
 endfacet
 facet normal  0.000000e+00 -0.000000e+00 -1.000000e+00
   outer loop
     vertex  5.561139e+01  7.835590e+00  5.980000e+00
     vertex  5.564380e+01  7.802048e+00  5.980000e+00
     vertex  4.985000e+01  4.000000e+00  5.980000e+00
   endloop
 endfacet
 facet normal -0.000000e+00  0.000000e+00 -1.000000e+00
   outer loop
     vertex  5.571132e+01  7.737695e+00  5.980000e+00
     vertex  4.985000e+01  4.000000e+00  5.980000e+00
     vertex  5.567712e+01  7.769408e+00  5.980000e+00
   endloop
 endfacet
 facet normal  0.000000e+00 -0.000000e+00 -1.000000e+00
   outer loop
     vertex  5.557991e+01  7.870008e+00  5.980000e+00
     vertex  5.561139e+01  7.835590e+00  5.980000e+00
     vertex  4.985000e+01  4.000000e+00  5.980000e+00
   endloop
 endfacet
 facet normal -0.000000e+00  0.000000e+00 -1.000000e+00
   outer loop
     vertex  5.574638e+01  7.706931e+00  5.980000e+00
     vertex  4.985000e+01  4.000000e+00  5.980000e+00
     vertex  5.571132e+01  7.737695e+00  5.980000e+00
   endloop
 endfacet
 facet normal  0.000000e+00 -0.000000e+00 -1.000000e+00
   outer loop
     vertex  5.554939e+01  7.905277e+00  5.980000e+00
     vertex  5.557991e+01  7.870008e+00  5.980000e+00
     vertex  4.985000e+01  4.000000e+00  5.980000e+00
   endloop
 endfacet
 facet normal -0.000000e+00  0.000000e+00 -1.000000e+00
   outer loop
     vertex  5.578227e+01  7.677141e+00  5.980000e+00
     vertex  4.985000e+01  4.000000e+00  5.980000e+00
     vertex  5.574638e+01  7.706931e+00  5.980000e+00
   endloop
 endfacet
 facet normal  0.000000e+00 -0.000000e+00 -1.000000e+00
   outer loop
     vertex  5.551985e+01  7.941370e+00  5.980000e+00
     vertex  5.554939e+01  7.905277e+00  5.980000e+00
     vertex  4.985000e+01  4.000000e+00  5.980000e+00
   endloop
 endfacet
 facet normal -0.000000e+00  0.000000e+00 -1.000000e+00
   outer loop
     vertex  5.581896e+01  7.648347e+00  5.980000e+00
     vertex  4.985000e+01  4.000000e+00  5.980000e+00
     vertex  5.578227e+01  7.677141e+00  5.980000e+00
   endloop
 endfacet
 facet normal  0.000000e+00 -0.000000e+00 -1.000000e+00
   outer loop
     vertex  5.549131e+01  7.978260e+00  5.980000e+00
     vertex  5.551985e+01  7.941370e+00  5.980000e+00
     vertex  4.985000e+01  4.000000e+00  5.980000e+00
   endloop
 endfacet
 facet normal -0.000000e+00  0.000000e+00 -1.000000e+00
   outer loop
     vertex  5.585643e+01  7.620570e+00  5.980000e+00
     vertex  4.985000e+01  4.000000e+00  5.980000e+00
     vertex  5.581896e+01  7.648347e+00  5.980000e+00
   endloop
 endfacet
 facet normal  0.000000e+00 -0.000000e+00 -1.000000e+00
   outer loop
     vertex  5.546379e+01  8.015919e+00  5.980000e+00
     vertex  5.549131e+01  7.978260e+00  5.980000e+00
     vertex  4.985000e+01  4.000000e+00  5.980000e+00
   endloop
 endfacet
 facet normal -0.000000e+00  0.000000e+00 -1.000000e+00
   outer loop
     vertex  5.589465e+01  7.593832e+00  5.980000e+00
     vertex  4.985000e+01  4.000000e+00  5.980000e+00
     vertex  5.585643e+01  7.620570e+00  5.980000e+00
   endloop
 endfacet
 facet normal  0.000000e+00 -0.000000e+00 -1.000000e+00
   outer loop
     vertex  5.543731e+01  8.054319e+00  5.980000e+00
     vertex  5.546379e+01  8.015919e+00  5.980000e+00
     vertex  4.985000e+01  4.000000e+00  5.980000e+00
   endloop
 endfacet
 facet normal -0.000000e+00  0.000000e+00 -1.000000e+00
   outer loop
     vertex  5.593359e+01  7.568152e+00  5.980000e+00
     vertex  4.985000e+01  4.000000e+00  5.980000e+00
     vertex  5.589465e+01  7.593832e+00  5.980000e+00
   endloop
 endfacet
 facet normal  0.000000e+00 -0.000000e+00 -1.000000e+00
   outer loop
     vertex  5.541190e+01  8.093431e+00  5.980000e+00
     vertex  5.543731e+01  8.054319e+00  5.980000e+00
     vertex  4.985000e+01  4.000000e+00  5.980000e+00
   endloop
 endfacet
 facet normal -0.000000e+00  0.000000e+00 -1.000000e+00
   outer loop
     vertex  5.597321e+01  7.543550e+00  5.980000e+00
     vertex  4.985000e+01  4.000000e+00  5.980000e+00
     vertex  5.593359e+01  7.568152e+00  5.980000e+00
   endloop
 endfacet
 facet normal  0.000000e+00 -0.000000e+00 -1.000000e+00
   outer loop
     vertex  5.538757e+01  8.133225e+00  5.980000e+00
     vertex  5.541190e+01  8.093431e+00  5.980000e+00
     vertex  4.985000e+01  4.000000e+00  5.980000e+00
   endloop
 endfacet
 facet normal -0.000000e+00  0.000000e+00 -1.000000e+00
   outer loop
     vertex  5.601350e+01  7.520045e+00  5.980000e+00
     vertex  4.985000e+01  4.000000e+00  5.980000e+00
     vertex  5.597321e+01  7.543550e+00  5.980000e+00
   endloop
 endfacet
 facet normal  0.000000e+00 -0.000000e+00 -1.000000e+00
   outer loop
     vertex  5.536434e+01  8.173671e+00  5.980000e+00
     vertex  5.538757e+01  8.133225e+00  5.980000e+00
     vertex  4.985000e+01  4.000000e+00  5.980000e+00
   endloop
 endfacet
 facet normal -0.000000e+00  0.000000e+00 -1.000000e+00
   outer loop
     vertex  5.605442e+01  7.497653e+00  5.980000e+00
     vertex  4.985000e+01  4.000000e+00  5.980000e+00
     vertex  5.601350e+01  7.520045e+00  5.980000e+00
   endloop
 endfacet
 facet normal  0.000000e+00 -0.000000e+00 -1.000000e+00
   outer loop
     vertex  5.534223e+01  8.214740e+00  5.980000e+00
     vertex  5.536434e+01  8.173671e+00  5.980000e+00
     vertex  4.985000e+01  4.000000e+00  5.980000e+00
   endloop
 endfacet
 facet normal -0.000000e+00  0.000000e+00 -1.000000e+00
   outer loop
     vertex  5.609593e+01  7.476392e+00  5.980000e+00
     vertex  4.985000e+01  4.000000e+00  5.980000e+00
     vertex  5.605442e+01  7.497653e+00  5.980000e+00
   endloop
 endfacet
 facet normal  0.000000e+00 -0.000000e+00 -1.000000e+00
   outer loop
     vertex  5.532126e+01  8.256400e+00  5.980000e+00
     vertex  5.534223e+01  8.214740e+00  5.980000e+00
     vertex  4.985000e+01  4.000000e+00  5.980000e+00
   endloop
 endfacet
 facet normal -0.000000e+00  0.000000e+00 -1.000000e+00
   outer loop
     vertex  5.613801e+01  7.456279e+00  5.980000e+00
     vertex  4.985000e+01  4.000000e+00  5.980000e+00
     vertex  5.609593e+01  7.476392e+00  5.980000e+00
   endloop
 endfacet
 facet normal  0.000000e+00 -0.000000e+00 -1.000000e+00
   outer loop
     vertex  5.530143e+01  8.298619e+00  5.980000e+00
     vertex  5.532126e+01  8.256400e+00  5.980000e+00
     vertex  4.985000e+01  4.000000e+00  5.980000e+00
   endloop
 endfacet
 facet normal -0.000000e+00  0.000000e+00 -1.000000e+00
   outer loop
     vertex  5.618063e+01  7.437327e+00  5.980000e+00
     vertex  4.985000e+01  4.000000e+00  5.980000e+00
     vertex  5.613801e+01  7.456279e+00  5.980000e+00
   endloop
 endfacet
 facet normal  0.000000e+00 -0.000000e+00 -1.000000e+00
   outer loop
     vertex  5.528277e+01  8.341367e+00  5.980000e+00
     vertex  5.530143e+01  8.298619e+00  5.980000e+00
     vertex  4.985000e+01  4.000000e+00  5.980000e+00
   endloop
 endfacet
 facet normal -0.000000e+00  0.000000e+00 -1.000000e+00
   outer loop
     vertex  5.622375e+01  7.419552e+00  5.980000e+00
     vertex  4.985000e+01  4.000000e+00  5.980000e+00
     vertex  5.618063e+01  7.437327e+00  5.980000e+00
   endloop
 endfacet
 facet normal  0.000000e+00 -0.000000e+00 -1.000000e+00
   outer loop
     vertex  5.526529e+01  8.384610e+00  5.980000e+00
     vertex  5.528277e+01  8.341367e+00  5.980000e+00
     vertex  4.985000e+01  4.000000e+00  5.980000e+00
   endloop
 endfacet
 facet normal -0.000000e+00  0.000000e+00 -1.000000e+00
   outer loop
     vertex  5.626735e+01  7.402966e+00  5.980000e+00
     vertex  4.985000e+01  4.000000e+00  5.980000e+00
     vertex  5.622375e+01  7.419552e+00  5.980000e+00
   endloop
 endfacet
 facet normal  0.000000e+00 -0.000000e+00 -1.000000e+00
   outer loop
     vertex  5.524901e+01  8.428317e+00  5.980000e+00
     vertex  5.526529e+01  8.384610e+00  5.980000e+00
     vertex  4.985000e+01  4.000000e+00  5.980000e+00
   endloop
 endfacet
 facet normal -0.000000e+00  0.000000e+00 -1.000000e+00
   outer loop
     vertex  5.631138e+01  7.387583e+00  5.980000e+00
     vertex  4.985000e+01  4.000000e+00  5.980000e+00
     vertex  5.626735e+01  7.402966e+00  5.980000e+00
   endloop
 endfacet
 facet normal  0.000000e+00 -0.000000e+00 -1.000000e+00
   outer loop
     vertex  5.523393e+01  8.472454e+00  5.980000e+00
     vertex  5.524901e+01  8.428317e+00  5.980000e+00
     vertex  4.985000e+01  4.000000e+00  5.980000e+00
   endloop
 endfacet
 facet normal -0.000000e+00  0.000000e+00 -1.000000e+00
   outer loop
     vertex  5.635582e+01  7.373413e+00  5.980000e+00
     vertex  4.985000e+01  4.000000e+00  5.980000e+00
     vertex  5.631138e+01  7.387583e+00  5.980000e+00
   endloop
 endfacet
 facet normal  0.000000e+00 -0.000000e+00 -1.000000e+00
   outer loop
     vertex  5.522006e+01  8.516988e+00  5.980000e+00
     vertex  5.523393e+01  8.472454e+00  5.980000e+00
     vertex  4.985000e+01  4.000000e+00  5.980000e+00
   endloop
 endfacet
 facet normal -0.000000e+00  0.000000e+00 -1.000000e+00
   outer loop
     vertex  5.640063e+01  7.360468e+00  5.980000e+00
     vertex  4.985000e+01  4.000000e+00  5.980000e+00
     vertex  5.635582e+01  7.373413e+00  5.980000e+00
   endloop
 endfacet
 facet normal  0.000000e+00 -0.000000e+00 -1.000000e+00
   outer loop
     vertex  5.520742e+01  8.561885e+00  5.980000e+00
     vertex  5.522006e+01  8.516988e+00  5.980000e+00
     vertex  4.985000e+01  4.000000e+00  5.980000e+00
   endloop
 endfacet
 facet normal -0.000000e+00  0.000000e+00 -1.000000e+00
   outer loop
     vertex  5.644578e+01  7.348757e+00  5.980000e+00
     vertex  4.985000e+01  4.000000e+00  5.980000e+00
     vertex  5.640063e+01  7.360468e+00  5.980000e+00
   endloop
 endfacet
 facet normal  0.000000e+00 -0.000000e+00 -1.000000e+00
   outer loop
     vertex  5.519602e+01  8.607113e+00  5.980000e+00
     vertex  5.520742e+01  8.561885e+00  5.980000e+00
     vertex  4.985000e+01  4.000000e+00  5.980000e+00
   endloop
 endfacet
 facet normal -0.000000e+00  0.000000e+00 -1.000000e+00
   outer loop
     vertex  5.649123e+01  7.338289e+00  5.980000e+00
     vertex  4.985000e+01  4.000000e+00  5.980000e+00
     vertex  5.644578e+01  7.348757e+00  5.980000e+00
   endloop
 endfacet
 facet normal  0.000000e+00 -0.000000e+00 -1.000000e+00
   outer loop
     vertex  5.518587e+01  8.652636e+00  5.980000e+00
     vertex  5.519602e+01  8.607113e+00  5.980000e+00
     vertex  4.985000e+01  4.000000e+00  5.980000e+00
   endloop
 endfacet
 facet normal -0.000000e+00  0.000000e+00 -1.000000e+00
   outer loop
     vertex  5.653695e+01  7.329072e+00  5.980000e+00
     vertex  4.985000e+01  4.000000e+00  5.980000e+00
     vertex  5.649123e+01  7.338289e+00  5.980000e+00
   endloop
 endfacet
 facet normal  0.000000e+00 -0.000000e+00 -1.000000e+00
   outer loop
     vertex  5.517696e+01  8.698420e+00  5.980000e+00
     vertex  5.518587e+01  8.652636e+00  5.980000e+00
     vertex  4.985000e+01  4.000000e+00  5.980000e+00
   endloop
 endfacet
 facet normal -0.000000e+00  0.000000e+00 -1.000000e+00
   outer loop
     vertex  5.658291e+01  7.321113e+00  5.980000e+00
     vertex  4.985000e+01  4.000000e+00  5.980000e+00
     vertex  5.653695e+01  7.329072e+00  5.980000e+00
   endloop
 endfacet
 facet normal  0.000000e+00 -0.000000e+00 -1.000000e+00
   outer loop
     vertex  5.516932e+01  8.744432e+00  5.980000e+00
     vertex  5.517696e+01  8.698420e+00  5.980000e+00
     vertex  4.985000e+01  4.000000e+00  5.980000e+00
   endloop
 endfacet
 facet normal -0.000000e+00  0.000000e+00 -1.000000e+00
   outer loop
     vertex  5.662907e+01  7.314417e+00  5.980000e+00
     vertex  4.985000e+01  4.000000e+00  5.980000e+00
     vertex  5.658291e+01  7.321113e+00  5.980000e+00
   endloop
 endfacet
 facet normal  0.000000e+00 -0.000000e+00 -1.000000e+00
   outer loop
     vertex  5.516294e+01  8.790636e+00  5.980000e+00
     vertex  5.516932e+01  8.744432e+00  5.980000e+00
     vertex  4.985000e+01  4.000000e+00  5.980000e+00
   endloop
 endfacet
 facet normal -0.000000e+00  0.000000e+00 -1.000000e+00
   outer loop
     vertex  5.667539e+01  7.308991e+00  5.980000e+00
     vertex  4.985000e+01  4.000000e+00  5.980000e+00
     vertex  5.662907e+01  7.314417e+00  5.980000e+00
   endloop
 endfacet
 facet normal  0.000000e+00 -0.000000e+00 -1.000000e+00
   outer loop
     vertex  5.515783e+01  8.836998e+00  5.980000e+00
     vertex  5.516294e+01  8.790636e+00  5.980000e+00
     vertex  4.985000e+01  4.000000e+00  5.980000e+00
   endloop
 endfacet
 facet normal -0.000000e+00  0.000000e+00 -1.000000e+00
   outer loop
     vertex  5.672185e+01  7.304837e+00  5.980000e+00
     vertex  4.985000e+01  4.000000e+00  5.980000e+00
     vertex  5.667539e+01  7.308991e+00  5.980000e+00
   endloop
 endfacet
 facet normal  0.000000e+00 -0.000000e+00 -1.000000e+00
   outer loop
     vertex  5.515400e+01  8.883482e+00  5.980000e+00
     vertex  5.515783e+01  8.836998e+00  5.980000e+00
     vertex  4.985000e+01  4.000000e+00  5.980000e+00
   endloop
 endfacet
 facet normal -0.000000e+00  0.000000e+00 -1.000000e+00
   outer loop
     vertex  5.676840e+01  7.301959e+00  5.980000e+00
     vertex  4.985000e+01  4.000000e+00  5.980000e+00
     vertex  5.672185e+01  7.304837e+00  5.980000e+00
   endloop
 endfacet
 facet normal  0.000000e+00 -0.000000e+00 -1.000000e+00
   outer loop
     vertex  5.515144e+01  8.930054e+00  5.980000e+00
     vertex  5.515400e+01  8.883482e+00  5.980000e+00
     vertex  4.985000e+01  4.000000e+00  5.980000e+00
   endloop
 endfacet
 facet normal -0.000000e+00  0.000000e+00 -1.000000e+00
   outer loop
     vertex  5.681502e+01  7.300360e+00  5.980000e+00
     vertex  4.985000e+01  4.000000e+00  5.980000e+00
     vertex  5.676840e+01  7.301959e+00  5.980000e+00
   endloop
 endfacet
 facet normal  0.000000e+00 -0.000000e+00 -1.000000e+00
   outer loop
     vertex  5.515016e+01  8.976679e+00  5.980000e+00
     vertex  5.515144e+01  8.930054e+00  5.980000e+00
     vertex  4.985000e+01  4.000000e+00  5.980000e+00
   endloop
 endfacet
 facet normal -0.000000e+00  0.000000e+00 -1.000000e+00
   outer loop
     vertex  5.686166e+01  7.300040e+00  5.980000e+00
     vertex  4.985000e+01  4.000000e+00  5.980000e+00
     vertex  5.681502e+01  7.300360e+00  5.980000e+00
   endloop
 endfacet
 facet normal -0.000000e+00  0.000000e+00 -1.000000e+00
   outer loop
     vertex  5.515016e+01  9.023321e+00  5.980000e+00
     vertex  4.985000e+01  4.000000e+00  5.980000e+00
     vertex  4.985000e+01  1.420000e+01  5.980000e+00
   endloop
 endfacet
 facet normal  0.000000e+00 -0.000000e+00 -1.000000e+00
   outer loop
     vertex  5.515016e+01  9.023321e+00  5.980000e+00
     vertex  5.515016e+01  8.976679e+00  5.980000e+00
     vertex  4.985000e+01  4.000000e+00  5.980000e+00
   endloop
 endfacet
 facet normal -0.000000e+00  0.000000e+00 -1.000000e+00
   outer loop
     vertex  5.515144e+01  9.069946e+00  5.980000e+00
     vertex  5.515016e+01  9.023321e+00  5.980000e+00
     vertex  4.985000e+01  1.420000e+01  5.980000e+00
   endloop
 endfacet
 facet normal -0.000000e+00  0.000000e+00 -1.000000e+00
   outer loop
     vertex  5.515400e+01  9.116518e+00  5.980000e+00
     vertex  5.515144e+01  9.069946e+00  5.980000e+00
     vertex  4.985000e+01  1.420000e+01  5.980000e+00
   endloop
 endfacet
 facet normal -0.000000e+00  0.000000e+00 -1.000000e+00
   outer loop
     vertex  5.515783e+01  9.163002e+00  5.980000e+00
     vertex  5.515400e+01  9.116518e+00  5.980000e+00
     vertex  4.985000e+01  1.420000e+01  5.980000e+00
   endloop
 endfacet
 facet normal -0.000000e+00  0.000000e+00 -1.000000e+00
   outer loop
     vertex  5.516294e+01  9.209364e+00  5.980000e+00
     vertex  5.515783e+01  9.163002e+00  5.980000e+00
     vertex  4.985000e+01  1.420000e+01  5.980000e+00
   endloop
 endfacet
 facet normal -0.000000e+00  0.000000e+00 -1.000000e+00
   outer loop
     vertex  5.516932e+01  9.255568e+00  5.980000e+00
     vertex  5.516294e+01  9.209364e+00  5.980000e+00
     vertex  4.985000e+01  1.420000e+01  5.980000e+00
   endloop
 endfacet
 facet normal -0.000000e+00  0.000000e+00 -1.000000e+00
   outer loop
     vertex  5.517696e+01  9.301580e+00  5.980000e+00
     vertex  5.516932e+01  9.255568e+00  5.980000e+00
     vertex  4.985000e+01  1.420000e+01  5.980000e+00
   endloop
 endfacet
 facet normal -0.000000e+00  0.000000e+00 -1.000000e+00
   outer loop
     vertex  5.518587e+01  9.347364e+00  5.980000e+00
     vertex  5.517696e+01  9.301580e+00  5.980000e+00
     vertex  4.985000e+01  1.420000e+01  5.980000e+00
   endloop
 endfacet
 facet normal -0.000000e+00  0.000000e+00 -1.000000e+00
   outer loop
     vertex  5.519602e+01  9.392887e+00  5.980000e+00
     vertex  5.518587e+01  9.347364e+00  5.980000e+00
     vertex  4.985000e+01  1.420000e+01  5.980000e+00
   endloop
 endfacet
 facet normal -0.000000e+00  0.000000e+00 -1.000000e+00
   outer loop
     vertex  5.520742e+01  9.438115e+00  5.980000e+00
     vertex  5.519602e+01  9.392887e+00  5.980000e+00
     vertex  4.985000e+01  1.420000e+01  5.980000e+00
   endloop
 endfacet
 facet normal -0.000000e+00  0.000000e+00 -1.000000e+00
   outer loop
     vertex  5.522006e+01  9.483012e+00  5.980000e+00
     vertex  5.520742e+01  9.438115e+00  5.980000e+00
     vertex  4.985000e+01  1.420000e+01  5.980000e+00
   endloop
 endfacet
 facet normal -0.000000e+00  0.000000e+00 -1.000000e+00
   outer loop
     vertex  5.523393e+01  9.527546e+00  5.980000e+00
     vertex  5.522006e+01  9.483012e+00  5.980000e+00
     vertex  4.985000e+01  1.420000e+01  5.980000e+00
   endloop
 endfacet
 facet normal -0.000000e+00  0.000000e+00 -1.000000e+00
   outer loop
     vertex  5.524901e+01  9.571683e+00  5.980000e+00
     vertex  5.523393e+01  9.527546e+00  5.980000e+00
     vertex  4.985000e+01  1.420000e+01  5.980000e+00
   endloop
 endfacet
 facet normal -0.000000e+00  0.000000e+00 -1.000000e+00
   outer loop
     vertex  5.526529e+01  9.615390e+00  5.980000e+00
     vertex  5.524901e+01  9.571683e+00  5.980000e+00
     vertex  4.985000e+01  1.420000e+01  5.980000e+00
   endloop
 endfacet
 facet normal -0.000000e+00  0.000000e+00 -1.000000e+00
   outer loop
     vertex  5.528277e+01  9.658633e+00  5.980000e+00
     vertex  5.526529e+01  9.615390e+00  5.980000e+00
     vertex  4.985000e+01  1.420000e+01  5.980000e+00
   endloop
 endfacet
 facet normal -0.000000e+00  0.000000e+00 -1.000000e+00
   outer loop
     vertex  5.530143e+01  9.701381e+00  5.980000e+00
     vertex  5.528277e+01  9.658633e+00  5.980000e+00
     vertex  4.985000e+01  1.420000e+01  5.980000e+00
   endloop
 endfacet
 facet normal -0.000000e+00  0.000000e+00 -1.000000e+00
   outer loop
     vertex  5.532126e+01  9.743600e+00  5.980000e+00
     vertex  5.530143e+01  9.701381e+00  5.980000e+00
     vertex  4.985000e+01  1.420000e+01  5.980000e+00
   endloop
 endfacet
 facet normal -0.000000e+00  0.000000e+00 -1.000000e+00
   outer loop
     vertex  5.534223e+01  9.785260e+00  5.980000e+00
     vertex  5.532126e+01  9.743600e+00  5.980000e+00
     vertex  4.985000e+01  1.420000e+01  5.980000e+00
   endloop
 endfacet
 facet normal -0.000000e+00  0.000000e+00 -1.000000e+00
   outer loop
     vertex  5.536434e+01  9.826329e+00  5.980000e+00
     vertex  5.534223e+01  9.785260e+00  5.980000e+00
     vertex  4.985000e+01  1.420000e+01  5.980000e+00
   endloop
 endfacet
 facet normal -0.000000e+00  0.000000e+00 -1.000000e+00
   outer loop
     vertex  5.538757e+01  9.866775e+00  5.980000e+00
     vertex  5.536434e+01  9.826329e+00  5.980000e+00
     vertex  4.985000e+01  1.420000e+01  5.980000e+00
   endloop
 endfacet
 facet normal -0.000000e+00  0.000000e+00 -1.000000e+00
   outer loop
     vertex  5.541190e+01  9.906569e+00  5.980000e+00
     vertex  5.538757e+01  9.866775e+00  5.980000e+00
     vertex  4.985000e+01  1.420000e+01  5.980000e+00
   endloop
 endfacet
 facet normal -0.000000e+00  0.000000e+00 -1.000000e+00
   outer loop
     vertex  5.543731e+01  9.945681e+00  5.980000e+00
     vertex  5.541190e+01  9.906569e+00  5.980000e+00
     vertex  4.985000e+01  1.420000e+01  5.980000e+00
   endloop
 endfacet
 facet normal -0.000000e+00  0.000000e+00 -1.000000e+00
   outer loop
     vertex  5.546379e+01  9.984081e+00  5.980000e+00
     vertex  5.543731e+01  9.945681e+00  5.980000e+00
     vertex  4.985000e+01  1.420000e+01  5.980000e+00
   endloop
 endfacet
 facet normal -0.000000e+00  0.000000e+00 -1.000000e+00
   outer loop
     vertex  5.549131e+01  1.002174e+01  5.980000e+00
     vertex  5.546379e+01  9.984081e+00  5.980000e+00
     vertex  4.985000e+01  1.420000e+01  5.980000e+00
   endloop
 endfacet
 facet normal -0.000000e+00  0.000000e+00 -1.000000e+00
   outer loop
     vertex  5.551985e+01  1.005863e+01  5.980000e+00
     vertex  5.549131e+01  1.002174e+01  5.980000e+00
     vertex  4.985000e+01  1.420000e+01  5.980000e+00
   endloop
 endfacet
 facet normal -0.000000e+00  0.000000e+00 -1.000000e+00
   outer loop
     vertex  5.554939e+01  1.009472e+01  5.980000e+00
     vertex  5.551985e+01  1.005863e+01  5.980000e+00
     vertex  4.985000e+01  1.420000e+01  5.980000e+00
   endloop
 endfacet
 facet normal -0.000000e+00  0.000000e+00 -1.000000e+00
   outer loop
     vertex  5.557991e+01  1.012999e+01  5.980000e+00
     vertex  5.554939e+01  1.009472e+01  5.980000e+00
     vertex  4.985000e+01  1.420000e+01  5.980000e+00
   endloop
 endfacet
 facet normal -0.000000e+00  0.000000e+00 -1.000000e+00
   outer loop
     vertex  5.561139e+01  1.016441e+01  5.980000e+00
     vertex  5.557991e+01  1.012999e+01  5.980000e+00
     vertex  4.985000e+01  1.420000e+01  5.980000e+00
   endloop
 endfacet
 facet normal -0.000000e+00  0.000000e+00 -1.000000e+00
   outer loop
     vertex  5.564380e+01  1.019795e+01  5.980000e+00
     vertex  5.561139e+01  1.016441e+01  5.980000e+00
     vertex  4.985000e+01  1.420000e+01  5.980000e+00
   endloop
 endfacet
 facet normal -0.000000e+00  0.000000e+00 -1.000000e+00
   outer loop
     vertex  5.567712e+01  1.023059e+01  5.980000e+00
     vertex  5.564380e+01  1.019795e+01  5.980000e+00
     vertex  4.985000e+01  1.420000e+01  5.980000e+00
   endloop
 endfacet
 facet normal -0.000000e+00  0.000000e+00 -1.000000e+00
   outer loop
     vertex  5.571132e+01  1.026231e+01  5.980000e+00
     vertex  5.567712e+01  1.023059e+01  5.980000e+00
     vertex  4.985000e+01  1.420000e+01  5.980000e+00
   endloop
 endfacet
 facet normal -0.000000e+00  0.000000e+00 -1.000000e+00
   outer loop
     vertex  5.574638e+01  1.029307e+01  5.980000e+00
     vertex  5.571132e+01  1.026231e+01  5.980000e+00
     vertex  4.985000e+01  1.420000e+01  5.980000e+00
   endloop
 endfacet
 facet normal -0.000000e+00  0.000000e+00 -1.000000e+00
   outer loop
     vertex  5.578227e+01  1.032286e+01  5.980000e+00
     vertex  5.574638e+01  1.029307e+01  5.980000e+00
     vertex  4.985000e+01  1.420000e+01  5.980000e+00
   endloop
 endfacet
 facet normal -0.000000e+00  0.000000e+00 -1.000000e+00
   outer loop
     vertex  5.581896e+01  1.035165e+01  5.980000e+00
     vertex  5.578227e+01  1.032286e+01  5.980000e+00
     vertex  4.985000e+01  1.420000e+01  5.980000e+00
   endloop
 endfacet
 facet normal -0.000000e+00  0.000000e+00 -1.000000e+00
   outer loop
     vertex  5.585643e+01  1.037943e+01  5.980000e+00
     vertex  5.581896e+01  1.035165e+01  5.980000e+00
     vertex  4.985000e+01  1.420000e+01  5.980000e+00
   endloop
 endfacet
 facet normal -0.000000e+00  0.000000e+00 -1.000000e+00
   outer loop
     vertex  5.589465e+01  1.040617e+01  5.980000e+00
     vertex  5.585643e+01  1.037943e+01  5.980000e+00
     vertex  4.985000e+01  1.420000e+01  5.980000e+00
   endloop
 endfacet
 facet normal -0.000000e+00  0.000000e+00 -1.000000e+00
   outer loop
     vertex  5.593359e+01  1.043185e+01  5.980000e+00
     vertex  5.589465e+01  1.040617e+01  5.980000e+00
     vertex  4.985000e+01  1.420000e+01  5.980000e+00
   endloop
 endfacet
 facet normal -0.000000e+00  0.000000e+00 -1.000000e+00
   outer loop
     vertex  5.597321e+01  1.045645e+01  5.980000e+00
     vertex  5.593359e+01  1.043185e+01  5.980000e+00
     vertex  4.985000e+01  1.420000e+01  5.980000e+00
   endloop
 endfacet
 facet normal -0.000000e+00  0.000000e+00 -1.000000e+00
   outer loop
     vertex  5.601350e+01  1.047996e+01  5.980000e+00
     vertex  5.597321e+01  1.045645e+01  5.980000e+00
     vertex  4.985000e+01  1.420000e+01  5.980000e+00
   endloop
 endfacet
 facet normal -0.000000e+00  0.000000e+00 -1.000000e+00
   outer loop
     vertex  5.605442e+01  1.050235e+01  5.980000e+00
     vertex  5.601350e+01  1.047996e+01  5.980000e+00
     vertex  4.985000e+01  1.420000e+01  5.980000e+00
   endloop
 endfacet
 facet normal -0.000000e+00  0.000000e+00 -1.000000e+00
   outer loop
     vertex  5.609593e+01  1.052361e+01  5.980000e+00
     vertex  5.605442e+01  1.050235e+01  5.980000e+00
     vertex  4.985000e+01  1.420000e+01  5.980000e+00
   endloop
 endfacet
 facet normal -0.000000e+00  0.000000e+00 -1.000000e+00
   outer loop
     vertex  5.613801e+01  1.054372e+01  5.980000e+00
     vertex  5.609593e+01  1.052361e+01  5.980000e+00
     vertex  4.985000e+01  1.420000e+01  5.980000e+00
   endloop
 endfacet
 facet normal -0.000000e+00  0.000000e+00 -1.000000e+00
   outer loop
     vertex  5.618063e+01  1.056267e+01  5.980000e+00
     vertex  5.613801e+01  1.054372e+01  5.980000e+00
     vertex  4.985000e+01  1.420000e+01  5.980000e+00
   endloop
 endfacet
 facet normal -0.000000e+00  0.000000e+00 -1.000000e+00
   outer loop
     vertex  5.622375e+01  1.058045e+01  5.980000e+00
     vertex  5.618063e+01  1.056267e+01  5.980000e+00
     vertex  4.985000e+01  1.420000e+01  5.980000e+00
   endloop
 endfacet
 facet normal -0.000000e+00  0.000000e+00 -1.000000e+00
   outer loop
     vertex  5.626735e+01  1.059703e+01  5.980000e+00
     vertex  5.622375e+01  1.058045e+01  5.980000e+00
     vertex  4.985000e+01  1.420000e+01  5.980000e+00
   endloop
 endfacet
 facet normal -0.000000e+00  0.000000e+00 -1.000000e+00
   outer loop
     vertex  5.631138e+01  1.061242e+01  5.980000e+00
     vertex  5.626735e+01  1.059703e+01  5.980000e+00
     vertex  4.985000e+01  1.420000e+01  5.980000e+00
   endloop
 endfacet
 facet normal -0.000000e+00  0.000000e+00 -1.000000e+00
   outer loop
     vertex  5.635582e+01  1.062659e+01  5.980000e+00
     vertex  5.631138e+01  1.061242e+01  5.980000e+00
     vertex  4.985000e+01  1.420000e+01  5.980000e+00
   endloop
 endfacet
 facet normal -0.000000e+00  0.000000e+00 -1.000000e+00
   outer loop
     vertex  5.640063e+01  1.063953e+01  5.980000e+00
     vertex  5.635582e+01  1.062659e+01  5.980000e+00
     vertex  4.985000e+01  1.420000e+01  5.980000e+00
   endloop
 endfacet
 facet normal -0.000000e+00  0.000000e+00 -1.000000e+00
   outer loop
     vertex  5.644578e+01  1.065124e+01  5.980000e+00
     vertex  5.640063e+01  1.063953e+01  5.980000e+00
     vertex  4.985000e+01  1.420000e+01  5.980000e+00
   endloop
 endfacet
 facet normal -0.000000e+00  0.000000e+00 -1.000000e+00
   outer loop
     vertex  5.649123e+01  1.066171e+01  5.980000e+00
     vertex  5.644578e+01  1.065124e+01  5.980000e+00
     vertex  4.985000e+01  1.420000e+01  5.980000e+00
   endloop
 endfacet
 facet normal -0.000000e+00  0.000000e+00 -1.000000e+00
   outer loop
     vertex  5.653695e+01  1.067093e+01  5.980000e+00
     vertex  5.649123e+01  1.066171e+01  5.980000e+00
     vertex  4.985000e+01  1.420000e+01  5.980000e+00
   endloop
 endfacet
 facet normal -0.000000e+00  0.000000e+00 -1.000000e+00
   outer loop
     vertex  5.658291e+01  1.067889e+01  5.980000e+00
     vertex  5.653695e+01  1.067093e+01  5.980000e+00
     vertex  4.985000e+01  1.420000e+01  5.980000e+00
   endloop
 endfacet
 facet normal -0.000000e+00  0.000000e+00 -1.000000e+00
   outer loop
     vertex  5.662907e+01  1.068558e+01  5.980000e+00
     vertex  5.658291e+01  1.067889e+01  5.980000e+00
     vertex  4.985000e+01  1.420000e+01  5.980000e+00
   endloop
 endfacet
 facet normal -0.000000e+00  0.000000e+00 -1.000000e+00
   outer loop
     vertex  5.667539e+01  1.069101e+01  5.980000e+00
     vertex  5.662907e+01  1.068558e+01  5.980000e+00
     vertex  4.985000e+01  1.420000e+01  5.980000e+00
   endloop
 endfacet
 facet normal -0.000000e+00  0.000000e+00 -1.000000e+00
   outer loop
     vertex  5.672185e+01  1.069516e+01  5.980000e+00
     vertex  5.667539e+01  1.069101e+01  5.980000e+00
     vertex  4.985000e+01  1.420000e+01  5.980000e+00
   endloop
 endfacet
 facet normal -0.000000e+00  0.000000e+00 -1.000000e+00
   outer loop
     vertex  5.676840e+01  1.069804e+01  5.980000e+00
     vertex  5.672185e+01  1.069516e+01  5.980000e+00
     vertex  4.985000e+01  1.420000e+01  5.980000e+00
   endloop
 endfacet
 facet normal -0.000000e+00  0.000000e+00 -1.000000e+00
   outer loop
     vertex  5.681502e+01  1.069964e+01  5.980000e+00
     vertex  5.676840e+01  1.069804e+01  5.980000e+00
     vertex  4.985000e+01  1.420000e+01  5.980000e+00
   endloop
 endfacet
 facet normal -0.000000e+00  0.000000e+00 -1.000000e+00
   outer loop
     vertex  5.686166e+01  1.069996e+01  5.980000e+00
     vertex  5.681502e+01  1.069964e+01  5.980000e+00
     vertex  4.985000e+01  1.420000e+01  5.980000e+00
   endloop
 endfacet
 facet normal  0.000000e+00  0.000000e+00 -1.000000e+00
   outer loop
     vertex  6.385000e+01  4.000000e+00  5.980000e+00
     vertex  5.793578e+01  7.691913e+00  5.980000e+00
     vertex  5.797125e+01  7.722193e+00  5.980000e+00
   endloop
 endfacet
 facet normal  0.000000e+00  0.000000e+00 -1.000000e+00
   outer loop
     vertex  6.385000e+01  4.000000e+00  5.980000e+00
     vertex  5.797125e+01  7.722193e+00  5.980000e+00
     vertex  5.800589e+01  7.753434e+00  5.980000e+00
   endloop
 endfacet
 facet normal  0.000000e+00  0.000000e+00 -1.000000e+00
   outer loop
     vertex  6.385000e+01  4.000000e+00  5.980000e+00
     vertex  5.800589e+01  7.753434e+00  5.980000e+00
     vertex  5.803965e+01  7.785614e+00  5.980000e+00
   endloop
 endfacet
 facet normal  0.000000e+00  0.000000e+00 -1.000000e+00
   outer loop
     vertex  6.385000e+01  4.000000e+00  5.980000e+00
     vertex  5.803965e+01  7.785614e+00  5.980000e+00
     vertex  5.807252e+01  7.818708e+00  5.980000e+00
   endloop
 endfacet
 facet normal  0.000000e+00  0.000000e+00 -1.000000e+00
   outer loop
     vertex  6.385000e+01  4.000000e+00  5.980000e+00
     vertex  5.807252e+01  7.818708e+00  5.980000e+00
     vertex  5.810447e+01  7.852691e+00  5.980000e+00
   endloop
 endfacet
 facet normal  0.000000e+00  0.000000e+00 -1.000000e+00
   outer loop
     vertex  6.385000e+01  4.000000e+00  5.980000e+00
     vertex  5.855000e+01  9.000000e+00  5.980000e+00
     vertex  5.854936e+01  9.046638e+00  5.980000e+00
   endloop
 endfacet
 facet normal  0.000000e+00  0.000000e+00 -1.000000e+00
   outer loop
     vertex  6.385000e+01  4.000000e+00  5.980000e+00
     vertex  5.810447e+01  7.852691e+00  5.980000e+00
     vertex  5.813547e+01  7.887538e+00  5.980000e+00
   endloop
 endfacet
 facet normal  0.000000e+00  0.000000e+00 -1.000000e+00
   outer loop
     vertex  6.385000e+01  4.000000e+00  5.980000e+00
     vertex  5.813547e+01  7.887538e+00  5.980000e+00
     vertex  5.816550e+01  7.923222e+00  5.980000e+00
   endloop
 endfacet
 facet normal  0.000000e+00  0.000000e+00 -1.000000e+00
   outer loop
     vertex  6.385000e+01  4.000000e+00  5.980000e+00
     vertex  5.816550e+01  7.923222e+00  5.980000e+00
     vertex  5.819455e+01  7.959717e+00  5.980000e+00
   endloop
 endfacet
 facet normal  0.000000e+00  0.000000e+00 -1.000000e+00
   outer loop
     vertex  6.385000e+01  4.000000e+00  5.980000e+00
     vertex  5.819455e+01  7.959717e+00  5.980000e+00
     vertex  5.822258e+01  7.996995e+00  5.980000e+00
   endloop
 endfacet
 facet normal  0.000000e+00  0.000000e+00 -1.000000e+00
   outer loop
     vertex  6.385000e+01  4.000000e+00  5.980000e+00
     vertex  5.822258e+01  7.996995e+00  5.980000e+00
     vertex  5.824958e+01  8.035028e+00  5.980000e+00
   endloop
 endfacet
 facet normal  0.000000e+00  0.000000e+00 -1.000000e+00
   outer loop
     vertex  6.385000e+01  4.000000e+00  5.980000e+00
     vertex  5.824958e+01  8.035028e+00  5.980000e+00
     vertex  5.827553e+01  8.073788e+00  5.980000e+00
   endloop
 endfacet
 facet normal  0.000000e+00  0.000000e+00 -1.000000e+00
   outer loop
     vertex  6.385000e+01  4.000000e+00  5.980000e+00
     vertex  5.827553e+01  8.073788e+00  5.980000e+00
     vertex  5.830040e+01  8.113244e+00  5.980000e+00
   endloop
 endfacet
 facet normal  0.000000e+00  0.000000e+00 -1.000000e+00
   outer loop
     vertex  6.385000e+01  4.000000e+00  5.980000e+00
     vertex  5.830040e+01  8.113244e+00  5.980000e+00
     vertex  5.832418e+01  8.153368e+00  5.980000e+00
   endloop
 endfacet
 facet normal  0.000000e+00  0.000000e+00 -1.000000e+00
   outer loop
     vertex  6.385000e+01  4.000000e+00  5.980000e+00
     vertex  5.832418e+01  8.153368e+00  5.980000e+00
     vertex  5.834685e+01  8.194130e+00  5.980000e+00
   endloop
 endfacet
 facet normal  0.000000e+00  0.000000e+00 -1.000000e+00
   outer loop
     vertex  6.385000e+01  4.000000e+00  5.980000e+00
     vertex  5.834685e+01  8.194130e+00  5.980000e+00
     vertex  5.836840e+01  8.235498e+00  5.980000e+00
   endloop
 endfacet
 facet normal  0.000000e+00  0.000000e+00 -1.000000e+00
   outer loop
     vertex  6.385000e+01  4.000000e+00  5.980000e+00
     vertex  5.836840e+01  8.235498e+00  5.980000e+00
     vertex  5.838880e+01  8.277442e+00  5.980000e+00
   endloop
 endfacet
 facet normal  0.000000e+00  0.000000e+00 -1.000000e+00
   outer loop
     vertex  6.385000e+01  4.000000e+00  5.980000e+00
     vertex  5.838880e+01  8.277442e+00  5.980000e+00
     vertex  5.840804e+01  8.319929e+00  5.980000e+00
   endloop
 endfacet
 facet normal  0.000000e+00  0.000000e+00 -1.000000e+00
   outer loop
     vertex  6.385000e+01  4.000000e+00  5.980000e+00
     vertex  5.840804e+01  8.319929e+00  5.980000e+00
     vertex  5.842612e+01  8.362929e+00  5.980000e+00
   endloop
 endfacet
 facet normal  0.000000e+00  0.000000e+00 -1.000000e+00
   outer loop
     vertex  6.385000e+01  4.000000e+00  5.980000e+00
     vertex  5.842612e+01  8.362929e+00  5.980000e+00
     vertex  5.844300e+01  8.406408e+00  5.980000e+00
   endloop
 endfacet
 facet normal  0.000000e+00  0.000000e+00 -1.000000e+00
   outer loop
     vertex  6.385000e+01  4.000000e+00  5.980000e+00
     vertex  5.844300e+01  8.406408e+00  5.980000e+00
     vertex  5.845868e+01  8.450333e+00  5.980000e+00
   endloop
 endfacet
 facet normal  0.000000e+00  0.000000e+00 -1.000000e+00
   outer loop
     vertex  6.385000e+01  4.000000e+00  5.980000e+00
     vertex  5.845868e+01  8.450333e+00  5.980000e+00
     vertex  5.847316e+01  8.494673e+00  5.980000e+00
   endloop
 endfacet
 facet normal  0.000000e+00  0.000000e+00 -1.000000e+00
   outer loop
     vertex  6.385000e+01  4.000000e+00  5.980000e+00
     vertex  5.847316e+01  8.494673e+00  5.980000e+00
     vertex  5.848641e+01  8.539393e+00  5.980000e+00
   endloop
 endfacet
 facet normal  0.000000e+00  0.000000e+00 -1.000000e+00
   outer loop
     vertex  6.385000e+01  4.000000e+00  5.980000e+00
     vertex  5.848641e+01  8.539393e+00  5.980000e+00
     vertex  5.849843e+01  8.584460e+00  5.980000e+00
   endloop
 endfacet
 facet normal  0.000000e+00  0.000000e+00 -1.000000e+00
   outer loop
     vertex  6.385000e+01  4.000000e+00  5.980000e+00
     vertex  5.849843e+01  8.584460e+00  5.980000e+00
     vertex  5.850921e+01  8.629839e+00  5.980000e+00
   endloop
 endfacet
 facet normal  0.000000e+00  0.000000e+00 -1.000000e+00
   outer loop
     vertex  6.385000e+01  4.000000e+00  5.980000e+00
     vertex  5.850921e+01  8.629839e+00  5.980000e+00
     vertex  5.851874e+01  8.675498e+00  5.980000e+00
   endloop
 endfacet
 facet normal  0.000000e+00  0.000000e+00 -1.000000e+00
   outer loop
     vertex  6.385000e+01  4.000000e+00  5.980000e+00
     vertex  5.851874e+01  8.675498e+00  5.980000e+00
     vertex  5.852702e+01  8.721400e+00  5.980000e+00
   endloop
 endfacet
 facet normal  0.000000e+00  0.000000e+00 -1.000000e+00
   outer loop
     vertex  6.385000e+01  4.000000e+00  5.980000e+00
     vertex  5.852702e+01  8.721400e+00  5.980000e+00
     vertex  5.853403e+01  8.767512e+00  5.980000e+00
   endloop
 endfacet
 facet normal  0.000000e+00  0.000000e+00 -1.000000e+00
   outer loop
     vertex  6.385000e+01  4.000000e+00  5.980000e+00
     vertex  5.853403e+01  8.767512e+00  5.980000e+00
     vertex  5.853977e+01  8.813799e+00  5.980000e+00
   endloop
 endfacet
 facet normal  0.000000e+00  0.000000e+00 -1.000000e+00
   outer loop
     vertex  6.385000e+01  4.000000e+00  5.980000e+00
     vertex  5.853977e+01  8.813799e+00  5.980000e+00
     vertex  5.854424e+01  8.860227e+00  5.980000e+00
   endloop
 endfacet
 facet normal  0.000000e+00  0.000000e+00 -1.000000e+00
   outer loop
     vertex  6.385000e+01  4.000000e+00  5.980000e+00
     vertex  5.854424e+01  8.860227e+00  5.980000e+00
     vertex  5.854744e+01  8.906759e+00  5.980000e+00
   endloop
 endfacet
 facet normal  0.000000e+00  0.000000e+00 -1.000000e+00
   outer loop
     vertex  6.385000e+01  4.000000e+00  5.980000e+00
     vertex  5.854744e+01  8.906759e+00  5.980000e+00
     vertex  5.854936e+01  8.953362e+00  5.980000e+00
   endloop
 endfacet
 facet normal  0.000000e+00  0.000000e+00 -1.000000e+00
   outer loop
     vertex  6.385000e+01  4.000000e+00  5.980000e+00
     vertex  5.854936e+01  8.953362e+00  5.980000e+00
     vertex  5.855000e+01  9.000000e+00  5.980000e+00
   endloop
 endfacet
 facet normal  0.000000e+00  0.000000e+00 -1.000000e+00
   outer loop
     vertex  6.385000e+01  4.000000e+00  5.980000e+00
     vertex  4.985000e+01  4.000000e+00  5.980000e+00
     vertex  5.686166e+01  7.300040e+00  5.980000e+00
   endloop
 endfacet
 facet normal  0.000000e+00  0.000000e+00 -1.000000e+00
   outer loop
     vertex  6.385000e+01  4.000000e+00  5.980000e+00
     vertex  5.686166e+01  7.300040e+00  5.980000e+00
     vertex  5.690829e+01  7.301000e+00  5.980000e+00
   endloop
 endfacet
 facet normal  0.000000e+00  0.000000e+00 -1.000000e+00
   outer loop
     vertex  6.385000e+01  4.000000e+00  5.980000e+00
     vertex  5.690829e+01  7.301000e+00  5.980000e+00
     vertex  5.695488e+01  7.303238e+00  5.980000e+00
   endloop
 endfacet
 facet normal  0.000000e+00  0.000000e+00 -1.000000e+00
   outer loop
     vertex  6.385000e+01  4.000000e+00  5.980000e+00
     vertex  5.695488e+01  7.303238e+00  5.980000e+00
     vertex  5.700139e+01  7.306754e+00  5.980000e+00
   endloop
 endfacet
 facet normal  0.000000e+00  0.000000e+00 -1.000000e+00
   outer loop
     vertex  6.385000e+01  4.000000e+00  5.980000e+00
     vertex  5.700139e+01  7.306754e+00  5.980000e+00
     vertex  5.704779e+01  7.311545e+00  5.980000e+00
   endloop
 endfacet
 facet normal  0.000000e+00  0.000000e+00 -1.000000e+00
   outer loop
     vertex  6.385000e+01  4.000000e+00  5.980000e+00
     vertex  5.704779e+01  7.311545e+00  5.980000e+00
     vertex  5.709403e+01  7.317607e+00  5.980000e+00
   endloop
 endfacet
 facet normal  0.000000e+00  0.000000e+00 -1.000000e+00
   outer loop
     vertex  6.385000e+01  4.000000e+00  5.980000e+00
     vertex  5.709403e+01  7.317607e+00  5.980000e+00
     vertex  5.714010e+01  7.324935e+00  5.980000e+00
   endloop
 endfacet
 facet normal  0.000000e+00  0.000000e+00 -1.000000e+00
   outer loop
     vertex  6.385000e+01  4.000000e+00  5.980000e+00
     vertex  5.714010e+01  7.324935e+00  5.980000e+00
     vertex  5.718594e+01  7.333524e+00  5.980000e+00
   endloop
 endfacet
 facet normal  0.000000e+00  0.000000e+00 -1.000000e+00
   outer loop
     vertex  6.385000e+01  4.000000e+00  5.980000e+00
     vertex  5.718594e+01  7.333524e+00  5.980000e+00
     vertex  5.723153e+01  7.343367e+00  5.980000e+00
   endloop
 endfacet
 facet normal  0.000000e+00  0.000000e+00 -1.000000e+00
   outer loop
     vertex  6.385000e+01  4.000000e+00  5.980000e+00
     vertex  5.723153e+01  7.343367e+00  5.980000e+00
     vertex  5.727684e+01  7.354458e+00  5.980000e+00
   endloop
 endfacet
 facet normal  0.000000e+00  0.000000e+00 -1.000000e+00
   outer loop
     vertex  6.385000e+01  4.000000e+00  5.980000e+00
     vertex  5.727684e+01  7.354458e+00  5.980000e+00
     vertex  5.732182e+01  7.366787e+00  5.980000e+00
   endloop
 endfacet
 facet normal  0.000000e+00  0.000000e+00 -1.000000e+00
   outer loop
     vertex  6.385000e+01  4.000000e+00  5.980000e+00
     vertex  5.732182e+01  7.366787e+00  5.980000e+00
     vertex  5.736645e+01  7.380346e+00  5.980000e+00
   endloop
 endfacet
 facet normal  0.000000e+00  0.000000e+00 -1.000000e+00
   outer loop
     vertex  6.385000e+01  4.000000e+00  5.980000e+00
     vertex  5.736645e+01  7.380346e+00  5.980000e+00
     vertex  5.741069e+01  7.395123e+00  5.980000e+00
   endloop
 endfacet
 facet normal  0.000000e+00  0.000000e+00 -1.000000e+00
   outer loop
     vertex  6.385000e+01  4.000000e+00  5.980000e+00
     vertex  5.741069e+01  7.395123e+00  5.980000e+00
     vertex  5.745451e+01  7.411109e+00  5.980000e+00
   endloop
 endfacet
 facet normal  0.000000e+00  0.000000e+00 -1.000000e+00
   outer loop
     vertex  6.385000e+01  4.000000e+00  5.980000e+00
     vertex  5.745451e+01  7.411109e+00  5.980000e+00
     vertex  5.749787e+01  7.428291e+00  5.980000e+00
   endloop
 endfacet
 facet normal  0.000000e+00  0.000000e+00 -1.000000e+00
   outer loop
     vertex  6.385000e+01  4.000000e+00  5.980000e+00
     vertex  5.749787e+01  7.428291e+00  5.980000e+00
     vertex  5.754074e+01  7.446657e+00  5.980000e+00
   endloop
 endfacet
 facet normal  0.000000e+00  0.000000e+00 -1.000000e+00
   outer loop
     vertex  6.385000e+01  4.000000e+00  5.980000e+00
     vertex  5.754074e+01  7.446657e+00  5.980000e+00
     vertex  5.758310e+01  7.466191e+00  5.980000e+00
   endloop
 endfacet
 facet normal  0.000000e+00  0.000000e+00 -1.000000e+00
   outer loop
     vertex  6.385000e+01  4.000000e+00  5.980000e+00
     vertex  5.758310e+01  7.466191e+00  5.980000e+00
     vertex  5.762490e+01  7.486880e+00  5.980000e+00
   endloop
 endfacet
 facet normal  0.000000e+00  0.000000e+00 -1.000000e+00
   outer loop
     vertex  6.385000e+01  4.000000e+00  5.980000e+00
     vertex  5.762490e+01  7.486880e+00  5.980000e+00
     vertex  5.766612e+01  7.508708e+00  5.980000e+00
   endloop
 endfacet
 facet normal  0.000000e+00  0.000000e+00 -1.000000e+00
   outer loop
     vertex  6.385000e+01  4.000000e+00  5.980000e+00
     vertex  5.766612e+01  7.508708e+00  5.980000e+00
     vertex  5.770672e+01  7.531659e+00  5.980000e+00
   endloop
 endfacet
 facet normal  0.000000e+00  0.000000e+00 -1.000000e+00
   outer loop
     vertex  6.385000e+01  4.000000e+00  5.980000e+00
     vertex  5.770672e+01  7.531659e+00  5.980000e+00
     vertex  5.774668e+01  7.555715e+00  5.980000e+00
   endloop
 endfacet
 facet normal  0.000000e+00  0.000000e+00 -1.000000e+00
   outer loop
     vertex  6.385000e+01  4.000000e+00  5.980000e+00
     vertex  5.774668e+01  7.555715e+00  5.980000e+00
     vertex  5.778597e+01  7.580858e+00  5.980000e+00
   endloop
 endfacet
 facet normal  0.000000e+00  0.000000e+00 -1.000000e+00
   outer loop
     vertex  6.385000e+01  4.000000e+00  5.980000e+00
     vertex  5.778597e+01  7.580858e+00  5.980000e+00
     vertex  5.782455e+01  7.607070e+00  5.980000e+00
   endloop
 endfacet
 facet normal  0.000000e+00  0.000000e+00 -1.000000e+00
   outer loop
     vertex  6.385000e+01  4.000000e+00  5.980000e+00
     vertex  5.782455e+01  7.607070e+00  5.980000e+00
     vertex  5.786240e+01  7.634330e+00  5.980000e+00
   endloop
 endfacet
 facet normal  0.000000e+00  0.000000e+00 -1.000000e+00
   outer loop
     vertex  6.385000e+01  4.000000e+00  5.980000e+00
     vertex  5.786240e+01  7.634330e+00  5.980000e+00
     vertex  5.789948e+01  7.662618e+00  5.980000e+00
   endloop
 endfacet
 facet normal  0.000000e+00  0.000000e+00 -1.000000e+00
   outer loop
     vertex  6.385000e+01  4.000000e+00  5.980000e+00
     vertex  5.789948e+01  7.662618e+00  5.980000e+00
     vertex  5.793578e+01  7.691913e+00  5.980000e+00
   endloop
 endfacet
 facet normal  0.000000e+00  0.000000e+00 -1.000000e+00
   outer loop
     vertex  6.385000e+01  1.420000e+01  5.980000e+00
     vertex  5.854936e+01  9.046638e+00  5.980000e+00
     vertex  5.854744e+01  9.093241e+00  5.980000e+00
   endloop
 endfacet
 facet normal  0.000000e+00  0.000000e+00 -1.000000e+00
   outer loop
     vertex  6.385000e+01  1.420000e+01  5.980000e+00
     vertex  5.854744e+01  9.093241e+00  5.980000e+00
     vertex  5.854424e+01  9.139773e+00  5.980000e+00
   endloop
 endfacet
 facet normal  0.000000e+00  0.000000e+00 -1.000000e+00
   outer loop
     vertex  6.385000e+01  1.420000e+01  5.980000e+00
     vertex  5.854424e+01  9.139773e+00  5.980000e+00
     vertex  5.853977e+01  9.186201e+00  5.980000e+00
   endloop
 endfacet
 facet normal  0.000000e+00  0.000000e+00 -1.000000e+00
   outer loop
     vertex  6.385000e+01  1.420000e+01  5.980000e+00
     vertex  5.853977e+01  9.186201e+00  5.980000e+00
     vertex  5.853403e+01  9.232488e+00  5.980000e+00
   endloop
 endfacet
 facet normal  0.000000e+00  0.000000e+00 -1.000000e+00
   outer loop
     vertex  6.385000e+01  1.420000e+01  5.980000e+00
     vertex  5.853403e+01  9.232488e+00  5.980000e+00
     vertex  5.852702e+01  9.278600e+00  5.980000e+00
   endloop
 endfacet
 facet normal  0.000000e+00  0.000000e+00 -1.000000e+00
   outer loop
     vertex  6.385000e+01  1.420000e+01  5.980000e+00
     vertex  5.852702e+01  9.278600e+00  5.980000e+00
     vertex  5.851874e+01  9.324502e+00  5.980000e+00
   endloop
 endfacet
 facet normal  0.000000e+00  0.000000e+00 -1.000000e+00
   outer loop
     vertex  6.385000e+01  1.420000e+01  5.980000e+00
     vertex  5.851874e+01  9.324502e+00  5.980000e+00
     vertex  5.850921e+01  9.370161e+00  5.980000e+00
   endloop
 endfacet
 facet normal  0.000000e+00  0.000000e+00 -1.000000e+00
   outer loop
     vertex  6.385000e+01  1.420000e+01  5.980000e+00
     vertex  5.850921e+01  9.370161e+00  5.980000e+00
     vertex  5.849843e+01  9.415540e+00  5.980000e+00
   endloop
 endfacet
 facet normal  0.000000e+00  0.000000e+00 -1.000000e+00
   outer loop
     vertex  6.385000e+01  1.420000e+01  5.980000e+00
     vertex  5.849843e+01  9.415540e+00  5.980000e+00
     vertex  5.848641e+01  9.460607e+00  5.980000e+00
   endloop
 endfacet
 facet normal  0.000000e+00  0.000000e+00 -1.000000e+00
   outer loop
     vertex  6.385000e+01  1.420000e+01  5.980000e+00
     vertex  5.848641e+01  9.460607e+00  5.980000e+00
     vertex  5.847316e+01  9.505327e+00  5.980000e+00
   endloop
 endfacet
 facet normal  0.000000e+00  0.000000e+00 -1.000000e+00
   outer loop
     vertex  6.385000e+01  1.420000e+01  5.980000e+00
     vertex  5.847316e+01  9.505327e+00  5.980000e+00
     vertex  5.845868e+01  9.549667e+00  5.980000e+00
   endloop
 endfacet
 facet normal  0.000000e+00  0.000000e+00 -1.000000e+00
   outer loop
     vertex  6.385000e+01  1.420000e+01  5.980000e+00
     vertex  5.845868e+01  9.549667e+00  5.980000e+00
     vertex  5.844300e+01  9.593592e+00  5.980000e+00
   endloop
 endfacet
 facet normal  0.000000e+00  0.000000e+00 -1.000000e+00
   outer loop
     vertex  6.385000e+01  1.420000e+01  5.980000e+00
     vertex  5.844300e+01  9.593592e+00  5.980000e+00
     vertex  5.842612e+01  9.637071e+00  5.980000e+00
   endloop
 endfacet
 facet normal  0.000000e+00  0.000000e+00 -1.000000e+00
   outer loop
     vertex  6.385000e+01  1.420000e+01  5.980000e+00
     vertex  5.842612e+01  9.637071e+00  5.980000e+00
     vertex  5.840804e+01  9.680071e+00  5.980000e+00
   endloop
 endfacet
 facet normal  0.000000e+00  0.000000e+00 -1.000000e+00
   outer loop
     vertex  6.385000e+01  1.420000e+01  5.980000e+00
     vertex  5.840804e+01  9.680071e+00  5.980000e+00
     vertex  5.838880e+01  9.722558e+00  5.980000e+00
   endloop
 endfacet
 facet normal  0.000000e+00  0.000000e+00 -1.000000e+00
   outer loop
     vertex  6.385000e+01  1.420000e+01  5.980000e+00
     vertex  5.838880e+01  9.722558e+00  5.980000e+00
     vertex  5.836840e+01  9.764502e+00  5.980000e+00
   endloop
 endfacet
 facet normal  0.000000e+00  0.000000e+00 -1.000000e+00
   outer loop
     vertex  6.385000e+01  1.420000e+01  5.980000e+00
     vertex  5.836840e+01  9.764502e+00  5.980000e+00
     vertex  5.834685e+01  9.805870e+00  5.980000e+00
   endloop
 endfacet
 facet normal  0.000000e+00  0.000000e+00 -1.000000e+00
   outer loop
     vertex  6.385000e+01  1.420000e+01  5.980000e+00
     vertex  5.834685e+01  9.805870e+00  5.980000e+00
     vertex  5.832418e+01  9.846632e+00  5.980000e+00
   endloop
 endfacet
 facet normal  0.000000e+00  0.000000e+00 -1.000000e+00
   outer loop
     vertex  6.385000e+01  1.420000e+01  5.980000e+00
     vertex  5.832418e+01  9.846632e+00  5.980000e+00
     vertex  5.830040e+01  9.886756e+00  5.980000e+00
   endloop
 endfacet
 facet normal  0.000000e+00 -0.000000e+00 -1.000000e+00
   outer loop
     vertex  6.385000e+01  1.420000e+01  5.980000e+00
     vertex  6.385000e+01  4.000000e+00  5.980000e+00
     vertex  5.854936e+01  9.046638e+00  5.980000e+00
   endloop
 endfacet
 facet normal  0.000000e+00  0.000000e+00 -1.000000e+00
   outer loop
     vertex  6.385000e+01  1.420000e+01  5.980000e+00
     vertex  5.830040e+01  9.886756e+00  5.980000e+00
     vertex  5.827553e+01  9.926212e+00  5.980000e+00
   endloop
 endfacet
 facet normal  0.000000e+00  0.000000e+00 -1.000000e+00
   outer loop
     vertex  6.385000e+01  1.420000e+01  5.980000e+00
     vertex  5.827553e+01  9.926212e+00  5.980000e+00
     vertex  5.824958e+01  9.964972e+00  5.980000e+00
   endloop
 endfacet
 facet normal  0.000000e+00  0.000000e+00 -1.000000e+00
   outer loop
     vertex  6.385000e+01  1.420000e+01  5.980000e+00
     vertex  5.824958e+01  9.964972e+00  5.980000e+00
     vertex  5.822258e+01  1.000300e+01  5.980000e+00
   endloop
 endfacet
 facet normal  0.000000e+00  0.000000e+00 -1.000000e+00
   outer loop
     vertex  6.385000e+01  1.420000e+01  5.980000e+00
     vertex  5.822258e+01  1.000300e+01  5.980000e+00
     vertex  5.819455e+01  1.004028e+01  5.980000e+00
   endloop
 endfacet
 facet normal  0.000000e+00  0.000000e+00 -1.000000e+00
   outer loop
     vertex  6.385000e+01  1.420000e+01  5.980000e+00
     vertex  5.819455e+01  1.004028e+01  5.980000e+00
     vertex  5.816550e+01  1.007678e+01  5.980000e+00
   endloop
 endfacet
 facet normal  0.000000e+00  0.000000e+00 -1.000000e+00
   outer loop
     vertex  6.385000e+01  1.420000e+01  5.980000e+00
     vertex  5.816550e+01  1.007678e+01  5.980000e+00
     vertex  5.813547e+01  1.011246e+01  5.980000e+00
   endloop
 endfacet
 facet normal  0.000000e+00  0.000000e+00 -1.000000e+00
   outer loop
     vertex  6.385000e+01  1.420000e+01  5.980000e+00
     vertex  5.813547e+01  1.011246e+01  5.980000e+00
     vertex  5.810447e+01  1.014731e+01  5.980000e+00
   endloop
 endfacet
 facet normal  0.000000e+00  0.000000e+00 -1.000000e+00
   outer loop
     vertex  6.385000e+01  1.420000e+01  5.980000e+00
     vertex  5.810447e+01  1.014731e+01  5.980000e+00
     vertex  5.807252e+01  1.018129e+01  5.980000e+00
   endloop
 endfacet
 facet normal  0.000000e+00  0.000000e+00 -1.000000e+00
   outer loop
     vertex  6.385000e+01  1.420000e+01  5.980000e+00
     vertex  5.807252e+01  1.018129e+01  5.980000e+00
     vertex  5.803965e+01  1.021439e+01  5.980000e+00
   endloop
 endfacet
 facet normal  0.000000e+00  0.000000e+00 -1.000000e+00
   outer loop
     vertex  6.385000e+01  1.420000e+01  5.980000e+00
     vertex  5.803965e+01  1.021439e+01  5.980000e+00
     vertex  5.800589e+01  1.024657e+01  5.980000e+00
   endloop
 endfacet
 facet normal  0.000000e+00  0.000000e+00 -1.000000e+00
   outer loop
     vertex  6.385000e+01  1.420000e+01  5.980000e+00
     vertex  5.800589e+01  1.024657e+01  5.980000e+00
     vertex  5.797125e+01  1.027781e+01  5.980000e+00
   endloop
 endfacet
 facet normal  0.000000e+00  0.000000e+00 -1.000000e+00
   outer loop
     vertex  6.385000e+01  1.420000e+01  5.980000e+00
     vertex  5.797125e+01  1.027781e+01  5.980000e+00
     vertex  5.793578e+01  1.030809e+01  5.980000e+00
   endloop
 endfacet
 facet normal  0.000000e+00  0.000000e+00 -1.000000e+00
   outer loop
     vertex  6.385000e+01  1.420000e+01  5.980000e+00
     vertex  5.793578e+01  1.030809e+01  5.980000e+00
     vertex  5.789948e+01  1.033738e+01  5.980000e+00
   endloop
 endfacet
 facet normal  0.000000e+00  0.000000e+00 -1.000000e+00
   outer loop
     vertex  6.385000e+01  1.420000e+01  5.980000e+00
     vertex  5.789948e+01  1.033738e+01  5.980000e+00
     vertex  5.786240e+01  1.036567e+01  5.980000e+00
   endloop
 endfacet
 facet normal  0.000000e+00  0.000000e+00 -1.000000e+00
   outer loop
     vertex  6.385000e+01  1.420000e+01  5.980000e+00
     vertex  5.786240e+01  1.036567e+01  5.980000e+00
     vertex  5.782455e+01  1.039293e+01  5.980000e+00
   endloop
 endfacet
 facet normal  0.000000e+00  0.000000e+00 -1.000000e+00
   outer loop
     vertex  6.385000e+01  1.420000e+01  5.980000e+00
     vertex  5.782455e+01  1.039293e+01  5.980000e+00
     vertex  5.778597e+01  1.041914e+01  5.980000e+00
   endloop
 endfacet
 facet normal  0.000000e+00  0.000000e+00 -1.000000e+00
   outer loop
     vertex  6.385000e+01  1.420000e+01  5.980000e+00
     vertex  5.778597e+01  1.041914e+01  5.980000e+00
     vertex  5.774668e+01  1.044428e+01  5.980000e+00
   endloop
 endfacet
 facet normal  0.000000e+00  0.000000e+00 -1.000000e+00
   outer loop
     vertex  6.385000e+01  1.420000e+01  5.980000e+00
     vertex  5.774668e+01  1.044428e+01  5.980000e+00
     vertex  5.770672e+01  1.046834e+01  5.980000e+00
   endloop
 endfacet
 facet normal  0.000000e+00  0.000000e+00 -1.000000e+00
   outer loop
     vertex  6.385000e+01  1.420000e+01  5.980000e+00
     vertex  5.770672e+01  1.046834e+01  5.980000e+00
     vertex  5.766612e+01  1.049129e+01  5.980000e+00
   endloop
 endfacet
 facet normal  0.000000e+00  0.000000e+00 -1.000000e+00
   outer loop
     vertex  6.385000e+01  1.420000e+01  5.980000e+00
     vertex  5.766612e+01  1.049129e+01  5.980000e+00
     vertex  5.762490e+01  1.051312e+01  5.980000e+00
   endloop
 endfacet
 facet normal  0.000000e+00  0.000000e+00 -1.000000e+00
   outer loop
     vertex  6.385000e+01  1.420000e+01  5.980000e+00
     vertex  5.762490e+01  1.051312e+01  5.980000e+00
     vertex  5.758310e+01  1.053381e+01  5.980000e+00
   endloop
 endfacet
 facet normal  0.000000e+00  0.000000e+00 -1.000000e+00
   outer loop
     vertex  6.385000e+01  1.420000e+01  5.980000e+00
     vertex  5.758310e+01  1.053381e+01  5.980000e+00
     vertex  5.754074e+01  1.055334e+01  5.980000e+00
   endloop
 endfacet
 facet normal  0.000000e+00  0.000000e+00 -1.000000e+00
   outer loop
     vertex  6.385000e+01  1.420000e+01  5.980000e+00
     vertex  5.754074e+01  1.055334e+01  5.980000e+00
     vertex  5.749787e+01  1.057171e+01  5.980000e+00
   endloop
 endfacet
 facet normal  0.000000e+00  0.000000e+00 -1.000000e+00
   outer loop
     vertex  6.385000e+01  1.420000e+01  5.980000e+00
     vertex  5.749787e+01  1.057171e+01  5.980000e+00
     vertex  5.745451e+01  1.058889e+01  5.980000e+00
   endloop
 endfacet
 facet normal  0.000000e+00  0.000000e+00 -1.000000e+00
   outer loop
     vertex  6.385000e+01  1.420000e+01  5.980000e+00
     vertex  5.745451e+01  1.058889e+01  5.980000e+00
     vertex  5.741069e+01  1.060488e+01  5.980000e+00
   endloop
 endfacet
 facet normal  0.000000e+00  0.000000e+00 -1.000000e+00
   outer loop
     vertex  6.385000e+01  1.420000e+01  5.980000e+00
     vertex  5.741069e+01  1.060488e+01  5.980000e+00
     vertex  5.736645e+01  1.061965e+01  5.980000e+00
   endloop
 endfacet
 facet normal  0.000000e+00  0.000000e+00 -1.000000e+00
   outer loop
     vertex  6.385000e+01  1.420000e+01  5.980000e+00
     vertex  5.736645e+01  1.061965e+01  5.980000e+00
     vertex  5.732182e+01  1.063321e+01  5.980000e+00
   endloop
 endfacet
 facet normal  0.000000e+00  0.000000e+00 -1.000000e+00
   outer loop
     vertex  6.385000e+01  1.420000e+01  5.980000e+00
     vertex  5.732182e+01  1.063321e+01  5.980000e+00
     vertex  5.727684e+01  1.064554e+01  5.980000e+00
   endloop
 endfacet
 facet normal  0.000000e+00  0.000000e+00 -1.000000e+00
   outer loop
     vertex  6.385000e+01  1.420000e+01  5.980000e+00
     vertex  5.727684e+01  1.064554e+01  5.980000e+00
     vertex  5.723153e+01  1.065663e+01  5.980000e+00
   endloop
 endfacet
 facet normal  0.000000e+00  0.000000e+00 -1.000000e+00
   outer loop
     vertex  6.385000e+01  1.420000e+01  5.980000e+00
     vertex  5.723153e+01  1.065663e+01  5.980000e+00
     vertex  5.718594e+01  1.066648e+01  5.980000e+00
   endloop
 endfacet
 facet normal  0.000000e+00  0.000000e+00 -1.000000e+00
   outer loop
     vertex  6.385000e+01  1.420000e+01  5.980000e+00
     vertex  5.718594e+01  1.066648e+01  5.980000e+00
     vertex  5.714010e+01  1.067507e+01  5.980000e+00
   endloop
 endfacet
 facet normal  0.000000e+00  0.000000e+00 -1.000000e+00
   outer loop
     vertex  6.385000e+01  1.420000e+01  5.980000e+00
     vertex  5.714010e+01  1.067507e+01  5.980000e+00
     vertex  5.709403e+01  1.068239e+01  5.980000e+00
   endloop
 endfacet
 facet normal  0.000000e+00  0.000000e+00 -1.000000e+00
   outer loop
     vertex  6.385000e+01  1.420000e+01  5.980000e+00
     vertex  5.709403e+01  1.068239e+01  5.980000e+00
     vertex  5.704779e+01  1.068846e+01  5.980000e+00
   endloop
 endfacet
 facet normal  0.000000e+00  0.000000e+00 -1.000000e+00
   outer loop
     vertex  6.385000e+01  1.420000e+01  5.980000e+00
     vertex  5.704779e+01  1.068846e+01  5.980000e+00
     vertex  5.700139e+01  1.069325e+01  5.980000e+00
   endloop
 endfacet
 facet normal  0.000000e+00  0.000000e+00 -1.000000e+00
   outer loop
     vertex  6.385000e+01  1.420000e+01  5.980000e+00
     vertex  5.700139e+01  1.069325e+01  5.980000e+00
     vertex  5.695488e+01  1.069676e+01  5.980000e+00
   endloop
 endfacet
 facet normal  0.000000e+00  0.000000e+00 -1.000000e+00
   outer loop
     vertex  6.385000e+01  1.420000e+01  5.980000e+00
     vertex  5.695488e+01  1.069676e+01  5.980000e+00
     vertex  5.690829e+01  1.069900e+01  5.980000e+00
   endloop
 endfacet
 facet normal  0.000000e+00  0.000000e+00 -1.000000e+00
   outer loop
     vertex  6.385000e+01  1.420000e+01  5.980000e+00
     vertex  5.690829e+01  1.069900e+01  5.980000e+00
     vertex  5.686166e+01  1.069996e+01  5.980000e+00
   endloop
 endfacet
 facet normal -0.000000e+00  0.000000e+00 -1.000000e+00
   outer loop
     vertex  6.385000e+01  1.420000e+01  5.980000e+00
     vertex  5.686166e+01  1.069996e+01  5.980000e+00
     vertex  4.985000e+01  1.420000e+01  5.980000e+00
   endloop
 endfacet
 facet normal -1.000000e+00  0.000000e+00  0.000000e+00
   outer loop
     vertex  4.985000e+01  4.000000e+00  7.980000e+00
     vertex  4.985000e+01  1.420000e+01  5.980000e+00
     vertex  4.985000e+01  4.000000e+00  5.980000e+00
   endloop
 endfacet
 facet normal -1.000000e+00  0.000000e+00  0.000000e+00
   outer loop
     vertex  4.985000e+01  4.000000e+00  7.980000e+00
     vertex  4.985000e+01  1.420000e+01  7.980000e+00
     vertex  4.985000e+01  1.420000e+01  5.980000e+00
   endloop
 endfacet
 facet normal  0.000000e+00  1.000000e+00  0.000000e+00
   outer loop
     vertex  6.385000e+01  1.358000e+02  7.980000e+00
     vertex  6.385000e+01  1.358000e+02  5.980000e+00
     vertex  4.985000e+01  1.358000e+02  5.980000e+00
   endloop
 endfacet
 facet normal  0.000000e+00  1.000000e+00  0.000000e+00
   outer loop
     vertex  6.385000e+01  1.358000e+02  7.980000e+00
     vertex  4.985000e+01  1.358000e+02  5.980000e+00
     vertex  4.985000e+01  1.358000e+02  7.980000e+00
   endloop
 endfacet
 facet normal -9.999059e-01 -1.371831e-02  0.000000e+00
   outer loop
     vertex  5.854936e+01  1.308466e+02  7.980000e+00
     vertex  5.855000e+01  1.308000e+02  5.980000e+00
     vertex  5.855000e+01  1.308000e+02  7.980000e+00
   endloop
 endfacet
 facet normal -9.999059e-01 -1.371831e-02 -0.000000e+00
   outer loop
     vertex  5.854936e+01  1.308466e+02  7.980000e+00
     vertex  5.854936e+01  1.308466e+02  5.980000e+00
     vertex  5.855000e+01  1.308000e+02  5.980000e+00
   endloop
 endfacet
 facet normal -9.991532e-01 -4.114462e-02 -0.000000e+00
   outer loop
     vertex  5.854744e+01  1.308932e+02  7.980000e+00
     vertex  5.854744e+01  1.308932e+02  5.980000e+00
     vertex  5.854936e+01  1.308466e+02  5.980000e+00
   endloop
 endfacet
 facet normal -9.991532e-01 -4.114462e-02  0.000000e+00
   outer loop
     vertex  5.854744e+01  1.308932e+02  7.980000e+00
     vertex  5.854936e+01  1.308466e+02  5.980000e+00
     vertex  5.854936e+01  1.308466e+02  7.980000e+00
   endloop
 endfacet
 facet normal -9.976484e-01 -6.853995e-02 -0.000000e+00
   outer loop
     vertex  5.854424e+01  1.309398e+02  7.980000e+00
     vertex  5.854424e+01  1.309398e+02  5.980000e+00
     vertex  5.854744e+01  1.308932e+02  5.980000e+00
   endloop
 endfacet
 facet normal -9.976484e-01 -6.853995e-02  0.000000e+00
   outer loop
     vertex  5.854424e+01  1.309398e+02  7.980000e+00
     vertex  5.854744e+01  1.308932e+02  5.980000e+00
     vertex  5.854744e+01  1.308932e+02  7.980000e+00
   endloop
 endfacet
 facet normal -9.953925e-01 -9.588368e-02 -0.000000e+00
   outer loop
     vertex  5.853977e+01  1.309862e+02  7.980000e+00
     vertex  5.853977e+01  1.309862e+02  5.980000e+00
     vertex  5.854424e+01  1.309398e+02  5.980000e+00
   endloop
 endfacet
 facet normal -9.953925e-01 -9.588368e-02  0.000000e+00
   outer loop
     vertex  5.853977e+01  1.309862e+02  7.980000e+00
     vertex  5.854424e+01  1.309398e+02  5.980000e+00
     vertex  5.854424e+01  1.309398e+02  7.980000e+00
   endloop
 endfacet
 facet normal -9.923874e-01 -1.231552e-01 -0.000000e+00
   outer loop
     vertex  5.853403e+01  1.310325e+02  7.980000e+00
     vertex  5.853403e+01  1.310325e+02  5.980000e+00
     vertex  5.853977e+01  1.309862e+02  5.980000e+00
   endloop
 endfacet
 facet normal -9.923874e-01 -1.231552e-01  0.000000e+00
   outer loop
     vertex  5.853403e+01  1.310325e+02  7.980000e+00
     vertex  5.853977e+01  1.309862e+02  5.980000e+00
     vertex  5.853977e+01  1.309862e+02  7.980000e+00
   endloop
 endfacet
 facet normal -9.886353e-01 -1.503341e-01 -0.000000e+00
   outer loop
     vertex  5.852702e+01  1.310786e+02  7.980000e+00
     vertex  5.852702e+01  1.310786e+02  5.980000e+00
     vertex  5.853403e+01  1.310325e+02  5.980000e+00
   endloop
 endfacet
 facet normal -9.886353e-01 -1.503341e-01  0.000000e+00
   outer loop
     vertex  5.852702e+01  1.310786e+02  7.980000e+00
     vertex  5.853403e+01  1.310325e+02  5.980000e+00
     vertex  5.853403e+01  1.310325e+02  7.980000e+00
   endloop
 endfacet
 facet normal -9.841389e-01 -1.773998e-01 -0.000000e+00
   outer loop
     vertex  5.851874e+01  1.311245e+02  7.980000e+00
     vertex  5.851874e+01  1.311245e+02  5.980000e+00
     vertex  5.852702e+01  1.310786e+02  5.980000e+00
   endloop
 endfacet
 facet normal -9.841389e-01 -1.773998e-01  0.000000e+00
   outer loop
     vertex  5.851874e+01  1.311245e+02  7.980000e+00
     vertex  5.852702e+01  1.310786e+02  5.980000e+00
     vertex  5.852702e+01  1.310786e+02  7.980000e+00
   endloop
 endfacet
 facet normal -9.789017e-01 -2.043319e-01 -0.000000e+00
   outer loop
     vertex  5.850921e+01  1.311702e+02  7.980000e+00
     vertex  5.850921e+01  1.311702e+02  5.980000e+00
     vertex  5.851874e+01  1.311245e+02  5.980000e+00
   endloop
 endfacet
 facet normal -9.789017e-01 -2.043319e-01  0.000000e+00
   outer loop
     vertex  5.850921e+01  1.311702e+02  7.980000e+00
     vertex  5.851874e+01  1.311245e+02  5.980000e+00
     vertex  5.851874e+01  1.311245e+02  7.980000e+00
   endloop
 endfacet
 facet normal -9.729276e-01 -2.311102e-01 -0.000000e+00
   outer loop
     vertex  5.849843e+01  1.312155e+02  7.980000e+00
     vertex  5.849843e+01  1.312155e+02  5.980000e+00
     vertex  5.850921e+01  1.311702e+02  5.980000e+00
   endloop
 endfacet
 facet normal -9.729276e-01 -2.311102e-01  0.000000e+00
   outer loop
     vertex  5.849843e+01  1.312155e+02  7.980000e+00
     vertex  5.850921e+01  1.311702e+02  5.980000e+00
     vertex  5.850921e+01  1.311702e+02  7.980000e+00
   endloop
 endfacet
 facet normal -9.662211e-01 -2.577146e-01  0.000000e+00
   outer loop
     vertex  5.848641e+01  1.312606e+02  7.980000e+00
     vertex  5.849843e+01  1.312155e+02  5.980000e+00
     vertex  5.849843e+01  1.312155e+02  7.980000e+00
   endloop
 endfacet
 facet normal -9.662211e-01 -2.577146e-01 -0.000000e+00
   outer loop
     vertex  5.848641e+01  1.312606e+02  7.980000e+00
     vertex  5.848641e+01  1.312606e+02  5.980000e+00
     vertex  5.849843e+01  1.312155e+02  5.980000e+00
   endloop
 endfacet
 facet normal -9.587873e-01 -2.841250e-01  0.000000e+00
   outer loop
     vertex  5.847316e+01  1.313053e+02  7.980000e+00
     vertex  5.848641e+01  1.312606e+02  5.980000e+00
     vertex  5.848641e+01  1.312606e+02  7.980000e+00
   endloop
 endfacet
 facet normal -9.587873e-01 -2.841250e-01 -0.000000e+00
   outer loop
     vertex  5.847316e+01  1.313053e+02  7.980000e+00
     vertex  5.847316e+01  1.313053e+02  5.980000e+00
     vertex  5.848641e+01  1.312606e+02  5.980000e+00
   endloop
 endfacet
 facet normal -9.506317e-01 -3.103214e-01  0.000000e+00
   outer loop
     vertex  5.845868e+01  1.313497e+02  7.980000e+00
     vertex  5.847316e+01  1.313053e+02  5.980000e+00
     vertex  5.847316e+01  1.313053e+02  7.980000e+00
   endloop
 endfacet
 facet normal -9.506317e-01 -3.103214e-01 -0.000000e+00
   outer loop
     vertex  5.845868e+01  1.313497e+02  7.980000e+00
     vertex  5.845868e+01  1.313497e+02  5.980000e+00
     vertex  5.847316e+01  1.313053e+02  5.980000e+00
   endloop
 endfacet
 facet normal -9.417605e-01 -3.362843e-01  0.000000e+00
   outer loop
     vertex  5.844300e+01  1.313936e+02  7.980000e+00
     vertex  5.845868e+01  1.313497e+02  5.980000e+00
     vertex  5.845868e+01  1.313497e+02  7.980000e+00
   endloop
 endfacet
 facet normal -9.417605e-01 -3.362843e-01 -0.000000e+00
   outer loop
     vertex  5.844300e+01  1.313936e+02  7.980000e+00
     vertex  5.844300e+01  1.313936e+02  5.980000e+00
     vertex  5.845868e+01  1.313497e+02  5.980000e+00
   endloop
 endfacet
 facet normal -9.321804e-01 -3.619940e-01  0.000000e+00
   outer loop
     vertex  5.842612e+01  1.314371e+02  7.980000e+00
     vertex  5.844300e+01  1.313936e+02  5.980000e+00
     vertex  5.844300e+01  1.313936e+02  7.980000e+00
   endloop
 endfacet
 facet normal -9.321804e-01 -3.619940e-01 -0.000000e+00
   outer loop
     vertex  5.842612e+01  1.314371e+02  7.980000e+00
     vertex  5.842612e+01  1.314371e+02  5.980000e+00
     vertex  5.844300e+01  1.313936e+02  5.980000e+00
   endloop
 endfacet
 facet normal -9.218986e-01 -3.874313e-01  0.000000e+00
   outer loop
     vertex  5.840804e+01  1.314801e+02  7.980000e+00
     vertex  5.842612e+01  1.314371e+02  5.980000e+00
     vertex  5.842612e+01  1.314371e+02  7.980000e+00
   endloop
 endfacet
 facet normal -9.218986e-01 -3.874313e-01 -0.000000e+00
   outer loop
     vertex  5.840804e+01  1.314801e+02  7.980000e+00
     vertex  5.840804e+01  1.314801e+02  5.980000e+00
     vertex  5.842612e+01  1.314371e+02  5.980000e+00
   endloop
 endfacet
 facet normal -9.109228e-01 -4.125769e-01 -0.000000e+00
   outer loop
     vertex  5.840804e+01  1.314801e+02  7.980000e+00
     vertex  5.838880e+01  1.315226e+02  5.980000e+00
     vertex  5.840804e+01  1.314801e+02  5.980000e+00
   endloop
 endfacet
 facet normal -9.109228e-01 -4.125769e-01 -0.000000e+00
   outer loop
     vertex  5.838880e+01  1.315226e+02  7.980000e+00
     vertex  5.838880e+01  1.315226e+02  5.980000e+00
     vertex  5.840804e+01  1.314801e+02  7.980000e+00
   endloop
 endfacet
 facet normal -8.992613e-01 -4.374119e-01  0.000000e+00
   outer loop
     vertex  5.836840e+01  1.315645e+02  7.980000e+00
     vertex  5.838880e+01  1.315226e+02  5.980000e+00
     vertex  5.838880e+01  1.315226e+02  7.980000e+00
   endloop
 endfacet
 facet normal -8.992613e-01 -4.374119e-01 -0.000000e+00
   outer loop
     vertex  5.836840e+01  1.315645e+02  7.980000e+00
     vertex  5.836840e+01  1.315645e+02  5.980000e+00
     vertex  5.838880e+01  1.315226e+02  5.980000e+00
   endloop
 endfacet
 facet normal -8.869228e-01 -4.619176e-01  0.000000e+00
   outer loop
     vertex  5.834685e+01  1.316059e+02  7.980000e+00
     vertex  5.836840e+01  1.315645e+02  5.980000e+00
     vertex  5.836840e+01  1.315645e+02  7.980000e+00
   endloop
 endfacet
 facet normal -8.869228e-01 -4.619176e-01 -0.000000e+00
   outer loop
     vertex  5.834685e+01  1.316059e+02  7.980000e+00
     vertex  5.834685e+01  1.316059e+02  5.980000e+00
     vertex  5.836840e+01  1.315645e+02  5.980000e+00
   endloop
 endfacet
 facet normal -8.739167e-01 -4.860756e-01 -0.000000e+00
   outer loop
     vertex  5.834685e+01  1.316059e+02  7.980000e+00
     vertex  5.832418e+01  1.316466e+02  5.980000e+00
     vertex  5.834685e+01  1.316059e+02  5.980000e+00
   endloop
 endfacet
 facet normal -8.739167e-01 -4.860756e-01 -0.000000e+00
   outer loop
     vertex  5.832418e+01  1.316466e+02  7.980000e+00
     vertex  5.832418e+01  1.316466e+02  5.980000e+00
     vertex  5.834685e+01  1.316059e+02  7.980000e+00
   endloop
 endfacet
 facet normal -8.602528e-01 -5.098678e-01  0.000000e+00
   outer loop
     vertex  5.830040e+01  1.316868e+02  7.980000e+00
     vertex  5.832418e+01  1.316466e+02  5.980000e+00
     vertex  5.832418e+01  1.316466e+02  7.980000e+00
   endloop
 endfacet
 facet normal -8.602528e-01 -5.098678e-01 -0.000000e+00
   outer loop
     vertex  5.830040e+01  1.316868e+02  7.980000e+00
     vertex  5.830040e+01  1.316868e+02  5.980000e+00
     vertex  5.832418e+01  1.316466e+02  5.980000e+00
   endloop
 endfacet
 facet normal -8.459413e-01 -5.332761e-01  0.000000e+00
   outer loop
     vertex  5.827553e+01  1.317262e+02  7.980000e+00
     vertex  5.830040e+01  1.316868e+02  5.980000e+00
     vertex  5.830040e+01  1.316868e+02  7.980000e+00
   endloop
 endfacet
 facet normal -8.459413e-01 -5.332761e-01 -0.000000e+00
   outer loop
     vertex  5.827553e+01  1.317262e+02  7.980000e+00
     vertex  5.827553e+01  1.317262e+02  5.980000e+00
     vertex  5.830040e+01  1.316868e+02  5.980000e+00
   endloop
 endfacet
 facet normal -8.309929e-01 -5.562829e-01 -0.000000e+00
   outer loop
     vertex  5.824958e+01  1.317650e+02  7.980000e+00
     vertex  5.824958e+01  1.317650e+02  5.980000e+00
     vertex  5.827553e+01  1.317262e+02  5.980000e+00
   endloop
 endfacet
 facet normal -8.309929e-01 -5.562829e-01  0.000000e+00
   outer loop
     vertex  5.824958e+01  1.317650e+02  7.980000e+00
     vertex  5.827553e+01  1.317262e+02  5.980000e+00
     vertex  5.827553e+01  1.317262e+02  7.980000e+00
   endloop
 endfacet
 facet normal -8.154191e-01 -5.788711e-01 -0.000000e+00
   outer loop
     vertex  5.822258e+01  1.318030e+02  7.980000e+00
     vertex  5.822258e+01  1.318030e+02  5.980000e+00
     vertex  5.824958e+01  1.317650e+02  5.980000e+00
   endloop
 endfacet
 facet normal -8.154191e-01 -5.788711e-01  0.000000e+00
   outer loop
     vertex  5.822258e+01  1.318030e+02  7.980000e+00
     vertex  5.824958e+01  1.317650e+02  5.980000e+00
     vertex  5.824958e+01  1.317650e+02  7.980000e+00
   endloop
 endfacet
 facet normal -7.992314e-01 -6.010234e-01 -0.000000e+00
   outer loop
     vertex  5.819455e+01  1.318403e+02  7.980000e+00
     vertex  5.819455e+01  1.318403e+02  5.980000e+00
     vertex  5.822258e+01  1.318030e+02  5.980000e+00
   endloop
 endfacet
 facet normal -7.992314e-01 -6.010234e-01  0.000000e+00
   outer loop
     vertex  5.819455e+01  1.318403e+02  7.980000e+00
     vertex  5.822258e+01  1.318030e+02  5.980000e+00
     vertex  5.822258e+01  1.318030e+02  7.980000e+00
   endloop
 endfacet
 facet normal -7.824421e-01 -6.227234e-01 -0.000000e+00
   outer loop
     vertex  5.816550e+01  1.318768e+02  7.980000e+00
     vertex  5.816550e+01  1.318768e+02  5.980000e+00
     vertex  5.819455e+01  1.318403e+02  5.980000e+00
   endloop
 endfacet
 facet normal -7.824421e-01 -6.227234e-01  0.000000e+00
   outer loop
     vertex  5.816550e+01  1.318768e+02  7.980000e+00
     vertex  5.819455e+01  1.318403e+02  5.980000e+00
     vertex  5.819455e+01  1.318403e+02  7.980000e+00
   endloop
 endfacet
 facet normal -7.650637e-01 -6.439545e-01 -0.000000e+00
   outer loop
     vertex  5.813547e+01  1.319125e+02  7.980000e+00
     vertex  5.813547e+01  1.319125e+02  5.980000e+00
     vertex  5.816550e+01  1.318768e+02  5.980000e+00
   endloop
 endfacet
 facet normal -7.650637e-01 -6.439545e-01  0.000000e+00
   outer loop
     vertex  5.813547e+01  1.319125e+02  7.980000e+00
     vertex  5.816550e+01  1.318768e+02  5.980000e+00
     vertex  5.816550e+01  1.318768e+02  7.980000e+00
   endloop
 endfacet
 facet normal -7.471095e-01 -6.647010e-01 -0.000000e+00
   outer loop
     vertex  5.810447e+01  1.319473e+02  7.980000e+00
     vertex  5.810447e+01  1.319473e+02  5.980000e+00
     vertex  5.813547e+01  1.319125e+02  5.980000e+00
   endloop
 endfacet
 facet normal -7.471095e-01 -6.647010e-01  0.000000e+00
   outer loop
     vertex  5.810447e+01  1.319473e+02  7.980000e+00
     vertex  5.813547e+01  1.319125e+02  5.980000e+00
     vertex  5.813547e+01  1.319125e+02  7.980000e+00
   endloop
 endfacet
 facet normal -7.285929e-01 -6.849470e-01 -0.000000e+00
   outer loop
     vertex  5.807252e+01  1.319813e+02  7.980000e+00
     vertex  5.807252e+01  1.319813e+02  5.980000e+00
     vertex  5.810447e+01  1.319473e+02  5.980000e+00
   endloop
 endfacet
 facet normal -7.285929e-01 -6.849470e-01  0.000000e+00
   outer loop
     vertex  5.807252e+01  1.319813e+02  7.980000e+00
     vertex  5.810447e+01  1.319473e+02  5.980000e+00
     vertex  5.810447e+01  1.319473e+02  7.980000e+00
   endloop
 endfacet
 facet normal -7.095278e-01 -7.046775e-01 -0.000000e+00
   outer loop
     vertex  5.803965e+01  1.320144e+02  7.980000e+00
     vertex  5.803965e+01  1.320144e+02  5.980000e+00
     vertex  5.807252e+01  1.319813e+02  5.980000e+00
   endloop
 endfacet
 facet normal -7.095278e-01 -7.046775e-01  0.000000e+00
   outer loop
     vertex  5.803965e+01  1.320144e+02  7.980000e+00
     vertex  5.807252e+01  1.319813e+02  5.980000e+00
     vertex  5.807252e+01  1.319813e+02  7.980000e+00
   endloop
 endfacet
 facet normal -6.899286e-01 -7.238775e-01 -0.000000e+00
   outer loop
     vertex  5.800589e+01  1.320466e+02  7.980000e+00
     vertex  5.800589e+01  1.320466e+02  5.980000e+00
     vertex  5.803965e+01  1.320144e+02  5.980000e+00
   endloop
 endfacet
 facet normal -6.899286e-01 -7.238775e-01  0.000000e+00
   outer loop
     vertex  5.800589e+01  1.320466e+02  7.980000e+00
     vertex  5.803965e+01  1.320144e+02  5.980000e+00
     vertex  5.803965e+01  1.320144e+02  7.980000e+00
   endloop
 endfacet
 facet normal -6.698100e-01 -7.425325e-01 -0.000000e+00
   outer loop
     vertex  5.797125e+01  1.320778e+02  7.980000e+00
     vertex  5.797125e+01  1.320778e+02  5.980000e+00
     vertex  5.800589e+01  1.320466e+02  5.980000e+00
   endloop
 endfacet
 facet normal -6.698100e-01 -7.425325e-01  0.000000e+00
   outer loop
     vertex  5.797125e+01  1.320778e+02  7.980000e+00
     vertex  5.800589e+01  1.320466e+02  5.980000e+00
     vertex  5.800589e+01  1.320466e+02  7.980000e+00
   endloop
 endfacet
 facet normal -6.491872e-01 -7.606287e-01 -0.000000e+00
   outer loop
     vertex  5.793578e+01  1.321081e+02  7.980000e+00
     vertex  5.793578e+01  1.321081e+02  5.980000e+00
     vertex  5.797125e+01  1.320778e+02  5.980000e+00
   endloop
 endfacet
 facet normal -6.491872e-01 -7.606287e-01  0.000000e+00
   outer loop
     vertex  5.793578e+01  1.321081e+02  7.980000e+00
     vertex  5.797125e+01  1.320778e+02  5.980000e+00
     vertex  5.797125e+01  1.320778e+02  7.980000e+00
   endloop
 endfacet
 facet normal -6.280757e-01 -7.781522e-01 -0.000000e+00
   outer loop
     vertex  5.789948e+01  1.321374e+02  7.980000e+00
     vertex  5.789948e+01  1.321374e+02  5.980000e+00
     vertex  5.793578e+01  1.321081e+02  5.980000e+00
   endloop
 endfacet
 facet normal -6.064915e-01 -7.950900e-01 -0.000000e+00
   outer loop
     vertex  5.789948e+01  1.321374e+02  7.980000e+00
     vertex  5.786240e+01  1.321657e+02  5.980000e+00
     vertex  5.789948e+01  1.321374e+02  5.980000e+00
   endloop
 endfacet
 facet normal -6.280757e-01 -7.781522e-01  0.000000e+00
   outer loop
     vertex  5.789948e+01  1.321374e+02  7.980000e+00
     vertex  5.793578e+01  1.321081e+02  5.980000e+00
     vertex  5.793578e+01  1.321081e+02  7.980000e+00
   endloop
 endfacet
 facet normal -6.064915e-01 -7.950900e-01 -0.000000e+00
   outer loop
     vertex  5.786240e+01  1.321657e+02  7.980000e+00
     vertex  5.786240e+01  1.321657e+02  5.980000e+00
     vertex  5.789948e+01  1.321374e+02  7.980000e+00
   endloop
 endfacet
 facet normal -5.844507e-01 -8.114292e-01  0.000000e+00
   outer loop
     vertex  5.782455e+01  1.321929e+02  7.980000e+00
     vertex  5.786240e+01  1.321657e+02  5.980000e+00
     vertex  5.786240e+01  1.321657e+02  7.980000e+00
   endloop
 endfacet
 facet normal -5.844507e-01 -8.114292e-01 -0.000000e+00
   outer loop
     vertex  5.782455e+01  1.321929e+02  7.980000e+00
     vertex  5.782455e+01  1.321929e+02  5.980000e+00
     vertex  5.786240e+01  1.321657e+02  5.980000e+00
   endloop
 endfacet
 facet normal -5.619699e-01 -8.271577e-01 -0.000000e+00
   outer loop
     vertex  5.782455e+01  1.321929e+02  7.980000e+00
     vertex  5.778597e+01  1.322191e+02  5.980000e+00
     vertex  5.782455e+01  1.321929e+02  5.980000e+00
   endloop
 endfacet
 facet normal -5.619699e-01 -8.271577e-01 -0.000000e+00
   outer loop
     vertex  5.778597e+01  1.322191e+02  7.980000e+00
     vertex  5.778597e+01  1.322191e+02  5.980000e+00
     vertex  5.782455e+01  1.321929e+02  7.980000e+00
   endloop
 endfacet
 facet normal -5.390661e-01 -8.422635e-01  0.000000e+00
   outer loop
     vertex  5.774668e+01  1.322443e+02  7.980000e+00
     vertex  5.778597e+01  1.322191e+02  5.980000e+00
     vertex  5.778597e+01  1.322191e+02  7.980000e+00
   endloop
 endfacet
 facet normal -5.390661e-01 -8.422635e-01 -0.000000e+00
   outer loop
     vertex  5.774668e+01  1.322443e+02  7.980000e+00
     vertex  5.774668e+01  1.322443e+02  5.980000e+00
     vertex  5.778597e+01  1.322191e+02  5.980000e+00
   endloop
 endfacet
 facet normal -5.157565e-01 -8.567352e-01  0.000000e+00
   outer loop
     vertex  5.770672e+01  1.322683e+02  7.980000e+00
     vertex  5.774668e+01  1.322443e+02  5.980000e+00
     vertex  5.774668e+01  1.322443e+02  7.980000e+00
   endloop
 endfacet
 facet normal -5.157565e-01 -8.567352e-01 -0.000000e+00
   outer loop
     vertex  5.770672e+01  1.322683e+02  7.980000e+00
     vertex  5.770672e+01  1.322683e+02  5.980000e+00
     vertex  5.774668e+01  1.322443e+02  5.980000e+00
   endloop
 endfacet
 facet normal -4.920587e-01 -8.705620e-01  0.000000e+00
   outer loop
     vertex  5.766612e+01  1.322913e+02  7.980000e+00
     vertex  5.770672e+01  1.322683e+02  5.980000e+00
     vertex  5.770672e+01  1.322683e+02  7.980000e+00
   endloop
 endfacet
 facet normal -4.920587e-01 -8.705620e-01 -0.000000e+00
   outer loop
     vertex  5.766612e+01  1.322913e+02  7.980000e+00
     vertex  5.766612e+01  1.322913e+02  5.980000e+00
     vertex  5.770672e+01  1.322683e+02  5.980000e+00
   endloop
 endfacet
 facet normal -4.679904e-01 -8.837335e-01 -0.000000e+00
   outer loop
     vertex  5.766612e+01  1.322913e+02  7.980000e+00
     vertex  5.762490e+01  1.323131e+02  5.980000e+00
     vertex  5.766612e+01  1.322913e+02  5.980000e+00
   endloop
 endfacet
 facet normal -4.679904e-01 -8.837335e-01 -0.000000e+00
   outer loop
     vertex  5.762490e+01  1.323131e+02  7.980000e+00
     vertex  5.762490e+01  1.323131e+02  5.980000e+00
     vertex  5.766612e+01  1.322913e+02  7.980000e+00
   endloop
 endfacet
 facet normal -4.435699e-01 -8.962398e-01  0.000000e+00
   outer loop
     vertex  5.758310e+01  1.323338e+02  7.980000e+00
     vertex  5.762490e+01  1.323131e+02  5.980000e+00
     vertex  5.762490e+01  1.323131e+02  7.980000e+00
   endloop
 endfacet
 facet normal -4.435699e-01 -8.962398e-01 -0.000000e+00
   outer loop
     vertex  5.758310e+01  1.323338e+02  7.980000e+00
     vertex  5.758310e+01  1.323338e+02  5.980000e+00
     vertex  5.762490e+01  1.323131e+02  5.980000e+00
   endloop
 endfacet
 facet normal -4.188155e-01 -9.080714e-01 -0.000000e+00
   outer loop
     vertex  5.758310e+01  1.323338e+02  7.980000e+00
     vertex  5.754074e+01  1.323533e+02  5.980000e+00
     vertex  5.758310e+01  1.323338e+02  5.980000e+00
   endloop
 endfacet
 facet normal -4.188155e-01 -9.080714e-01 -0.000000e+00
   outer loop
     vertex  5.754074e+01  1.323533e+02  7.980000e+00
     vertex  5.754074e+01  1.323533e+02  5.980000e+00
     vertex  5.758310e+01  1.323338e+02  7.980000e+00
   endloop
 endfacet
 facet normal -3.937458e-01 -9.192194e-01  0.000000e+00
   outer loop
     vertex  5.749787e+01  1.323717e+02  7.980000e+00
     vertex  5.754074e+01  1.323533e+02  5.980000e+00
     vertex  5.754074e+01  1.323533e+02  7.980000e+00
   endloop
 endfacet
 facet normal -3.937458e-01 -9.192194e-01 -0.000000e+00
   outer loop
     vertex  5.749787e+01  1.323717e+02  7.980000e+00
     vertex  5.749787e+01  1.323717e+02  5.980000e+00
     vertex  5.754074e+01  1.323533e+02  5.980000e+00
   endloop
 endfacet
 facet normal -3.683796e-01 -9.296754e-01  0.000000e+00
   outer loop
     vertex  5.745451e+01  1.323889e+02  7.980000e+00
     vertex  5.749787e+01  1.323717e+02  5.980000e+00
     vertex  5.749787e+01  1.323717e+02  7.980000e+00
   endloop
 endfacet
 facet normal -3.683796e-01 -9.296754e-01 -0.000000e+00
   outer loop
     vertex  5.745451e+01  1.323889e+02  7.980000e+00
     vertex  5.745451e+01  1.323889e+02  5.980000e+00
     vertex  5.749787e+01  1.323717e+02  5.980000e+00
   endloop
 endfacet
 facet normal -3.427362e-01 -9.394317e-01 -0.000000e+00
   outer loop
     vertex  5.745451e+01  1.323889e+02  7.980000e+00
     vertex  5.741069e+01  1.324049e+02  5.980000e+00
     vertex  5.745451e+01  1.323889e+02  5.980000e+00
   endloop
 endfacet
 facet normal -3.427362e-01 -9.394317e-01 -0.000000e+00
   outer loop
     vertex  5.741069e+01  1.324049e+02  7.980000e+00
     vertex  5.741069e+01  1.324049e+02  5.980000e+00
     vertex  5.745451e+01  1.323889e+02  7.980000e+00
   endloop
 endfacet
 facet normal -3.168348e-01 -9.484807e-01  0.000000e+00
   outer loop
     vertex  5.736645e+01  1.324197e+02  7.980000e+00
     vertex  5.741069e+01  1.324049e+02  5.980000e+00
     vertex  5.741069e+01  1.324049e+02  7.980000e+00
   endloop
 endfacet
 facet normal -3.168348e-01 -9.484807e-01 -0.000000e+00
   outer loop
     vertex  5.736645e+01  1.324197e+02  7.980000e+00
     vertex  5.736645e+01  1.324197e+02  5.980000e+00
     vertex  5.741069e+01  1.324049e+02  5.980000e+00
   endloop
 endfacet
 facet normal -2.906949e-01 -9.568158e-01  0.000000e+00
   outer loop
     vertex  5.732182e+01  1.324332e+02  7.980000e+00
     vertex  5.736645e+01  1.324197e+02  5.980000e+00
     vertex  5.736645e+01  1.324197e+02  7.980000e+00
   endloop
 endfacet
 facet normal -2.906949e-01 -9.568158e-01 -0.000000e+00
   outer loop
     vertex  5.732182e+01  1.324332e+02  7.980000e+00
     vertex  5.732182e+01  1.324332e+02  5.980000e+00
     vertex  5.736645e+01  1.324197e+02  5.980000e+00
   endloop
 endfacet
 facet normal -2.643362e-01 -9.644306e-01  0.000000e+00
   outer loop
     vertex  5.727684e+01  1.324455e+02  7.980000e+00
     vertex  5.732182e+01  1.324332e+02  5.980000e+00
     vertex  5.732182e+01  1.324332e+02  7.980000e+00
   endloop
 endfacet
 facet normal -2.643362e-01 -9.644306e-01 -0.000000e+00
   outer loop
     vertex  5.727684e+01  1.324455e+02  7.980000e+00
     vertex  5.727684e+01  1.324455e+02  5.980000e+00
     vertex  5.732182e+01  1.324332e+02  5.980000e+00
   endloop
 endfacet
 facet normal -2.377784e-01 -9.713194e-01  0.000000e+00
   outer loop
     vertex  5.723153e+01  1.324566e+02  7.980000e+00
     vertex  5.727684e+01  1.324455e+02  5.980000e+00
     vertex  5.727684e+01  1.324455e+02  7.980000e+00
   endloop
 endfacet
 facet normal -2.377784e-01 -9.713194e-01 -0.000000e+00
   outer loop
     vertex  5.723153e+01  1.324566e+02  7.980000e+00
     vertex  5.723153e+01  1.324566e+02  5.980000e+00
     vertex  5.727684e+01  1.324455e+02  5.980000e+00
   endloop
 endfacet
 facet normal -2.110417e-01 -9.774771e-01  0.000000e+00
   outer loop
     vertex  5.718594e+01  1.324665e+02  7.980000e+00
     vertex  5.723153e+01  1.324566e+02  5.980000e+00
     vertex  5.723153e+01  1.324566e+02  7.980000e+00
   endloop
 endfacet
 facet normal -2.110417e-01 -9.774771e-01 -0.000000e+00
   outer loop
     vertex  5.718594e+01  1.324665e+02  7.980000e+00
     vertex  5.718594e+01  1.324665e+02  5.980000e+00
     vertex  5.723153e+01  1.324566e+02  5.980000e+00
   endloop
 endfacet
 facet normal -1.841461e-01 -9.828989e-01 -0.000000e+00
   outer loop
     vertex  5.718594e+01  1.324665e+02  7.980000e+00
     vertex  5.714010e+01  1.324751e+02  5.980000e+00
     vertex  5.718594e+01  1.324665e+02  5.980000e+00
   endloop
 endfacet
 facet normal -1.841461e-01 -9.828989e-01 -0.000000e+00
   outer loop
     vertex  5.714010e+01  1.324751e+02  7.980000e+00
     vertex  5.714010e+01  1.324751e+02  5.980000e+00
     vertex  5.718594e+01  1.324665e+02  7.980000e+00
   endloop
 endfacet
 facet normal -1.571119e-01 -9.875808e-01  0.000000e+00
   outer loop
     vertex  5.709403e+01  1.324824e+02  7.980000e+00
     vertex  5.714010e+01  1.324751e+02  5.980000e+00
     vertex  5.714010e+01  1.324751e+02  7.980000e+00
   endloop
 endfacet
 facet normal -1.571119e-01 -9.875808e-01 -0.000000e+00
   outer loop
     vertex  5.709403e+01  1.324824e+02  7.980000e+00
     vertex  5.709403e+01  1.324824e+02  5.980000e+00
     vertex  5.714010e+01  1.324751e+02  5.980000e+00
   endloop
 endfacet
 facet normal -1.299594e-01 -9.915193e-01  0.000000e+00
   outer loop
     vertex  5.704779e+01  1.324885e+02  7.980000e+00
     vertex  5.709403e+01  1.324824e+02  5.980000e+00
     vertex  5.709403e+01  1.324824e+02  7.980000e+00
   endloop
 endfacet
 facet normal -1.299594e-01 -9.915193e-01 -0.000000e+00
   outer loop
     vertex  5.704779e+01  1.324885e+02  7.980000e+00
     vertex  5.704779e+01  1.324885e+02  5.980000e+00
     vertex  5.709403e+01  1.324824e+02  5.980000e+00
   endloop
 endfacet
 facet normal -1.027091e-01 -9.947114e-01  0.000000e+00
   outer loop
     vertex  5.700139e+01  1.324932e+02  7.980000e+00
     vertex  5.704779e+01  1.324885e+02  5.980000e+00
     vertex  5.704779e+01  1.324885e+02  7.980000e+00
   endloop
 endfacet
 facet normal -1.027091e-01 -9.947114e-01 -0.000000e+00
   outer loop
     vertex  5.700139e+01  1.324932e+02  7.980000e+00
     vertex  5.700139e+01  1.324932e+02  5.980000e+00
     vertex  5.704779e+01  1.324885e+02  5.980000e+00
   endloop
 endfacet
 facet normal -7.538152e-02 -9.971548e-01  0.000000e+00
   outer loop
     vertex  5.695488e+01  1.324968e+02  7.980000e+00
     vertex  5.700139e+01  1.324932e+02  5.980000e+00
     vertex  5.700139e+01  1.324932e+02  7.980000e+00
   endloop
 endfacet
 facet normal -7.538152e-02 -9.971548e-01 -0.000000e+00
   outer loop
     vertex  5.695488e+01  1.324968e+02  7.980000e+00
     vertex  5.695488e+01  1.324968e+02  5.980000e+00
     vertex  5.700139e+01  1.324932e+02  5.980000e+00
   endloop
 endfacet
 facet normal -4.799716e-02 -9.988475e-01  0.000000e+00
   outer loop
     vertex  5.690829e+01  1.324990e+02  7.980000e+00
     vertex  5.695488e+01  1.324968e+02  5.980000e+00
     vertex  5.695488e+01  1.324968e+02  7.980000e+00
   endloop
 endfacet
 facet normal -4.799716e-02 -9.988475e-01 -0.000000e+00
   outer loop
     vertex  5.690829e+01  1.324990e+02  7.980000e+00
     vertex  5.690829e+01  1.324990e+02  5.980000e+00
     vertex  5.695488e+01  1.324968e+02  5.980000e+00
   endloop
 endfacet
 facet normal -2.057667e-02 -9.997883e-01 -0.000000e+00
   outer loop
     vertex  5.686166e+01  1.325000e+02  7.980000e+00
     vertex  5.686166e+01  1.325000e+02  5.980000e+00
     vertex  5.690829e+01  1.324990e+02  5.980000e+00
   endloop
 endfacet
 facet normal -2.057667e-02 -9.997883e-01  0.000000e+00
   outer loop
     vertex  5.686166e+01  1.325000e+02  7.980000e+00
     vertex  5.690829e+01  1.324990e+02  5.980000e+00
     vertex  5.690829e+01  1.324990e+02  7.980000e+00
   endloop
 endfacet
 facet normal  6.859319e-03 -9.999765e-01  0.000000e+00
   outer loop
     vertex  5.686166e+01  1.325000e+02  7.980000e+00
     vertex  5.681502e+01  1.324996e+02  5.980000e+00
     vertex  5.686166e+01  1.325000e+02  5.980000e+00
   endloop
 endfacet
 facet normal  3.429014e-02 -9.994119e-01  0.000000e+00
   outer loop
     vertex  5.681502e+01  1.324996e+02  7.980000e+00
     vertex  5.676840e+01  1.324980e+02  5.980000e+00
     vertex  5.681502e+01  1.324996e+02  5.980000e+00
   endloop
 endfacet
 facet normal  6.859319e-03 -9.999765e-01  0.000000e+00
   outer loop
     vertex  5.681502e+01  1.324996e+02  7.980000e+00
     vertex  5.681502e+01  1.324996e+02  5.980000e+00
     vertex  5.686166e+01  1.325000e+02  7.980000e+00
   endloop
 endfacet
 facet normal  3.429014e-02 -9.994119e-01  0.000000e+00
   outer loop
     vertex  5.676840e+01  1.324980e+02  7.980000e+00
     vertex  5.676840e+01  1.324980e+02  5.980000e+00
     vertex  5.681502e+01  1.324996e+02  7.980000e+00
   endloop
 endfacet
 facet normal  6.169515e-02 -9.980950e-01  0.000000e+00
   outer loop
     vertex  5.672185e+01  1.324952e+02  7.980000e+00
     vertex  5.672185e+01  1.324952e+02  5.980000e+00
     vertex  5.676840e+01  1.324980e+02  5.980000e+00
   endloop
 endfacet
 facet normal  6.169515e-02 -9.980950e-01  0.000000e+00
   outer loop
     vertex  5.672185e+01  1.324952e+02  7.980000e+00
     vertex  5.676840e+01  1.324980e+02  5.980000e+00
     vertex  5.676840e+01  1.324980e+02  7.980000e+00
   endloop
 endfacet
 facet normal  8.905371e-02 -9.960268e-01  0.000000e+00
   outer loop
     vertex  5.667539e+01  1.324910e+02  7.980000e+00
     vertex  5.672185e+01  1.324952e+02  5.980000e+00
     vertex  5.672185e+01  1.324952e+02  7.980000e+00
   endloop
 endfacet
 facet normal  8.905371e-02 -9.960268e-01  0.000000e+00
   outer loop
     vertex  5.667539e+01  1.324910e+02  7.980000e+00
     vertex  5.667539e+01  1.324910e+02  5.980000e+00
     vertex  5.672185e+01  1.324952e+02  5.980000e+00
   endloop
 endfacet
 facet normal  1.163452e-01 -9.932088e-01  0.000000e+00
   outer loop
     vertex  5.667539e+01  1.324910e+02  7.980000e+00
     vertex  5.662907e+01  1.324856e+02  5.980000e+00
     vertex  5.667539e+01  1.324910e+02  5.980000e+00
   endloop
 endfacet
 facet normal  1.163452e-01 -9.932088e-01  0.000000e+00
   outer loop
     vertex  5.662907e+01  1.324856e+02  7.980000e+00
     vertex  5.662907e+01  1.324856e+02  5.980000e+00
     vertex  5.667539e+01  1.324910e+02  7.980000e+00
   endloop
 endfacet
 facet normal  1.435492e-01 -9.896432e-01  0.000000e+00
   outer loop
     vertex  5.658291e+01  1.324789e+02  7.980000e+00
     vertex  5.662907e+01  1.324856e+02  5.980000e+00
     vertex  5.662907e+01  1.324856e+02  7.980000e+00
   endloop
 endfacet
 facet normal  1.435492e-01 -9.896432e-01  0.000000e+00
   outer loop
     vertex  5.658291e+01  1.324789e+02  7.980000e+00
     vertex  5.658291e+01  1.324789e+02  5.980000e+00
     vertex  5.662907e+01  1.324856e+02  5.980000e+00
   endloop
 endfacet
 facet normal  1.706451e-01 -9.853326e-01  0.000000e+00
   outer loop
     vertex  5.653695e+01  1.324709e+02  7.980000e+00
     vertex  5.658291e+01  1.324789e+02  5.980000e+00
     vertex  5.658291e+01  1.324789e+02  7.980000e+00
   endloop
 endfacet
 facet normal  1.706451e-01 -9.853326e-01  0.000000e+00
   outer loop
     vertex  5.653695e+01  1.324709e+02  7.980000e+00
     vertex  5.653695e+01  1.324709e+02  5.980000e+00
     vertex  5.658291e+01  1.324789e+02  5.980000e+00
   endloop
 endfacet
 facet normal  1.976125e-01 -9.802802e-01  0.000000e+00
   outer loop
     vertex  5.653695e+01  1.324709e+02  7.980000e+00
     vertex  5.649123e+01  1.324617e+02  5.980000e+00
     vertex  5.653695e+01  1.324709e+02  5.980000e+00
   endloop
 endfacet
 facet normal  1.976125e-01 -9.802802e-01  0.000000e+00
   outer loop
     vertex  5.649123e+01  1.324617e+02  7.980000e+00
     vertex  5.649123e+01  1.324617e+02  5.980000e+00
     vertex  5.653695e+01  1.324709e+02  7.980000e+00
   endloop
 endfacet
 facet normal  2.244312e-01 -9.744899e-01  0.000000e+00
   outer loop
     vertex  5.644578e+01  1.324512e+02  7.980000e+00
     vertex  5.649123e+01  1.324617e+02  5.980000e+00
     vertex  5.649123e+01  1.324617e+02  7.980000e+00
   endloop
 endfacet
 facet normal  2.244312e-01 -9.744899e-01  0.000000e+00
   outer loop
     vertex  5.644578e+01  1.324512e+02  7.980000e+00
     vertex  5.644578e+01  1.324512e+02  5.980000e+00
     vertex  5.649123e+01  1.324617e+02  5.980000e+00
   endloop
 endfacet
 facet normal  2.510809e-01 -9.679661e-01  0.000000e+00
   outer loop
     vertex  5.640063e+01  1.324395e+02  7.980000e+00
     vertex  5.644578e+01  1.324512e+02  5.980000e+00
     vertex  5.644578e+01  1.324512e+02  7.980000e+00
   endloop
 endfacet
 facet normal  2.510809e-01 -9.679661e-01  0.000000e+00
   outer loop
     vertex  5.640063e+01  1.324395e+02  7.980000e+00
     vertex  5.640063e+01  1.324395e+02  5.980000e+00
     vertex  5.644578e+01  1.324512e+02  5.980000e+00
   endloop
 endfacet
 facet normal  2.775416e-01 -9.607136e-01  0.000000e+00
   outer loop
     vertex  5.635582e+01  1.324266e+02  7.980000e+00
     vertex  5.640063e+01  1.324395e+02  5.980000e+00
     vertex  5.640063e+01  1.324395e+02  7.980000e+00
   endloop
 endfacet
 facet normal  2.775416e-01 -9.607136e-01  0.000000e+00
   outer loop
     vertex  5.635582e+01  1.324266e+02  7.980000e+00
     vertex  5.635582e+01  1.324266e+02  5.980000e+00
     vertex  5.640063e+01  1.324395e+02  5.980000e+00
   endloop
 endfacet
 facet normal  3.037934e-01 -9.527379e-01  0.000000e+00
   outer loop
     vertex  5.635582e+01  1.324266e+02  7.980000e+00
     vertex  5.631138e+01  1.324124e+02  5.980000e+00
     vertex  5.635582e+01  1.324266e+02  5.980000e+00
   endloop
 endfacet
 facet normal  3.037934e-01 -9.527379e-01  0.000000e+00
   outer loop
     vertex  5.631138e+01  1.324124e+02  7.980000e+00
     vertex  5.631138e+01  1.324124e+02  5.980000e+00
     vertex  5.635582e+01  1.324266e+02  7.980000e+00
   endloop
 endfacet
 facet normal  3.298166e-01 -9.440450e-01  0.000000e+00
   outer loop
     vertex  5.626735e+01  1.323970e+02  7.980000e+00
     vertex  5.631138e+01  1.324124e+02  5.980000e+00
     vertex  5.631138e+01  1.324124e+02  7.980000e+00
   endloop
 endfacet
 facet normal  3.298166e-01 -9.440450e-01  0.000000e+00
   outer loop
     vertex  5.626735e+01  1.323970e+02  7.980000e+00
     vertex  5.626735e+01  1.323970e+02  5.980000e+00
     vertex  5.631138e+01  1.324124e+02  5.980000e+00
   endloop
 endfacet
 facet normal  3.555914e-01 -9.346415e-01  0.000000e+00
   outer loop
     vertex  5.626735e+01  1.323970e+02  7.980000e+00
     vertex  5.622375e+01  1.323804e+02  5.980000e+00
     vertex  5.626735e+01  1.323970e+02  5.980000e+00
   endloop
 endfacet
 facet normal  3.555914e-01 -9.346415e-01  0.000000e+00
   outer loop
     vertex  5.622375e+01  1.323804e+02  7.980000e+00
     vertex  5.622375e+01  1.323804e+02  5.980000e+00
     vertex  5.626735e+01  1.323970e+02  7.980000e+00
   endloop
 endfacet
 facet normal  3.810986e-01 -9.245344e-01  0.000000e+00
   outer loop
     vertex  5.618063e+01  1.323627e+02  7.980000e+00
     vertex  5.622375e+01  1.323804e+02  5.980000e+00
     vertex  5.622375e+01  1.323804e+02  7.980000e+00
   endloop
 endfacet
 facet normal  3.810986e-01 -9.245344e-01  0.000000e+00
   outer loop
     vertex  5.618063e+01  1.323627e+02  7.980000e+00
     vertex  5.618063e+01  1.323627e+02  5.980000e+00
     vertex  5.622375e+01  1.323804e+02  5.980000e+00
   endloop
 endfacet
 facet normal  4.063188e-01 -9.137314e-01  0.000000e+00
   outer loop
     vertex  5.613801e+01  1.323437e+02  7.980000e+00
     vertex  5.613801e+01  1.323437e+02  5.980000e+00
     vertex  5.618063e+01  1.323627e+02  5.980000e+00
   endloop
 endfacet
 facet normal  4.063188e-01 -9.137314e-01  0.000000e+00
   outer loop
     vertex  5.613801e+01  1.323437e+02  7.980000e+00
     vertex  5.618063e+01  1.323627e+02  5.980000e+00
     vertex  5.618063e+01  1.323627e+02  7.980000e+00
   endloop
 endfacet
 facet normal  4.312333e-01 -9.022405e-01  0.000000e+00
   outer loop
     vertex  5.609593e+01  1.323236e+02  7.980000e+00
     vertex  5.609593e+01  1.323236e+02  5.980000e+00
     vertex  5.613801e+01  1.323437e+02  5.980000e+00
   endloop
 endfacet
 facet normal  4.558231e-01 -8.900704e-01  0.000000e+00
   outer loop
     vertex  5.609593e+01  1.323236e+02  7.980000e+00
     vertex  5.605442e+01  1.323023e+02  5.980000e+00
     vertex  5.609593e+01  1.323236e+02  5.980000e+00
   endloop
 endfacet
 facet normal  4.312333e-01 -9.022405e-01  0.000000e+00
   outer loop
     vertex  5.609593e+01  1.323236e+02  7.980000e+00
     vertex  5.613801e+01  1.323437e+02  5.980000e+00
     vertex  5.613801e+01  1.323437e+02  7.980000e+00
   endloop
 endfacet
 facet normal  4.800697e-01 -8.772303e-01  0.000000e+00
   outer loop
     vertex  5.605442e+01  1.323023e+02  7.980000e+00
     vertex  5.601350e+01  1.322800e+02  5.980000e+00
     vertex  5.605442e+01  1.323023e+02  5.980000e+00
   endloop
 endfacet
 facet normal  4.558231e-01 -8.900704e-01  0.000000e+00
   outer loop
     vertex  5.605442e+01  1.323023e+02  7.980000e+00
     vertex  5.605442e+01  1.323023e+02  5.980000e+00
     vertex  5.609593e+01  1.323236e+02  7.980000e+00
   endloop
 endfacet
 facet normal  4.800697e-01 -8.772303e-01  0.000000e+00
   outer loop
     vertex  5.601350e+01  1.322800e+02  7.980000e+00
     vertex  5.601350e+01  1.322800e+02  5.980000e+00
     vertex  5.605442e+01  1.323023e+02  7.980000e+00
   endloop
 endfacet
 facet normal  5.039550e-01 -8.637299e-01  0.000000e+00
   outer loop
     vertex  5.597321e+01  1.322564e+02  7.980000e+00
     vertex  5.597321e+01  1.322564e+02  5.980000e+00
     vertex  5.601350e+01  1.322800e+02  5.980000e+00
   endloop
 endfacet
 facet normal  5.039550e-01 -8.637299e-01  0.000000e+00
   outer loop
     vertex  5.597321e+01  1.322564e+02  7.980000e+00
     vertex  5.601350e+01  1.322800e+02  5.980000e+00
     vertex  5.601350e+01  1.322800e+02  7.980000e+00
   endloop
 endfacet
 facet normal  5.274609e-01 -8.495793e-01  0.000000e+00
   outer loop
     vertex  5.593359e+01  1.322318e+02  7.980000e+00
     vertex  5.593359e+01  1.322318e+02  5.980000e+00
     vertex  5.597321e+01  1.322564e+02  5.980000e+00
   endloop
 endfacet
 facet normal  5.274609e-01 -8.495793e-01  0.000000e+00
   outer loop
     vertex  5.593359e+01  1.322318e+02  7.980000e+00
     vertex  5.597321e+01  1.322564e+02  5.980000e+00
     vertex  5.597321e+01  1.322564e+02  7.980000e+00
   endloop
 endfacet
 facet normal  5.505698e-01 -8.347891e-01  0.000000e+00
   outer loop
     vertex  5.589465e+01  1.322062e+02  7.980000e+00
     vertex  5.589465e+01  1.322062e+02  5.980000e+00
     vertex  5.593359e+01  1.322318e+02  5.980000e+00
   endloop
 endfacet
 facet normal  5.505698e-01 -8.347891e-01  0.000000e+00
   outer loop
     vertex  5.589465e+01  1.322062e+02  7.980000e+00
     vertex  5.593359e+01  1.322318e+02  5.980000e+00
     vertex  5.593359e+01  1.322318e+02  7.980000e+00
   endloop
 endfacet
 facet normal  5.732642e-01 -8.193706e-01  0.000000e+00
   outer loop
     vertex  5.585643e+01  1.321794e+02  7.980000e+00
     vertex  5.585643e+01  1.321794e+02  5.980000e+00
     vertex  5.589465e+01  1.322062e+02  5.980000e+00
   endloop
 endfacet
 facet normal  5.732642e-01 -8.193706e-01  0.000000e+00
   outer loop
     vertex  5.585643e+01  1.321794e+02  7.980000e+00
     vertex  5.589465e+01  1.322062e+02  5.980000e+00
     vertex  5.589465e+01  1.322062e+02  7.980000e+00
   endloop
 endfacet
 facet normal  5.955271e-01 -8.033352e-01  0.000000e+00
   outer loop
     vertex  5.581896e+01  1.321517e+02  7.980000e+00
     vertex  5.581896e+01  1.321517e+02  5.980000e+00
     vertex  5.585643e+01  1.321794e+02  5.980000e+00
   endloop
 endfacet
 facet normal  5.955271e-01 -8.033352e-01  0.000000e+00
   outer loop
     vertex  5.581896e+01  1.321517e+02  7.980000e+00
     vertex  5.585643e+01  1.321794e+02  5.980000e+00
     vertex  5.585643e+01  1.321794e+02  7.980000e+00
   endloop
 endfacet
 facet normal  6.173417e-01 -7.866951e-01  0.000000e+00
   outer loop
     vertex  5.578227e+01  1.321229e+02  7.980000e+00
     vertex  5.578227e+01  1.321229e+02  5.980000e+00
     vertex  5.581896e+01  1.321517e+02  5.980000e+00
   endloop
 endfacet
 facet normal  6.386916e-01 -7.694628e-01  0.000000e+00
   outer loop
     vertex  5.578227e+01  1.321229e+02  7.980000e+00
     vertex  5.574638e+01  1.320931e+02  5.980000e+00
     vertex  5.578227e+01  1.321229e+02  5.980000e+00
   endloop
 endfacet
 facet normal  6.173417e-01 -7.866951e-01  0.000000e+00
   outer loop
     vertex  5.578227e+01  1.321229e+02  7.980000e+00
     vertex  5.581896e+01  1.321517e+02  5.980000e+00
     vertex  5.581896e+01  1.321517e+02  7.980000e+00
   endloop
 endfacet
 facet normal  6.386916e-01 -7.694628e-01  0.000000e+00
   outer loop
     vertex  5.574638e+01  1.320931e+02  7.980000e+00
     vertex  5.574638e+01  1.320931e+02  5.980000e+00
     vertex  5.578227e+01  1.321229e+02  7.980000e+00
   endloop
 endfacet
 facet normal  6.595607e-01 -7.516513e-01  0.000000e+00
   outer loop
     vertex  5.571132e+01  1.320623e+02  7.980000e+00
     vertex  5.571132e+01  1.320623e+02  5.980000e+00
     vertex  5.574638e+01  1.320931e+02  5.980000e+00
   endloop
 endfacet
 facet normal  6.799333e-01 -7.332740e-01  0.000000e+00
   outer loop
     vertex  5.571132e+01  1.320623e+02  7.980000e+00
     vertex  5.567712e+01  1.320306e+02  5.980000e+00
     vertex  5.571132e+01  1.320623e+02  5.980000e+00
   endloop
 endfacet
 facet normal  6.595607e-01 -7.516513e-01  0.000000e+00
   outer loop
     vertex  5.571132e+01  1.320623e+02  7.980000e+00
     vertex  5.574638e+01  1.320931e+02  5.980000e+00
     vertex  5.574638e+01  1.320931e+02  7.980000e+00
   endloop
 endfacet
 facet normal  6.997940e-01 -7.143447e-01  0.000000e+00
   outer loop
     vertex  5.567712e+01  1.320306e+02  7.980000e+00
     vertex  5.564380e+01  1.319980e+02  5.980000e+00
     vertex  5.567712e+01  1.320306e+02  5.980000e+00
   endloop
 endfacet
 facet normal  6.799333e-01 -7.332740e-01  0.000000e+00
   outer loop
     vertex  5.567712e+01  1.320306e+02  7.980000e+00
     vertex  5.567712e+01  1.320306e+02  5.980000e+00
     vertex  5.571132e+01  1.320623e+02  7.980000e+00
   endloop
 endfacet
 facet normal  6.997940e-01 -7.143447e-01  0.000000e+00
   outer loop
     vertex  5.564380e+01  1.319980e+02  7.980000e+00
     vertex  5.564380e+01  1.319980e+02  5.980000e+00
     vertex  5.567712e+01  1.320306e+02  7.980000e+00
   endloop
 endfacet
 facet normal  7.191280e-01 -6.948776e-01  0.000000e+00
   outer loop
     vertex  5.561139e+01  1.319644e+02  7.980000e+00
     vertex  5.564380e+01  1.319980e+02  5.980000e+00
     vertex  5.564380e+01  1.319980e+02  7.980000e+00
   endloop
 endfacet
 facet normal  7.191280e-01 -6.948776e-01  0.000000e+00
   outer loop
     vertex  5.561139e+01  1.319644e+02  7.980000e+00
     vertex  5.561139e+01  1.319644e+02  5.980000e+00
     vertex  5.564380e+01  1.319980e+02  5.980000e+00
   endloop
 endfacet
 facet normal  7.379206e-01 -6.748875e-01  0.000000e+00
   outer loop
     vertex  5.561139e+01  1.319644e+02  7.980000e+00
     vertex  5.557991e+01  1.319300e+02  5.980000e+00
     vertex  5.561139e+01  1.319644e+02  5.980000e+00
   endloop
 endfacet
 facet normal  7.379206e-01 -6.748875e-01  0.000000e+00
   outer loop
     vertex  5.557991e+01  1.319300e+02  7.980000e+00
     vertex  5.557991e+01  1.319300e+02  5.980000e+00
     vertex  5.561139e+01  1.319644e+02  7.980000e+00
   endloop
 endfacet
 facet normal  7.561578e-01 -6.543893e-01  0.000000e+00
   outer loop
     vertex  5.554939e+01  1.318947e+02  7.980000e+00
     vertex  5.557991e+01  1.319300e+02  5.980000e+00
     vertex  5.557991e+01  1.319300e+02  7.980000e+00
   endloop
 endfacet
 facet normal  7.561578e-01 -6.543893e-01  0.000000e+00
   outer loop
     vertex  5.554939e+01  1.318947e+02  7.980000e+00
     vertex  5.554939e+01  1.318947e+02  5.980000e+00
     vertex  5.557991e+01  1.319300e+02  5.980000e+00
   endloop
 endfacet
 facet normal  7.738257e-01 -6.333986e-01  0.000000e+00
   outer loop
     vertex  5.554939e+01  1.318947e+02  7.980000e+00
     vertex  5.551985e+01  1.318586e+02  5.980000e+00
     vertex  5.554939e+01  1.318947e+02  5.980000e+00
   endloop
 endfacet
 facet normal  7.738257e-01 -6.333986e-01  0.000000e+00
   outer loop
     vertex  5.551985e+01  1.318586e+02  7.980000e+00
     vertex  5.551985e+01  1.318586e+02  5.980000e+00
     vertex  5.554939e+01  1.318947e+02  7.980000e+00
   endloop
 endfacet
 facet normal  7.909112e-01 -6.119310e-01  0.000000e+00
   outer loop
     vertex  5.549131e+01  1.318217e+02  7.980000e+00
     vertex  5.551985e+01  1.318586e+02  5.980000e+00
     vertex  5.551985e+01  1.318586e+02  7.980000e+00
   endloop
 endfacet
 facet normal  7.909112e-01 -6.119310e-01  0.000000e+00
   outer loop
     vertex  5.549131e+01  1.318217e+02  7.980000e+00
     vertex  5.549131e+01  1.318217e+02  5.980000e+00
     vertex  5.551985e+01  1.318586e+02  5.980000e+00
   endloop
 endfacet
 facet normal  8.074012e-01 -5.900028e-01  0.000000e+00
   outer loop
     vertex  5.549131e+01  1.318217e+02  7.980000e+00
     vertex  5.546379e+01  1.317841e+02  5.980000e+00
     vertex  5.549131e+01  1.318217e+02  5.980000e+00
   endloop
 endfacet
 facet normal  8.232835e-01 -5.676304e-01  0.000000e+00
   outer loop
     vertex  5.546379e+01  1.317841e+02  7.980000e+00
     vertex  5.543731e+01  1.317457e+02  5.980000e+00
     vertex  5.546379e+01  1.317841e+02  5.980000e+00
   endloop
 endfacet
 facet normal  8.074012e-01 -5.900028e-01  0.000000e+00
   outer loop
     vertex  5.546379e+01  1.317841e+02  7.980000e+00
     vertex  5.546379e+01  1.317841e+02  5.980000e+00
     vertex  5.549131e+01  1.318217e+02  7.980000e+00
   endloop
 endfacet
 facet normal  8.232835e-01 -5.676304e-01  0.000000e+00
   outer loop
     vertex  5.543731e+01  1.317457e+02  7.980000e+00
     vertex  5.543731e+01  1.317457e+02  5.980000e+00
     vertex  5.546379e+01  1.317841e+02  7.980000e+00
   endloop
 endfacet
 facet normal  8.385460e-01 -5.448308e-01  0.000000e+00
   outer loop
     vertex  5.541190e+01  1.317066e+02  7.980000e+00
     vertex  5.543731e+01  1.317457e+02  5.980000e+00
     vertex  5.543731e+01  1.317457e+02  7.980000e+00
   endloop
 endfacet
 facet normal  8.385460e-01 -5.448308e-01  0.000000e+00
   outer loop
     vertex  5.541190e+01  1.317066e+02  7.980000e+00
     vertex  5.541190e+01  1.317066e+02  5.980000e+00
     vertex  5.543731e+01  1.317457e+02  5.980000e+00
   endloop
 endfacet
 facet normal  8.531773e-01 -5.216210e-01  0.000000e+00
   outer loop
     vertex  5.538757e+01  1.316668e+02  7.980000e+00
     vertex  5.538757e+01  1.316668e+02  5.980000e+00
     vertex  5.541190e+01  1.317066e+02  5.980000e+00
   endloop
 endfacet
 facet normal  8.531773e-01 -5.216210e-01  0.000000e+00
   outer loop
     vertex  5.538757e+01  1.316668e+02  7.980000e+00
     vertex  5.541190e+01  1.317066e+02  5.980000e+00
     vertex  5.541190e+01  1.317066e+02  7.980000e+00
   endloop
 endfacet
 facet normal  8.671664e-01 -4.980186e-01  0.000000e+00
   outer loop
     vertex  5.536434e+01  1.316263e+02  7.980000e+00
     vertex  5.536434e+01  1.316263e+02  5.980000e+00
     vertex  5.538757e+01  1.316668e+02  5.980000e+00
   endloop
 endfacet
 facet normal  8.805026e-01 -4.740412e-01  0.000000e+00
   outer loop
     vertex  5.536434e+01  1.316263e+02  7.980000e+00
     vertex  5.534223e+01  1.315853e+02  5.980000e+00
     vertex  5.536434e+01  1.316263e+02  5.980000e+00
   endloop
 endfacet
 facet normal  8.671664e-01 -4.980186e-01  0.000000e+00
   outer loop
     vertex  5.536434e+01  1.316263e+02  7.980000e+00
     vertex  5.538757e+01  1.316668e+02  5.980000e+00
     vertex  5.538757e+01  1.316668e+02  7.980000e+00
   endloop
 endfacet
 facet normal  8.805026e-01 -4.740412e-01  0.000000e+00
   outer loop
     vertex  5.534223e+01  1.315853e+02  7.980000e+00
     vertex  5.534223e+01  1.315853e+02  5.980000e+00
     vertex  5.536434e+01  1.316263e+02  7.980000e+00
   endloop
 endfacet
 facet normal  8.931761e-01 -4.497071e-01  0.000000e+00
   outer loop
     vertex  5.532126e+01  1.315436e+02  7.980000e+00
     vertex  5.532126e+01  1.315436e+02  5.980000e+00
     vertex  5.534223e+01  1.315853e+02  5.980000e+00
   endloop
 endfacet
 facet normal  8.931761e-01 -4.497071e-01  0.000000e+00
   outer loop
     vertex  5.532126e+01  1.315436e+02  7.980000e+00
     vertex  5.534223e+01  1.315853e+02  5.980000e+00
     vertex  5.534223e+01  1.315853e+02  7.980000e+00
   endloop
 endfacet
 facet normal  9.051772e-01 -4.250344e-01  0.000000e+00
   outer loop
     vertex  5.530143e+01  1.315014e+02  7.980000e+00
     vertex  5.530143e+01  1.315014e+02  5.980000e+00
     vertex  5.532126e+01  1.315436e+02  5.980000e+00
   endloop
 endfacet
 facet normal  9.051772e-01 -4.250344e-01  0.000000e+00
   outer loop
     vertex  5.530143e+01  1.315014e+02  7.980000e+00
     vertex  5.532126e+01  1.315436e+02  5.980000e+00
     vertex  5.532126e+01  1.315436e+02  7.980000e+00
   endloop
 endfacet
 facet normal  9.164969e-01 -4.000417e-01  0.000000e+00
   outer loop
     vertex  5.528277e+01  1.314586e+02  7.980000e+00
     vertex  5.528277e+01  1.314586e+02  5.980000e+00
     vertex  5.530143e+01  1.315014e+02  5.980000e+00
   endloop
 endfacet
 facet normal  9.271267e-01 -3.747479e-01  0.000000e+00
   outer loop
     vertex  5.528277e+01  1.314586e+02  7.980000e+00
     vertex  5.526529e+01  1.314154e+02  5.980000e+00
     vertex  5.528277e+01  1.314586e+02  5.980000e+00
   endloop
 endfacet
 facet normal  9.164969e-01 -4.000417e-01  0.000000e+00
   outer loop
     vertex  5.528277e+01  1.314586e+02  7.980000e+00
     vertex  5.530143e+01  1.315014e+02  5.980000e+00
     vertex  5.530143e+01  1.315014e+02  7.980000e+00
   endloop
 endfacet
 facet normal  9.271267e-01 -3.747479e-01  0.000000e+00
   outer loop
     vertex  5.526529e+01  1.314154e+02  7.980000e+00
     vertex  5.526529e+01  1.314154e+02  5.980000e+00
     vertex  5.528277e+01  1.314586e+02  7.980000e+00
   endloop
 endfacet
 facet normal  9.370586e-01 -3.491720e-01  0.000000e+00
   outer loop
     vertex  5.524901e+01  1.313717e+02  7.980000e+00
     vertex  5.524901e+01  1.313717e+02  5.980000e+00
     vertex  5.526529e+01  1.314154e+02  5.980000e+00
   endloop
 endfacet
 facet normal  9.370586e-01 -3.491720e-01  0.000000e+00
   outer loop
     vertex  5.524901e+01  1.313717e+02  7.980000e+00
     vertex  5.526529e+01  1.314154e+02  5.980000e+00
     vertex  5.526529e+01  1.314154e+02  7.980000e+00
   endloop
 endfacet
 facet normal  9.462851e-01 -3.233333e-01  0.000000e+00
   outer loop
     vertex  5.523393e+01  1.313275e+02  7.980000e+00
     vertex  5.523393e+01  1.313275e+02  5.980000e+00
     vertex  5.524901e+01  1.313717e+02  5.980000e+00
   endloop
 endfacet
 facet normal  9.547993e-01 -2.972512e-01  0.000000e+00
   outer loop
     vertex  5.523393e+01  1.313275e+02  7.980000e+00
     vertex  5.522006e+01  1.312830e+02  5.980000e+00
     vertex  5.523393e+01  1.313275e+02  5.980000e+00
   endloop
 endfacet
 facet normal  9.462851e-01 -3.233333e-01  0.000000e+00
   outer loop
     vertex  5.523393e+01  1.313275e+02  7.980000e+00
     vertex  5.524901e+01  1.313717e+02  5.980000e+00
     vertex  5.524901e+01  1.313717e+02  7.980000e+00
   endloop
 endfacet
 facet normal  9.547993e-01 -2.972512e-01  0.000000e+00
   outer loop
     vertex  5.522006e+01  1.312830e+02  7.980000e+00
     vertex  5.522006e+01  1.312830e+02  5.980000e+00
     vertex  5.523393e+01  1.313275e+02  7.980000e+00
   endloop
 endfacet
 facet normal  9.625948e-01 -2.709453e-01  0.000000e+00
   outer loop
     vertex  5.520742e+01  1.312381e+02  7.980000e+00
     vertex  5.520742e+01  1.312381e+02  5.980000e+00
     vertex  5.522006e+01  1.312830e+02  5.980000e+00
   endloop
 endfacet
 facet normal  9.625948e-01 -2.709453e-01  0.000000e+00
   outer loop
     vertex  5.520742e+01  1.312381e+02  7.980000e+00
     vertex  5.522006e+01  1.312830e+02  5.980000e+00
     vertex  5.522006e+01  1.312830e+02  7.980000e+00
   endloop
 endfacet
 facet normal  9.696656e-01 -2.444354e-01  0.000000e+00
   outer loop
     vertex  5.519602e+01  1.311929e+02  7.980000e+00
     vertex  5.519602e+01  1.311929e+02  5.980000e+00
     vertex  5.520742e+01  1.312381e+02  5.980000e+00
   endloop
 endfacet
 facet normal  9.760065e-01 -2.177416e-01  0.000000e+00
   outer loop
     vertex  5.519602e+01  1.311929e+02  7.980000e+00
     vertex  5.518587e+01  1.311474e+02  5.980000e+00
     vertex  5.519602e+01  1.311929e+02  5.980000e+00
   endloop
 endfacet
 facet normal  9.696656e-01 -2.444354e-01  0.000000e+00
   outer loop
     vertex  5.519602e+01  1.311929e+02  7.980000e+00
     vertex  5.520742e+01  1.312381e+02  5.980000e+00
     vertex  5.520742e+01  1.312381e+02  7.980000e+00
   endloop
 endfacet
 facet normal  9.816126e-01 -1.908838e-01  0.000000e+00
   outer loop
     vertex  5.518587e+01  1.311474e+02  7.980000e+00
     vertex  5.517696e+01  1.311016e+02  5.980000e+00
     vertex  5.518587e+01  1.311474e+02  5.980000e+00
   endloop
 endfacet
 facet normal  9.760065e-01 -2.177416e-01  0.000000e+00
   outer loop
     vertex  5.518587e+01  1.311474e+02  7.980000e+00
     vertex  5.518587e+01  1.311474e+02  5.980000e+00
     vertex  5.519602e+01  1.311929e+02  7.980000e+00
   endloop
 endfacet
 facet normal  9.864799e-01 -1.638824e-01  0.000000e+00
   outer loop
     vertex  5.517696e+01  1.311016e+02  7.980000e+00
     vertex  5.516932e+01  1.310556e+02  5.980000e+00
     vertex  5.517696e+01  1.311016e+02  5.980000e+00
   endloop
 endfacet
 facet normal  9.816126e-01 -1.908838e-01  0.000000e+00
   outer loop
     vertex  5.517696e+01  1.311016e+02  7.980000e+00
     vertex  5.517696e+01  1.311016e+02  5.980000e+00
     vertex  5.518587e+01  1.311474e+02  7.980000e+00
   endloop
 endfacet
 facet normal  9.906046e-01 -1.367575e-01  0.000000e+00
   outer loop
     vertex  5.516932e+01  1.310556e+02  7.980000e+00
     vertex  5.516294e+01  1.310094e+02  5.980000e+00
     vertex  5.516932e+01  1.310556e+02  5.980000e+00
   endloop
 endfacet
 facet normal  9.864799e-01 -1.638824e-01  0.000000e+00
   outer loop
     vertex  5.516932e+01  1.310556e+02  7.980000e+00
     vertex  5.516932e+01  1.310556e+02  5.980000e+00
     vertex  5.517696e+01  1.311016e+02  7.980000e+00
   endloop
 endfacet
 facet normal  9.906046e-01 -1.367575e-01  0.000000e+00
   outer loop
     vertex  5.516294e+01  1.310094e+02  7.980000e+00
     vertex  5.516294e+01  1.310094e+02  5.980000e+00
     vertex  5.516932e+01  1.310556e+02  7.980000e+00
   endloop
 endfacet
 facet normal  9.939835e-01 -1.095298e-01  0.000000e+00
   outer loop
     vertex  5.515783e+01  1.309630e+02  7.980000e+00
     vertex  5.516294e+01  1.310094e+02  5.980000e+00
     vertex  5.516294e+01  1.310094e+02  7.980000e+00
   endloop
 endfacet
 facet normal  9.939835e-01 -1.095298e-01  0.000000e+00
   outer loop
     vertex  5.515783e+01  1.309630e+02  7.980000e+00
     vertex  5.515783e+01  1.309630e+02  5.980000e+00
     vertex  5.516294e+01  1.310094e+02  5.980000e+00
   endloop
 endfacet
 facet normal  9.966142e-01 -8.221955e-02  0.000000e+00
   outer loop
     vertex  5.515400e+01  1.309165e+02  7.980000e+00
     vertex  5.515783e+01  1.309630e+02  5.980000e+00
     vertex  5.515783e+01  1.309630e+02  7.980000e+00
   endloop
 endfacet
 facet normal  9.966142e-01 -8.221955e-02  0.000000e+00
   outer loop
     vertex  5.515400e+01  1.309165e+02  7.980000e+00
     vertex  5.515400e+01  1.309165e+02  5.980000e+00
     vertex  5.515783e+01  1.309630e+02  5.980000e+00
   endloop
 endfacet
 facet normal  9.984947e-01 -5.484744e-02  0.000000e+00
   outer loop
     vertex  5.515400e+01  1.309165e+02  7.980000e+00
     vertex  5.515144e+01  1.308699e+02  5.980000e+00
     vertex  5.515400e+01  1.309165e+02  5.980000e+00
   endloop
 endfacet
 facet normal  9.984947e-01 -5.484744e-02  0.000000e+00
   outer loop
     vertex  5.515144e+01  1.308699e+02  7.980000e+00
     vertex  5.515144e+01  1.308699e+02  5.980000e+00
     vertex  5.515400e+01  1.309165e+02  7.980000e+00
   endloop
 endfacet
 facet normal  9.996236e-01 -2.743405e-02  0.000000e+00
   outer loop
     vertex  5.515016e+01  1.308233e+02  7.980000e+00
     vertex  5.515144e+01  1.308699e+02  5.980000e+00
     vertex  5.515144e+01  1.308699e+02  7.980000e+00
   endloop
 endfacet
 facet normal  9.996236e-01 -2.743405e-02  0.000000e+00
   outer loop
     vertex  5.515016e+01  1.308233e+02  7.980000e+00
     vertex  5.515016e+01  1.308233e+02  5.980000e+00
     vertex  5.515144e+01  1.308699e+02  5.980000e+00
   endloop
 endfacet
 facet normal  1.000000e+00  0.000000e+00  0.000000e+00
   outer loop
     vertex  5.515016e+01  1.308233e+02  7.980000e+00
     vertex  5.515016e+01  1.307767e+02  5.980000e+00
     vertex  5.515016e+01  1.308233e+02  5.980000e+00
   endloop
 endfacet
 facet normal  1.000000e+00 -0.000000e+00  0.000000e+00
   outer loop
     vertex  5.515016e+01  1.307767e+02  7.980000e+00
     vertex  5.515016e+01  1.307767e+02  5.980000e+00
     vertex  5.515016e+01  1.308233e+02  7.980000e+00
   endloop
 endfacet
 facet normal  9.996236e-01  2.743405e-02  0.000000e+00
   outer loop
     vertex  5.515144e+01  1.307301e+02  7.980000e+00
     vertex  5.515016e+01  1.307767e+02  5.980000e+00
     vertex  5.515016e+01  1.307767e+02  7.980000e+00
   endloop
 endfacet
 facet normal  9.996236e-01  2.743405e-02  0.000000e+00
   outer loop
     vertex  5.515144e+01  1.307301e+02  7.980000e+00
     vertex  5.515144e+01  1.307301e+02  5.980000e+00
     vertex  5.515016e+01  1.307767e+02  5.980000e+00
   endloop
 endfacet
 facet normal  9.984947e-01  5.484744e-02  0.000000e+00
   outer loop
     vertex  5.515144e+01  1.307301e+02  7.980000e+00
     vertex  5.515400e+01  1.306835e+02  5.980000e+00
     vertex  5.515144e+01  1.307301e+02  5.980000e+00
   endloop
 endfacet
 facet normal  9.984947e-01  5.484744e-02  0.000000e+00
   outer loop
     vertex  5.515400e+01  1.306835e+02  7.980000e+00
     vertex  5.515400e+01  1.306835e+02  5.980000e+00
     vertex  5.515144e+01  1.307301e+02  7.980000e+00
   endloop
 endfacet
 facet normal  9.966142e-01  8.221955e-02  0.000000e+00
   outer loop
     vertex  5.515783e+01  1.306370e+02  7.980000e+00
     vertex  5.515400e+01  1.306835e+02  5.980000e+00
     vertex  5.515400e+01  1.306835e+02  7.980000e+00
   endloop
 endfacet
 facet normal  9.966142e-01  8.221955e-02  0.000000e+00
   outer loop
     vertex  5.515783e+01  1.306370e+02  7.980000e+00
     vertex  5.515783e+01  1.306370e+02  5.980000e+00
     vertex  5.515400e+01  1.306835e+02  5.980000e+00
   endloop
 endfacet
 facet normal  9.939835e-01  1.095298e-01  0.000000e+00
   outer loop
     vertex  5.515783e+01  1.306370e+02  7.980000e+00
     vertex  5.516294e+01  1.305906e+02  5.980000e+00
     vertex  5.515783e+01  1.306370e+02  5.980000e+00
   endloop
 endfacet
 facet normal  9.939835e-01  1.095298e-01  0.000000e+00
   outer loop
     vertex  5.516294e+01  1.305906e+02  7.980000e+00
     vertex  5.516294e+01  1.305906e+02  5.980000e+00
     vertex  5.515783e+01  1.306370e+02  7.980000e+00
   endloop
 endfacet
 facet normal  9.906046e-01  1.367575e-01  0.000000e+00
   outer loop
     vertex  5.516932e+01  1.305444e+02  7.980000e+00
     vertex  5.516294e+01  1.305906e+02  5.980000e+00
     vertex  5.516294e+01  1.305906e+02  7.980000e+00
   endloop
 endfacet
 facet normal  9.906046e-01  1.367575e-01  0.000000e+00
   outer loop
     vertex  5.516932e+01  1.305444e+02  7.980000e+00
     vertex  5.516932e+01  1.305444e+02  5.980000e+00
     vertex  5.516294e+01  1.305906e+02  5.980000e+00
   endloop
 endfacet
 facet normal  9.864799e-01  1.638824e-01  0.000000e+00
   outer loop
     vertex  5.517696e+01  1.304984e+02  7.980000e+00
     vertex  5.516932e+01  1.305444e+02  5.980000e+00
     vertex  5.516932e+01  1.305444e+02  7.980000e+00
   endloop
 endfacet
 facet normal  9.864799e-01  1.638824e-01  0.000000e+00
   outer loop
     vertex  5.517696e+01  1.304984e+02  7.980000e+00
     vertex  5.517696e+01  1.304984e+02  5.980000e+00
     vertex  5.516932e+01  1.305444e+02  5.980000e+00
   endloop
 endfacet
 facet normal  9.816126e-01  1.908838e-01  0.000000e+00
   outer loop
     vertex  5.517696e+01  1.304984e+02  7.980000e+00
     vertex  5.518587e+01  1.304526e+02  5.980000e+00
     vertex  5.517696e+01  1.304984e+02  5.980000e+00
   endloop
 endfacet
 facet normal  9.816126e-01  1.908838e-01  0.000000e+00
   outer loop
     vertex  5.518587e+01  1.304526e+02  7.980000e+00
     vertex  5.518587e+01  1.304526e+02  5.980000e+00
     vertex  5.517696e+01  1.304984e+02  7.980000e+00
   endloop
 endfacet
 facet normal  9.760065e-01  2.177416e-01  0.000000e+00
   outer loop
     vertex  5.519602e+01  1.304071e+02  7.980000e+00
     vertex  5.518587e+01  1.304526e+02  5.980000e+00
     vertex  5.518587e+01  1.304526e+02  7.980000e+00
   endloop
 endfacet
 facet normal  9.760065e-01  2.177416e-01  0.000000e+00
   outer loop
     vertex  5.519602e+01  1.304071e+02  7.980000e+00
     vertex  5.519602e+01  1.304071e+02  5.980000e+00
     vertex  5.518587e+01  1.304526e+02  5.980000e+00
   endloop
 endfacet
 facet normal  9.696656e-01  2.444354e-01  0.000000e+00
   outer loop
     vertex  5.520742e+01  1.303619e+02  7.980000e+00
     vertex  5.520742e+01  1.303619e+02  5.980000e+00
     vertex  5.519602e+01  1.304071e+02  5.980000e+00
   endloop
 endfacet
 facet normal  9.696656e-01  2.444354e-01  0.000000e+00
   outer loop
     vertex  5.520742e+01  1.303619e+02  7.980000e+00
     vertex  5.519602e+01  1.304071e+02  5.980000e+00
     vertex  5.519602e+01  1.304071e+02  7.980000e+00
   endloop
 endfacet
 facet normal  9.625948e-01  2.709453e-01  0.000000e+00
   outer loop
     vertex  5.522006e+01  1.303170e+02  7.980000e+00
     vertex  5.522006e+01  1.303170e+02  5.980000e+00
     vertex  5.520742e+01  1.303619e+02  5.980000e+00
   endloop
 endfacet
 facet normal  9.625948e-01  2.709453e-01  0.000000e+00
   outer loop
     vertex  5.522006e+01  1.303170e+02  7.980000e+00
     vertex  5.520742e+01  1.303619e+02  5.980000e+00
     vertex  5.520742e+01  1.303619e+02  7.980000e+00
   endloop
 endfacet
 facet normal  9.547993e-01  2.972512e-01  0.000000e+00
   outer loop
     vertex  5.523393e+01  1.302725e+02  7.980000e+00
     vertex  5.523393e+01  1.302725e+02  5.980000e+00
     vertex  5.522006e+01  1.303170e+02  5.980000e+00
   endloop
 endfacet
 facet normal  9.547993e-01  2.972512e-01  0.000000e+00
   outer loop
     vertex  5.523393e+01  1.302725e+02  7.980000e+00
     vertex  5.522006e+01  1.303170e+02  5.980000e+00
     vertex  5.522006e+01  1.303170e+02  7.980000e+00
   endloop
 endfacet
 facet normal  9.462851e-01  3.233333e-01  0.000000e+00
   outer loop
     vertex  5.524901e+01  1.302283e+02  7.980000e+00
     vertex  5.524901e+01  1.302283e+02  5.980000e+00
     vertex  5.523393e+01  1.302725e+02  5.980000e+00
   endloop
 endfacet
 facet normal  9.462851e-01  3.233333e-01  0.000000e+00
   outer loop
     vertex  5.524901e+01  1.302283e+02  7.980000e+00
     vertex  5.523393e+01  1.302725e+02  5.980000e+00
     vertex  5.523393e+01  1.302725e+02  7.980000e+00
   endloop
 endfacet
 facet normal  9.370586e-01  3.491720e-01  0.000000e+00
   outer loop
     vertex  5.526529e+01  1.301846e+02  7.980000e+00
     vertex  5.526529e+01  1.301846e+02  5.980000e+00
     vertex  5.524901e+01  1.302283e+02  5.980000e+00
   endloop
 endfacet
 facet normal  9.271267e-01  3.747479e-01  0.000000e+00
   outer loop
     vertex  5.526529e+01  1.301846e+02  7.980000e+00
     vertex  5.528277e+01  1.301414e+02  5.980000e+00
     vertex  5.526529e+01  1.301846e+02  5.980000e+00
   endloop
 endfacet
 facet normal  9.370586e-01  3.491720e-01  0.000000e+00
   outer loop
     vertex  5.526529e+01  1.301846e+02  7.980000e+00
     vertex  5.524901e+01  1.302283e+02  5.980000e+00
     vertex  5.524901e+01  1.302283e+02  7.980000e+00
   endloop
 endfacet
 facet normal  9.271267e-01  3.747479e-01  0.000000e+00
   outer loop
     vertex  5.528277e+01  1.301414e+02  7.980000e+00
     vertex  5.528277e+01  1.301414e+02  5.980000e+00
     vertex  5.526529e+01  1.301846e+02  7.980000e+00
   endloop
 endfacet
 facet normal  9.164969e-01  4.000417e-01  0.000000e+00
   outer loop
     vertex  5.530143e+01  1.300986e+02  7.980000e+00
     vertex  5.530143e+01  1.300986e+02  5.980000e+00
     vertex  5.528277e+01  1.301414e+02  5.980000e+00
   endloop
 endfacet
 facet normal  9.164969e-01  4.000417e-01  0.000000e+00
   outer loop
     vertex  5.530143e+01  1.300986e+02  7.980000e+00
     vertex  5.528277e+01  1.301414e+02  5.980000e+00
     vertex  5.528277e+01  1.301414e+02  7.980000e+00
   endloop
 endfacet
 facet normal  9.051772e-01  4.250344e-01  0.000000e+00
   outer loop
     vertex  5.532126e+01  1.300564e+02  7.980000e+00
     vertex  5.532126e+01  1.300564e+02  5.980000e+00
     vertex  5.530143e+01  1.300986e+02  5.980000e+00
   endloop
 endfacet
 facet normal  9.051772e-01  4.250344e-01  0.000000e+00
   outer loop
     vertex  5.532126e+01  1.300564e+02  7.980000e+00
     vertex  5.530143e+01  1.300986e+02  5.980000e+00
     vertex  5.530143e+01  1.300986e+02  7.980000e+00
   endloop
 endfacet
 facet normal  8.931761e-01  4.497071e-01  0.000000e+00
   outer loop
     vertex  5.534223e+01  1.300147e+02  7.980000e+00
     vertex  5.534223e+01  1.300147e+02  5.980000e+00
     vertex  5.532126e+01  1.300564e+02  5.980000e+00
   endloop
 endfacet
 facet normal  8.931761e-01  4.497071e-01  0.000000e+00
   outer loop
     vertex  5.534223e+01  1.300147e+02  7.980000e+00
     vertex  5.532126e+01  1.300564e+02  5.980000e+00
     vertex  5.532126e+01  1.300564e+02  7.980000e+00
   endloop
 endfacet
 facet normal  8.805026e-01  4.740412e-01  0.000000e+00
   outer loop
     vertex  5.536434e+01  1.299737e+02  7.980000e+00
     vertex  5.536434e+01  1.299737e+02  5.980000e+00
     vertex  5.534223e+01  1.300147e+02  5.980000e+00
   endloop
 endfacet
 facet normal  8.671664e-01  4.980186e-01  0.000000e+00
   outer loop
     vertex  5.536434e+01  1.299737e+02  7.980000e+00
     vertex  5.538757e+01  1.299332e+02  5.980000e+00
     vertex  5.536434e+01  1.299737e+02  5.980000e+00
   endloop
 endfacet
 facet normal  8.805026e-01  4.740412e-01  0.000000e+00
   outer loop
     vertex  5.536434e+01  1.299737e+02  7.980000e+00
     vertex  5.534223e+01  1.300147e+02  5.980000e+00
     vertex  5.534223e+01  1.300147e+02  7.980000e+00
   endloop
 endfacet
 facet normal  8.531773e-01  5.216210e-01  0.000000e+00
   outer loop
     vertex  5.538757e+01  1.299332e+02  7.980000e+00
     vertex  5.541190e+01  1.298934e+02  5.980000e+00
     vertex  5.538757e+01  1.299332e+02  5.980000e+00
   endloop
 endfacet
 facet normal  8.671664e-01  4.980186e-01  0.000000e+00
   outer loop
     vertex  5.538757e+01  1.299332e+02  7.980000e+00
     vertex  5.538757e+01  1.299332e+02  5.980000e+00
     vertex  5.536434e+01  1.299737e+02  7.980000e+00
   endloop
 endfacet
 facet normal  8.531773e-01  5.216210e-01  0.000000e+00
   outer loop
     vertex  5.541190e+01  1.298934e+02  7.980000e+00
     vertex  5.541190e+01  1.298934e+02  5.980000e+00
     vertex  5.538757e+01  1.299332e+02  7.980000e+00
   endloop
 endfacet
 facet normal  8.385460e-01  5.448308e-01  0.000000e+00
   outer loop
     vertex  5.543731e+01  1.298543e+02  7.980000e+00
     vertex  5.541190e+01  1.298934e+02  5.980000e+00
     vertex  5.541190e+01  1.298934e+02  7.980000e+00
   endloop
 endfacet
 facet normal  8.385460e-01  5.448308e-01  0.000000e+00
   outer loop
     vertex  5.543731e+01  1.298543e+02  7.980000e+00
     vertex  5.543731e+01  1.298543e+02  5.980000e+00
     vertex  5.541190e+01  1.298934e+02  5.980000e+00
   endloop
 endfacet
 facet normal  8.232835e-01  5.676304e-01  0.000000e+00
   outer loop
     vertex  5.543731e+01  1.298543e+02  7.980000e+00
     vertex  5.546379e+01  1.298159e+02  5.980000e+00
     vertex  5.543731e+01  1.298543e+02  5.980000e+00
   endloop
 endfacet
 facet normal  8.232835e-01  5.676304e-01  0.000000e+00
   outer loop
     vertex  5.546379e+01  1.298159e+02  7.980000e+00
     vertex  5.546379e+01  1.298159e+02  5.980000e+00
     vertex  5.543731e+01  1.298543e+02  7.980000e+00
   endloop
 endfacet
 facet normal  8.074012e-01  5.900028e-01  0.000000e+00
   outer loop
     vertex  5.549131e+01  1.297783e+02  7.980000e+00
     vertex  5.546379e+01  1.298159e+02  5.980000e+00
     vertex  5.546379e+01  1.298159e+02  7.980000e+00
   endloop
 endfacet
 facet normal  8.074012e-01  5.900028e-01  0.000000e+00
   outer loop
     vertex  5.549131e+01  1.297783e+02  7.980000e+00
     vertex  5.549131e+01  1.297783e+02  5.980000e+00
     vertex  5.546379e+01  1.298159e+02  5.980000e+00
   endloop
 endfacet
 facet normal  7.909112e-01  6.119310e-01  0.000000e+00
   outer loop
     vertex  5.549131e+01  1.297783e+02  7.980000e+00
     vertex  5.551985e+01  1.297414e+02  5.980000e+00
     vertex  5.549131e+01  1.297783e+02  5.980000e+00
   endloop
 endfacet
 facet normal  7.909112e-01  6.119310e-01  0.000000e+00
   outer loop
     vertex  5.551985e+01  1.297414e+02  7.980000e+00
     vertex  5.551985e+01  1.297414e+02  5.980000e+00
     vertex  5.549131e+01  1.297783e+02  7.980000e+00
   endloop
 endfacet
 facet normal  7.738257e-01  6.333986e-01  0.000000e+00
   outer loop
     vertex  5.554939e+01  1.297053e+02  7.980000e+00
     vertex  5.551985e+01  1.297414e+02  5.980000e+00
     vertex  5.551985e+01  1.297414e+02  7.980000e+00
   endloop
 endfacet
 facet normal  7.738257e-01  6.333986e-01  0.000000e+00
   outer loop
     vertex  5.554939e+01  1.297053e+02  7.980000e+00
     vertex  5.554939e+01  1.297053e+02  5.980000e+00
     vertex  5.551985e+01  1.297414e+02  5.980000e+00
   endloop
 endfacet
 facet normal  7.561578e-01  6.543893e-01  0.000000e+00
   outer loop
     vertex  5.554939e+01  1.297053e+02  7.980000e+00
     vertex  5.557991e+01  1.296700e+02  5.980000e+00
     vertex  5.554939e+01  1.297053e+02  5.980000e+00
   endloop
 endfacet
 facet normal  7.561578e-01  6.543893e-01  0.000000e+00
   outer loop
     vertex  5.557991e+01  1.296700e+02  7.980000e+00
     vertex  5.557991e+01  1.296700e+02  5.980000e+00
     vertex  5.554939e+01  1.297053e+02  7.980000e+00
   endloop
 endfacet
 facet normal  7.379206e-01  6.748875e-01  0.000000e+00
   outer loop
     vertex  5.561139e+01  1.296356e+02  7.980000e+00
     vertex  5.557991e+01  1.296700e+02  5.980000e+00
     vertex  5.557991e+01  1.296700e+02  7.980000e+00
   endloop
 endfacet
 facet normal  7.379206e-01  6.748875e-01  0.000000e+00
   outer loop
     vertex  5.561139e+01  1.296356e+02  7.980000e+00
     vertex  5.561139e+01  1.296356e+02  5.980000e+00
     vertex  5.557991e+01  1.296700e+02  5.980000e+00
   endloop
 endfacet
 facet normal  7.191280e-01  6.948776e-01  0.000000e+00
   outer loop
     vertex  5.564380e+01  1.296020e+02  7.980000e+00
     vertex  5.561139e+01  1.296356e+02  5.980000e+00
     vertex  5.561139e+01  1.296356e+02  7.980000e+00
   endloop
 endfacet
 facet normal  7.191280e-01  6.948776e-01  0.000000e+00
   outer loop
     vertex  5.564380e+01  1.296020e+02  7.980000e+00
     vertex  5.564380e+01  1.296020e+02  5.980000e+00
     vertex  5.561139e+01  1.296356e+02  5.980000e+00
   endloop
 endfacet
 facet normal  6.997940e-01  7.143447e-01  0.000000e+00
   outer loop
     vertex  5.567712e+01  1.295694e+02  7.980000e+00
     vertex  5.564380e+01  1.296020e+02  5.980000e+00
     vertex  5.564380e+01  1.296020e+02  7.980000e+00
   endloop
 endfacet
 facet normal  6.997940e-01  7.143447e-01  0.000000e+00
   outer loop
     vertex  5.567712e+01  1.295694e+02  7.980000e+00
     vertex  5.567712e+01  1.295694e+02  5.980000e+00
     vertex  5.564380e+01  1.296020e+02  5.980000e+00
   endloop
 endfacet
 facet normal  6.799333e-01  7.332740e-01  0.000000e+00
   outer loop
     vertex  5.571132e+01  1.295377e+02  7.980000e+00
     vertex  5.567712e+01  1.295694e+02  5.980000e+00
     vertex  5.567712e+01  1.295694e+02  7.980000e+00
   endloop
 endfacet
 facet normal  6.799333e-01  7.332740e-01  0.000000e+00
   outer loop
     vertex  5.571132e+01  1.295377e+02  7.980000e+00
     vertex  5.571132e+01  1.295377e+02  5.980000e+00
     vertex  5.567712e+01  1.295694e+02  5.980000e+00
   endloop
 endfacet
 facet normal  6.595607e-01  7.516513e-01  0.000000e+00
   outer loop
     vertex  5.571132e+01  1.295377e+02  7.980000e+00
     vertex  5.574638e+01  1.295069e+02  5.980000e+00
     vertex  5.571132e+01  1.295377e+02  5.980000e+00
   endloop
 endfacet
 facet normal  6.595607e-01  7.516513e-01  0.000000e+00
   outer loop
     vertex  5.574638e+01  1.295069e+02  7.980000e+00
     vertex  5.574638e+01  1.295069e+02  5.980000e+00
     vertex  5.571132e+01  1.295377e+02  7.980000e+00
   endloop
 endfacet
 facet normal  6.386916e-01  7.694628e-01  0.000000e+00
   outer loop
     vertex  5.578227e+01  1.294771e+02  7.980000e+00
     vertex  5.574638e+01  1.295069e+02  5.980000e+00
     vertex  5.574638e+01  1.295069e+02  7.980000e+00
   endloop
 endfacet
 facet normal  6.386916e-01  7.694628e-01  0.000000e+00
   outer loop
     vertex  5.578227e+01  1.294771e+02  7.980000e+00
     vertex  5.578227e+01  1.294771e+02  5.980000e+00
     vertex  5.574638e+01  1.295069e+02  5.980000e+00
   endloop
 endfacet
 facet normal  6.173417e-01  7.866951e-01  0.000000e+00
   outer loop
     vertex  5.578227e+01  1.294771e+02  7.980000e+00
     vertex  5.581896e+01  1.294483e+02  5.980000e+00
     vertex  5.578227e+01  1.294771e+02  5.980000e+00
   endloop
 endfacet
 facet normal  6.173417e-01  7.866951e-01  0.000000e+00
   outer loop
     vertex  5.581896e+01  1.294483e+02  7.980000e+00
     vertex  5.581896e+01  1.294483e+02  5.980000e+00
     vertex  5.578227e+01  1.294771e+02  7.980000e+00
   endloop
 endfacet
 facet normal  5.955271e-01  8.033352e-01  0.000000e+00
   outer loop
     vertex  5.585643e+01  1.294206e+02  7.980000e+00
     vertex  5.581896e+01  1.294483e+02  5.980000e+00
     vertex  5.581896e+01  1.294483e+02  7.980000e+00
   endloop
 endfacet
 facet normal  5.955271e-01  8.033352e-01  0.000000e+00
   outer loop
     vertex  5.585643e+01  1.294206e+02  7.980000e+00
     vertex  5.585643e+01  1.294206e+02  5.980000e+00
     vertex  5.581896e+01  1.294483e+02  5.980000e+00
   endloop
 endfacet
 facet normal  5.732642e-01  8.193706e-01  0.000000e+00
   outer loop
     vertex  5.589465e+01  1.293938e+02  7.980000e+00
     vertex  5.585643e+01  1.294206e+02  5.980000e+00
     vertex  5.585643e+01  1.294206e+02  7.980000e+00
   endloop
 endfacet
 facet normal  5.732642e-01  8.193706e-01  0.000000e+00
   outer loop
     vertex  5.589465e+01  1.293938e+02  7.980000e+00
     vertex  5.589465e+01  1.293938e+02  5.980000e+00
     vertex  5.585643e+01  1.294206e+02  5.980000e+00
   endloop
 endfacet
 facet normal  5.505698e-01  8.347891e-01  0.000000e+00
   outer loop
     vertex  5.593359e+01  1.293682e+02  7.980000e+00
     vertex  5.589465e+01  1.293938e+02  5.980000e+00
     vertex  5.589465e+01  1.293938e+02  7.980000e+00
   endloop
 endfacet
 facet normal  5.505698e-01  8.347891e-01  0.000000e+00
   outer loop
     vertex  5.593359e+01  1.293682e+02  7.980000e+00
     vertex  5.593359e+01  1.293682e+02  5.980000e+00
     vertex  5.589465e+01  1.293938e+02  5.980000e+00
   endloop
 endfacet
 facet normal  5.274609e-01  8.495793e-01  0.000000e+00
   outer loop
     vertex  5.593359e+01  1.293682e+02  7.980000e+00
     vertex  5.597321e+01  1.293436e+02  5.980000e+00
     vertex  5.593359e+01  1.293682e+02  5.980000e+00
   endloop
 endfacet
 facet normal  5.274609e-01  8.495793e-01  0.000000e+00
   outer loop
     vertex  5.597321e+01  1.293436e+02  7.980000e+00
     vertex  5.597321e+01  1.293436e+02  5.980000e+00
     vertex  5.593359e+01  1.293682e+02  7.980000e+00
   endloop
 endfacet
 facet normal  5.039550e-01  8.637299e-01  0.000000e+00
   outer loop
     vertex  5.601350e+01  1.293200e+02  7.980000e+00
     vertex  5.597321e+01  1.293436e+02  5.980000e+00
     vertex  5.597321e+01  1.293436e+02  7.980000e+00
   endloop
 endfacet
 facet normal  5.039550e-01  8.637299e-01  0.000000e+00
   outer loop
     vertex  5.601350e+01  1.293200e+02  7.980000e+00
     vertex  5.601350e+01  1.293200e+02  5.980000e+00
     vertex  5.597321e+01  1.293436e+02  5.980000e+00
   endloop
 endfacet
 facet normal  4.800697e-01  8.772303e-01  0.000000e+00
   outer loop
     vertex  5.601350e+01  1.293200e+02  7.980000e+00
     vertex  5.605442e+01  1.292977e+02  5.980000e+00
     vertex  5.601350e+01  1.293200e+02  5.980000e+00
   endloop
 endfacet
 facet normal  4.800697e-01  8.772303e-01  0.000000e+00
   outer loop
     vertex  5.605442e+01  1.292977e+02  7.980000e+00
     vertex  5.605442e+01  1.292977e+02  5.980000e+00
     vertex  5.601350e+01  1.293200e+02  7.980000e+00
   endloop
 endfacet
 facet normal  4.558231e-01  8.900704e-01  0.000000e+00
   outer loop
     vertex  5.609593e+01  1.292764e+02  7.980000e+00
     vertex  5.605442e+01  1.292977e+02  5.980000e+00
     vertex  5.605442e+01  1.292977e+02  7.980000e+00
   endloop
 endfacet
 facet normal  4.558231e-01  8.900704e-01  0.000000e+00
   outer loop
     vertex  5.609593e+01  1.292764e+02  7.980000e+00
     vertex  5.609593e+01  1.292764e+02  5.980000e+00
     vertex  5.605442e+01  1.292977e+02  5.980000e+00
   endloop
 endfacet
 facet normal  4.312333e-01  9.022405e-01  0.000000e+00
   outer loop
     vertex  5.613801e+01  1.292563e+02  7.980000e+00
     vertex  5.609593e+01  1.292764e+02  5.980000e+00
     vertex  5.609593e+01  1.292764e+02  7.980000e+00
   endloop
 endfacet
 facet normal  4.312333e-01  9.022405e-01  0.000000e+00
   outer loop
     vertex  5.613801e+01  1.292563e+02  7.980000e+00
     vertex  5.613801e+01  1.292563e+02  5.980000e+00
     vertex  5.609593e+01  1.292764e+02  5.980000e+00
   endloop
 endfacet
 facet normal  4.063188e-01  9.137314e-01  0.000000e+00
   outer loop
     vertex  5.613801e+01  1.292563e+02  7.980000e+00
     vertex  5.618063e+01  1.292373e+02  5.980000e+00
     vertex  5.613801e+01  1.292563e+02  5.980000e+00
   endloop
 endfacet
 facet normal  4.063188e-01  9.137314e-01  0.000000e+00
   outer loop
     vertex  5.618063e+01  1.292373e+02  7.980000e+00
     vertex  5.618063e+01  1.292373e+02  5.980000e+00
     vertex  5.613801e+01  1.292563e+02  7.980000e+00
   endloop
 endfacet
 facet normal  3.810986e-01  9.245344e-01  0.000000e+00
   outer loop
     vertex  5.622375e+01  1.292196e+02  7.980000e+00
     vertex  5.622375e+01  1.292196e+02  5.980000e+00
     vertex  5.618063e+01  1.292373e+02  5.980000e+00
   endloop
 endfacet
 facet normal  3.810986e-01  9.245344e-01  0.000000e+00
   outer loop
     vertex  5.622375e+01  1.292196e+02  7.980000e+00
     vertex  5.618063e+01  1.292373e+02  5.980000e+00
     vertex  5.618063e+01  1.292373e+02  7.980000e+00
   endloop
 endfacet
 facet normal  3.555914e-01  9.346415e-01  0.000000e+00
   outer loop
     vertex  5.626735e+01  1.292030e+02  7.980000e+00
     vertex  5.626735e+01  1.292030e+02  5.980000e+00
     vertex  5.622375e+01  1.292196e+02  5.980000e+00
   endloop
 endfacet
 facet normal  3.555914e-01  9.346415e-01  0.000000e+00
   outer loop
     vertex  5.626735e+01  1.292030e+02  7.980000e+00
     vertex  5.622375e+01  1.292196e+02  5.980000e+00
     vertex  5.622375e+01  1.292196e+02  7.980000e+00
   endloop
 endfacet
 facet normal  3.298166e-01  9.440450e-01  0.000000e+00
   outer loop
     vertex  5.631138e+01  1.291876e+02  7.980000e+00
     vertex  5.631138e+01  1.291876e+02  5.980000e+00
     vertex  5.626735e+01  1.292030e+02  5.980000e+00
   endloop
 endfacet
 facet normal  3.298166e-01  9.440450e-01  0.000000e+00
   outer loop
     vertex  5.631138e+01  1.291876e+02  7.980000e+00
     vertex  5.626735e+01  1.292030e+02  5.980000e+00
     vertex  5.626735e+01  1.292030e+02  7.980000e+00
   endloop
 endfacet
 facet normal  3.037934e-01  9.527379e-01  0.000000e+00
   outer loop
     vertex  5.635582e+01  1.291734e+02  7.980000e+00
     vertex  5.635582e+01  1.291734e+02  5.980000e+00
     vertex  5.631138e+01  1.291876e+02  5.980000e+00
   endloop
 endfacet
 facet normal  2.775416e-01  9.607136e-01  0.000000e+00
   outer loop
     vertex  5.635582e+01  1.291734e+02  7.980000e+00
     vertex  5.640063e+01  1.291605e+02  5.980000e+00
     vertex  5.635582e+01  1.291734e+02  5.980000e+00
   endloop
 endfacet
 facet normal  3.037934e-01  9.527379e-01  0.000000e+00
   outer loop
     vertex  5.635582e+01  1.291734e+02  7.980000e+00
     vertex  5.631138e+01  1.291876e+02  5.980000e+00
     vertex  5.631138e+01  1.291876e+02  7.980000e+00
   endloop
 endfacet
 facet normal  2.775416e-01  9.607136e-01  0.000000e+00
   outer loop
     vertex  5.640063e+01  1.291605e+02  7.980000e+00
     vertex  5.640063e+01  1.291605e+02  5.980000e+00
     vertex  5.635582e+01  1.291734e+02  7.980000e+00
   endloop
 endfacet
 facet normal  2.510809e-01  9.679661e-01  0.000000e+00
   outer loop
     vertex  5.644578e+01  1.291488e+02  7.980000e+00
     vertex  5.640063e+01  1.291605e+02  5.980000e+00
     vertex  5.640063e+01  1.291605e+02  7.980000e+00
   endloop
 endfacet
 facet normal  2.510809e-01  9.679661e-01  0.000000e+00
   outer loop
     vertex  5.644578e+01  1.291488e+02  7.980000e+00
     vertex  5.644578e+01  1.291488e+02  5.980000e+00
     vertex  5.640063e+01  1.291605e+02  5.980000e+00
   endloop
 endfacet
 facet normal  2.244312e-01  9.744899e-01  0.000000e+00
   outer loop
     vertex  5.644578e+01  1.291488e+02  7.980000e+00
     vertex  5.649123e+01  1.291383e+02  5.980000e+00
     vertex  5.644578e+01  1.291488e+02  5.980000e+00
   endloop
 endfacet
 facet normal  2.244312e-01  9.744899e-01  0.000000e+00
   outer loop
     vertex  5.649123e+01  1.291383e+02  7.980000e+00
     vertex  5.649123e+01  1.291383e+02  5.980000e+00
     vertex  5.644578e+01  1.291488e+02  7.980000e+00
   endloop
 endfacet
 facet normal  1.976125e-01  9.802802e-01  0.000000e+00
   outer loop
     vertex  5.653695e+01  1.291291e+02  7.980000e+00
     vertex  5.649123e+01  1.291383e+02  5.980000e+00
     vertex  5.649123e+01  1.291383e+02  7.980000e+00
   endloop
 endfacet
 facet normal  1.976125e-01  9.802802e-01  0.000000e+00
   outer loop
     vertex  5.653695e+01  1.291291e+02  7.980000e+00
     vertex  5.653695e+01  1.291291e+02  5.980000e+00
     vertex  5.649123e+01  1.291383e+02  5.980000e+00
   endloop
 endfacet
 facet normal  1.706451e-01  9.853326e-01  0.000000e+00
   outer loop
     vertex  5.658291e+01  1.291211e+02  7.980000e+00
     vertex  5.653695e+01  1.291291e+02  5.980000e+00
     vertex  5.653695e+01  1.291291e+02  7.980000e+00
   endloop
 endfacet
 facet normal  1.706451e-01  9.853326e-01  0.000000e+00
   outer loop
     vertex  5.658291e+01  1.291211e+02  7.980000e+00
     vertex  5.658291e+01  1.291211e+02  5.980000e+00
     vertex  5.653695e+01  1.291291e+02  5.980000e+00
   endloop
 endfacet
 facet normal  1.435492e-01  9.896432e-01  0.000000e+00
   outer loop
     vertex  5.658291e+01  1.291211e+02  7.980000e+00
     vertex  5.662907e+01  1.291144e+02  5.980000e+00
     vertex  5.658291e+01  1.291211e+02  5.980000e+00
   endloop
 endfacet
 facet normal  1.435492e-01  9.896432e-01  0.000000e+00
   outer loop
     vertex  5.662907e+01  1.291144e+02  7.980000e+00
     vertex  5.662907e+01  1.291144e+02  5.980000e+00
     vertex  5.658291e+01  1.291211e+02  7.980000e+00
   endloop
 endfacet
 facet normal  1.163452e-01  9.932088e-01  0.000000e+00
   outer loop
     vertex  5.667539e+01  1.291090e+02  7.980000e+00
     vertex  5.662907e+01  1.291144e+02  5.980000e+00
     vertex  5.662907e+01  1.291144e+02  7.980000e+00
   endloop
 endfacet
 facet normal  1.163452e-01  9.932088e-01  0.000000e+00
   outer loop
     vertex  5.667539e+01  1.291090e+02  7.980000e+00
     vertex  5.667539e+01  1.291090e+02  5.980000e+00
     vertex  5.662907e+01  1.291144e+02  5.980000e+00
   endloop
 endfacet
 facet normal  8.905371e-02  9.960268e-01  0.000000e+00
   outer loop
     vertex  5.672185e+01  1.291048e+02  7.980000e+00
     vertex  5.667539e+01  1.291090e+02  5.980000e+00
     vertex  5.667539e+01  1.291090e+02  7.980000e+00
   endloop
 endfacet
 facet normal  8.905371e-02  9.960268e-01  0.000000e+00
   outer loop
     vertex  5.672185e+01  1.291048e+02  7.980000e+00
     vertex  5.672185e+01  1.291048e+02  5.980000e+00
     vertex  5.667539e+01  1.291090e+02  5.980000e+00
   endloop
 endfacet
 facet normal  6.169515e-02  9.980950e-01  0.000000e+00
   outer loop
     vertex  5.676840e+01  1.291020e+02  7.980000e+00
     vertex  5.672185e+01  1.291048e+02  5.980000e+00
     vertex  5.672185e+01  1.291048e+02  7.980000e+00
   endloop
 endfacet
 facet normal  6.169515e-02  9.980950e-01  0.000000e+00
   outer loop
     vertex  5.676840e+01  1.291020e+02  7.980000e+00
     vertex  5.676840e+01  1.291020e+02  5.980000e+00
     vertex  5.672185e+01  1.291048e+02  5.980000e+00
   endloop
 endfacet
 facet normal  3.429014e-02  9.994119e-01  0.000000e+00
   outer loop
     vertex  5.681502e+01  1.291004e+02  7.980000e+00
     vertex  5.676840e+01  1.291020e+02  5.980000e+00
     vertex  5.676840e+01  1.291020e+02  7.980000e+00
   endloop
 endfacet
 facet normal  3.429014e-02  9.994119e-01  0.000000e+00
   outer loop
     vertex  5.681502e+01  1.291004e+02  7.980000e+00
     vertex  5.681502e+01  1.291004e+02  5.980000e+00
     vertex  5.676840e+01  1.291020e+02  5.980000e+00
   endloop
 endfacet
 facet normal  6.859319e-03  9.999765e-01  0.000000e+00
   outer loop
     vertex  5.686166e+01  1.291000e+02  7.980000e+00
     vertex  5.681502e+01  1.291004e+02  5.980000e+00
     vertex  5.681502e+01  1.291004e+02  7.980000e+00
   endloop
 endfacet
 facet normal  6.859319e-03  9.999765e-01  0.000000e+00
   outer loop
     vertex  5.686166e+01  1.291000e+02  7.980000e+00
     vertex  5.686166e+01  1.291000e+02  5.980000e+00
     vertex  5.681502e+01  1.291004e+02  5.980000e+00
   endloop
 endfacet
 facet normal -2.057667e-02  9.997883e-01  0.000000e+00
   outer loop
     vertex  5.690829e+01  1.291010e+02  7.980000e+00
     vertex  5.686166e+01  1.291000e+02  5.980000e+00
     vertex  5.686166e+01  1.291000e+02  7.980000e+00
   endloop
 endfacet
 facet normal -2.057667e-02  9.997883e-01  0.000000e+00
   outer loop
     vertex  5.690829e+01  1.291010e+02  7.980000e+00
     vertex  5.690829e+01  1.291010e+02  5.980000e+00
     vertex  5.686166e+01  1.291000e+02  5.980000e+00
   endloop
 endfacet
 facet normal -4.799716e-02  9.988475e-01  0.000000e+00
   outer loop
     vertex  5.695488e+01  1.291032e+02  7.980000e+00
     vertex  5.695488e+01  1.291032e+02  5.980000e+00
     vertex  5.690829e+01  1.291010e+02  5.980000e+00
   endloop
 endfacet
 facet normal -4.799716e-02  9.988475e-01  0.000000e+00
   outer loop
     vertex  5.695488e+01  1.291032e+02  7.980000e+00
     vertex  5.690829e+01  1.291010e+02  5.980000e+00
     vertex  5.690829e+01  1.291010e+02  7.980000e+00
   endloop
 endfacet
 facet normal -7.538152e-02  9.971548e-01  0.000000e+00
   outer loop
     vertex  5.700139e+01  1.291068e+02  7.980000e+00
     vertex  5.700139e+01  1.291068e+02  5.980000e+00
     vertex  5.695488e+01  1.291032e+02  5.980000e+00
   endloop
 endfacet
 facet normal -7.538152e-02  9.971548e-01  0.000000e+00
   outer loop
     vertex  5.700139e+01  1.291068e+02  7.980000e+00
     vertex  5.695488e+01  1.291032e+02  5.980000e+00
     vertex  5.695488e+01  1.291032e+02  7.980000e+00
   endloop
 endfacet
 facet normal -1.027091e-01  9.947114e-01  0.000000e+00
   outer loop
     vertex  5.704779e+01  1.291115e+02  7.980000e+00
     vertex  5.704779e+01  1.291115e+02  5.980000e+00
     vertex  5.700139e+01  1.291068e+02  5.980000e+00
   endloop
 endfacet
 facet normal -1.299594e-01  9.915193e-01  0.000000e+00
   outer loop
     vertex  5.704779e+01  1.291115e+02  7.980000e+00
     vertex  5.709403e+01  1.291176e+02  5.980000e+00
     vertex  5.704779e+01  1.291115e+02  5.980000e+00
   endloop
 endfacet
 facet normal -1.027091e-01  9.947114e-01  0.000000e+00
   outer loop
     vertex  5.704779e+01  1.291115e+02  7.980000e+00
     vertex  5.700139e+01  1.291068e+02  5.980000e+00
     vertex  5.700139e+01  1.291068e+02  7.980000e+00
   endloop
 endfacet
 facet normal -1.299594e-01  9.915193e-01  0.000000e+00
   outer loop
     vertex  5.709403e+01  1.291176e+02  7.980000e+00
     vertex  5.709403e+01  1.291176e+02  5.980000e+00
     vertex  5.704779e+01  1.291115e+02  7.980000e+00
   endloop
 endfacet
 facet normal -1.571119e-01  9.875808e-01  0.000000e+00
   outer loop
     vertex  5.714010e+01  1.291249e+02  7.980000e+00
     vertex  5.714010e+01  1.291249e+02  5.980000e+00
     vertex  5.709403e+01  1.291176e+02  5.980000e+00
   endloop
 endfacet
 facet normal -1.571119e-01  9.875808e-01  0.000000e+00
   outer loop
     vertex  5.714010e+01  1.291249e+02  7.980000e+00
     vertex  5.709403e+01  1.291176e+02  5.980000e+00
     vertex  5.709403e+01  1.291176e+02  7.980000e+00
   endloop
 endfacet
 facet normal -1.841461e-01  9.828989e-01  0.000000e+00
   outer loop
     vertex  5.718594e+01  1.291335e+02  7.980000e+00
     vertex  5.718594e+01  1.291335e+02  5.980000e+00
     vertex  5.714010e+01  1.291249e+02  5.980000e+00
   endloop
 endfacet
 facet normal -1.841461e-01  9.828989e-01  0.000000e+00
   outer loop
     vertex  5.718594e+01  1.291335e+02  7.980000e+00
     vertex  5.714010e+01  1.291249e+02  5.980000e+00
     vertex  5.714010e+01  1.291249e+02  7.980000e+00
   endloop
 endfacet
 facet normal -2.110417e-01  9.774771e-01  0.000000e+00
   outer loop
     vertex  5.723153e+01  1.291434e+02  7.980000e+00
     vertex  5.723153e+01  1.291434e+02  5.980000e+00
     vertex  5.718594e+01  1.291335e+02  5.980000e+00
   endloop
 endfacet
 facet normal -2.110417e-01  9.774771e-01  0.000000e+00
   outer loop
     vertex  5.723153e+01  1.291434e+02  7.980000e+00
     vertex  5.718594e+01  1.291335e+02  5.980000e+00
     vertex  5.718594e+01  1.291335e+02  7.980000e+00
   endloop
 endfacet
 facet normal -2.377784e-01  9.713194e-01  0.000000e+00
   outer loop
     vertex  5.727684e+01  1.291545e+02  7.980000e+00
     vertex  5.727684e+01  1.291545e+02  5.980000e+00
     vertex  5.723153e+01  1.291434e+02  5.980000e+00
   endloop
 endfacet
 facet normal -2.643362e-01  9.644306e-01  0.000000e+00
   outer loop
     vertex  5.727684e+01  1.291545e+02  7.980000e+00
     vertex  5.732182e+01  1.291668e+02  5.980000e+00
     vertex  5.727684e+01  1.291545e+02  5.980000e+00
   endloop
 endfacet
 facet normal -2.377784e-01  9.713194e-01  0.000000e+00
   outer loop
     vertex  5.727684e+01  1.291545e+02  7.980000e+00
     vertex  5.723153e+01  1.291434e+02  5.980000e+00
     vertex  5.723153e+01  1.291434e+02  7.980000e+00
   endloop
 endfacet
 facet normal -2.643362e-01  9.644306e-01  0.000000e+00
   outer loop
     vertex  5.732182e+01  1.291668e+02  7.980000e+00
     vertex  5.732182e+01  1.291668e+02  5.980000e+00
     vertex  5.727684e+01  1.291545e+02  7.980000e+00
   endloop
 endfacet
 facet normal -2.906949e-01  9.568158e-01  0.000000e+00
   outer loop
     vertex  5.736645e+01  1.291803e+02  7.980000e+00
     vertex  5.736645e+01  1.291803e+02  5.980000e+00
     vertex  5.732182e+01  1.291668e+02  5.980000e+00
   endloop
 endfacet
 facet normal -2.906949e-01  9.568158e-01  0.000000e+00
   outer loop
     vertex  5.736645e+01  1.291803e+02  7.980000e+00
     vertex  5.732182e+01  1.291668e+02  5.980000e+00
     vertex  5.732182e+01  1.291668e+02  7.980000e+00
   endloop
 endfacet
 facet normal -3.168348e-01  9.484807e-01  0.000000e+00
   outer loop
     vertex  5.741069e+01  1.291951e+02  7.980000e+00
     vertex  5.741069e+01  1.291951e+02  5.980000e+00
     vertex  5.736645e+01  1.291803e+02  5.980000e+00
   endloop
 endfacet
 facet normal -3.168348e-01  9.484807e-01  0.000000e+00
   outer loop
     vertex  5.741069e+01  1.291951e+02  7.980000e+00
     vertex  5.736645e+01  1.291803e+02  5.980000e+00
     vertex  5.736645e+01  1.291803e+02  7.980000e+00
   endloop
 endfacet
 facet normal -3.427362e-01  9.394317e-01  0.000000e+00
   outer loop
     vertex  5.745451e+01  1.292111e+02  7.980000e+00
     vertex  5.745451e+01  1.292111e+02  5.980000e+00
     vertex  5.741069e+01  1.291951e+02  5.980000e+00
   endloop
 endfacet
 facet normal -3.427362e-01  9.394317e-01  0.000000e+00
   outer loop
     vertex  5.745451e+01  1.292111e+02  7.980000e+00
     vertex  5.741069e+01  1.291951e+02  5.980000e+00
     vertex  5.741069e+01  1.291951e+02  7.980000e+00
   endloop
 endfacet
 facet normal -3.683796e-01  9.296754e-01  0.000000e+00
   outer loop
     vertex  5.749787e+01  1.292283e+02  7.980000e+00
     vertex  5.749787e+01  1.292283e+02  5.980000e+00
     vertex  5.745451e+01  1.292111e+02  5.980000e+00
   endloop
 endfacet
 facet normal -3.683796e-01  9.296754e-01  0.000000e+00
   outer loop
     vertex  5.749787e+01  1.292283e+02  7.980000e+00
     vertex  5.745451e+01  1.292111e+02  5.980000e+00
     vertex  5.745451e+01  1.292111e+02  7.980000e+00
   endloop
 endfacet
 facet normal -3.937458e-01  9.192194e-01  0.000000e+00
   outer loop
     vertex  5.754074e+01  1.292467e+02  7.980000e+00
     vertex  5.749787e+01  1.292283e+02  5.980000e+00
     vertex  5.749787e+01  1.292283e+02  7.980000e+00
   endloop
 endfacet
 facet normal -3.937458e-01  9.192194e-01  0.000000e+00
   outer loop
     vertex  5.754074e+01  1.292467e+02  7.980000e+00
     vertex  5.754074e+01  1.292467e+02  5.980000e+00
     vertex  5.749787e+01  1.292283e+02  5.980000e+00
   endloop
 endfacet
 facet normal -4.188155e-01  9.080714e-01  0.000000e+00
   outer loop
     vertex  5.758310e+01  1.292662e+02  7.980000e+00
     vertex  5.754074e+01  1.292467e+02  5.980000e+00
     vertex  5.754074e+01  1.292467e+02  7.980000e+00
   endloop
 endfacet
 facet normal -4.188155e-01  9.080714e-01  0.000000e+00
   outer loop
     vertex  5.758310e+01  1.292662e+02  7.980000e+00
     vertex  5.758310e+01  1.292662e+02  5.980000e+00
     vertex  5.754074e+01  1.292467e+02  5.980000e+00
   endloop
 endfacet
 facet normal -4.435699e-01  8.962398e-01  0.000000e+00
   outer loop
     vertex  5.762490e+01  1.292869e+02  7.980000e+00
     vertex  5.758310e+01  1.292662e+02  5.980000e+00
     vertex  5.758310e+01  1.292662e+02  7.980000e+00
   endloop
 endfacet
 facet normal -4.435699e-01  8.962398e-01  0.000000e+00
   outer loop
     vertex  5.762490e+01  1.292869e+02  7.980000e+00
     vertex  5.762490e+01  1.292869e+02  5.980000e+00
     vertex  5.758310e+01  1.292662e+02  5.980000e+00
   endloop
 endfacet
 facet normal -4.679904e-01  8.837335e-01  0.000000e+00
   outer loop
     vertex  5.766612e+01  1.293087e+02  7.980000e+00
     vertex  5.762490e+01  1.292869e+02  5.980000e+00
     vertex  5.762490e+01  1.292869e+02  7.980000e+00
   endloop
 endfacet
 facet normal -4.679904e-01  8.837335e-01  0.000000e+00
   outer loop
     vertex  5.766612e+01  1.293087e+02  7.980000e+00
     vertex  5.766612e+01  1.293087e+02  5.980000e+00
     vertex  5.762490e+01  1.292869e+02  5.980000e+00
   endloop
 endfacet
 facet normal -4.920587e-01  8.705620e-01  0.000000e+00
   outer loop
     vertex  5.770672e+01  1.293317e+02  7.980000e+00
     vertex  5.770672e+01  1.293317e+02  5.980000e+00
     vertex  5.766612e+01  1.293087e+02  5.980000e+00
   endloop
 endfacet
 facet normal -4.920587e-01  8.705620e-01  0.000000e+00
   outer loop
     vertex  5.770672e+01  1.293317e+02  7.980000e+00
     vertex  5.766612e+01  1.293087e+02  5.980000e+00
     vertex  5.766612e+01  1.293087e+02  7.980000e+00
   endloop
 endfacet
 facet normal -5.157565e-01  8.567352e-01  0.000000e+00
   outer loop
     vertex  5.774668e+01  1.293557e+02  7.980000e+00
     vertex  5.774668e+01  1.293557e+02  5.980000e+00
     vertex  5.770672e+01  1.293317e+02  5.980000e+00
   endloop
 endfacet
 facet normal -5.157565e-01  8.567352e-01  0.000000e+00
   outer loop
     vertex  5.774668e+01  1.293557e+02  7.980000e+00
     vertex  5.770672e+01  1.293317e+02  5.980000e+00
     vertex  5.770672e+01  1.293317e+02  7.980000e+00
   endloop
 endfacet
 facet normal -5.390661e-01  8.422635e-01  0.000000e+00
   outer loop
     vertex  5.778597e+01  1.293809e+02  7.980000e+00
     vertex  5.778597e+01  1.293809e+02  5.980000e+00
     vertex  5.774668e+01  1.293557e+02  5.980000e+00
   endloop
 endfacet
 facet normal -5.390661e-01  8.422635e-01  0.000000e+00
   outer loop
     vertex  5.778597e+01  1.293809e+02  7.980000e+00
     vertex  5.774668e+01  1.293557e+02  5.980000e+00
     vertex  5.774668e+01  1.293557e+02  7.980000e+00
   endloop
 endfacet
 facet normal -5.619699e-01  8.271577e-01  0.000000e+00
   outer loop
     vertex  5.782455e+01  1.294071e+02  7.980000e+00
     vertex  5.782455e+01  1.294071e+02  5.980000e+00
     vertex  5.778597e+01  1.293809e+02  5.980000e+00
   endloop
 endfacet
 facet normal -5.844507e-01  8.114292e-01  0.000000e+00
   outer loop
     vertex  5.782455e+01  1.294071e+02  7.980000e+00
     vertex  5.786240e+01  1.294343e+02  5.980000e+00
     vertex  5.782455e+01  1.294071e+02  5.980000e+00
   endloop
 endfacet
 facet normal -5.619699e-01  8.271577e-01  0.000000e+00
   outer loop
     vertex  5.782455e+01  1.294071e+02  7.980000e+00
     vertex  5.778597e+01  1.293809e+02  5.980000e+00
     vertex  5.778597e+01  1.293809e+02  7.980000e+00
   endloop
 endfacet
 facet normal -5.844507e-01  8.114292e-01  0.000000e+00
   outer loop
     vertex  5.786240e+01  1.294343e+02  7.980000e+00
     vertex  5.786240e+01  1.294343e+02  5.980000e+00
     vertex  5.782455e+01  1.294071e+02  7.980000e+00
   endloop
 endfacet
 facet normal -6.064915e-01  7.950900e-01  0.000000e+00
   outer loop
     vertex  5.789948e+01  1.294626e+02  7.980000e+00
     vertex  5.789948e+01  1.294626e+02  5.980000e+00
     vertex  5.786240e+01  1.294343e+02  5.980000e+00
   endloop
 endfacet
 facet normal -6.280757e-01  7.781522e-01  0.000000e+00
   outer loop
     vertex  5.789948e+01  1.294626e+02  7.980000e+00
     vertex  5.793578e+01  1.294919e+02  5.980000e+00
     vertex  5.789948e+01  1.294626e+02  5.980000e+00
   endloop
 endfacet
 facet normal -6.064915e-01  7.950900e-01  0.000000e+00
   outer loop
     vertex  5.789948e+01  1.294626e+02  7.980000e+00
     vertex  5.786240e+01  1.294343e+02  5.980000e+00
     vertex  5.786240e+01  1.294343e+02  7.980000e+00
   endloop
 endfacet
 facet normal -6.280757e-01  7.781522e-01  0.000000e+00
   outer loop
     vertex  5.793578e+01  1.294919e+02  7.980000e+00
     vertex  5.793578e+01  1.294919e+02  5.980000e+00
     vertex  5.789948e+01  1.294626e+02  7.980000e+00
   endloop
 endfacet
 facet normal -6.491872e-01  7.606287e-01  0.000000e+00
   outer loop
     vertex  5.797125e+01  1.295222e+02  7.980000e+00
     vertex  5.797125e+01  1.295222e+02  5.980000e+00
     vertex  5.793578e+01  1.294919e+02  5.980000e+00
   endloop
 endfacet
 facet normal -6.491872e-01  7.606287e-01  0.000000e+00
   outer loop
     vertex  5.797125e+01  1.295222e+02  7.980000e+00
     vertex  5.793578e+01  1.294919e+02  5.980000e+00
     vertex  5.793578e+01  1.294919e+02  7.980000e+00
   endloop
 endfacet
 facet normal -6.698100e-01  7.425325e-01  0.000000e+00
   outer loop
     vertex  5.800589e+01  1.295534e+02  7.980000e+00
     vertex  5.800589e+01  1.295534e+02  5.980000e+00
     vertex  5.797125e+01  1.295222e+02  5.980000e+00
   endloop
 endfacet
 facet normal -6.899286e-01  7.238775e-01  0.000000e+00
   outer loop
     vertex  5.800589e+01  1.295534e+02  7.980000e+00
     vertex  5.803965e+01  1.295856e+02  5.980000e+00
     vertex  5.800589e+01  1.295534e+02  5.980000e+00
   endloop
 endfacet
 facet normal -6.698100e-01  7.425325e-01  0.000000e+00
   outer loop
     vertex  5.800589e+01  1.295534e+02  7.980000e+00
     vertex  5.797125e+01  1.295222e+02  5.980000e+00
     vertex  5.797125e+01  1.295222e+02  7.980000e+00
   endloop
 endfacet
 facet normal -6.899286e-01  7.238775e-01  0.000000e+00
   outer loop
     vertex  5.803965e+01  1.295856e+02  7.980000e+00
     vertex  5.803965e+01  1.295856e+02  5.980000e+00
     vertex  5.800589e+01  1.295534e+02  7.980000e+00
   endloop
 endfacet
 facet normal -7.095278e-01  7.046775e-01  0.000000e+00
   outer loop
     vertex  5.807252e+01  1.296187e+02  7.980000e+00
     vertex  5.807252e+01  1.296187e+02  5.980000e+00
     vertex  5.803965e+01  1.295856e+02  5.980000e+00
   endloop
 endfacet
 facet normal -7.095278e-01  7.046775e-01  0.000000e+00
   outer loop
     vertex  5.807252e+01  1.296187e+02  7.980000e+00
     vertex  5.803965e+01  1.295856e+02  5.980000e+00
     vertex  5.803965e+01  1.295856e+02  7.980000e+00
   endloop
 endfacet
 facet normal -7.285929e-01  6.849470e-01  0.000000e+00
   outer loop
     vertex  5.810447e+01  1.296527e+02  7.980000e+00
     vertex  5.810447e+01  1.296527e+02  5.980000e+00
     vertex  5.807252e+01  1.296187e+02  5.980000e+00
   endloop
 endfacet
 facet normal -7.471095e-01  6.647010e-01  0.000000e+00
   outer loop
     vertex  5.810447e+01  1.296527e+02  7.980000e+00
     vertex  5.813547e+01  1.296875e+02  5.980000e+00
     vertex  5.810447e+01  1.296527e+02  5.980000e+00
   endloop
 endfacet
 facet normal -7.285929e-01  6.849470e-01  0.000000e+00
   outer loop
     vertex  5.810447e+01  1.296527e+02  7.980000e+00
     vertex  5.807252e+01  1.296187e+02  5.980000e+00
     vertex  5.807252e+01  1.296187e+02  7.980000e+00
   endloop
 endfacet
 facet normal -7.471095e-01  6.647010e-01  0.000000e+00
   outer loop
     vertex  5.813547e+01  1.296875e+02  7.980000e+00
     vertex  5.813547e+01  1.296875e+02  5.980000e+00
     vertex  5.810447e+01  1.296527e+02  7.980000e+00
   endloop
 endfacet
 facet normal -7.650637e-01  6.439545e-01  0.000000e+00
   outer loop
     vertex  5.816550e+01  1.297232e+02  7.980000e+00
     vertex  5.816550e+01  1.297232e+02  5.980000e+00
     vertex  5.813547e+01  1.296875e+02  5.980000e+00
   endloop
 endfacet
 facet normal -7.650637e-01  6.439545e-01  0.000000e+00
   outer loop
     vertex  5.816550e+01  1.297232e+02  7.980000e+00
     vertex  5.813547e+01  1.296875e+02  5.980000e+00
     vertex  5.813547e+01  1.296875e+02  7.980000e+00
   endloop
 endfacet
 facet normal -7.824421e-01  6.227234e-01  0.000000e+00
   outer loop
     vertex  5.819455e+01  1.297597e+02  7.980000e+00
     vertex  5.819455e+01  1.297597e+02  5.980000e+00
     vertex  5.816550e+01  1.297232e+02  5.980000e+00
   endloop
 endfacet
 facet normal -7.824421e-01  6.227234e-01  0.000000e+00
   outer loop
     vertex  5.819455e+01  1.297597e+02  7.980000e+00
     vertex  5.816550e+01  1.297232e+02  5.980000e+00
     vertex  5.816550e+01  1.297232e+02  7.980000e+00
   endloop
 endfacet
 facet normal -7.992314e-01  6.010234e-01  0.000000e+00
   outer loop
     vertex  5.822258e+01  1.297970e+02  7.980000e+00
     vertex  5.822258e+01  1.297970e+02  5.980000e+00
     vertex  5.819455e+01  1.297597e+02  5.980000e+00
   endloop
 endfacet
 facet normal -7.992314e-01  6.010234e-01  0.000000e+00
   outer loop
     vertex  5.822258e+01  1.297970e+02  7.980000e+00
     vertex  5.819455e+01  1.297597e+02  5.980000e+00
     vertex  5.819455e+01  1.297597e+02  7.980000e+00
   endloop
 endfacet
 facet normal -8.154191e-01  5.788711e-01  0.000000e+00
   outer loop
     vertex  5.824958e+01  1.298350e+02  7.980000e+00
     vertex  5.824958e+01  1.298350e+02  5.980000e+00
     vertex  5.822258e+01  1.297970e+02  5.980000e+00
   endloop
 endfacet
 facet normal -8.154191e-01  5.788711e-01  0.000000e+00
   outer loop
     vertex  5.824958e+01  1.298350e+02  7.980000e+00
     vertex  5.822258e+01  1.297970e+02  5.980000e+00
     vertex  5.822258e+01  1.297970e+02  7.980000e+00
   endloop
 endfacet
 facet normal -8.309929e-01  5.562829e-01  0.000000e+00
   outer loop
     vertex  5.827553e+01  1.298738e+02  7.980000e+00
     vertex  5.827553e+01  1.298738e+02  5.980000e+00
     vertex  5.824958e+01  1.298350e+02  5.980000e+00
   endloop
 endfacet
 facet normal -8.309929e-01  5.562829e-01  0.000000e+00
   outer loop
     vertex  5.827553e+01  1.298738e+02  7.980000e+00
     vertex  5.824958e+01  1.298350e+02  5.980000e+00
     vertex  5.824958e+01  1.298350e+02  7.980000e+00
   endloop
 endfacet
 facet normal -8.459413e-01  5.332761e-01  0.000000e+00
   outer loop
     vertex  5.830040e+01  1.299132e+02  7.980000e+00
     vertex  5.830040e+01  1.299132e+02  5.980000e+00
     vertex  5.827553e+01  1.298738e+02  5.980000e+00
   endloop
 endfacet
 facet normal -8.459413e-01  5.332761e-01  0.000000e+00
   outer loop
     vertex  5.830040e+01  1.299132e+02  7.980000e+00
     vertex  5.827553e+01  1.298738e+02  5.980000e+00
     vertex  5.827553e+01  1.298738e+02  7.980000e+00
   endloop
 endfacet
 facet normal -8.602528e-01  5.098678e-01  0.000000e+00
   outer loop
     vertex  5.832418e+01  1.299534e+02  7.980000e+00
     vertex  5.832418e+01  1.299534e+02  5.980000e+00
     vertex  5.830040e+01  1.299132e+02  5.980000e+00
   endloop
 endfacet
 facet normal -8.602528e-01  5.098678e-01  0.000000e+00
   outer loop
     vertex  5.832418e+01  1.299534e+02  7.980000e+00
     vertex  5.830040e+01  1.299132e+02  5.980000e+00
     vertex  5.830040e+01  1.299132e+02  7.980000e+00
   endloop
 endfacet
 facet normal -8.739167e-01  4.860756e-01  0.000000e+00
   outer loop
     vertex  5.834685e+01  1.299941e+02  7.980000e+00
     vertex  5.834685e+01  1.299941e+02  5.980000e+00
     vertex  5.832418e+01  1.299534e+02  5.980000e+00
   endloop
 endfacet
 facet normal -8.869228e-01  4.619176e-01  0.000000e+00
   outer loop
     vertex  5.834685e+01  1.299941e+02  7.980000e+00
     vertex  5.836840e+01  1.300355e+02  5.980000e+00
     vertex  5.834685e+01  1.299941e+02  5.980000e+00
   endloop
 endfacet
 facet normal -8.739167e-01  4.860756e-01  0.000000e+00
   outer loop
     vertex  5.834685e+01  1.299941e+02  7.980000e+00
     vertex  5.832418e+01  1.299534e+02  5.980000e+00
     vertex  5.832418e+01  1.299534e+02  7.980000e+00
   endloop
 endfacet
 facet normal -8.992613e-01  4.374119e-01  0.000000e+00
   outer loop
     vertex  5.836840e+01  1.300355e+02  7.980000e+00
     vertex  5.838880e+01  1.300774e+02  5.980000e+00
     vertex  5.836840e+01  1.300355e+02  5.980000e+00
   endloop
 endfacet
 facet normal -8.869228e-01  4.619176e-01  0.000000e+00
   outer loop
     vertex  5.836840e+01  1.300355e+02  7.980000e+00
     vertex  5.836840e+01  1.300355e+02  5.980000e+00
     vertex  5.834685e+01  1.299941e+02  7.980000e+00
   endloop
 endfacet
 facet normal -8.992613e-01  4.374119e-01  0.000000e+00
   outer loop
     vertex  5.838880e+01  1.300774e+02  7.980000e+00
     vertex  5.838880e+01  1.300774e+02  5.980000e+00
     vertex  5.836840e+01  1.300355e+02  7.980000e+00
   endloop
 endfacet
 facet normal -9.109228e-01  4.125769e-01  0.000000e+00
   outer loop
     vertex  5.840804e+01  1.301199e+02  7.980000e+00
     vertex  5.838880e+01  1.300774e+02  5.980000e+00
     vertex  5.838880e+01  1.300774e+02  7.980000e+00
   endloop
 endfacet
 facet normal -9.109228e-01  4.125769e-01  0.000000e+00
   outer loop
     vertex  5.840804e+01  1.301199e+02  7.980000e+00
     vertex  5.840804e+01  1.301199e+02  5.980000e+00
     vertex  5.838880e+01  1.300774e+02  5.980000e+00
   endloop
 endfacet
 facet normal -9.218986e-01  3.874313e-01  0.000000e+00
   outer loop
     vertex  5.842612e+01  1.301629e+02  7.980000e+00
     vertex  5.840804e+01  1.301199e+02  5.980000e+00
     vertex  5.840804e+01  1.301199e+02  7.980000e+00
   endloop
 endfacet
 facet normal -9.218986e-01  3.874313e-01  0.000000e+00
   outer loop
     vertex  5.842612e+01  1.301629e+02  7.980000e+00
     vertex  5.842612e+01  1.301629e+02  5.980000e+00
     vertex  5.840804e+01  1.301199e+02  5.980000e+00
   endloop
 endfacet
 facet normal -9.321804e-01  3.619940e-01  0.000000e+00
   outer loop
     vertex  5.844300e+01  1.302064e+02  7.980000e+00
     vertex  5.842612e+01  1.301629e+02  5.980000e+00
     vertex  5.842612e+01  1.301629e+02  7.980000e+00
   endloop
 endfacet
 facet normal -9.321804e-01  3.619940e-01  0.000000e+00
   outer loop
     vertex  5.844300e+01  1.302064e+02  7.980000e+00
     vertex  5.844300e+01  1.302064e+02  5.980000e+00
     vertex  5.842612e+01  1.301629e+02  5.980000e+00
   endloop
 endfacet
 facet normal -9.417605e-01  3.362843e-01  0.000000e+00
   outer loop
     vertex  5.845868e+01  1.302503e+02  7.980000e+00
     vertex  5.844300e+01  1.302064e+02  5.980000e+00
     vertex  5.844300e+01  1.302064e+02  7.980000e+00
   endloop
 endfacet
 facet normal -9.417605e-01  3.362843e-01  0.000000e+00
   outer loop
     vertex  5.845868e+01  1.302503e+02  7.980000e+00
     vertex  5.845868e+01  1.302503e+02  5.980000e+00
     vertex  5.844300e+01  1.302064e+02  5.980000e+00
   endloop
 endfacet
 facet normal -9.506317e-01  3.103214e-01  0.000000e+00
   outer loop
     vertex  5.847316e+01  1.302947e+02  7.980000e+00
     vertex  5.845868e+01  1.302503e+02  5.980000e+00
     vertex  5.845868e+01  1.302503e+02  7.980000e+00
   endloop
 endfacet
 facet normal -9.506317e-01  3.103214e-01  0.000000e+00
   outer loop
     vertex  5.847316e+01  1.302947e+02  7.980000e+00
     vertex  5.847316e+01  1.302947e+02  5.980000e+00
     vertex  5.845868e+01  1.302503e+02  5.980000e+00
   endloop
 endfacet
 facet normal -9.587873e-01  2.841250e-01  0.000000e+00
   outer loop
     vertex  5.848641e+01  1.303394e+02  7.980000e+00
     vertex  5.847316e+01  1.302947e+02  5.980000e+00
     vertex  5.847316e+01  1.302947e+02  7.980000e+00
   endloop
 endfacet
 facet normal -9.587873e-01  2.841250e-01  0.000000e+00
   outer loop
     vertex  5.848641e+01  1.303394e+02  7.980000e+00
     vertex  5.848641e+01  1.303394e+02  5.980000e+00
     vertex  5.847316e+01  1.302947e+02  5.980000e+00
   endloop
 endfacet
 facet normal -9.662211e-01  2.577146e-01  0.000000e+00
   outer loop
     vertex  5.849843e+01  1.303845e+02  7.980000e+00
     vertex  5.848641e+01  1.303394e+02  5.980000e+00
     vertex  5.848641e+01  1.303394e+02  7.980000e+00
   endloop
 endfacet
 facet normal -9.662211e-01  2.577146e-01  0.000000e+00
   outer loop
     vertex  5.849843e+01  1.303845e+02  7.980000e+00
     vertex  5.849843e+01  1.303845e+02  5.980000e+00
     vertex  5.848641e+01  1.303394e+02  5.980000e+00
   endloop
 endfacet
 facet normal -9.729276e-01  2.311102e-01  0.000000e+00
   outer loop
     vertex  5.850921e+01  1.304298e+02  7.980000e+00
     vertex  5.849843e+01  1.303845e+02  5.980000e+00
     vertex  5.849843e+01  1.303845e+02  7.980000e+00
   endloop
 endfacet
 facet normal -9.729276e-01  2.311102e-01  0.000000e+00
   outer loop
     vertex  5.850921e+01  1.304298e+02  7.980000e+00
     vertex  5.850921e+01  1.304298e+02  5.980000e+00
     vertex  5.849843e+01  1.303845e+02  5.980000e+00
   endloop
 endfacet
 facet normal -9.789017e-01  2.043319e-01  0.000000e+00
   outer loop
     vertex  5.851874e+01  1.304755e+02  7.980000e+00
     vertex  5.850921e+01  1.304298e+02  5.980000e+00
     vertex  5.850921e+01  1.304298e+02  7.980000e+00
   endloop
 endfacet
 facet normal -9.789017e-01  2.043319e-01  0.000000e+00
   outer loop
     vertex  5.851874e+01  1.304755e+02  7.980000e+00
     vertex  5.851874e+01  1.304755e+02  5.980000e+00
     vertex  5.850921e+01  1.304298e+02  5.980000e+00
   endloop
 endfacet
 facet normal -9.841389e-01  1.773998e-01  0.000000e+00
   outer loop
     vertex  5.852702e+01  1.305214e+02  7.980000e+00
     vertex  5.851874e+01  1.304755e+02  5.980000e+00
     vertex  5.851874e+01  1.304755e+02  7.980000e+00
   endloop
 endfacet
 facet normal -9.841389e-01  1.773998e-01  0.000000e+00
   outer loop
     vertex  5.852702e+01  1.305214e+02  7.980000e+00
     vertex  5.852702e+01  1.305214e+02  5.980000e+00
     vertex  5.851874e+01  1.304755e+02  5.980000e+00
   endloop
 endfacet
 facet normal -9.886353e-01  1.503341e-01  0.000000e+00
   outer loop
     vertex  5.853403e+01  1.305675e+02  7.980000e+00
     vertex  5.852702e+01  1.305214e+02  5.980000e+00
     vertex  5.852702e+01  1.305214e+02  7.980000e+00
   endloop
 endfacet
 facet normal -9.886353e-01  1.503341e-01  0.000000e+00
   outer loop
     vertex  5.853403e+01  1.305675e+02  7.980000e+00
     vertex  5.853403e+01  1.305675e+02  5.980000e+00
     vertex  5.852702e+01  1.305214e+02  5.980000e+00
   endloop
 endfacet
 facet normal -9.923874e-01  1.231552e-01  0.000000e+00
   outer loop
     vertex  5.853403e+01  1.305675e+02  7.980000e+00
     vertex  5.853977e+01  1.306138e+02  5.980000e+00
     vertex  5.853403e+01  1.305675e+02  5.980000e+00
   endloop
 endfacet
 facet normal -9.923874e-01  1.231552e-01  0.000000e+00
   outer loop
     vertex  5.853977e+01  1.306138e+02  7.980000e+00
     vertex  5.853977e+01  1.306138e+02  5.980000e+00
     vertex  5.853403e+01  1.305675e+02  7.980000e+00
   endloop
 endfacet
 facet normal -9.953925e-01  9.588368e-02  0.000000e+00
   outer loop
     vertex  5.854424e+01  1.306602e+02  7.980000e+00
     vertex  5.854424e+01  1.306602e+02  5.980000e+00
     vertex  5.853977e+01  1.306138e+02  5.980000e+00
   endloop
 endfacet
 facet normal -9.953925e-01  9.588368e-02  0.000000e+00
   outer loop
     vertex  5.854424e+01  1.306602e+02  7.980000e+00
     vertex  5.853977e+01  1.306138e+02  5.980000e+00
     vertex  5.853977e+01  1.306138e+02  7.980000e+00
   endloop
 endfacet
 facet normal -9.976484e-01  6.853995e-02  0.000000e+00
   outer loop
     vertex  5.854744e+01  1.307068e+02  7.980000e+00
     vertex  5.854744e+01  1.307068e+02  5.980000e+00
     vertex  5.854424e+01  1.306602e+02  5.980000e+00
   endloop
 endfacet
 facet normal -9.976484e-01  6.853995e-02  0.000000e+00
   outer loop
     vertex  5.854744e+01  1.307068e+02  7.980000e+00
     vertex  5.854424e+01  1.306602e+02  5.980000e+00
     vertex  5.854424e+01  1.306602e+02  7.980000e+00
   endloop
 endfacet
 facet normal -9.991532e-01  4.114462e-02  0.000000e+00
   outer loop
     vertex  5.854936e+01  1.307534e+02  7.980000e+00
     vertex  5.854936e+01  1.307534e+02  5.980000e+00
     vertex  5.854744e+01  1.307068e+02  5.980000e+00
   endloop
 endfacet
 facet normal -9.991532e-01  4.114462e-02  0.000000e+00
   outer loop
     vertex  5.854936e+01  1.307534e+02  7.980000e+00
     vertex  5.854744e+01  1.307068e+02  5.980000e+00
     vertex  5.854744e+01  1.307068e+02  7.980000e+00
   endloop
 endfacet
 facet normal -9.999059e-01  1.371831e-02  0.000000e+00
   outer loop
     vertex  5.855000e+01  1.308000e+02  7.980000e+00
     vertex  5.855000e+01  1.308000e+02  5.980000e+00
     vertex  5.854936e+01  1.307534e+02  5.980000e+00
   endloop
 endfacet
 facet normal -9.999059e-01  1.371831e-02  0.000000e+00
   outer loop
     vertex  5.855000e+01  1.308000e+02  7.980000e+00
     vertex  5.854936e+01  1.307534e+02  5.980000e+00
     vertex  5.854936e+01  1.307534e+02  7.980000e+00
   endloop
 endfacet
 facet normal  0.000000e+00 -1.000000e+00 -0.000000e+00
   outer loop
     vertex  1.489500e+02  4.000000e+00  7.980000e+00
     vertex  1.349500e+02  4.000000e+00  5.980000e+00
     vertex  1.489500e+02  4.000000e+00  5.980000e+00
   endloop
 endfacet
 facet normal -0.000000e+00 -1.000000e+00  0.000000e+00
   outer loop
     vertex  1.489500e+02  4.000000e+00  7.980000e+00
     vertex  1.349500e+02  4.000000e+00  7.980000e+00
     vertex  1.349500e+02  4.000000e+00  5.980000e+00
   endloop
 endfacet
 facet normal -9.999059e-01 -1.371831e-02  0.000000e+00
   outer loop
     vertex  1.436494e+02  9.046638e+00  7.980000e+00
     vertex  1.436500e+02  9.000000e+00  5.980000e+00
     vertex  1.436500e+02  9.000000e+00  7.980000e+00
   endloop
 endfacet
 facet normal -9.999059e-01 -1.371831e-02 -0.000000e+00
   outer loop
     vertex  1.436494e+02  9.046638e+00  7.980000e+00
     vertex  1.436494e+02  9.046638e+00  5.980000e+00
     vertex  1.436500e+02  9.000000e+00  5.980000e+00
   endloop
 endfacet
 facet normal -9.991532e-01 -4.114462e-02 -0.000000e+00
   outer loop
     vertex  1.436474e+02  9.093241e+00  7.980000e+00
     vertex  1.436474e+02  9.093241e+00  5.980000e+00
     vertex  1.436494e+02  9.046638e+00  5.980000e+00
   endloop
 endfacet
 facet normal -9.991532e-01 -4.114462e-02  0.000000e+00
   outer loop
     vertex  1.436474e+02  9.093241e+00  7.980000e+00
     vertex  1.436494e+02  9.046638e+00  5.980000e+00
     vertex  1.436494e+02  9.046638e+00  7.980000e+00
   endloop
 endfacet
 facet normal -9.976484e-01 -6.853995e-02 -0.000000e+00
   outer loop
     vertex  1.436442e+02  9.139773e+00  7.980000e+00
     vertex  1.436442e+02  9.139773e+00  5.980000e+00
     vertex  1.436474e+02  9.093241e+00  5.980000e+00
   endloop
 endfacet
 facet normal -9.976484e-01 -6.853995e-02  0.000000e+00
   outer loop
     vertex  1.436442e+02  9.139773e+00  7.980000e+00
     vertex  1.436474e+02  9.093241e+00  5.980000e+00
     vertex  1.436474e+02  9.093241e+00  7.980000e+00
   endloop
 endfacet
 facet normal -9.953925e-01 -9.588368e-02 -0.000000e+00
   outer loop
     vertex  1.436398e+02  9.186201e+00  7.980000e+00
     vertex  1.436398e+02  9.186201e+00  5.980000e+00
     vertex  1.436442e+02  9.139773e+00  5.980000e+00
   endloop
 endfacet
 facet normal -9.953925e-01 -9.588368e-02  0.000000e+00
   outer loop
     vertex  1.436398e+02  9.186201e+00  7.980000e+00
     vertex  1.436442e+02  9.139773e+00  5.980000e+00
     vertex  1.436442e+02  9.139773e+00  7.980000e+00
   endloop
 endfacet
 facet normal -9.923874e-01 -1.231552e-01 -0.000000e+00
   outer loop
     vertex  1.436340e+02  9.232488e+00  7.980000e+00
     vertex  1.436340e+02  9.232488e+00  5.980000e+00
     vertex  1.436398e+02  9.186201e+00  5.980000e+00
   endloop
 endfacet
 facet normal -9.923874e-01 -1.231552e-01  0.000000e+00
   outer loop
     vertex  1.436340e+02  9.232488e+00  7.980000e+00
     vertex  1.436398e+02  9.186201e+00  5.980000e+00
     vertex  1.436398e+02  9.186201e+00  7.980000e+00
   endloop
 endfacet
 facet normal -9.886353e-01 -1.503341e-01 -0.000000e+00
   outer loop
     vertex  1.436270e+02  9.278600e+00  7.980000e+00
     vertex  1.436270e+02  9.278600e+00  5.980000e+00
     vertex  1.436340e+02  9.232488e+00  5.980000e+00
   endloop
 endfacet
 facet normal -9.886353e-01 -1.503341e-01  0.000000e+00
   outer loop
     vertex  1.436270e+02  9.278600e+00  7.980000e+00
     vertex  1.436340e+02  9.232488e+00  5.980000e+00
     vertex  1.436340e+02  9.232488e+00  7.980000e+00
   endloop
 endfacet
 facet normal -9.841389e-01 -1.773998e-01 -0.000000e+00
   outer loop
     vertex  1.436187e+02  9.324502e+00  7.980000e+00
     vertex  1.436187e+02  9.324502e+00  5.980000e+00
     vertex  1.436270e+02  9.278600e+00  5.980000e+00
   endloop
 endfacet
 facet normal -9.841389e-01 -1.773998e-01  0.000000e+00
   outer loop
     vertex  1.436187e+02  9.324502e+00  7.980000e+00
     vertex  1.436270e+02  9.278600e+00  5.980000e+00
     vertex  1.436270e+02  9.278600e+00  7.980000e+00
   endloop
 endfacet
 facet normal -9.789017e-01 -2.043319e-01 -0.000000e+00
   outer loop
     vertex  1.436092e+02  9.370161e+00  7.980000e+00
     vertex  1.436092e+02  9.370161e+00  5.980000e+00
     vertex  1.436187e+02  9.324502e+00  5.980000e+00
   endloop
 endfacet
 facet normal -9.789017e-01 -2.043319e-01  0.000000e+00
   outer loop
     vertex  1.436092e+02  9.370161e+00  7.980000e+00
     vertex  1.436187e+02  9.324502e+00  5.980000e+00
     vertex  1.436187e+02  9.324502e+00  7.980000e+00
   endloop
 endfacet
 facet normal -9.729276e-01 -2.311102e-01 -0.000000e+00
   outer loop
     vertex  1.435984e+02  9.415540e+00  7.980000e+00
     vertex  1.435984e+02  9.415540e+00  5.980000e+00
     vertex  1.436092e+02  9.370161e+00  5.980000e+00
   endloop
 endfacet
 facet normal -9.729276e-01 -2.311102e-01  0.000000e+00
   outer loop
     vertex  1.435984e+02  9.415540e+00  7.980000e+00
     vertex  1.436092e+02  9.370161e+00  5.980000e+00
     vertex  1.436092e+02  9.370161e+00  7.980000e+00
   endloop
 endfacet
 facet normal -9.662211e-01 -2.577146e-01  0.000000e+00
   outer loop
     vertex  1.435864e+02  9.460607e+00  7.980000e+00
     vertex  1.435984e+02  9.415540e+00  5.980000e+00
     vertex  1.435984e+02  9.415540e+00  7.980000e+00
   endloop
 endfacet
 facet normal -9.662211e-01 -2.577146e-01 -0.000000e+00
   outer loop
     vertex  1.435864e+02  9.460607e+00  7.980000e+00
     vertex  1.435864e+02  9.460607e+00  5.980000e+00
     vertex  1.435984e+02  9.415540e+00  5.980000e+00
   endloop
 endfacet
 facet normal -9.587873e-01 -2.841250e-01  0.000000e+00
   outer loop
     vertex  1.435732e+02  9.505327e+00  7.980000e+00
     vertex  1.435864e+02  9.460607e+00  5.980000e+00
     vertex  1.435864e+02  9.460607e+00  7.980000e+00
   endloop
 endfacet
 facet normal -9.587873e-01 -2.841250e-01 -0.000000e+00
   outer loop
     vertex  1.435732e+02  9.505327e+00  7.980000e+00
     vertex  1.435732e+02  9.505327e+00  5.980000e+00
     vertex  1.435864e+02  9.460607e+00  5.980000e+00
   endloop
 endfacet
 facet normal -9.506317e-01 -3.103214e-01  0.000000e+00
   outer loop
     vertex  1.435587e+02  9.549667e+00  7.980000e+00
     vertex  1.435732e+02  9.505327e+00  5.980000e+00
     vertex  1.435732e+02  9.505327e+00  7.980000e+00
   endloop
 endfacet
 facet normal -9.506317e-01 -3.103214e-01 -0.000000e+00
   outer loop
     vertex  1.435587e+02  9.549667e+00  7.980000e+00
     vertex  1.435587e+02  9.549667e+00  5.980000e+00
     vertex  1.435732e+02  9.505327e+00  5.980000e+00
   endloop
 endfacet
 facet normal -9.417605e-01 -3.362843e-01  0.000000e+00
   outer loop
     vertex  1.435430e+02  9.593592e+00  7.980000e+00
     vertex  1.435587e+02  9.549667e+00  5.980000e+00
     vertex  1.435587e+02  9.549667e+00  7.980000e+00
   endloop
 endfacet
 facet normal -9.417605e-01 -3.362843e-01 -0.000000e+00
   outer loop
     vertex  1.435430e+02  9.593592e+00  7.980000e+00
     vertex  1.435430e+02  9.593592e+00  5.980000e+00
     vertex  1.435587e+02  9.549667e+00  5.980000e+00
   endloop
 endfacet
 facet normal -9.321804e-01 -3.619940e-01  0.000000e+00
   outer loop
     vertex  1.435261e+02  9.637071e+00  7.980000e+00
     vertex  1.435430e+02  9.593592e+00  5.980000e+00
     vertex  1.435430e+02  9.593592e+00  7.980000e+00
   endloop
 endfacet
 facet normal -9.321804e-01 -3.619940e-01 -0.000000e+00
   outer loop
     vertex  1.435261e+02  9.637071e+00  7.980000e+00
     vertex  1.435261e+02  9.637071e+00  5.980000e+00
     vertex  1.435430e+02  9.593592e+00  5.980000e+00
   endloop
 endfacet
 facet normal -9.218986e-01 -3.874313e-01  0.000000e+00
   outer loop
     vertex  1.435080e+02  9.680071e+00  7.980000e+00
     vertex  1.435261e+02  9.637071e+00  5.980000e+00
     vertex  1.435261e+02  9.637071e+00  7.980000e+00
   endloop
 endfacet
 facet normal -9.218986e-01 -3.874313e-01 -0.000000e+00
   outer loop
     vertex  1.435080e+02  9.680071e+00  7.980000e+00
     vertex  1.435080e+02  9.680071e+00  5.980000e+00
     vertex  1.435261e+02  9.637071e+00  5.980000e+00
   endloop
 endfacet
 facet normal -9.109228e-01 -4.125769e-01 -0.000000e+00
   outer loop
     vertex  1.435080e+02  9.680071e+00  7.980000e+00
     vertex  1.434888e+02  9.722558e+00  5.980000e+00
     vertex  1.435080e+02  9.680071e+00  5.980000e+00
   endloop
 endfacet
 facet normal -9.109228e-01 -4.125769e-01 -0.000000e+00
   outer loop
     vertex  1.434888e+02  9.722558e+00  7.980000e+00
     vertex  1.434888e+02  9.722558e+00  5.980000e+00
     vertex  1.435080e+02  9.680071e+00  7.980000e+00
   endloop
 endfacet
 facet normal -8.992613e-01 -4.374119e-01  0.000000e+00
   outer loop
     vertex  1.434684e+02  9.764502e+00  7.980000e+00
     vertex  1.434888e+02  9.722558e+00  5.980000e+00
     vertex  1.434888e+02  9.722558e+00  7.980000e+00
   endloop
 endfacet
 facet normal -8.992613e-01 -4.374119e-01 -0.000000e+00
   outer loop
     vertex  1.434684e+02  9.764502e+00  7.980000e+00
     vertex  1.434684e+02  9.764502e+00  5.980000e+00
     vertex  1.434888e+02  9.722558e+00  5.980000e+00
   endloop
 endfacet
 facet normal -8.869228e-01 -4.619176e-01  0.000000e+00
   outer loop
     vertex  1.434469e+02  9.805870e+00  7.980000e+00
     vertex  1.434684e+02  9.764502e+00  5.980000e+00
     vertex  1.434684e+02  9.764502e+00  7.980000e+00
   endloop
 endfacet
 facet normal -8.869228e-01 -4.619176e-01 -0.000000e+00
   outer loop
     vertex  1.434469e+02  9.805870e+00  7.980000e+00
     vertex  1.434469e+02  9.805870e+00  5.980000e+00
     vertex  1.434684e+02  9.764502e+00  5.980000e+00
   endloop
 endfacet
 facet normal -8.739167e-01 -4.860756e-01 -0.000000e+00
   outer loop
     vertex  1.434469e+02  9.805870e+00  7.980000e+00
     vertex  1.434242e+02  9.846632e+00  5.980000e+00
     vertex  1.434469e+02  9.805870e+00  5.980000e+00
   endloop
 endfacet
 facet normal -8.739167e-01 -4.860756e-01 -0.000000e+00
   outer loop
     vertex  1.434242e+02  9.846632e+00  7.980000e+00
     vertex  1.434242e+02  9.846632e+00  5.980000e+00
     vertex  1.434469e+02  9.805870e+00  7.980000e+00
   endloop
 endfacet
 facet normal -8.602528e-01 -5.098678e-01  0.000000e+00
   outer loop
     vertex  1.434004e+02  9.886756e+00  7.980000e+00
     vertex  1.434242e+02  9.846632e+00  5.980000e+00
     vertex  1.434242e+02  9.846632e+00  7.980000e+00
   endloop
 endfacet
 facet normal -8.602528e-01 -5.098678e-01 -0.000000e+00
   outer loop
     vertex  1.434004e+02  9.886756e+00  7.980000e+00
     vertex  1.434004e+02  9.886756e+00  5.980000e+00
     vertex  1.434242e+02  9.846632e+00  5.980000e+00
   endloop
 endfacet
 facet normal -8.459413e-01 -5.332761e-01  0.000000e+00
   outer loop
     vertex  1.433755e+02  9.926212e+00  7.980000e+00
     vertex  1.434004e+02  9.886756e+00  5.980000e+00
     vertex  1.434004e+02  9.886756e+00  7.980000e+00
   endloop
 endfacet
 facet normal -8.459413e-01 -5.332761e-01 -0.000000e+00
   outer loop
     vertex  1.433755e+02  9.926212e+00  7.980000e+00
     vertex  1.433755e+02  9.926212e+00  5.980000e+00
     vertex  1.434004e+02  9.886756e+00  5.980000e+00
   endloop
 endfacet
 facet normal -8.309929e-01 -5.562829e-01 -0.000000e+00
   outer loop
     vertex  1.433496e+02  9.964972e+00  7.980000e+00
     vertex  1.433496e+02  9.964972e+00  5.980000e+00
     vertex  1.433755e+02  9.926212e+00  5.980000e+00
   endloop
 endfacet
 facet normal -8.309929e-01 -5.562829e-01  0.000000e+00
   outer loop
     vertex  1.433496e+02  9.964972e+00  7.980000e+00
     vertex  1.433755e+02  9.926212e+00  5.980000e+00
     vertex  1.433755e+02  9.926212e+00  7.980000e+00
   endloop
 endfacet
 facet normal -8.154191e-01 -5.788711e-01 -0.000000e+00
   outer loop
     vertex  1.433226e+02  1.000300e+01  7.980000e+00
     vertex  1.433226e+02  1.000300e+01  5.980000e+00
     vertex  1.433496e+02  9.964972e+00  5.980000e+00
   endloop
 endfacet
 facet normal -8.154191e-01 -5.788711e-01  0.000000e+00
   outer loop
     vertex  1.433226e+02  1.000300e+01  7.980000e+00
     vertex  1.433496e+02  9.964972e+00  5.980000e+00
     vertex  1.433496e+02  9.964972e+00  7.980000e+00
   endloop
 endfacet
 facet normal -7.992314e-01 -6.010234e-01 -0.000000e+00
   outer loop
     vertex  1.432945e+02  1.004028e+01  7.980000e+00
     vertex  1.432945e+02  1.004028e+01  5.980000e+00
     vertex  1.433226e+02  1.000300e+01  5.980000e+00
   endloop
 endfacet
 facet normal -7.992314e-01 -6.010234e-01  0.000000e+00
   outer loop
     vertex  1.432945e+02  1.004028e+01  7.980000e+00
     vertex  1.433226e+02  1.000300e+01  5.980000e+00
     vertex  1.433226e+02  1.000300e+01  7.980000e+00
   endloop
 endfacet
 facet normal -7.824421e-01 -6.227234e-01 -0.000000e+00
   outer loop
     vertex  1.432655e+02  1.007678e+01  7.980000e+00
     vertex  1.432655e+02  1.007678e+01  5.980000e+00
     vertex  1.432945e+02  1.004028e+01  5.980000e+00
   endloop
 endfacet
 facet normal -7.824421e-01 -6.227234e-01  0.000000e+00
   outer loop
     vertex  1.432655e+02  1.007678e+01  7.980000e+00
     vertex  1.432945e+02  1.004028e+01  5.980000e+00
     vertex  1.432945e+02  1.004028e+01  7.980000e+00
   endloop
 endfacet
 facet normal -7.650637e-01 -6.439545e-01 -0.000000e+00
   outer loop
     vertex  1.432355e+02  1.011246e+01  7.980000e+00
     vertex  1.432355e+02  1.011246e+01  5.980000e+00
     vertex  1.432655e+02  1.007678e+01  5.980000e+00
   endloop
 endfacet
 facet normal -7.650637e-01 -6.439545e-01  0.000000e+00
   outer loop
     vertex  1.432355e+02  1.011246e+01  7.980000e+00
     vertex  1.432655e+02  1.007678e+01  5.980000e+00
     vertex  1.432655e+02  1.007678e+01  7.980000e+00
   endloop
 endfacet
 facet normal -7.471095e-01 -6.647010e-01 -0.000000e+00
   outer loop
     vertex  1.432045e+02  1.014731e+01  7.980000e+00
     vertex  1.432045e+02  1.014731e+01  5.980000e+00
     vertex  1.432355e+02  1.011246e+01  5.980000e+00
   endloop
 endfacet
 facet normal -7.471095e-01 -6.647010e-01  0.000000e+00
   outer loop
     vertex  1.432045e+02  1.014731e+01  7.980000e+00
     vertex  1.432355e+02  1.011246e+01  5.980000e+00
     vertex  1.432355e+02  1.011246e+01  7.980000e+00
   endloop
 endfacet
 facet normal -7.285929e-01 -6.849470e-01 -0.000000e+00
   outer loop
     vertex  1.431725e+02  1.018129e+01  7.980000e+00
     vertex  1.431725e+02  1.018129e+01  5.980000e+00
     vertex  1.432045e+02  1.014731e+01  5.980000e+00
   endloop
 endfacet
 facet normal -7.285929e-01 -6.849470e-01  0.000000e+00
   outer loop
     vertex  1.431725e+02  1.018129e+01  7.980000e+00
     vertex  1.432045e+02  1.014731e+01  5.980000e+00
     vertex  1.432045e+02  1.014731e+01  7.980000e+00
   endloop
 endfacet
 facet normal -7.095278e-01 -7.046775e-01 -0.000000e+00
   outer loop
     vertex  1.431396e+02  1.021439e+01  7.980000e+00
     vertex  1.431396e+02  1.021439e+01  5.980000e+00
     vertex  1.431725e+02  1.018129e+01  5.980000e+00
   endloop
 endfacet
 facet normal -7.095278e-01 -7.046775e-01  0.000000e+00
   outer loop
     vertex  1.431396e+02  1.021439e+01  7.980000e+00
     vertex  1.431725e+02  1.018129e+01  5.980000e+00
     vertex  1.431725e+02  1.018129e+01  7.980000e+00
   endloop
 endfacet
 facet normal -6.899286e-01 -7.238775e-01 -0.000000e+00
   outer loop
     vertex  1.431059e+02  1.024657e+01  7.980000e+00
     vertex  1.431059e+02  1.024657e+01  5.980000e+00
     vertex  1.431396e+02  1.021439e+01  5.980000e+00
   endloop
 endfacet
 facet normal -6.899286e-01 -7.238775e-01  0.000000e+00
   outer loop
     vertex  1.431059e+02  1.024657e+01  7.980000e+00
     vertex  1.431396e+02  1.021439e+01  5.980000e+00
     vertex  1.431396e+02  1.021439e+01  7.980000e+00
   endloop
 endfacet
 facet normal -6.698100e-01 -7.425325e-01 -0.000000e+00
   outer loop
     vertex  1.430713e+02  1.027781e+01  7.980000e+00
     vertex  1.430713e+02  1.027781e+01  5.980000e+00
     vertex  1.431059e+02  1.024657e+01  5.980000e+00
   endloop
 endfacet
 facet normal -6.698100e-01 -7.425325e-01  0.000000e+00
   outer loop
     vertex  1.430713e+02  1.027781e+01  7.980000e+00
     vertex  1.431059e+02  1.024657e+01  5.980000e+00
     vertex  1.431059e+02  1.024657e+01  7.980000e+00
   endloop
 endfacet
 facet normal -6.491872e-01 -7.606287e-01 -0.000000e+00
   outer loop
     vertex  1.430358e+02  1.030809e+01  7.980000e+00
     vertex  1.430358e+02  1.030809e+01  5.980000e+00
     vertex  1.430713e+02  1.027781e+01  5.980000e+00
   endloop
 endfacet
 facet normal -6.491872e-01 -7.606287e-01  0.000000e+00
   outer loop
     vertex  1.430358e+02  1.030809e+01  7.980000e+00
     vertex  1.430713e+02  1.027781e+01  5.980000e+00
     vertex  1.430713e+02  1.027781e+01  7.980000e+00
   endloop
 endfacet
 facet normal -6.280757e-01 -7.781522e-01 -0.000000e+00
   outer loop
     vertex  1.429995e+02  1.033738e+01  7.980000e+00
     vertex  1.429995e+02  1.033738e+01  5.980000e+00
     vertex  1.430358e+02  1.030809e+01  5.980000e+00
   endloop
 endfacet
 facet normal -6.064915e-01 -7.950900e-01 -0.000000e+00
   outer loop
     vertex  1.429995e+02  1.033738e+01  7.980000e+00
     vertex  1.429624e+02  1.036567e+01  5.980000e+00
     vertex  1.429995e+02  1.033738e+01  5.980000e+00
   endloop
 endfacet
 facet normal -6.280757e-01 -7.781522e-01  0.000000e+00
   outer loop
     vertex  1.429995e+02  1.033738e+01  7.980000e+00
     vertex  1.430358e+02  1.030809e+01  5.980000e+00
     vertex  1.430358e+02  1.030809e+01  7.980000e+00
   endloop
 endfacet
 facet normal -6.064915e-01 -7.950900e-01 -0.000000e+00
   outer loop
     vertex  1.429624e+02  1.036567e+01  7.980000e+00
     vertex  1.429624e+02  1.036567e+01  5.980000e+00
     vertex  1.429995e+02  1.033738e+01  7.980000e+00
   endloop
 endfacet
 facet normal -5.844507e-01 -8.114292e-01  0.000000e+00
   outer loop
     vertex  1.429245e+02  1.039293e+01  7.980000e+00
     vertex  1.429624e+02  1.036567e+01  5.980000e+00
     vertex  1.429624e+02  1.036567e+01  7.980000e+00
   endloop
 endfacet
 facet normal -5.844507e-01 -8.114292e-01 -0.000000e+00
   outer loop
     vertex  1.429245e+02  1.039293e+01  7.980000e+00
     vertex  1.429245e+02  1.039293e+01  5.980000e+00
     vertex  1.429624e+02  1.036567e+01  5.980000e+00
   endloop
 endfacet
 facet normal -5.619699e-01 -8.271577e-01 -0.000000e+00
   outer loop
     vertex  1.429245e+02  1.039293e+01  7.980000e+00
     vertex  1.428860e+02  1.041914e+01  5.980000e+00
     vertex  1.429245e+02  1.039293e+01  5.980000e+00
   endloop
 endfacet
 facet normal -5.619699e-01 -8.271577e-01 -0.000000e+00
   outer loop
     vertex  1.428860e+02  1.041914e+01  7.980000e+00
     vertex  1.428860e+02  1.041914e+01  5.980000e+00
     vertex  1.429245e+02  1.039293e+01  7.980000e+00
   endloop
 endfacet
 facet normal -5.390661e-01 -8.422635e-01  0.000000e+00
   outer loop
     vertex  1.428467e+02  1.044428e+01  7.980000e+00
     vertex  1.428860e+02  1.041914e+01  5.980000e+00
     vertex  1.428860e+02  1.041914e+01  7.980000e+00
   endloop
 endfacet
 facet normal -5.390661e-01 -8.422635e-01 -0.000000e+00
   outer loop
     vertex  1.428467e+02  1.044428e+01  7.980000e+00
     vertex  1.428467e+02  1.044428e+01  5.980000e+00
     vertex  1.428860e+02  1.041914e+01  5.980000e+00
   endloop
 endfacet
 facet normal -5.157565e-01 -8.567352e-01  0.000000e+00
   outer loop
     vertex  1.428067e+02  1.046834e+01  7.980000e+00
     vertex  1.428467e+02  1.044428e+01  5.980000e+00
     vertex  1.428467e+02  1.044428e+01  7.980000e+00
   endloop
 endfacet
 facet normal -5.157565e-01 -8.567352e-01 -0.000000e+00
   outer loop
     vertex  1.428067e+02  1.046834e+01  7.980000e+00
     vertex  1.428067e+02  1.046834e+01  5.980000e+00
     vertex  1.428467e+02  1.044428e+01  5.980000e+00
   endloop
 endfacet
 facet normal -4.920587e-01 -8.705620e-01  0.000000e+00
   outer loop
     vertex  1.427661e+02  1.049129e+01  7.980000e+00
     vertex  1.428067e+02  1.046834e+01  5.980000e+00
     vertex  1.428067e+02  1.046834e+01  7.980000e+00
   endloop
 endfacet
 facet normal -4.920587e-01 -8.705620e-01 -0.000000e+00
   outer loop
     vertex  1.427661e+02  1.049129e+01  7.980000e+00
     vertex  1.427661e+02  1.049129e+01  5.980000e+00
     vertex  1.428067e+02  1.046834e+01  5.980000e+00
   endloop
 endfacet
 facet normal -4.679904e-01 -8.837335e-01 -0.000000e+00
   outer loop
     vertex  1.427661e+02  1.049129e+01  7.980000e+00
     vertex  1.427249e+02  1.051312e+01  5.980000e+00
     vertex  1.427661e+02  1.049129e+01  5.980000e+00
   endloop
 endfacet
 facet normal -4.679904e-01 -8.837335e-01 -0.000000e+00
   outer loop
     vertex  1.427249e+02  1.051312e+01  7.980000e+00
     vertex  1.427249e+02  1.051312e+01  5.980000e+00
     vertex  1.427661e+02  1.049129e+01  7.980000e+00
   endloop
 endfacet
 facet normal -4.435699e-01 -8.962398e-01  0.000000e+00
   outer loop
     vertex  1.426831e+02  1.053381e+01  7.980000e+00
     vertex  1.427249e+02  1.051312e+01  5.980000e+00
     vertex  1.427249e+02  1.051312e+01  7.980000e+00
   endloop
 endfacet
 facet normal -4.435699e-01 -8.962398e-01 -0.000000e+00
   outer loop
     vertex  1.426831e+02  1.053381e+01  7.980000e+00
     vertex  1.426831e+02  1.053381e+01  5.980000e+00
     vertex  1.427249e+02  1.051312e+01  5.980000e+00
   endloop
 endfacet
 facet normal -4.188155e-01 -9.080714e-01 -0.000000e+00
   outer loop
     vertex  1.426831e+02  1.053381e+01  7.980000e+00
     vertex  1.426407e+02  1.055334e+01  5.980000e+00
     vertex  1.426831e+02  1.053381e+01  5.980000e+00
   endloop
 endfacet
 facet normal -4.188155e-01 -9.080714e-01 -0.000000e+00
   outer loop
     vertex  1.426407e+02  1.055334e+01  7.980000e+00
     vertex  1.426407e+02  1.055334e+01  5.980000e+00
     vertex  1.426831e+02  1.053381e+01  7.980000e+00
   endloop
 endfacet
 facet normal -3.937458e-01 -9.192194e-01  0.000000e+00
   outer loop
     vertex  1.425979e+02  1.057171e+01  7.980000e+00
     vertex  1.426407e+02  1.055334e+01  5.980000e+00
     vertex  1.426407e+02  1.055334e+01  7.980000e+00
   endloop
 endfacet
 facet normal -3.937458e-01 -9.192194e-01 -0.000000e+00
   outer loop
     vertex  1.425979e+02  1.057171e+01  7.980000e+00
     vertex  1.425979e+02  1.057171e+01  5.980000e+00
     vertex  1.426407e+02  1.055334e+01  5.980000e+00
   endloop
 endfacet
 facet normal -3.683796e-01 -9.296754e-01  0.000000e+00
   outer loop
     vertex  1.425545e+02  1.058889e+01  7.980000e+00
     vertex  1.425979e+02  1.057171e+01  5.980000e+00
     vertex  1.425979e+02  1.057171e+01  7.980000e+00
   endloop
 endfacet
 facet normal -3.683796e-01 -9.296754e-01 -0.000000e+00
   outer loop
     vertex  1.425545e+02  1.058889e+01  7.980000e+00
     vertex  1.425545e+02  1.058889e+01  5.980000e+00
     vertex  1.425979e+02  1.057171e+01  5.980000e+00
   endloop
 endfacet
 facet normal -3.427362e-01 -9.394317e-01 -0.000000e+00
   outer loop
     vertex  1.425545e+02  1.058889e+01  7.980000e+00
     vertex  1.425107e+02  1.060488e+01  5.980000e+00
     vertex  1.425545e+02  1.058889e+01  5.980000e+00
   endloop
 endfacet
 facet normal -3.427362e-01 -9.394317e-01 -0.000000e+00
   outer loop
     vertex  1.425107e+02  1.060488e+01  7.980000e+00
     vertex  1.425107e+02  1.060488e+01  5.980000e+00
     vertex  1.425545e+02  1.058889e+01  7.980000e+00
   endloop
 endfacet
 facet normal -3.168348e-01 -9.484807e-01  0.000000e+00
   outer loop
     vertex  1.424664e+02  1.061965e+01  7.980000e+00
     vertex  1.425107e+02  1.060488e+01  5.980000e+00
     vertex  1.425107e+02  1.060488e+01  7.980000e+00
   endloop
 endfacet
 facet normal -3.168348e-01 -9.484807e-01 -0.000000e+00
   outer loop
     vertex  1.424664e+02  1.061965e+01  7.980000e+00
     vertex  1.424664e+02  1.061965e+01  5.980000e+00
     vertex  1.425107e+02  1.060488e+01  5.980000e+00
   endloop
 endfacet
 facet normal -2.906949e-01 -9.568158e-01  0.000000e+00
   outer loop
     vertex  1.424218e+02  1.063321e+01  7.980000e+00
     vertex  1.424664e+02  1.061965e+01  5.980000e+00
     vertex  1.424664e+02  1.061965e+01  7.980000e+00
   endloop
 endfacet
 facet normal -2.906949e-01 -9.568158e-01 -0.000000e+00
   outer loop
     vertex  1.424218e+02  1.063321e+01  7.980000e+00
     vertex  1.424218e+02  1.063321e+01  5.980000e+00
     vertex  1.424664e+02  1.061965e+01  5.980000e+00
   endloop
 endfacet
 facet normal -2.643362e-01 -9.644306e-01  0.000000e+00
   outer loop
     vertex  1.423768e+02  1.064554e+01  7.980000e+00
     vertex  1.424218e+02  1.063321e+01  5.980000e+00
     vertex  1.424218e+02  1.063321e+01  7.980000e+00
   endloop
 endfacet
 facet normal -2.643362e-01 -9.644306e-01 -0.000000e+00
   outer loop
     vertex  1.423768e+02  1.064554e+01  7.980000e+00
     vertex  1.423768e+02  1.064554e+01  5.980000e+00
     vertex  1.424218e+02  1.063321e+01  5.980000e+00
   endloop
 endfacet
 facet normal -2.377784e-01 -9.713194e-01  0.000000e+00
   outer loop
     vertex  1.423315e+02  1.065663e+01  7.980000e+00
     vertex  1.423768e+02  1.064554e+01  5.980000e+00
     vertex  1.423768e+02  1.064554e+01  7.980000e+00
   endloop
 endfacet
 facet normal -2.377784e-01 -9.713194e-01 -0.000000e+00
   outer loop
     vertex  1.423315e+02  1.065663e+01  7.980000e+00
     vertex  1.423315e+02  1.065663e+01  5.980000e+00
     vertex  1.423768e+02  1.064554e+01  5.980000e+00
   endloop
 endfacet
 facet normal -2.110417e-01 -9.774771e-01  0.000000e+00
   outer loop
     vertex  1.422859e+02  1.066648e+01  7.980000e+00
     vertex  1.423315e+02  1.065663e+01  5.980000e+00
     vertex  1.423315e+02  1.065663e+01  7.980000e+00
   endloop
 endfacet
 facet normal -2.110417e-01 -9.774771e-01 -0.000000e+00
   outer loop
     vertex  1.422859e+02  1.066648e+01  7.980000e+00
     vertex  1.422859e+02  1.066648e+01  5.980000e+00
     vertex  1.423315e+02  1.065663e+01  5.980000e+00
   endloop
 endfacet
 facet normal -1.841461e-01 -9.828989e-01 -0.000000e+00
   outer loop
     vertex  1.422859e+02  1.066648e+01  7.980000e+00
     vertex  1.422401e+02  1.067507e+01  5.980000e+00
     vertex  1.422859e+02  1.066648e+01  5.980000e+00
   endloop
 endfacet
 facet normal -1.841461e-01 -9.828989e-01 -0.000000e+00
   outer loop
     vertex  1.422401e+02  1.067507e+01  7.980000e+00
     vertex  1.422401e+02  1.067507e+01  5.980000e+00
     vertex  1.422859e+02  1.066648e+01  7.980000e+00
   endloop
 endfacet
 facet normal -1.571119e-01 -9.875808e-01  0.000000e+00
   outer loop
     vertex  1.421940e+02  1.068239e+01  7.980000e+00
     vertex  1.422401e+02  1.067507e+01  5.980000e+00
     vertex  1.422401e+02  1.067507e+01  7.980000e+00
   endloop
 endfacet
 facet normal -1.571119e-01 -9.875808e-01 -0.000000e+00
   outer loop
     vertex  1.421940e+02  1.068239e+01  7.980000e+00
     vertex  1.421940e+02  1.068239e+01  5.980000e+00
     vertex  1.422401e+02  1.067507e+01  5.980000e+00
   endloop
 endfacet
 facet normal -1.299594e-01 -9.915193e-01  0.000000e+00
   outer loop
     vertex  1.421478e+02  1.068846e+01  7.980000e+00
     vertex  1.421940e+02  1.068239e+01  5.980000e+00
     vertex  1.421940e+02  1.068239e+01  7.980000e+00
   endloop
 endfacet
 facet normal -1.299594e-01 -9.915193e-01 -0.000000e+00
   outer loop
     vertex  1.421478e+02  1.068846e+01  7.980000e+00
     vertex  1.421478e+02  1.068846e+01  5.980000e+00
     vertex  1.421940e+02  1.068239e+01  5.980000e+00
   endloop
 endfacet
 facet normal -1.027091e-01 -9.947114e-01  0.000000e+00
   outer loop
     vertex  1.421014e+02  1.069325e+01  7.980000e+00
     vertex  1.421478e+02  1.068846e+01  5.980000e+00
     vertex  1.421478e+02  1.068846e+01  7.980000e+00
   endloop
 endfacet
 facet normal -1.027091e-01 -9.947114e-01 -0.000000e+00
   outer loop
     vertex  1.421014e+02  1.069325e+01  7.980000e+00
     vertex  1.421014e+02  1.069325e+01  5.980000e+00
     vertex  1.421478e+02  1.068846e+01  5.980000e+00
   endloop
 endfacet
 facet normal -7.538152e-02 -9.971548e-01  0.000000e+00
   outer loop
     vertex  1.420549e+02  1.069676e+01  7.980000e+00
     vertex  1.421014e+02  1.069325e+01  5.980000e+00
     vertex  1.421014e+02  1.069325e+01  7.980000e+00
   endloop
 endfacet
 facet normal -7.538152e-02 -9.971548e-01 -0.000000e+00
   outer loop
     vertex  1.420549e+02  1.069676e+01  7.980000e+00
     vertex  1.420549e+02  1.069676e+01  5.980000e+00
     vertex  1.421014e+02  1.069325e+01  5.980000e+00
   endloop
 endfacet
 facet normal -4.799716e-02 -9.988475e-01  0.000000e+00
   outer loop
     vertex  1.420083e+02  1.069900e+01  7.980000e+00
     vertex  1.420549e+02  1.069676e+01  5.980000e+00
     vertex  1.420549e+02  1.069676e+01  7.980000e+00
   endloop
 endfacet
 facet normal -4.799716e-02 -9.988475e-01 -0.000000e+00
   outer loop
     vertex  1.420083e+02  1.069900e+01  7.980000e+00
     vertex  1.420083e+02  1.069900e+01  5.980000e+00
     vertex  1.420549e+02  1.069676e+01  5.980000e+00
   endloop
 endfacet
 facet normal -2.057667e-02 -9.997883e-01 -0.000000e+00
   outer loop
     vertex  1.419617e+02  1.069996e+01  7.980000e+00
     vertex  1.419617e+02  1.069996e+01  5.980000e+00
     vertex  1.420083e+02  1.069900e+01  5.980000e+00
   endloop
 endfacet
 facet normal -2.057667e-02 -9.997883e-01  0.000000e+00
   outer loop
     vertex  1.419617e+02  1.069996e+01  7.980000e+00
     vertex  1.420083e+02  1.069900e+01  5.980000e+00
     vertex  1.420083e+02  1.069900e+01  7.980000e+00
   endloop
 endfacet
 facet normal  6.859319e-03 -9.999765e-01  0.000000e+00
   outer loop
     vertex  1.419617e+02  1.069996e+01  7.980000e+00
     vertex  1.419150e+02  1.069964e+01  5.980000e+00
     vertex  1.419617e+02  1.069996e+01  5.980000e+00
   endloop
 endfacet
 facet normal  3.429014e-02 -9.994119e-01  0.000000e+00
   outer loop
     vertex  1.419150e+02  1.069964e+01  7.980000e+00
     vertex  1.418684e+02  1.069804e+01  5.980000e+00
     vertex  1.419150e+02  1.069964e+01  5.980000e+00
   endloop
 endfacet
 facet normal  6.859319e-03 -9.999765e-01  0.000000e+00
   outer loop
     vertex  1.419150e+02  1.069964e+01  7.980000e+00
     vertex  1.419150e+02  1.069964e+01  5.980000e+00
     vertex  1.419617e+02  1.069996e+01  7.980000e+00
   endloop
 endfacet
 facet normal  3.429014e-02 -9.994119e-01  0.000000e+00
   outer loop
     vertex  1.418684e+02  1.069804e+01  7.980000e+00
     vertex  1.418684e+02  1.069804e+01  5.980000e+00
     vertex  1.419150e+02  1.069964e+01  7.980000e+00
   endloop
 endfacet
 facet normal  6.169515e-02 -9.980950e-01  0.000000e+00
   outer loop
     vertex  1.418219e+02  1.069516e+01  7.980000e+00
     vertex  1.418219e+02  1.069516e+01  5.980000e+00
     vertex  1.418684e+02  1.069804e+01  5.980000e+00
   endloop
 endfacet
 facet normal  6.169515e-02 -9.980950e-01  0.000000e+00
   outer loop
     vertex  1.418219e+02  1.069516e+01  7.980000e+00
     vertex  1.418684e+02  1.069804e+01  5.980000e+00
     vertex  1.418684e+02  1.069804e+01  7.980000e+00
   endloop
 endfacet
 facet normal  8.905371e-02 -9.960268e-01  0.000000e+00
   outer loop
     vertex  1.417754e+02  1.069101e+01  7.980000e+00
     vertex  1.418219e+02  1.069516e+01  5.980000e+00
     vertex  1.418219e+02  1.069516e+01  7.980000e+00
   endloop
 endfacet
 facet normal  8.905371e-02 -9.960268e-01  0.000000e+00
   outer loop
     vertex  1.417754e+02  1.069101e+01  7.980000e+00
     vertex  1.417754e+02  1.069101e+01  5.980000e+00
     vertex  1.418219e+02  1.069516e+01  5.980000e+00
   endloop
 endfacet
 facet normal  1.163452e-01 -9.932088e-01  0.000000e+00
   outer loop
     vertex  1.417754e+02  1.069101e+01  7.980000e+00
     vertex  1.417291e+02  1.068558e+01  5.980000e+00
     vertex  1.417754e+02  1.069101e+01  5.980000e+00
   endloop
 endfacet
 facet normal  1.163452e-01 -9.932088e-01  0.000000e+00
   outer loop
     vertex  1.417291e+02  1.068558e+01  7.980000e+00
     vertex  1.417291e+02  1.068558e+01  5.980000e+00
     vertex  1.417754e+02  1.069101e+01  7.980000e+00
   endloop
 endfacet
 facet normal  1.435492e-01 -9.896432e-01  0.000000e+00
   outer loop
     vertex  1.416829e+02  1.067889e+01  7.980000e+00
     vertex  1.417291e+02  1.068558e+01  5.980000e+00
     vertex  1.417291e+02  1.068558e+01  7.980000e+00
   endloop
 endfacet
 facet normal  1.435492e-01 -9.896432e-01  0.000000e+00
   outer loop
     vertex  1.416829e+02  1.067889e+01  7.980000e+00
     vertex  1.416829e+02  1.067889e+01  5.980000e+00
     vertex  1.417291e+02  1.068558e+01  5.980000e+00
   endloop
 endfacet
 facet normal  1.706451e-01 -9.853326e-01  0.000000e+00
   outer loop
     vertex  1.416370e+02  1.067093e+01  7.980000e+00
     vertex  1.416829e+02  1.067889e+01  5.980000e+00
     vertex  1.416829e+02  1.067889e+01  7.980000e+00
   endloop
 endfacet
 facet normal  1.706451e-01 -9.853326e-01  0.000000e+00
   outer loop
     vertex  1.416370e+02  1.067093e+01  7.980000e+00
     vertex  1.416370e+02  1.067093e+01  5.980000e+00
     vertex  1.416829e+02  1.067889e+01  5.980000e+00
   endloop
 endfacet
 facet normal  1.976125e-01 -9.802802e-01  0.000000e+00
   outer loop
     vertex  1.416370e+02  1.067093e+01  7.980000e+00
     vertex  1.415912e+02  1.066171e+01  5.980000e+00
     vertex  1.416370e+02  1.067093e+01  5.980000e+00
   endloop
 endfacet
 facet normal  1.976125e-01 -9.802802e-01  0.000000e+00
   outer loop
     vertex  1.415912e+02  1.066171e+01  7.980000e+00
     vertex  1.415912e+02  1.066171e+01  5.980000e+00
     vertex  1.416370e+02  1.067093e+01  7.980000e+00
   endloop
 endfacet
 facet normal  2.244312e-01 -9.744899e-01  0.000000e+00
   outer loop
     vertex  1.415458e+02  1.065124e+01  7.980000e+00
     vertex  1.415912e+02  1.066171e+01  5.980000e+00
     vertex  1.415912e+02  1.066171e+01  7.980000e+00
   endloop
 endfacet
 facet normal  2.244312e-01 -9.744899e-01  0.000000e+00
   outer loop
     vertex  1.415458e+02  1.065124e+01  7.980000e+00
     vertex  1.415458e+02  1.065124e+01  5.980000e+00
     vertex  1.415912e+02  1.066171e+01  5.980000e+00
   endloop
 endfacet
 facet normal  2.510809e-01 -9.679661e-01  0.000000e+00
   outer loop
     vertex  1.415006e+02  1.063953e+01  7.980000e+00
     vertex  1.415458e+02  1.065124e+01  5.980000e+00
     vertex  1.415458e+02  1.065124e+01  7.980000e+00
   endloop
 endfacet
 facet normal  2.510809e-01 -9.679661e-01  0.000000e+00
   outer loop
     vertex  1.415006e+02  1.063953e+01  7.980000e+00
     vertex  1.415006e+02  1.063953e+01  5.980000e+00
     vertex  1.415458e+02  1.065124e+01  5.980000e+00
   endloop
 endfacet
 facet normal  2.775416e-01 -9.607136e-01  0.000000e+00
   outer loop
     vertex  1.414558e+02  1.062659e+01  7.980000e+00
     vertex  1.415006e+02  1.063953e+01  5.980000e+00
     vertex  1.415006e+02  1.063953e+01  7.980000e+00
   endloop
 endfacet
 facet normal  2.775416e-01 -9.607136e-01  0.000000e+00
   outer loop
     vertex  1.414558e+02  1.062659e+01  7.980000e+00
     vertex  1.414558e+02  1.062659e+01  5.980000e+00
     vertex  1.415006e+02  1.063953e+01  5.980000e+00
   endloop
 endfacet
 facet normal  3.037934e-01 -9.527379e-01  0.000000e+00
   outer loop
     vertex  1.414558e+02  1.062659e+01  7.980000e+00
     vertex  1.414114e+02  1.061242e+01  5.980000e+00
     vertex  1.414558e+02  1.062659e+01  5.980000e+00
   endloop
 endfacet
 facet normal  3.037934e-01 -9.527379e-01  0.000000e+00
   outer loop
     vertex  1.414114e+02  1.061242e+01  7.980000e+00
     vertex  1.414114e+02  1.061242e+01  5.980000e+00
     vertex  1.414558e+02  1.062659e+01  7.980000e+00
   endloop
 endfacet
 facet normal  3.298166e-01 -9.440450e-01  0.000000e+00
   outer loop
     vertex  1.413673e+02  1.059703e+01  7.980000e+00
     vertex  1.414114e+02  1.061242e+01  5.980000e+00
     vertex  1.414114e+02  1.061242e+01  7.980000e+00
   endloop
 endfacet
 facet normal  3.298166e-01 -9.440450e-01  0.000000e+00
   outer loop
     vertex  1.413673e+02  1.059703e+01  7.980000e+00
     vertex  1.413673e+02  1.059703e+01  5.980000e+00
     vertex  1.414114e+02  1.061242e+01  5.980000e+00
   endloop
 endfacet
 facet normal  3.555914e-01 -9.346415e-01  0.000000e+00
   outer loop
     vertex  1.413673e+02  1.059703e+01  7.980000e+00
     vertex  1.413238e+02  1.058045e+01  5.980000e+00
     vertex  1.413673e+02  1.059703e+01  5.980000e+00
   endloop
 endfacet
 facet normal  3.555914e-01 -9.346415e-01  0.000000e+00
   outer loop
     vertex  1.413238e+02  1.058045e+01  7.980000e+00
     vertex  1.413238e+02  1.058045e+01  5.980000e+00
     vertex  1.413673e+02  1.059703e+01  7.980000e+00
   endloop
 endfacet
 facet normal  3.810986e-01 -9.245344e-01  0.000000e+00
   outer loop
     vertex  1.412806e+02  1.056267e+01  7.980000e+00
     vertex  1.413238e+02  1.058045e+01  5.980000e+00
     vertex  1.413238e+02  1.058045e+01  7.980000e+00
   endloop
 endfacet
 facet normal  3.810986e-01 -9.245344e-01  0.000000e+00
   outer loop
     vertex  1.412806e+02  1.056267e+01  7.980000e+00
     vertex  1.412806e+02  1.056267e+01  5.980000e+00
     vertex  1.413238e+02  1.058045e+01  5.980000e+00
   endloop
 endfacet
 facet normal  4.063188e-01 -9.137314e-01  0.000000e+00
   outer loop
     vertex  1.412380e+02  1.054372e+01  7.980000e+00
     vertex  1.412380e+02  1.054372e+01  5.980000e+00
     vertex  1.412806e+02  1.056267e+01  5.980000e+00
   endloop
 endfacet
 facet normal  4.063188e-01 -9.137314e-01  0.000000e+00
   outer loop
     vertex  1.412380e+02  1.054372e+01  7.980000e+00
     vertex  1.412806e+02  1.056267e+01  5.980000e+00
     vertex  1.412806e+02  1.056267e+01  7.980000e+00
   endloop
 endfacet
 facet normal  4.312333e-01 -9.022405e-01  0.000000e+00
   outer loop
     vertex  1.411959e+02  1.052361e+01  7.980000e+00
     vertex  1.411959e+02  1.052361e+01  5.980000e+00
     vertex  1.412380e+02  1.054372e+01  5.980000e+00
   endloop
 endfacet
 facet normal  4.558231e-01 -8.900704e-01  0.000000e+00
   outer loop
     vertex  1.411959e+02  1.052361e+01  7.980000e+00
     vertex  1.411544e+02  1.050235e+01  5.980000e+00
     vertex  1.411959e+02  1.052361e+01  5.980000e+00
   endloop
 endfacet
 facet normal  4.312333e-01 -9.022405e-01  0.000000e+00
   outer loop
     vertex  1.411959e+02  1.052361e+01  7.980000e+00
     vertex  1.412380e+02  1.054372e+01  5.980000e+00
     vertex  1.412380e+02  1.054372e+01  7.980000e+00
   endloop
 endfacet
 facet normal  4.800697e-01 -8.772303e-01  0.000000e+00
   outer loop
     vertex  1.411544e+02  1.050235e+01  7.980000e+00
     vertex  1.411135e+02  1.047996e+01  5.980000e+00
     vertex  1.411544e+02  1.050235e+01  5.980000e+00
   endloop
 endfacet
 facet normal  4.558231e-01 -8.900704e-01  0.000000e+00
   outer loop
     vertex  1.411544e+02  1.050235e+01  7.980000e+00
     vertex  1.411544e+02  1.050235e+01  5.980000e+00
     vertex  1.411959e+02  1.052361e+01  7.980000e+00
   endloop
 endfacet
 facet normal  4.800697e-01 -8.772303e-01  0.000000e+00
   outer loop
     vertex  1.411135e+02  1.047996e+01  7.980000e+00
     vertex  1.411135e+02  1.047996e+01  5.980000e+00
     vertex  1.411544e+02  1.050235e+01  7.980000e+00
   endloop
 endfacet
 facet normal  5.039550e-01 -8.637299e-01  0.000000e+00
   outer loop
     vertex  1.410732e+02  1.045645e+01  7.980000e+00
     vertex  1.410732e+02  1.045645e+01  5.980000e+00
     vertex  1.411135e+02  1.047996e+01  5.980000e+00
   endloop
 endfacet
 facet normal  5.039550e-01 -8.637299e-01  0.000000e+00
   outer loop
     vertex  1.410732e+02  1.045645e+01  7.980000e+00
     vertex  1.411135e+02  1.047996e+01  5.980000e+00
     vertex  1.411135e+02  1.047996e+01  7.980000e+00
   endloop
 endfacet
 facet normal  5.274609e-01 -8.495793e-01  0.000000e+00
   outer loop
     vertex  1.410336e+02  1.043185e+01  7.980000e+00
     vertex  1.410336e+02  1.043185e+01  5.980000e+00
     vertex  1.410732e+02  1.045645e+01  5.980000e+00
   endloop
 endfacet
 facet normal  5.274609e-01 -8.495793e-01  0.000000e+00
   outer loop
     vertex  1.410336e+02  1.043185e+01  7.980000e+00
     vertex  1.410732e+02  1.045645e+01  5.980000e+00
     vertex  1.410732e+02  1.045645e+01  7.980000e+00
   endloop
 endfacet
 facet normal  5.505698e-01 -8.347891e-01  0.000000e+00
   outer loop
     vertex  1.409947e+02  1.040617e+01  7.980000e+00
     vertex  1.409947e+02  1.040617e+01  5.980000e+00
     vertex  1.410336e+02  1.043185e+01  5.980000e+00
   endloop
 endfacet
 facet normal  5.505698e-01 -8.347891e-01  0.000000e+00
   outer loop
     vertex  1.409947e+02  1.040617e+01  7.980000e+00
     vertex  1.410336e+02  1.043185e+01  5.980000e+00
     vertex  1.410336e+02  1.043185e+01  7.980000e+00
   endloop
 endfacet
 facet normal  5.732642e-01 -8.193706e-01  0.000000e+00
   outer loop
     vertex  1.409564e+02  1.037943e+01  7.980000e+00
     vertex  1.409564e+02  1.037943e+01  5.980000e+00
     vertex  1.409947e+02  1.040617e+01  5.980000e+00
   endloop
 endfacet
 facet normal  5.732642e-01 -8.193706e-01  0.000000e+00
   outer loop
     vertex  1.409564e+02  1.037943e+01  7.980000e+00
     vertex  1.409947e+02  1.040617e+01  5.980000e+00
     vertex  1.409947e+02  1.040617e+01  7.980000e+00
   endloop
 endfacet
 facet normal  5.955271e-01 -8.033352e-01  0.000000e+00
   outer loop
     vertex  1.409190e+02  1.035165e+01  7.980000e+00
     vertex  1.409190e+02  1.035165e+01  5.980000e+00
     vertex  1.409564e+02  1.037943e+01  5.980000e+00
   endloop
 endfacet
 facet normal  5.955271e-01 -8.033352e-01  0.000000e+00
   outer loop
     vertex  1.409190e+02  1.035165e+01  7.980000e+00
     vertex  1.409564e+02  1.037943e+01  5.980000e+00
     vertex  1.409564e+02  1.037943e+01  7.980000e+00
   endloop
 endfacet
 facet normal  6.173417e-01 -7.866951e-01  0.000000e+00
   outer loop
     vertex  1.408823e+02  1.032286e+01  7.980000e+00
     vertex  1.408823e+02  1.032286e+01  5.980000e+00
     vertex  1.409190e+02  1.035165e+01  5.980000e+00
   endloop
 endfacet
 facet normal  6.386916e-01 -7.694628e-01  0.000000e+00
   outer loop
     vertex  1.408823e+02  1.032286e+01  7.980000e+00
     vertex  1.408464e+02  1.029307e+01  5.980000e+00
     vertex  1.408823e+02  1.032286e+01  5.980000e+00
   endloop
 endfacet
 facet normal  6.173417e-01 -7.866951e-01  0.000000e+00
   outer loop
     vertex  1.408823e+02  1.032286e+01  7.980000e+00
     vertex  1.409190e+02  1.035165e+01  5.980000e+00
     vertex  1.409190e+02  1.035165e+01  7.980000e+00
   endloop
 endfacet
 facet normal  6.386916e-01 -7.694628e-01  0.000000e+00
   outer loop
     vertex  1.408464e+02  1.029307e+01  7.980000e+00
     vertex  1.408464e+02  1.029307e+01  5.980000e+00
     vertex  1.408823e+02  1.032286e+01  7.980000e+00
   endloop
 endfacet
 facet normal  6.595607e-01 -7.516513e-01  0.000000e+00
   outer loop
     vertex  1.408113e+02  1.026231e+01  7.980000e+00
     vertex  1.408113e+02  1.026231e+01  5.980000e+00
     vertex  1.408464e+02  1.029307e+01  5.980000e+00
   endloop
 endfacet
 facet normal  6.799333e-01 -7.332740e-01  0.000000e+00
   outer loop
     vertex  1.408113e+02  1.026231e+01  7.980000e+00
     vertex  1.407771e+02  1.023059e+01  5.980000e+00
     vertex  1.408113e+02  1.026231e+01  5.980000e+00
   endloop
 endfacet
 facet normal  6.595607e-01 -7.516513e-01  0.000000e+00
   outer loop
     vertex  1.408113e+02  1.026231e+01  7.980000e+00
     vertex  1.408464e+02  1.029307e+01  5.980000e+00
     vertex  1.408464e+02  1.029307e+01  7.980000e+00
   endloop
 endfacet
 facet normal  6.997940e-01 -7.143447e-01  0.000000e+00
   outer loop
     vertex  1.407771e+02  1.023059e+01  7.980000e+00
     vertex  1.407438e+02  1.019795e+01  5.980000e+00
     vertex  1.407771e+02  1.023059e+01  5.980000e+00
   endloop
 endfacet
 facet normal  6.799333e-01 -7.332740e-01  0.000000e+00
   outer loop
     vertex  1.407771e+02  1.023059e+01  7.980000e+00
     vertex  1.407771e+02  1.023059e+01  5.980000e+00
     vertex  1.408113e+02  1.026231e+01  7.980000e+00
   endloop
 endfacet
 facet normal  6.997940e-01 -7.143447e-01  0.000000e+00
   outer loop
     vertex  1.407438e+02  1.019795e+01  7.980000e+00
     vertex  1.407438e+02  1.019795e+01  5.980000e+00
     vertex  1.407771e+02  1.023059e+01  7.980000e+00
   endloop
 endfacet
 facet normal  7.191280e-01 -6.948776e-01  0.000000e+00
   outer loop
     vertex  1.407114e+02  1.016441e+01  7.980000e+00
     vertex  1.407438e+02  1.019795e+01  5.980000e+00
     vertex  1.407438e+02  1.019795e+01  7.980000e+00
   endloop
 endfacet
 facet normal  7.191280e-01 -6.948776e-01  0.000000e+00
   outer loop
     vertex  1.407114e+02  1.016441e+01  7.980000e+00
     vertex  1.407114e+02  1.016441e+01  5.980000e+00
     vertex  1.407438e+02  1.019795e+01  5.980000e+00
   endloop
 endfacet
 facet normal  7.379206e-01 -6.748875e-01  0.000000e+00
   outer loop
     vertex  1.407114e+02  1.016441e+01  7.980000e+00
     vertex  1.406799e+02  1.012999e+01  5.980000e+00
     vertex  1.407114e+02  1.016441e+01  5.980000e+00
   endloop
 endfacet
 facet normal  7.379206e-01 -6.748875e-01  0.000000e+00
   outer loop
     vertex  1.406799e+02  1.012999e+01  7.980000e+00
     vertex  1.406799e+02  1.012999e+01  5.980000e+00
     vertex  1.407114e+02  1.016441e+01  7.980000e+00
   endloop
 endfacet
 facet normal  7.561578e-01 -6.543893e-01  0.000000e+00
   outer loop
     vertex  1.406494e+02  1.009472e+01  7.980000e+00
     vertex  1.406799e+02  1.012999e+01  5.980000e+00
     vertex  1.406799e+02  1.012999e+01  7.980000e+00
   endloop
 endfacet
 facet normal  7.561578e-01 -6.543893e-01  0.000000e+00
   outer loop
     vertex  1.406494e+02  1.009472e+01  7.980000e+00
     vertex  1.406494e+02  1.009472e+01  5.980000e+00
     vertex  1.406799e+02  1.012999e+01  5.980000e+00
   endloop
 endfacet
 facet normal  7.738257e-01 -6.333986e-01  0.000000e+00
   outer loop
     vertex  1.406494e+02  1.009472e+01  7.980000e+00
     vertex  1.406198e+02  1.005863e+01  5.980000e+00
     vertex  1.406494e+02  1.009472e+01  5.980000e+00
   endloop
 endfacet
 facet normal  7.738257e-01 -6.333986e-01  0.000000e+00
   outer loop
     vertex  1.406198e+02  1.005863e+01  7.980000e+00
     vertex  1.406198e+02  1.005863e+01  5.980000e+00
     vertex  1.406494e+02  1.009472e+01  7.980000e+00
   endloop
 endfacet
 facet normal  7.909112e-01 -6.119310e-01  0.000000e+00
   outer loop
     vertex  1.405913e+02  1.002174e+01  7.980000e+00
     vertex  1.406198e+02  1.005863e+01  5.980000e+00
     vertex  1.406198e+02  1.005863e+01  7.980000e+00
   endloop
 endfacet
 facet normal  7.909112e-01 -6.119310e-01  0.000000e+00
   outer loop
     vertex  1.405913e+02  1.002174e+01  7.980000e+00
     vertex  1.405913e+02  1.002174e+01  5.980000e+00
     vertex  1.406198e+02  1.005863e+01  5.980000e+00
   endloop
 endfacet
 facet normal  8.074012e-01 -5.900028e-01  0.000000e+00
   outer loop
     vertex  1.405913e+02  1.002174e+01  7.980000e+00
     vertex  1.405638e+02  9.984081e+00  5.980000e+00
     vertex  1.405913e+02  1.002174e+01  5.980000e+00
   endloop
 endfacet
 facet normal  8.232835e-01 -5.676304e-01  0.000000e+00
   outer loop
     vertex  1.405638e+02  9.984081e+00  7.980000e+00
     vertex  1.405373e+02  9.945681e+00  5.980000e+00
     vertex  1.405638e+02  9.984081e+00  5.980000e+00
   endloop
 endfacet
 facet normal  8.074012e-01 -5.900028e-01  0.000000e+00
   outer loop
     vertex  1.405638e+02  9.984081e+00  7.980000e+00
     vertex  1.405638e+02  9.984081e+00  5.980000e+00
     vertex  1.405913e+02  1.002174e+01  7.980000e+00
   endloop
 endfacet
 facet normal  8.232835e-01 -5.676304e-01  0.000000e+00
   outer loop
     vertex  1.405373e+02  9.945681e+00  7.980000e+00
     vertex  1.405373e+02  9.945681e+00  5.980000e+00
     vertex  1.405638e+02  9.984081e+00  7.980000e+00
   endloop
 endfacet
 facet normal  8.385460e-01 -5.448308e-01  0.000000e+00
   outer loop
     vertex  1.405119e+02  9.906569e+00  7.980000e+00
     vertex  1.405373e+02  9.945681e+00  5.980000e+00
     vertex  1.405373e+02  9.945681e+00  7.980000e+00
   endloop
 endfacet
 facet normal  8.385460e-01 -5.448308e-01  0.000000e+00
   outer loop
     vertex  1.405119e+02  9.906569e+00  7.980000e+00
     vertex  1.405119e+02  9.906569e+00  5.980000e+00
     vertex  1.405373e+02  9.945681e+00  5.980000e+00
   endloop
 endfacet
 facet normal  8.531773e-01 -5.216210e-01  0.000000e+00
   outer loop
     vertex  1.404876e+02  9.866775e+00  7.980000e+00
     vertex  1.404876e+02  9.866775e+00  5.980000e+00
     vertex  1.405119e+02  9.906569e+00  5.980000e+00
   endloop
 endfacet
 facet normal  8.531773e-01 -5.216210e-01  0.000000e+00
   outer loop
     vertex  1.404876e+02  9.866775e+00  7.980000e+00
     vertex  1.405119e+02  9.906569e+00  5.980000e+00
     vertex  1.405119e+02  9.906569e+00  7.980000e+00
   endloop
 endfacet
 facet normal  8.671664e-01 -4.980186e-01  0.000000e+00
   outer loop
     vertex  1.404643e+02  9.826329e+00  7.980000e+00
     vertex  1.404643e+02  9.826329e+00  5.980000e+00
     vertex  1.404876e+02  9.866775e+00  5.980000e+00
   endloop
 endfacet
 facet normal  8.805026e-01 -4.740412e-01  0.000000e+00
   outer loop
     vertex  1.404643e+02  9.826329e+00  7.980000e+00
     vertex  1.404422e+02  9.785260e+00  5.980000e+00
     vertex  1.404643e+02  9.826329e+00  5.980000e+00
   endloop
 endfacet
 facet normal  8.671664e-01 -4.980186e-01  0.000000e+00
   outer loop
     vertex  1.404643e+02  9.826329e+00  7.980000e+00
     vertex  1.404876e+02  9.866775e+00  5.980000e+00
     vertex  1.404876e+02  9.866775e+00  7.980000e+00
   endloop
 endfacet
 facet normal  8.805026e-01 -4.740412e-01  0.000000e+00
   outer loop
     vertex  1.404422e+02  9.785260e+00  7.980000e+00
     vertex  1.404422e+02  9.785260e+00  5.980000e+00
     vertex  1.404643e+02  9.826329e+00  7.980000e+00
   endloop
 endfacet
 facet normal  8.931761e-01 -4.497071e-01  0.000000e+00
   outer loop
     vertex  1.404213e+02  9.743600e+00  7.980000e+00
     vertex  1.404213e+02  9.743600e+00  5.980000e+00
     vertex  1.404422e+02  9.785260e+00  5.980000e+00
   endloop
 endfacet
 facet normal  8.931761e-01 -4.497071e-01  0.000000e+00
   outer loop
     vertex  1.404213e+02  9.743600e+00  7.980000e+00
     vertex  1.404422e+02  9.785260e+00  5.980000e+00
     vertex  1.404422e+02  9.785260e+00  7.980000e+00
   endloop
 endfacet
 facet normal  9.051772e-01 -4.250344e-01  0.000000e+00
   outer loop
     vertex  1.404014e+02  9.701381e+00  7.980000e+00
     vertex  1.404014e+02  9.701381e+00  5.980000e+00
     vertex  1.404213e+02  9.743600e+00  5.980000e+00
   endloop
 endfacet
 facet normal  9.051772e-01 -4.250344e-01  0.000000e+00
   outer loop
     vertex  1.404014e+02  9.701381e+00  7.980000e+00
     vertex  1.404213e+02  9.743600e+00  5.980000e+00
     vertex  1.404213e+02  9.743600e+00  7.980000e+00
   endloop
 endfacet
 facet normal  9.164969e-01 -4.000417e-01  0.000000e+00
   outer loop
     vertex  1.403828e+02  9.658633e+00  7.980000e+00
     vertex  1.403828e+02  9.658633e+00  5.980000e+00
     vertex  1.404014e+02  9.701381e+00  5.980000e+00
   endloop
 endfacet
 facet normal  9.271267e-01 -3.747479e-01  0.000000e+00
   outer loop
     vertex  1.403828e+02  9.658633e+00  7.980000e+00
     vertex  1.403653e+02  9.615390e+00  5.980000e+00
     vertex  1.403828e+02  9.658633e+00  5.980000e+00
   endloop
 endfacet
 facet normal  9.164969e-01 -4.000417e-01  0.000000e+00
   outer loop
     vertex  1.403828e+02  9.658633e+00  7.980000e+00
     vertex  1.404014e+02  9.701381e+00  5.980000e+00
     vertex  1.404014e+02  9.701381e+00  7.980000e+00
   endloop
 endfacet
 facet normal  9.271267e-01 -3.747479e-01  0.000000e+00
   outer loop
     vertex  1.403653e+02  9.615390e+00  7.980000e+00
     vertex  1.403653e+02  9.615390e+00  5.980000e+00
     vertex  1.403828e+02  9.658633e+00  7.980000e+00
   endloop
 endfacet
 facet normal  9.370586e-01 -3.491720e-01  0.000000e+00
   outer loop
     vertex  1.403490e+02  9.571683e+00  7.980000e+00
     vertex  1.403490e+02  9.571683e+00  5.980000e+00
     vertex  1.403653e+02  9.615390e+00  5.980000e+00
   endloop
 endfacet
 facet normal  9.370586e-01 -3.491720e-01  0.000000e+00
   outer loop
     vertex  1.403490e+02  9.571683e+00  7.980000e+00
     vertex  1.403653e+02  9.615390e+00  5.980000e+00
     vertex  1.403653e+02  9.615390e+00  7.980000e+00
   endloop
 endfacet
 facet normal  9.462851e-01 -3.233333e-01  0.000000e+00
   outer loop
     vertex  1.403339e+02  9.527546e+00  7.980000e+00
     vertex  1.403339e+02  9.527546e+00  5.980000e+00
     vertex  1.403490e+02  9.571683e+00  5.980000e+00
   endloop
 endfacet
 facet normal  9.547993e-01 -2.972512e-01  0.000000e+00
   outer loop
     vertex  1.403339e+02  9.527546e+00  7.980000e+00
     vertex  1.403201e+02  9.483012e+00  5.980000e+00
     vertex  1.403339e+02  9.527546e+00  5.980000e+00
   endloop
 endfacet
 facet normal  9.462851e-01 -3.233333e-01  0.000000e+00
   outer loop
     vertex  1.403339e+02  9.527546e+00  7.980000e+00
     vertex  1.403490e+02  9.571683e+00  5.980000e+00
     vertex  1.403490e+02  9.571683e+00  7.980000e+00
   endloop
 endfacet
 facet normal  9.547993e-01 -2.972512e-01  0.000000e+00
   outer loop
     vertex  1.403201e+02  9.483012e+00  7.980000e+00
     vertex  1.403201e+02  9.483012e+00  5.980000e+00
     vertex  1.403339e+02  9.527546e+00  7.980000e+00
   endloop
 endfacet
 facet normal  9.625948e-01 -2.709453e-01  0.000000e+00
   outer loop
     vertex  1.403074e+02  9.438115e+00  7.980000e+00
     vertex  1.403074e+02  9.438115e+00  5.980000e+00
     vertex  1.403201e+02  9.483012e+00  5.980000e+00
   endloop
 endfacet
 facet normal  9.625948e-01 -2.709453e-01  0.000000e+00
   outer loop
     vertex  1.403074e+02  9.438115e+00  7.980000e+00
     vertex  1.403201e+02  9.483012e+00  5.980000e+00
     vertex  1.403201e+02  9.483012e+00  7.980000e+00
   endloop
 endfacet
 facet normal  9.696656e-01 -2.444354e-01  0.000000e+00
   outer loop
     vertex  1.402960e+02  9.392887e+00  7.980000e+00
     vertex  1.402960e+02  9.392887e+00  5.980000e+00
     vertex  1.403074e+02  9.438115e+00  5.980000e+00
   endloop
 endfacet
 facet normal  9.760065e-01 -2.177416e-01  0.000000e+00
   outer loop
     vertex  1.402960e+02  9.392887e+00  7.980000e+00
     vertex  1.402859e+02  9.347364e+00  5.980000e+00
     vertex  1.402960e+02  9.392887e+00  5.980000e+00
   endloop
 endfacet
 facet normal  9.696656e-01 -2.444354e-01  0.000000e+00
   outer loop
     vertex  1.402960e+02  9.392887e+00  7.980000e+00
     vertex  1.403074e+02  9.438115e+00  5.980000e+00
     vertex  1.403074e+02  9.438115e+00  7.980000e+00
   endloop
 endfacet
 facet normal  9.816126e-01 -1.908838e-01  0.000000e+00
   outer loop
     vertex  1.402859e+02  9.347364e+00  7.980000e+00
     vertex  1.402770e+02  9.301580e+00  5.980000e+00
     vertex  1.402859e+02  9.347364e+00  5.980000e+00
   endloop
 endfacet
 facet normal  9.760065e-01 -2.177416e-01  0.000000e+00
   outer loop
     vertex  1.402859e+02  9.347364e+00  7.980000e+00
     vertex  1.402859e+02  9.347364e+00  5.980000e+00
     vertex  1.402960e+02  9.392887e+00  7.980000e+00
   endloop
 endfacet
 facet normal  9.864799e-01 -1.638824e-01  0.000000e+00
   outer loop
     vertex  1.402770e+02  9.301580e+00  7.980000e+00
     vertex  1.402693e+02  9.255568e+00  5.980000e+00
     vertex  1.402770e+02  9.301580e+00  5.980000e+00
   endloop
 endfacet
 facet normal  9.816126e-01 -1.908838e-01  0.000000e+00
   outer loop
     vertex  1.402770e+02  9.301580e+00  7.980000e+00
     vertex  1.402770e+02  9.301580e+00  5.980000e+00
     vertex  1.402859e+02  9.347364e+00  7.980000e+00
   endloop
 endfacet
 facet normal  9.906046e-01 -1.367575e-01  0.000000e+00
   outer loop
     vertex  1.402693e+02  9.255568e+00  7.980000e+00
     vertex  1.402629e+02  9.209364e+00  5.980000e+00
     vertex  1.402693e+02  9.255568e+00  5.980000e+00
   endloop
 endfacet
 facet normal  9.864799e-01 -1.638824e-01  0.000000e+00
   outer loop
     vertex  1.402693e+02  9.255568e+00  7.980000e+00
     vertex  1.402693e+02  9.255568e+00  5.980000e+00
     vertex  1.402770e+02  9.301580e+00  7.980000e+00
   endloop
 endfacet
 facet normal  9.906046e-01 -1.367575e-01  0.000000e+00
   outer loop
     vertex  1.402629e+02  9.209364e+00  7.980000e+00
     vertex  1.402629e+02  9.209364e+00  5.980000e+00
     vertex  1.402693e+02  9.255568e+00  7.980000e+00
   endloop
 endfacet
 facet normal  9.939835e-01 -1.095298e-01  0.000000e+00
   outer loop
     vertex  1.402578e+02  9.163002e+00  7.980000e+00
     vertex  1.402629e+02  9.209364e+00  5.980000e+00
     vertex  1.402629e+02  9.209364e+00  7.980000e+00
   endloop
 endfacet
 facet normal  9.939835e-01 -1.095298e-01  0.000000e+00
   outer loop
     vertex  1.402578e+02  9.163002e+00  7.980000e+00
     vertex  1.402578e+02  9.163002e+00  5.980000e+00
     vertex  1.402629e+02  9.209364e+00  5.980000e+00
   endloop
 endfacet
 facet normal  9.966142e-01 -8.221955e-02  0.000000e+00
   outer loop
     vertex  1.402540e+02  9.116518e+00  7.980000e+00
     vertex  1.402578e+02  9.163002e+00  5.980000e+00
     vertex  1.402578e+02  9.163002e+00  7.980000e+00
   endloop
 endfacet
 facet normal  9.966142e-01 -8.221955e-02  0.000000e+00
   outer loop
     vertex  1.402540e+02  9.116518e+00  7.980000e+00
     vertex  1.402540e+02  9.116518e+00  5.980000e+00
     vertex  1.402578e+02  9.163002e+00  5.980000e+00
   endloop
 endfacet
 facet normal  9.984947e-01 -5.484744e-02  0.000000e+00
   outer loop
     vertex  1.402540e+02  9.116518e+00  7.980000e+00
     vertex  1.402514e+02  9.069946e+00  5.980000e+00
     vertex  1.402540e+02  9.116518e+00  5.980000e+00
   endloop
 endfacet
 facet normal  9.984947e-01 -5.484744e-02  0.000000e+00
   outer loop
     vertex  1.402514e+02  9.069946e+00  7.980000e+00
     vertex  1.402514e+02  9.069946e+00  5.980000e+00
     vertex  1.402540e+02  9.116518e+00  7.980000e+00
   endloop
 endfacet
 facet normal  9.996236e-01 -2.743405e-02  0.000000e+00
   outer loop
     vertex  1.402502e+02  9.023321e+00  7.980000e+00
     vertex  1.402514e+02  9.069946e+00  5.980000e+00
     vertex  1.402514e+02  9.069946e+00  7.980000e+00
   endloop
 endfacet
 facet normal  9.996236e-01 -2.743405e-02  0.000000e+00
   outer loop
     vertex  1.402502e+02  9.023321e+00  7.980000e+00
     vertex  1.402502e+02  9.023321e+00  5.980000e+00
     vertex  1.402514e+02  9.069946e+00  5.980000e+00
   endloop
 endfacet
 facet normal  1.000000e+00  0.000000e+00  0.000000e+00
   outer loop
     vertex  1.402502e+02  9.023321e+00  7.980000e+00
     vertex  1.402502e+02  8.976679e+00  5.980000e+00
     vertex  1.402502e+02  9.023321e+00  5.980000e+00
   endloop
 endfacet
 facet normal  1.000000e+00 -0.000000e+00  0.000000e+00
   outer loop
     vertex  1.402502e+02  8.976679e+00  7.980000e+00
     vertex  1.402502e+02  8.976679e+00  5.980000e+00
     vertex  1.402502e+02  9.023321e+00  7.980000e+00
   endloop
 endfacet
 facet normal  9.996236e-01  2.743405e-02  0.000000e+00
   outer loop
     vertex  1.402514e+02  8.930054e+00  7.980000e+00
     vertex  1.402502e+02  8.976679e+00  5.980000e+00
     vertex  1.402502e+02  8.976679e+00  7.980000e+00
   endloop
 endfacet
 facet normal  9.996236e-01  2.743405e-02  0.000000e+00
   outer loop
     vertex  1.402514e+02  8.930054e+00  7.980000e+00
     vertex  1.402514e+02  8.930054e+00  5.980000e+00
     vertex  1.402502e+02  8.976679e+00  5.980000e+00
   endloop
 endfacet
 facet normal  9.984947e-01  5.484744e-02  0.000000e+00
   outer loop
     vertex  1.402514e+02  8.930054e+00  7.980000e+00
     vertex  1.402540e+02  8.883482e+00  5.980000e+00
     vertex  1.402514e+02  8.930054e+00  5.980000e+00
   endloop
 endfacet
 facet normal  9.984947e-01  5.484744e-02  0.000000e+00
   outer loop
     vertex  1.402540e+02  8.883482e+00  7.980000e+00
     vertex  1.402540e+02  8.883482e+00  5.980000e+00
     vertex  1.402514e+02  8.930054e+00  7.980000e+00
   endloop
 endfacet
 facet normal  9.966142e-01  8.221955e-02  0.000000e+00
   outer loop
     vertex  1.402578e+02  8.836998e+00  7.980000e+00
     vertex  1.402540e+02  8.883482e+00  5.980000e+00
     vertex  1.402540e+02  8.883482e+00  7.980000e+00
   endloop
 endfacet
 facet normal  9.966142e-01  8.221955e-02  0.000000e+00
   outer loop
     vertex  1.402578e+02  8.836998e+00  7.980000e+00
     vertex  1.402578e+02  8.836998e+00  5.980000e+00
     vertex  1.402540e+02  8.883482e+00  5.980000e+00
   endloop
 endfacet
 facet normal  9.939835e-01  1.095298e-01  0.000000e+00
   outer loop
     vertex  1.402578e+02  8.836998e+00  7.980000e+00
     vertex  1.402629e+02  8.790636e+00  5.980000e+00
     vertex  1.402578e+02  8.836998e+00  5.980000e+00
   endloop
 endfacet
 facet normal  9.939835e-01  1.095298e-01  0.000000e+00
   outer loop
     vertex  1.402629e+02  8.790636e+00  7.980000e+00
     vertex  1.402629e+02  8.790636e+00  5.980000e+00
     vertex  1.402578e+02  8.836998e+00  7.980000e+00
   endloop
 endfacet
 facet normal  9.906046e-01  1.367575e-01  0.000000e+00
   outer loop
     vertex  1.402693e+02  8.744432e+00  7.980000e+00
     vertex  1.402629e+02  8.790636e+00  5.980000e+00
     vertex  1.402629e+02  8.790636e+00  7.980000e+00
   endloop
 endfacet
 facet normal  9.906046e-01  1.367575e-01  0.000000e+00
   outer loop
     vertex  1.402693e+02  8.744432e+00  7.980000e+00
     vertex  1.402693e+02  8.744432e+00  5.980000e+00
     vertex  1.402629e+02  8.790636e+00  5.980000e+00
   endloop
 endfacet
 facet normal  9.864799e-01  1.638824e-01  0.000000e+00
   outer loop
     vertex  1.402770e+02  8.698420e+00  7.980000e+00
     vertex  1.402693e+02  8.744432e+00  5.980000e+00
     vertex  1.402693e+02  8.744432e+00  7.980000e+00
   endloop
 endfacet
 facet normal  9.864799e-01  1.638824e-01  0.000000e+00
   outer loop
     vertex  1.402770e+02  8.698420e+00  7.980000e+00
     vertex  1.402770e+02  8.698420e+00  5.980000e+00
     vertex  1.402693e+02  8.744432e+00  5.980000e+00
   endloop
 endfacet
 facet normal  9.816126e-01  1.908838e-01  0.000000e+00
   outer loop
     vertex  1.402770e+02  8.698420e+00  7.980000e+00
     vertex  1.402859e+02  8.652636e+00  5.980000e+00
     vertex  1.402770e+02  8.698420e+00  5.980000e+00
   endloop
 endfacet
 facet normal  9.816126e-01  1.908838e-01  0.000000e+00
   outer loop
     vertex  1.402859e+02  8.652636e+00  7.980000e+00
     vertex  1.402859e+02  8.652636e+00  5.980000e+00
     vertex  1.402770e+02  8.698420e+00  7.980000e+00
   endloop
 endfacet
 facet normal  9.760065e-01  2.177416e-01  0.000000e+00
   outer loop
     vertex  1.402960e+02  8.607113e+00  7.980000e+00
     vertex  1.402859e+02  8.652636e+00  5.980000e+00
     vertex  1.402859e+02  8.652636e+00  7.980000e+00
   endloop
 endfacet
 facet normal  9.760065e-01  2.177416e-01  0.000000e+00
   outer loop
     vertex  1.402960e+02  8.607113e+00  7.980000e+00
     vertex  1.402960e+02  8.607113e+00  5.980000e+00
     vertex  1.402859e+02  8.652636e+00  5.980000e+00
   endloop
 endfacet
 facet normal  9.696656e-01  2.444354e-01  0.000000e+00
   outer loop
     vertex  1.403074e+02  8.561885e+00  7.980000e+00
     vertex  1.403074e+02  8.561885e+00  5.980000e+00
     vertex  1.402960e+02  8.607113e+00  5.980000e+00
   endloop
 endfacet
 facet normal  9.696656e-01  2.444354e-01  0.000000e+00
   outer loop
     vertex  1.403074e+02  8.561885e+00  7.980000e+00
     vertex  1.402960e+02  8.607113e+00  5.980000e+00
     vertex  1.402960e+02  8.607113e+00  7.980000e+00
   endloop
 endfacet
 facet normal  9.625948e-01  2.709453e-01  0.000000e+00
   outer loop
     vertex  1.403201e+02  8.516988e+00  7.980000e+00
     vertex  1.403201e+02  8.516988e+00  5.980000e+00
     vertex  1.403074e+02  8.561885e+00  5.980000e+00
   endloop
 endfacet
 facet normal  9.625948e-01  2.709453e-01  0.000000e+00
   outer loop
     vertex  1.403201e+02  8.516988e+00  7.980000e+00
     vertex  1.403074e+02  8.561885e+00  5.980000e+00
     vertex  1.403074e+02  8.561885e+00  7.980000e+00
   endloop
 endfacet
 facet normal  9.547993e-01  2.972512e-01  0.000000e+00
   outer loop
     vertex  1.403339e+02  8.472454e+00  7.980000e+00
     vertex  1.403339e+02  8.472454e+00  5.980000e+00
     vertex  1.403201e+02  8.516988e+00  5.980000e+00
   endloop
 endfacet
 facet normal  9.547993e-01  2.972512e-01  0.000000e+00
   outer loop
     vertex  1.403339e+02  8.472454e+00  7.980000e+00
     vertex  1.403201e+02  8.516988e+00  5.980000e+00
     vertex  1.403201e+02  8.516988e+00  7.980000e+00
   endloop
 endfacet
 facet normal  9.462851e-01  3.233333e-01  0.000000e+00
   outer loop
     vertex  1.403490e+02  8.428317e+00  7.980000e+00
     vertex  1.403490e+02  8.428317e+00  5.980000e+00
     vertex  1.403339e+02  8.472454e+00  5.980000e+00
   endloop
 endfacet
 facet normal  9.462851e-01  3.233333e-01  0.000000e+00
   outer loop
     vertex  1.403490e+02  8.428317e+00  7.980000e+00
     vertex  1.403339e+02  8.472454e+00  5.980000e+00
     vertex  1.403339e+02  8.472454e+00  7.980000e+00
   endloop
 endfacet
 facet normal  9.370586e-01  3.491720e-01  0.000000e+00
   outer loop
     vertex  1.403653e+02  8.384610e+00  7.980000e+00
     vertex  1.403653e+02  8.384610e+00  5.980000e+00
     vertex  1.403490e+02  8.428317e+00  5.980000e+00
   endloop
 endfacet
 facet normal  9.271267e-01  3.747479e-01  0.000000e+00
   outer loop
     vertex  1.403653e+02  8.384610e+00  7.980000e+00
     vertex  1.403828e+02  8.341367e+00  5.980000e+00
     vertex  1.403653e+02  8.384610e+00  5.980000e+00
   endloop
 endfacet
 facet normal  9.370586e-01  3.491720e-01  0.000000e+00
   outer loop
     vertex  1.403653e+02  8.384610e+00  7.980000e+00
     vertex  1.403490e+02  8.428317e+00  5.980000e+00
     vertex  1.403490e+02  8.428317e+00  7.980000e+00
   endloop
 endfacet
 facet normal  9.271267e-01  3.747479e-01  0.000000e+00
   outer loop
     vertex  1.403828e+02  8.341367e+00  7.980000e+00
     vertex  1.403828e+02  8.341367e+00  5.980000e+00
     vertex  1.403653e+02  8.384610e+00  7.980000e+00
   endloop
 endfacet
 facet normal  9.164969e-01  4.000417e-01  0.000000e+00
   outer loop
     vertex  1.404014e+02  8.298619e+00  7.980000e+00
     vertex  1.404014e+02  8.298619e+00  5.980000e+00
     vertex  1.403828e+02  8.341367e+00  5.980000e+00
   endloop
 endfacet
 facet normal  9.164969e-01  4.000417e-01  0.000000e+00
   outer loop
     vertex  1.404014e+02  8.298619e+00  7.980000e+00
     vertex  1.403828e+02  8.341367e+00  5.980000e+00
     vertex  1.403828e+02  8.341367e+00  7.980000e+00
   endloop
 endfacet
 facet normal  9.051772e-01  4.250344e-01  0.000000e+00
   outer loop
     vertex  1.404213e+02  8.256400e+00  7.980000e+00
     vertex  1.404213e+02  8.256400e+00  5.980000e+00
     vertex  1.404014e+02  8.298619e+00  5.980000e+00
   endloop
 endfacet
 facet normal  9.051772e-01  4.250344e-01  0.000000e+00
   outer loop
     vertex  1.404213e+02  8.256400e+00  7.980000e+00
     vertex  1.404014e+02  8.298619e+00  5.980000e+00
     vertex  1.404014e+02  8.298619e+00  7.980000e+00
   endloop
 endfacet
 facet normal  8.931761e-01  4.497071e-01  0.000000e+00
   outer loop
     vertex  1.404422e+02  8.214740e+00  7.980000e+00
     vertex  1.404422e+02  8.214740e+00  5.980000e+00
     vertex  1.404213e+02  8.256400e+00  5.980000e+00
   endloop
 endfacet
 facet normal  8.931761e-01  4.497071e-01  0.000000e+00
   outer loop
     vertex  1.404422e+02  8.214740e+00  7.980000e+00
     vertex  1.404213e+02  8.256400e+00  5.980000e+00
     vertex  1.404213e+02  8.256400e+00  7.980000e+00
   endloop
 endfacet
 facet normal  8.805026e-01  4.740412e-01  0.000000e+00
   outer loop
     vertex  1.404643e+02  8.173671e+00  7.980000e+00
     vertex  1.404643e+02  8.173671e+00  5.980000e+00
     vertex  1.404422e+02  8.214740e+00  5.980000e+00
   endloop
 endfacet
 facet normal  8.671664e-01  4.980186e-01  0.000000e+00
   outer loop
     vertex  1.404643e+02  8.173671e+00  7.980000e+00
     vertex  1.404876e+02  8.133225e+00  5.980000e+00
     vertex  1.404643e+02  8.173671e+00  5.980000e+00
   endloop
 endfacet
 facet normal  8.805026e-01  4.740412e-01  0.000000e+00
   outer loop
     vertex  1.404643e+02  8.173671e+00  7.980000e+00
     vertex  1.404422e+02  8.214740e+00  5.980000e+00
     vertex  1.404422e+02  8.214740e+00  7.980000e+00
   endloop
 endfacet
 facet normal  8.531773e-01  5.216210e-01  0.000000e+00
   outer loop
     vertex  1.404876e+02  8.133225e+00  7.980000e+00
     vertex  1.405119e+02  8.093431e+00  5.980000e+00
     vertex  1.404876e+02  8.133225e+00  5.980000e+00
   endloop
 endfacet
 facet normal  8.671664e-01  4.980186e-01  0.000000e+00
   outer loop
     vertex  1.404876e+02  8.133225e+00  7.980000e+00
     vertex  1.404876e+02  8.133225e+00  5.980000e+00
     vertex  1.404643e+02  8.173671e+00  7.980000e+00
   endloop
 endfacet
 facet normal  8.531773e-01  5.216210e-01  0.000000e+00
   outer loop
     vertex  1.405119e+02  8.093431e+00  7.980000e+00
     vertex  1.405119e+02  8.093431e+00  5.980000e+00
     vertex  1.404876e+02  8.133225e+00  7.980000e+00
   endloop
 endfacet
 facet normal  8.385460e-01  5.448308e-01  0.000000e+00
   outer loop
     vertex  1.405373e+02  8.054319e+00  7.980000e+00
     vertex  1.405119e+02  8.093431e+00  5.980000e+00
     vertex  1.405119e+02  8.093431e+00  7.980000e+00
   endloop
 endfacet
 facet normal  8.385460e-01  5.448308e-01  0.000000e+00
   outer loop
     vertex  1.405373e+02  8.054319e+00  7.980000e+00
     vertex  1.405373e+02  8.054319e+00  5.980000e+00
     vertex  1.405119e+02  8.093431e+00  5.980000e+00
   endloop
 endfacet
 facet normal  8.232835e-01  5.676304e-01  0.000000e+00
   outer loop
     vertex  1.405373e+02  8.054319e+00  7.980000e+00
     vertex  1.405638e+02  8.015919e+00  5.980000e+00
     vertex  1.405373e+02  8.054319e+00  5.980000e+00
   endloop
 endfacet
 facet normal  8.232835e-01  5.676304e-01  0.000000e+00
   outer loop
     vertex  1.405638e+02  8.015919e+00  7.980000e+00
     vertex  1.405638e+02  8.015919e+00  5.980000e+00
     vertex  1.405373e+02  8.054319e+00  7.980000e+00
   endloop
 endfacet
 facet normal  8.074012e-01  5.900028e-01  0.000000e+00
   outer loop
     vertex  1.405913e+02  7.978260e+00  7.980000e+00
     vertex  1.405638e+02  8.015919e+00  5.980000e+00
     vertex  1.405638e+02  8.015919e+00  7.980000e+00
   endloop
 endfacet
 facet normal  8.074012e-01  5.900028e-01  0.000000e+00
   outer loop
     vertex  1.405913e+02  7.978260e+00  7.980000e+00
     vertex  1.405913e+02  7.978260e+00  5.980000e+00
     vertex  1.405638e+02  8.015919e+00  5.980000e+00
   endloop
 endfacet
 facet normal  7.909112e-01  6.119310e-01  0.000000e+00
   outer loop
     vertex  1.405913e+02  7.978260e+00  7.980000e+00
     vertex  1.406198e+02  7.941370e+00  5.980000e+00
     vertex  1.405913e+02  7.978260e+00  5.980000e+00
   endloop
 endfacet
 facet normal  7.909112e-01  6.119310e-01  0.000000e+00
   outer loop
     vertex  1.406198e+02  7.941370e+00  7.980000e+00
     vertex  1.406198e+02  7.941370e+00  5.980000e+00
     vertex  1.405913e+02  7.978260e+00  7.980000e+00
   endloop
 endfacet
 facet normal  7.738257e-01  6.333986e-01  0.000000e+00
   outer loop
     vertex  1.406494e+02  7.905277e+00  7.980000e+00
     vertex  1.406198e+02  7.941370e+00  5.980000e+00
     vertex  1.406198e+02  7.941370e+00  7.980000e+00
   endloop
 endfacet
 facet normal  7.738257e-01  6.333986e-01  0.000000e+00
   outer loop
     vertex  1.406494e+02  7.905277e+00  7.980000e+00
     vertex  1.406494e+02  7.905277e+00  5.980000e+00
     vertex  1.406198e+02  7.941370e+00  5.980000e+00
   endloop
 endfacet
 facet normal  7.561578e-01  6.543893e-01  0.000000e+00
   outer loop
     vertex  1.406494e+02  7.905277e+00  7.980000e+00
     vertex  1.406799e+02  7.870008e+00  5.980000e+00
     vertex  1.406494e+02  7.905277e+00  5.980000e+00
   endloop
 endfacet
 facet normal  7.561578e-01  6.543893e-01  0.000000e+00
   outer loop
     vertex  1.406799e+02  7.870008e+00  7.980000e+00
     vertex  1.406799e+02  7.870008e+00  5.980000e+00
     vertex  1.406494e+02  7.905277e+00  7.980000e+00
   endloop
 endfacet
 facet normal  7.379206e-01  6.748875e-01  0.000000e+00
   outer loop
     vertex  1.407114e+02  7.835590e+00  7.980000e+00
     vertex  1.406799e+02  7.870008e+00  5.980000e+00
     vertex  1.406799e+02  7.870008e+00  7.980000e+00
   endloop
 endfacet
 facet normal  7.379206e-01  6.748875e-01  0.000000e+00
   outer loop
     vertex  1.407114e+02  7.835590e+00  7.980000e+00
     vertex  1.407114e+02  7.835590e+00  5.980000e+00
     vertex  1.406799e+02  7.870008e+00  5.980000e+00
   endloop
 endfacet
 facet normal  7.191280e-01  6.948776e-01  0.000000e+00
   outer loop
     vertex  1.407438e+02  7.802048e+00  7.980000e+00
     vertex  1.407114e+02  7.835590e+00  5.980000e+00
     vertex  1.407114e+02  7.835590e+00  7.980000e+00
   endloop
 endfacet
 facet normal  7.191280e-01  6.948776e-01  0.000000e+00
   outer loop
     vertex  1.407438e+02  7.802048e+00  7.980000e+00
     vertex  1.407438e+02  7.802048e+00  5.980000e+00
     vertex  1.407114e+02  7.835590e+00  5.980000e+00
   endloop
 endfacet
 facet normal  6.997940e-01  7.143447e-01  0.000000e+00
   outer loop
     vertex  1.407771e+02  7.769408e+00  7.980000e+00
     vertex  1.407438e+02  7.802048e+00  5.980000e+00
     vertex  1.407438e+02  7.802048e+00  7.980000e+00
   endloop
 endfacet
 facet normal  6.997940e-01  7.143447e-01  0.000000e+00
   outer loop
     vertex  1.407771e+02  7.769408e+00  7.980000e+00
     vertex  1.407771e+02  7.769408e+00  5.980000e+00
     vertex  1.407438e+02  7.802048e+00  5.980000e+00
   endloop
 endfacet
 facet normal  6.799333e-01  7.332740e-01  0.000000e+00
   outer loop
     vertex  1.408113e+02  7.737695e+00  7.980000e+00
     vertex  1.407771e+02  7.769408e+00  5.980000e+00
     vertex  1.407771e+02  7.769408e+00  7.980000e+00
   endloop
 endfacet
 facet normal  6.799333e-01  7.332740e-01  0.000000e+00
   outer loop
     vertex  1.408113e+02  7.737695e+00  7.980000e+00
     vertex  1.408113e+02  7.737695e+00  5.980000e+00
     vertex  1.407771e+02  7.769408e+00  5.980000e+00
   endloop
 endfacet
 facet normal  6.595607e-01  7.516513e-01  0.000000e+00
   outer loop
     vertex  1.408113e+02  7.737695e+00  7.980000e+00
     vertex  1.408464e+02  7.706931e+00  5.980000e+00
     vertex  1.408113e+02  7.737695e+00  5.980000e+00
   endloop
 endfacet
 facet normal  6.595607e-01  7.516513e-01  0.000000e+00
   outer loop
     vertex  1.408464e+02  7.706931e+00  7.980000e+00
     vertex  1.408464e+02  7.706931e+00  5.980000e+00
     vertex  1.408113e+02  7.737695e+00  7.980000e+00
   endloop
 endfacet
 facet normal  6.386916e-01  7.694628e-01  0.000000e+00
   outer loop
     vertex  1.408823e+02  7.677141e+00  7.980000e+00
     vertex  1.408464e+02  7.706931e+00  5.980000e+00
     vertex  1.408464e+02  7.706931e+00  7.980000e+00
   endloop
 endfacet
 facet normal  6.386916e-01  7.694628e-01  0.000000e+00
   outer loop
     vertex  1.408823e+02  7.677141e+00  7.980000e+00
     vertex  1.408823e+02  7.677141e+00  5.980000e+00
     vertex  1.408464e+02  7.706931e+00  5.980000e+00
   endloop
 endfacet
 facet normal  6.173417e-01  7.866951e-01  0.000000e+00
   outer loop
     vertex  1.408823e+02  7.677141e+00  7.980000e+00
     vertex  1.409190e+02  7.648347e+00  5.980000e+00
     vertex  1.408823e+02  7.677141e+00  5.980000e+00
   endloop
 endfacet
 facet normal  6.173417e-01  7.866951e-01  0.000000e+00
   outer loop
     vertex  1.409190e+02  7.648347e+00  7.980000e+00
     vertex  1.409190e+02  7.648347e+00  5.980000e+00
     vertex  1.408823e+02  7.677141e+00  7.980000e+00
   endloop
 endfacet
 facet normal  5.955271e-01  8.033352e-01  0.000000e+00
   outer loop
     vertex  1.409564e+02  7.620570e+00  7.980000e+00
     vertex  1.409190e+02  7.648347e+00  5.980000e+00
     vertex  1.409190e+02  7.648347e+00  7.980000e+00
   endloop
 endfacet
 facet normal  5.955271e-01  8.033352e-01  0.000000e+00
   outer loop
     vertex  1.409564e+02  7.620570e+00  7.980000e+00
     vertex  1.409564e+02  7.620570e+00  5.980000e+00
     vertex  1.409190e+02  7.648347e+00  5.980000e+00
   endloop
 endfacet
 facet normal  5.732642e-01  8.193706e-01  0.000000e+00
   outer loop
     vertex  1.409947e+02  7.593832e+00  7.980000e+00
     vertex  1.409564e+02  7.620570e+00  5.980000e+00
     vertex  1.409564e+02  7.620570e+00  7.980000e+00
   endloop
 endfacet
 facet normal  5.732642e-01  8.193706e-01  0.000000e+00
   outer loop
     vertex  1.409947e+02  7.593832e+00  7.980000e+00
     vertex  1.409947e+02  7.593832e+00  5.980000e+00
     vertex  1.409564e+02  7.620570e+00  5.980000e+00
   endloop
 endfacet
 facet normal  5.505698e-01  8.347891e-01  0.000000e+00
   outer loop
     vertex  1.410336e+02  7.568152e+00  7.980000e+00
     vertex  1.409947e+02  7.593832e+00  5.980000e+00
     vertex  1.409947e+02  7.593832e+00  7.980000e+00
   endloop
 endfacet
 facet normal  5.505698e-01  8.347891e-01  0.000000e+00
   outer loop
     vertex  1.410336e+02  7.568152e+00  7.980000e+00
     vertex  1.410336e+02  7.568152e+00  5.980000e+00
     vertex  1.409947e+02  7.593832e+00  5.980000e+00
   endloop
 endfacet
 facet normal  5.274609e-01  8.495793e-01  0.000000e+00
   outer loop
     vertex  1.410336e+02  7.568152e+00  7.980000e+00
     vertex  1.410732e+02  7.543550e+00  5.980000e+00
     vertex  1.410336e+02  7.568152e+00  5.980000e+00
   endloop
 endfacet
 facet normal  5.274609e-01  8.495793e-01  0.000000e+00
   outer loop
     vertex  1.410732e+02  7.543550e+00  7.980000e+00
     vertex  1.410732e+02  7.543550e+00  5.980000e+00
     vertex  1.410336e+02  7.568152e+00  7.980000e+00
   endloop
 endfacet
 facet normal  5.039550e-01  8.637299e-01  0.000000e+00
   outer loop
     vertex  1.411135e+02  7.520045e+00  7.980000e+00
     vertex  1.410732e+02  7.543550e+00  5.980000e+00
     vertex  1.410732e+02  7.543550e+00  7.980000e+00
   endloop
 endfacet
 facet normal  5.039550e-01  8.637299e-01  0.000000e+00
   outer loop
     vertex  1.411135e+02  7.520045e+00  7.980000e+00
     vertex  1.411135e+02  7.520045e+00  5.980000e+00
     vertex  1.410732e+02  7.543550e+00  5.980000e+00
   endloop
 endfacet
 facet normal  4.800697e-01  8.772303e-01  0.000000e+00
   outer loop
     vertex  1.411135e+02  7.520045e+00  7.980000e+00
     vertex  1.411544e+02  7.497653e+00  5.980000e+00
     vertex  1.411135e+02  7.520045e+00  5.980000e+00
   endloop
 endfacet
 facet normal  4.800697e-01  8.772303e-01  0.000000e+00
   outer loop
     vertex  1.411544e+02  7.497653e+00  7.980000e+00
     vertex  1.411544e+02  7.497653e+00  5.980000e+00
     vertex  1.411135e+02  7.520045e+00  7.980000e+00
   endloop
 endfacet
 facet normal  4.558231e-01  8.900704e-01  0.000000e+00
   outer loop
     vertex  1.411959e+02  7.476392e+00  7.980000e+00
     vertex  1.411544e+02  7.497653e+00  5.980000e+00
     vertex  1.411544e+02  7.497653e+00  7.980000e+00
   endloop
 endfacet
 facet normal  4.558231e-01  8.900704e-01  0.000000e+00
   outer loop
     vertex  1.411959e+02  7.476392e+00  7.980000e+00
     vertex  1.411959e+02  7.476392e+00  5.980000e+00
     vertex  1.411544e+02  7.497653e+00  5.980000e+00
   endloop
 endfacet
 facet normal  4.312333e-01  9.022405e-01  0.000000e+00
   outer loop
     vertex  1.412380e+02  7.456279e+00  7.980000e+00
     vertex  1.411959e+02  7.476392e+00  5.980000e+00
     vertex  1.411959e+02  7.476392e+00  7.980000e+00
   endloop
 endfacet
 facet normal  4.312333e-01  9.022405e-01  0.000000e+00
   outer loop
     vertex  1.412380e+02  7.456279e+00  7.980000e+00
     vertex  1.412380e+02  7.456279e+00  5.980000e+00
     vertex  1.411959e+02  7.476392e+00  5.980000e+00
   endloop
 endfacet
 facet normal  4.063188e-01  9.137314e-01  0.000000e+00
   outer loop
     vertex  1.412380e+02  7.456279e+00  7.980000e+00
     vertex  1.412806e+02  7.437327e+00  5.980000e+00
     vertex  1.412380e+02  7.456279e+00  5.980000e+00
   endloop
 endfacet
 facet normal  4.063188e-01  9.137314e-01  0.000000e+00
   outer loop
     vertex  1.412806e+02  7.437327e+00  7.980000e+00
     vertex  1.412806e+02  7.437327e+00  5.980000e+00
     vertex  1.412380e+02  7.456279e+00  7.980000e+00
   endloop
 endfacet
 facet normal  3.810986e-01  9.245344e-01  0.000000e+00
   outer loop
     vertex  1.413238e+02  7.419552e+00  7.980000e+00
     vertex  1.413238e+02  7.419552e+00  5.980000e+00
     vertex  1.412806e+02  7.437327e+00  5.980000e+00
   endloop
 endfacet
 facet normal  3.810986e-01  9.245344e-01  0.000000e+00
   outer loop
     vertex  1.413238e+02  7.419552e+00  7.980000e+00
     vertex  1.412806e+02  7.437327e+00  5.980000e+00
     vertex  1.412806e+02  7.437327e+00  7.980000e+00
   endloop
 endfacet
 facet normal  3.555914e-01  9.346415e-01  0.000000e+00
   outer loop
     vertex  1.413673e+02  7.402966e+00  7.980000e+00
     vertex  1.413673e+02  7.402966e+00  5.980000e+00
     vertex  1.413238e+02  7.419552e+00  5.980000e+00
   endloop
 endfacet
 facet normal  3.555914e-01  9.346415e-01  0.000000e+00
   outer loop
     vertex  1.413673e+02  7.402966e+00  7.980000e+00
     vertex  1.413238e+02  7.419552e+00  5.980000e+00
     vertex  1.413238e+02  7.419552e+00  7.980000e+00
   endloop
 endfacet
 facet normal  3.298166e-01  9.440450e-01  0.000000e+00
   outer loop
     vertex  1.414114e+02  7.387583e+00  7.980000e+00
     vertex  1.414114e+02  7.387583e+00  5.980000e+00
     vertex  1.413673e+02  7.402966e+00  5.980000e+00
   endloop
 endfacet
 facet normal  3.298166e-01  9.440450e-01  0.000000e+00
   outer loop
     vertex  1.414114e+02  7.387583e+00  7.980000e+00
     vertex  1.413673e+02  7.402966e+00  5.980000e+00
     vertex  1.413673e+02  7.402966e+00  7.980000e+00
   endloop
 endfacet
 facet normal  3.037934e-01  9.527379e-01  0.000000e+00
   outer loop
     vertex  1.414558e+02  7.373413e+00  7.980000e+00
     vertex  1.414558e+02  7.373413e+00  5.980000e+00
     vertex  1.414114e+02  7.387583e+00  5.980000e+00
   endloop
 endfacet
 facet normal  2.775416e-01  9.607136e-01  0.000000e+00
   outer loop
     vertex  1.414558e+02  7.373413e+00  7.980000e+00
     vertex  1.415006e+02  7.360468e+00  5.980000e+00
     vertex  1.414558e+02  7.373413e+00  5.980000e+00
   endloop
 endfacet
 facet normal  3.037934e-01  9.527379e-01  0.000000e+00
   outer loop
     vertex  1.414558e+02  7.373413e+00  7.980000e+00
     vertex  1.414114e+02  7.387583e+00  5.980000e+00
     vertex  1.414114e+02  7.387583e+00  7.980000e+00
   endloop
 endfacet
 facet normal  2.775416e-01  9.607136e-01  0.000000e+00
   outer loop
     vertex  1.415006e+02  7.360468e+00  7.980000e+00
     vertex  1.415006e+02  7.360468e+00  5.980000e+00
     vertex  1.414558e+02  7.373413e+00  7.980000e+00
   endloop
 endfacet
 facet normal  2.510809e-01  9.679661e-01  0.000000e+00
   outer loop
     vertex  1.415458e+02  7.348757e+00  7.980000e+00
     vertex  1.415006e+02  7.360468e+00  5.980000e+00
     vertex  1.415006e+02  7.360468e+00  7.980000e+00
   endloop
 endfacet
 facet normal  2.510809e-01  9.679661e-01  0.000000e+00
   outer loop
     vertex  1.415458e+02  7.348757e+00  7.980000e+00
     vertex  1.415458e+02  7.348757e+00  5.980000e+00
     vertex  1.415006e+02  7.360468e+00  5.980000e+00
   endloop
 endfacet
 facet normal  2.244312e-01  9.744899e-01  0.000000e+00
   outer loop
     vertex  1.415458e+02  7.348757e+00  7.980000e+00
     vertex  1.415912e+02  7.338289e+00  5.980000e+00
     vertex  1.415458e+02  7.348757e+00  5.980000e+00
   endloop
 endfacet
 facet normal  2.244312e-01  9.744899e-01  0.000000e+00
   outer loop
     vertex  1.415912e+02  7.338289e+00  7.980000e+00
     vertex  1.415912e+02  7.338289e+00  5.980000e+00
     vertex  1.415458e+02  7.348757e+00  7.980000e+00
   endloop
 endfacet
 facet normal  1.976125e-01  9.802802e-01  0.000000e+00
   outer loop
     vertex  1.416370e+02  7.329072e+00  7.980000e+00
     vertex  1.415912e+02  7.338289e+00  5.980000e+00
     vertex  1.415912e+02  7.338289e+00  7.980000e+00
   endloop
 endfacet
 facet normal  1.976125e-01  9.802802e-01  0.000000e+00
   outer loop
     vertex  1.416370e+02  7.329072e+00  7.980000e+00
     vertex  1.416370e+02  7.329072e+00  5.980000e+00
     vertex  1.415912e+02  7.338289e+00  5.980000e+00
   endloop
 endfacet
 facet normal  1.706451e-01  9.853326e-01  0.000000e+00
   outer loop
     vertex  1.416829e+02  7.321113e+00  7.980000e+00
     vertex  1.416370e+02  7.329072e+00  5.980000e+00
     vertex  1.416370e+02  7.329072e+00  7.980000e+00
   endloop
 endfacet
 facet normal  1.706451e-01  9.853326e-01  0.000000e+00
   outer loop
     vertex  1.416829e+02  7.321113e+00  7.980000e+00
     vertex  1.416829e+02  7.321113e+00  5.980000e+00
     vertex  1.416370e+02  7.329072e+00  5.980000e+00
   endloop
 endfacet
 facet normal  1.435492e-01  9.896432e-01  0.000000e+00
   outer loop
     vertex  1.416829e+02  7.321113e+00  7.980000e+00
     vertex  1.417291e+02  7.314417e+00  5.980000e+00
     vertex  1.416829e+02  7.321113e+00  5.980000e+00
   endloop
 endfacet
 facet normal  1.435492e-01  9.896432e-01  0.000000e+00
   outer loop
     vertex  1.417291e+02  7.314417e+00  7.980000e+00
     vertex  1.417291e+02  7.314417e+00  5.980000e+00
     vertex  1.416829e+02  7.321113e+00  7.980000e+00
   endloop
 endfacet
 facet normal  1.163452e-01  9.932088e-01  0.000000e+00
   outer loop
     vertex  1.417754e+02  7.308991e+00  7.980000e+00
     vertex  1.417291e+02  7.314417e+00  5.980000e+00
     vertex  1.417291e+02  7.314417e+00  7.980000e+00
   endloop
 endfacet
 facet normal  1.163452e-01  9.932088e-01  0.000000e+00
   outer loop
     vertex  1.417754e+02  7.308991e+00  7.980000e+00
     vertex  1.417754e+02  7.308991e+00  5.980000e+00
     vertex  1.417291e+02  7.314417e+00  5.980000e+00
   endloop
 endfacet
 facet normal  8.905371e-02  9.960268e-01  0.000000e+00
   outer loop
     vertex  1.418219e+02  7.304837e+00  7.980000e+00
     vertex  1.417754e+02  7.308991e+00  5.980000e+00
     vertex  1.417754e+02  7.308991e+00  7.980000e+00
   endloop
 endfacet
 facet normal  8.905371e-02  9.960268e-01  0.000000e+00
   outer loop
     vertex  1.418219e+02  7.304837e+00  7.980000e+00
     vertex  1.418219e+02  7.304837e+00  5.980000e+00
     vertex  1.417754e+02  7.308991e+00  5.980000e+00
   endloop
 endfacet
 facet normal  6.169515e-02  9.980950e-01  0.000000e+00
   outer loop
     vertex  1.418684e+02  7.301959e+00  7.980000e+00
     vertex  1.418219e+02  7.304837e+00  5.980000e+00
     vertex  1.418219e+02  7.304837e+00  7.980000e+00
   endloop
 endfacet
 facet normal  6.169515e-02  9.980950e-01  0.000000e+00
   outer loop
     vertex  1.418684e+02  7.301959e+00  7.980000e+00
     vertex  1.418684e+02  7.301959e+00  5.980000e+00
     vertex  1.418219e+02  7.304837e+00  5.980000e+00
   endloop
 endfacet
 facet normal  3.429014e-02  9.994119e-01  0.000000e+00
   outer loop
     vertex  1.419150e+02  7.300360e+00  7.980000e+00
     vertex  1.418684e+02  7.301959e+00  5.980000e+00
     vertex  1.418684e+02  7.301959e+00  7.980000e+00
   endloop
 endfacet
 facet normal  3.429014e-02  9.994119e-01  0.000000e+00
   outer loop
     vertex  1.419150e+02  7.300360e+00  7.980000e+00
     vertex  1.419150e+02  7.300360e+00  5.980000e+00
     vertex  1.418684e+02  7.301959e+00  5.980000e+00
   endloop
 endfacet
 facet normal  6.859319e-03  9.999765e-01  0.000000e+00
   outer loop
     vertex  1.419617e+02  7.300040e+00  7.980000e+00
     vertex  1.419150e+02  7.300360e+00  5.980000e+00
     vertex  1.419150e+02  7.300360e+00  7.980000e+00
   endloop
 endfacet
 facet normal  6.859319e-03  9.999765e-01  0.000000e+00
   outer loop
     vertex  1.419617e+02  7.300040e+00  7.980000e+00
     vertex  1.419617e+02  7.300040e+00  5.980000e+00
     vertex  1.419150e+02  7.300360e+00  5.980000e+00
   endloop
 endfacet
 facet normal -2.057667e-02  9.997883e-01  0.000000e+00
   outer loop
     vertex  1.420083e+02  7.301000e+00  7.980000e+00
     vertex  1.419617e+02  7.300040e+00  5.980000e+00
     vertex  1.419617e+02  7.300040e+00  7.980000e+00
   endloop
 endfacet
 facet normal -2.057667e-02  9.997883e-01  0.000000e+00
   outer loop
     vertex  1.420083e+02  7.301000e+00  7.980000e+00
     vertex  1.420083e+02  7.301000e+00  5.980000e+00
     vertex  1.419617e+02  7.300040e+00  5.980000e+00
   endloop
 endfacet
 facet normal -4.799716e-02  9.988475e-01  0.000000e+00
   outer loop
     vertex  1.420549e+02  7.303238e+00  7.980000e+00
     vertex  1.420549e+02  7.303238e+00  5.980000e+00
     vertex  1.420083e+02  7.301000e+00  5.980000e+00
   endloop
 endfacet
 facet normal -4.799716e-02  9.988475e-01  0.000000e+00
   outer loop
     vertex  1.420549e+02  7.303238e+00  7.980000e+00
     vertex  1.420083e+02  7.301000e+00  5.980000e+00
     vertex  1.420083e+02  7.301000e+00  7.980000e+00
   endloop
 endfacet
 facet normal -7.538152e-02  9.971548e-01  0.000000e+00
   outer loop
     vertex  1.421014e+02  7.306754e+00  7.980000e+00
     vertex  1.421014e+02  7.306754e+00  5.980000e+00
     vertex  1.420549e+02  7.303238e+00  5.980000e+00
   endloop
 endfacet
 facet normal -7.538152e-02  9.971548e-01  0.000000e+00
   outer loop
     vertex  1.421014e+02  7.306754e+00  7.980000e+00
     vertex  1.420549e+02  7.303238e+00  5.980000e+00
     vertex  1.420549e+02  7.303238e+00  7.980000e+00
   endloop
 endfacet
 facet normal -1.027091e-01  9.947114e-01  0.000000e+00
   outer loop
     vertex  1.421478e+02  7.311545e+00  7.980000e+00
     vertex  1.421478e+02  7.311545e+00  5.980000e+00
     vertex  1.421014e+02  7.306754e+00  5.980000e+00
   endloop
 endfacet
 facet normal -1.299594e-01  9.915193e-01  0.000000e+00
   outer loop
     vertex  1.421478e+02  7.311545e+00  7.980000e+00
     vertex  1.421940e+02  7.317607e+00  5.980000e+00
     vertex  1.421478e+02  7.311545e+00  5.980000e+00
   endloop
 endfacet
 facet normal -1.027091e-01  9.947114e-01  0.000000e+00
   outer loop
     vertex  1.421478e+02  7.311545e+00  7.980000e+00
     vertex  1.421014e+02  7.306754e+00  5.980000e+00
     vertex  1.421014e+02  7.306754e+00  7.980000e+00
   endloop
 endfacet
 facet normal -1.299594e-01  9.915193e-01  0.000000e+00
   outer loop
     vertex  1.421940e+02  7.317607e+00  7.980000e+00
     vertex  1.421940e+02  7.317607e+00  5.980000e+00
     vertex  1.421478e+02  7.311545e+00  7.980000e+00
   endloop
 endfacet
 facet normal -1.571119e-01  9.875808e-01  0.000000e+00
   outer loop
     vertex  1.422401e+02  7.324935e+00  7.980000e+00
     vertex  1.422401e+02  7.324935e+00  5.980000e+00
     vertex  1.421940e+02  7.317607e+00  5.980000e+00
   endloop
 endfacet
 facet normal -1.571119e-01  9.875808e-01  0.000000e+00
   outer loop
     vertex  1.422401e+02  7.324935e+00  7.980000e+00
     vertex  1.421940e+02  7.317607e+00  5.980000e+00
     vertex  1.421940e+02  7.317607e+00  7.980000e+00
   endloop
 endfacet
 facet normal -1.841461e-01  9.828989e-01  0.000000e+00
   outer loop
     vertex  1.422859e+02  7.333524e+00  7.980000e+00
     vertex  1.422859e+02  7.333524e+00  5.980000e+00
     vertex  1.422401e+02  7.324935e+00  5.980000e+00
   endloop
 endfacet
 facet normal -1.841461e-01  9.828989e-01  0.000000e+00
   outer loop
     vertex  1.422859e+02  7.333524e+00  7.980000e+00
     vertex  1.422401e+02  7.324935e+00  5.980000e+00
     vertex  1.422401e+02  7.324935e+00  7.980000e+00
   endloop
 endfacet
 facet normal -2.110417e-01  9.774771e-01  0.000000e+00
   outer loop
     vertex  1.423315e+02  7.343367e+00  7.980000e+00
     vertex  1.423315e+02  7.343367e+00  5.980000e+00
     vertex  1.422859e+02  7.333524e+00  5.980000e+00
   endloop
 endfacet
 facet normal -2.110417e-01  9.774771e-01  0.000000e+00
   outer loop
     vertex  1.423315e+02  7.343367e+00  7.980000e+00
     vertex  1.422859e+02  7.333524e+00  5.980000e+00
     vertex  1.422859e+02  7.333524e+00  7.980000e+00
   endloop
 endfacet
 facet normal -2.377784e-01  9.713194e-01  0.000000e+00
   outer loop
     vertex  1.423768e+02  7.354458e+00  7.980000e+00
     vertex  1.423768e+02  7.354458e+00  5.980000e+00
     vertex  1.423315e+02  7.343367e+00  5.980000e+00
   endloop
 endfacet
 facet normal -2.643362e-01  9.644306e-01  0.000000e+00
   outer loop
     vertex  1.423768e+02  7.354458e+00  7.980000e+00
     vertex  1.424218e+02  7.366787e+00  5.980000e+00
     vertex  1.423768e+02  7.354458e+00  5.980000e+00
   endloop
 endfacet
 facet normal -2.377784e-01  9.713194e-01  0.000000e+00
   outer loop
     vertex  1.423768e+02  7.354458e+00  7.980000e+00
     vertex  1.423315e+02  7.343367e+00  5.980000e+00
     vertex  1.423315e+02  7.343367e+00  7.980000e+00
   endloop
 endfacet
 facet normal -2.643362e-01  9.644306e-01  0.000000e+00
   outer loop
     vertex  1.424218e+02  7.366787e+00  7.980000e+00
     vertex  1.424218e+02  7.366787e+00  5.980000e+00
     vertex  1.423768e+02  7.354458e+00  7.980000e+00
   endloop
 endfacet
 facet normal -2.906949e-01  9.568158e-01  0.000000e+00
   outer loop
     vertex  1.424664e+02  7.380346e+00  7.980000e+00
     vertex  1.424664e+02  7.380346e+00  5.980000e+00
     vertex  1.424218e+02  7.366787e+00  5.980000e+00
   endloop
 endfacet
 facet normal -2.906949e-01  9.568158e-01  0.000000e+00
   outer loop
     vertex  1.424664e+02  7.380346e+00  7.980000e+00
     vertex  1.424218e+02  7.366787e+00  5.980000e+00
     vertex  1.424218e+02  7.366787e+00  7.980000e+00
   endloop
 endfacet
 facet normal -3.168348e-01  9.484807e-01  0.000000e+00
   outer loop
     vertex  1.425107e+02  7.395123e+00  7.980000e+00
     vertex  1.425107e+02  7.395123e+00  5.980000e+00
     vertex  1.424664e+02  7.380346e+00  5.980000e+00
   endloop
 endfacet
 facet normal -3.168348e-01  9.484807e-01  0.000000e+00
   outer loop
     vertex  1.425107e+02  7.395123e+00  7.980000e+00
     vertex  1.424664e+02  7.380346e+00  5.980000e+00
     vertex  1.424664e+02  7.380346e+00  7.980000e+00
   endloop
 endfacet
 facet normal -3.427362e-01  9.394317e-01  0.000000e+00
   outer loop
     vertex  1.425545e+02  7.411109e+00  7.980000e+00
     vertex  1.425545e+02  7.411109e+00  5.980000e+00
     vertex  1.425107e+02  7.395123e+00  5.980000e+00
   endloop
 endfacet
 facet normal -3.427362e-01  9.394317e-01  0.000000e+00
   outer loop
     vertex  1.425545e+02  7.411109e+00  7.980000e+00
     vertex  1.425107e+02  7.395123e+00  5.980000e+00
     vertex  1.425107e+02  7.395123e+00  7.980000e+00
   endloop
 endfacet
 facet normal -3.683796e-01  9.296754e-01  0.000000e+00
   outer loop
     vertex  1.425979e+02  7.428291e+00  7.980000e+00
     vertex  1.425979e+02  7.428291e+00  5.980000e+00
     vertex  1.425545e+02  7.411109e+00  5.980000e+00
   endloop
 endfacet
 facet normal -3.683796e-01  9.296754e-01  0.000000e+00
   outer loop
     vertex  1.425979e+02  7.428291e+00  7.980000e+00
     vertex  1.425545e+02  7.411109e+00  5.980000e+00
     vertex  1.425545e+02  7.411109e+00  7.980000e+00
   endloop
 endfacet
 facet normal -3.937458e-01  9.192194e-01  0.000000e+00
   outer loop
     vertex  1.426407e+02  7.446657e+00  7.980000e+00
     vertex  1.425979e+02  7.428291e+00  5.980000e+00
     vertex  1.425979e+02  7.428291e+00  7.980000e+00
   endloop
 endfacet
 facet normal -3.937458e-01  9.192194e-01  0.000000e+00
   outer loop
     vertex  1.426407e+02  7.446657e+00  7.980000e+00
     vertex  1.426407e+02  7.446657e+00  5.980000e+00
     vertex  1.425979e+02  7.428291e+00  5.980000e+00
   endloop
 endfacet
 facet normal -4.188155e-01  9.080714e-01  0.000000e+00
   outer loop
     vertex  1.426831e+02  7.466191e+00  7.980000e+00
     vertex  1.426407e+02  7.446657e+00  5.980000e+00
     vertex  1.426407e+02  7.446657e+00  7.980000e+00
   endloop
 endfacet
 facet normal -4.188155e-01  9.080714e-01  0.000000e+00
   outer loop
     vertex  1.426831e+02  7.466191e+00  7.980000e+00
     vertex  1.426831e+02  7.466191e+00  5.980000e+00
     vertex  1.426407e+02  7.446657e+00  5.980000e+00
   endloop
 endfacet
 facet normal -4.435699e-01  8.962398e-01  0.000000e+00
   outer loop
     vertex  1.427249e+02  7.486880e+00  7.980000e+00
     vertex  1.426831e+02  7.466191e+00  5.980000e+00
     vertex  1.426831e+02  7.466191e+00  7.980000e+00
   endloop
 endfacet
 facet normal -4.435699e-01  8.962398e-01  0.000000e+00
   outer loop
     vertex  1.427249e+02  7.486880e+00  7.980000e+00
     vertex  1.427249e+02  7.486880e+00  5.980000e+00
     vertex  1.426831e+02  7.466191e+00  5.980000e+00
   endloop
 endfacet
 facet normal -4.679904e-01  8.837335e-01  0.000000e+00
   outer loop
     vertex  1.427661e+02  7.508708e+00  7.980000e+00
     vertex  1.427249e+02  7.486880e+00  5.980000e+00
     vertex  1.427249e+02  7.486880e+00  7.980000e+00
   endloop
 endfacet
 facet normal -4.679904e-01  8.837335e-01  0.000000e+00
   outer loop
     vertex  1.427661e+02  7.508708e+00  7.980000e+00
     vertex  1.427661e+02  7.508708e+00  5.980000e+00
     vertex  1.427249e+02  7.486880e+00  5.980000e+00
   endloop
 endfacet
 facet normal -4.920587e-01  8.705620e-01  0.000000e+00
   outer loop
     vertex  1.428067e+02  7.531659e+00  7.980000e+00
     vertex  1.428067e+02  7.531659e+00  5.980000e+00
     vertex  1.427661e+02  7.508708e+00  5.980000e+00
   endloop
 endfacet
 facet normal -4.920587e-01  8.705620e-01  0.000000e+00
   outer loop
     vertex  1.428067e+02  7.531659e+00  7.980000e+00
     vertex  1.427661e+02  7.508708e+00  5.980000e+00
     vertex  1.427661e+02  7.508708e+00  7.980000e+00
   endloop
 endfacet
 facet normal -5.157565e-01  8.567352e-01  0.000000e+00
   outer loop
     vertex  1.428467e+02  7.555715e+00  7.980000e+00
     vertex  1.428467e+02  7.555715e+00  5.980000e+00
     vertex  1.428067e+02  7.531659e+00  5.980000e+00
   endloop
 endfacet
 facet normal -5.157565e-01  8.567352e-01  0.000000e+00
   outer loop
     vertex  1.428467e+02  7.555715e+00  7.980000e+00
     vertex  1.428067e+02  7.531659e+00  5.980000e+00
     vertex  1.428067e+02  7.531659e+00  7.980000e+00
   endloop
 endfacet
 facet normal -5.390661e-01  8.422635e-01  0.000000e+00
   outer loop
     vertex  1.428860e+02  7.580858e+00  7.980000e+00
     vertex  1.428860e+02  7.580858e+00  5.980000e+00
     vertex  1.428467e+02  7.555715e+00  5.980000e+00
   endloop
 endfacet
 facet normal -5.390661e-01  8.422635e-01  0.000000e+00
   outer loop
     vertex  1.428860e+02  7.580858e+00  7.980000e+00
     vertex  1.428467e+02  7.555715e+00  5.980000e+00
     vertex  1.428467e+02  7.555715e+00  7.980000e+00
   endloop
 endfacet
 facet normal -5.619699e-01  8.271577e-01  0.000000e+00
   outer loop
     vertex  1.429245e+02  7.607070e+00  7.980000e+00
     vertex  1.429245e+02  7.607070e+00  5.980000e+00
     vertex  1.428860e+02  7.580858e+00  5.980000e+00
   endloop
 endfacet
 facet normal -5.844507e-01  8.114292e-01  0.000000e+00
   outer loop
     vertex  1.429245e+02  7.607070e+00  7.980000e+00
     vertex  1.429624e+02  7.634330e+00  5.980000e+00
     vertex  1.429245e+02  7.607070e+00  5.980000e+00
   endloop
 endfacet
 facet normal -5.619699e-01  8.271577e-01  0.000000e+00
   outer loop
     vertex  1.429245e+02  7.607070e+00  7.980000e+00
     vertex  1.428860e+02  7.580858e+00  5.980000e+00
     vertex  1.428860e+02  7.580858e+00  7.980000e+00
   endloop
 endfacet
 facet normal -5.844507e-01  8.114292e-01  0.000000e+00
   outer loop
     vertex  1.429624e+02  7.634330e+00  7.980000e+00
     vertex  1.429624e+02  7.634330e+00  5.980000e+00
     vertex  1.429245e+02  7.607070e+00  7.980000e+00
   endloop
 endfacet
 facet normal -6.064915e-01  7.950900e-01  0.000000e+00
   outer loop
     vertex  1.429995e+02  7.662618e+00  7.980000e+00
     vertex  1.429995e+02  7.662618e+00  5.980000e+00
     vertex  1.429624e+02  7.634330e+00  5.980000e+00
   endloop
 endfacet
 facet normal -6.280757e-01  7.781522e-01  0.000000e+00
   outer loop
     vertex  1.429995e+02  7.662618e+00  7.980000e+00
     vertex  1.430358e+02  7.691913e+00  5.980000e+00
     vertex  1.429995e+02  7.662618e+00  5.980000e+00
   endloop
 endfacet
 facet normal -6.064915e-01  7.950900e-01  0.000000e+00
   outer loop
     vertex  1.429995e+02  7.662618e+00  7.980000e+00
     vertex  1.429624e+02  7.634330e+00  5.980000e+00
     vertex  1.429624e+02  7.634330e+00  7.980000e+00
   endloop
 endfacet
 facet normal -6.280757e-01  7.781522e-01  0.000000e+00
   outer loop
     vertex  1.430358e+02  7.691913e+00  7.980000e+00
     vertex  1.430358e+02  7.691913e+00  5.980000e+00
     vertex  1.429995e+02  7.662618e+00  7.980000e+00
   endloop
 endfacet
 facet normal -6.491872e-01  7.606287e-01  0.000000e+00
   outer loop
     vertex  1.430713e+02  7.722193e+00  7.980000e+00
     vertex  1.430713e+02  7.722193e+00  5.980000e+00
     vertex  1.430358e+02  7.691913e+00  5.980000e+00
   endloop
 endfacet
 facet normal -6.491872e-01  7.606287e-01  0.000000e+00
   outer loop
     vertex  1.430713e+02  7.722193e+00  7.980000e+00
     vertex  1.430358e+02  7.691913e+00  5.980000e+00
     vertex  1.430358e+02  7.691913e+00  7.980000e+00
   endloop
 endfacet
 facet normal -6.698100e-01  7.425325e-01  0.000000e+00
   outer loop
     vertex  1.431059e+02  7.753434e+00  7.980000e+00
     vertex  1.431059e+02  7.753434e+00  5.980000e+00
     vertex  1.430713e+02  7.722193e+00  5.980000e+00
   endloop
 endfacet
 facet normal -6.899286e-01  7.238775e-01  0.000000e+00
   outer loop
     vertex  1.431059e+02  7.753434e+00  7.980000e+00
     vertex  1.431396e+02  7.785614e+00  5.980000e+00
     vertex  1.431059e+02  7.753434e+00  5.980000e+00
   endloop
 endfacet
 facet normal -6.698100e-01  7.425325e-01  0.000000e+00
   outer loop
     vertex  1.431059e+02  7.753434e+00  7.980000e+00
     vertex  1.430713e+02  7.722193e+00  5.980000e+00
     vertex  1.430713e+02  7.722193e+00  7.980000e+00
   endloop
 endfacet
 facet normal -6.899286e-01  7.238775e-01  0.000000e+00
   outer loop
     vertex  1.431396e+02  7.785614e+00  7.980000e+00
     vertex  1.431396e+02  7.785614e+00  5.980000e+00
     vertex  1.431059e+02  7.753434e+00  7.980000e+00
   endloop
 endfacet
 facet normal -7.095278e-01  7.046775e-01  0.000000e+00
   outer loop
     vertex  1.431725e+02  7.818708e+00  7.980000e+00
     vertex  1.431725e+02  7.818708e+00  5.980000e+00
     vertex  1.431396e+02  7.785614e+00  5.980000e+00
   endloop
 endfacet
 facet normal -7.095278e-01  7.046775e-01  0.000000e+00
   outer loop
     vertex  1.431725e+02  7.818708e+00  7.980000e+00
     vertex  1.431396e+02  7.785614e+00  5.980000e+00
     vertex  1.431396e+02  7.785614e+00  7.980000e+00
   endloop
 endfacet
 facet normal -7.285929e-01  6.849470e-01  0.000000e+00
   outer loop
     vertex  1.432045e+02  7.852691e+00  7.980000e+00
     vertex  1.432045e+02  7.852691e+00  5.980000e+00
     vertex  1.431725e+02  7.818708e+00  5.980000e+00
   endloop
 endfacet
 facet normal -7.471095e-01  6.647010e-01  0.000000e+00
   outer loop
     vertex  1.432045e+02  7.852691e+00  7.980000e+00
     vertex  1.432355e+02  7.887538e+00  5.980000e+00
     vertex  1.432045e+02  7.852691e+00  5.980000e+00
   endloop
 endfacet
 facet normal -7.285929e-01  6.849470e-01  0.000000e+00
   outer loop
     vertex  1.432045e+02  7.852691e+00  7.980000e+00
     vertex  1.431725e+02  7.818708e+00  5.980000e+00
     vertex  1.431725e+02  7.818708e+00  7.980000e+00
   endloop
 endfacet
 facet normal -7.471095e-01  6.647010e-01  0.000000e+00
   outer loop
     vertex  1.432355e+02  7.887538e+00  7.980000e+00
     vertex  1.432355e+02  7.887538e+00  5.980000e+00
     vertex  1.432045e+02  7.852691e+00  7.980000e+00
   endloop
 endfacet
 facet normal -7.650637e-01  6.439545e-01  0.000000e+00
   outer loop
     vertex  1.432655e+02  7.923222e+00  7.980000e+00
     vertex  1.432655e+02  7.923222e+00  5.980000e+00
     vertex  1.432355e+02  7.887538e+00  5.980000e+00
   endloop
 endfacet
 facet normal -7.650637e-01  6.439545e-01  0.000000e+00
   outer loop
     vertex  1.432655e+02  7.923222e+00  7.980000e+00
     vertex  1.432355e+02  7.887538e+00  5.980000e+00
     vertex  1.432355e+02  7.887538e+00  7.980000e+00
   endloop
 endfacet
 facet normal -7.824421e-01  6.227234e-01  0.000000e+00
   outer loop
     vertex  1.432945e+02  7.959717e+00  7.980000e+00
     vertex  1.432945e+02  7.959717e+00  5.980000e+00
     vertex  1.432655e+02  7.923222e+00  5.980000e+00
   endloop
 endfacet
 facet normal -7.824421e-01  6.227234e-01  0.000000e+00
   outer loop
     vertex  1.432945e+02  7.959717e+00  7.980000e+00
     vertex  1.432655e+02  7.923222e+00  5.980000e+00
     vertex  1.432655e+02  7.923222e+00  7.980000e+00
   endloop
 endfacet
 facet normal -7.992314e-01  6.010234e-01  0.000000e+00
   outer loop
     vertex  1.433226e+02  7.996995e+00  7.980000e+00
     vertex  1.433226e+02  7.996995e+00  5.980000e+00
     vertex  1.432945e+02  7.959717e+00  5.980000e+00
   endloop
 endfacet
 facet normal -7.992314e-01  6.010234e-01  0.000000e+00
   outer loop
     vertex  1.433226e+02  7.996995e+00  7.980000e+00
     vertex  1.432945e+02  7.959717e+00  5.980000e+00
     vertex  1.432945e+02  7.959717e+00  7.980000e+00
   endloop
 endfacet
 facet normal -8.154191e-01  5.788711e-01  0.000000e+00
   outer loop
     vertex  1.433496e+02  8.035028e+00  7.980000e+00
     vertex  1.433496e+02  8.035028e+00  5.980000e+00
     vertex  1.433226e+02  7.996995e+00  5.980000e+00
   endloop
 endfacet
 facet normal -8.154191e-01  5.788711e-01  0.000000e+00
   outer loop
     vertex  1.433496e+02  8.035028e+00  7.980000e+00
     vertex  1.433226e+02  7.996995e+00  5.980000e+00
     vertex  1.433226e+02  7.996995e+00  7.980000e+00
   endloop
 endfacet
 facet normal -8.309929e-01  5.562829e-01  0.000000e+00
   outer loop
     vertex  1.433755e+02  8.073788e+00  7.980000e+00
     vertex  1.433755e+02  8.073788e+00  5.980000e+00
     vertex  1.433496e+02  8.035028e+00  5.980000e+00
   endloop
 endfacet
 facet normal -8.309929e-01  5.562829e-01  0.000000e+00
   outer loop
     vertex  1.433755e+02  8.073788e+00  7.980000e+00
     vertex  1.433496e+02  8.035028e+00  5.980000e+00
     vertex  1.433496e+02  8.035028e+00  7.980000e+00
   endloop
 endfacet
 facet normal -8.459413e-01  5.332761e-01  0.000000e+00
   outer loop
     vertex  1.434004e+02  8.113244e+00  7.980000e+00
     vertex  1.434004e+02  8.113244e+00  5.980000e+00
     vertex  1.433755e+02  8.073788e+00  5.980000e+00
   endloop
 endfacet
 facet normal -8.459413e-01  5.332761e-01  0.000000e+00
   outer loop
     vertex  1.434004e+02  8.113244e+00  7.980000e+00
     vertex  1.433755e+02  8.073788e+00  5.980000e+00
     vertex  1.433755e+02  8.073788e+00  7.980000e+00
   endloop
 endfacet
 facet normal -8.602528e-01  5.098678e-01  0.000000e+00
   outer loop
     vertex  1.434242e+02  8.153368e+00  7.980000e+00
     vertex  1.434242e+02  8.153368e+00  5.980000e+00
     vertex  1.434004e+02  8.113244e+00  5.980000e+00
   endloop
 endfacet
 facet normal -8.602528e-01  5.098678e-01  0.000000e+00
   outer loop
     vertex  1.434242e+02  8.153368e+00  7.980000e+00
     vertex  1.434004e+02  8.113244e+00  5.980000e+00
     vertex  1.434004e+02  8.113244e+00  7.980000e+00
   endloop
 endfacet
 facet normal -8.739167e-01  4.860756e-01  0.000000e+00
   outer loop
     vertex  1.434469e+02  8.194130e+00  7.980000e+00
     vertex  1.434469e+02  8.194130e+00  5.980000e+00
     vertex  1.434242e+02  8.153368e+00  5.980000e+00
   endloop
 endfacet
 facet normal -8.869228e-01  4.619176e-01  0.000000e+00
   outer loop
     vertex  1.434469e+02  8.194130e+00  7.980000e+00
     vertex  1.434684e+02  8.235498e+00  5.980000e+00
     vertex  1.434469e+02  8.194130e+00  5.980000e+00
   endloop
 endfacet
 facet normal -8.739167e-01  4.860756e-01  0.000000e+00
   outer loop
     vertex  1.434469e+02  8.194130e+00  7.980000e+00
     vertex  1.434242e+02  8.153368e+00  5.980000e+00
     vertex  1.434242e+02  8.153368e+00  7.980000e+00
   endloop
 endfacet
 facet normal -8.992613e-01  4.374119e-01  0.000000e+00
   outer loop
     vertex  1.434684e+02  8.235498e+00  7.980000e+00
     vertex  1.434888e+02  8.277442e+00  5.980000e+00
     vertex  1.434684e+02  8.235498e+00  5.980000e+00
   endloop
 endfacet
 facet normal -8.869228e-01  4.619176e-01  0.000000e+00
   outer loop
     vertex  1.434684e+02  8.235498e+00  7.980000e+00
     vertex  1.434684e+02  8.235498e+00  5.980000e+00
     vertex  1.434469e+02  8.194130e+00  7.980000e+00
   endloop
 endfacet
 facet normal -8.992613e-01  4.374119e-01  0.000000e+00
   outer loop
     vertex  1.434888e+02  8.277442e+00  7.980000e+00
     vertex  1.434888e+02  8.277442e+00  5.980000e+00
     vertex  1.434684e+02  8.235498e+00  7.980000e+00
   endloop
 endfacet
 facet normal -9.109228e-01  4.125769e-01  0.000000e+00
   outer loop
     vertex  1.435080e+02  8.319929e+00  7.980000e+00
     vertex  1.434888e+02  8.277442e+00  5.980000e+00
     vertex  1.434888e+02  8.277442e+00  7.980000e+00
   endloop
 endfacet
 facet normal -9.109228e-01  4.125769e-01  0.000000e+00
   outer loop
     vertex  1.435080e+02  8.319929e+00  7.980000e+00
     vertex  1.435080e+02  8.319929e+00  5.980000e+00
     vertex  1.434888e+02  8.277442e+00  5.980000e+00
   endloop
 endfacet
 facet normal -9.218986e-01  3.874313e-01  0.000000e+00
   outer loop
     vertex  1.435261e+02  8.362929e+00  7.980000e+00
     vertex  1.435080e+02  8.319929e+00  5.980000e+00
     vertex  1.435080e+02  8.319929e+00  7.980000e+00
   endloop
 endfacet
 facet normal -9.218986e-01  3.874313e-01  0.000000e+00
   outer loop
     vertex  1.435261e+02  8.362929e+00  7.980000e+00
     vertex  1.435261e+02  8.362929e+00  5.980000e+00
     vertex  1.435080e+02  8.319929e+00  5.980000e+00
   endloop
 endfacet
 facet normal -9.321804e-01  3.619940e-01  0.000000e+00
   outer loop
     vertex  1.435430e+02  8.406408e+00  7.980000e+00
     vertex  1.435261e+02  8.362929e+00  5.980000e+00
     vertex  1.435261e+02  8.362929e+00  7.980000e+00
   endloop
 endfacet
 facet normal -9.321804e-01  3.619940e-01  0.000000e+00
   outer loop
     vertex  1.435430e+02  8.406408e+00  7.980000e+00
     vertex  1.435430e+02  8.406408e+00  5.980000e+00
     vertex  1.435261e+02  8.362929e+00  5.980000e+00
   endloop
 endfacet
 facet normal -9.417605e-01  3.362843e-01  0.000000e+00
   outer loop
     vertex  1.435587e+02  8.450333e+00  7.980000e+00
     vertex  1.435430e+02  8.406408e+00  5.980000e+00
     vertex  1.435430e+02  8.406408e+00  7.980000e+00
   endloop
 endfacet
 facet normal -9.417605e-01  3.362843e-01  0.000000e+00
   outer loop
     vertex  1.435587e+02  8.450333e+00  7.980000e+00
     vertex  1.435587e+02  8.450333e+00  5.980000e+00
     vertex  1.435430e+02  8.406408e+00  5.980000e+00
   endloop
 endfacet
 facet normal -9.506317e-01  3.103214e-01  0.000000e+00
   outer loop
     vertex  1.435732e+02  8.494673e+00  7.980000e+00
     vertex  1.435587e+02  8.450333e+00  5.980000e+00
     vertex  1.435587e+02  8.450333e+00  7.980000e+00
   endloop
 endfacet
 facet normal -9.506317e-01  3.103214e-01  0.000000e+00
   outer loop
     vertex  1.435732e+02  8.494673e+00  7.980000e+00
     vertex  1.435732e+02  8.494673e+00  5.980000e+00
     vertex  1.435587e+02  8.450333e+00  5.980000e+00
   endloop
 endfacet
 facet normal -9.587873e-01  2.841250e-01  0.000000e+00
   outer loop
     vertex  1.435864e+02  8.539393e+00  7.980000e+00
     vertex  1.435732e+02  8.494673e+00  5.980000e+00
     vertex  1.435732e+02  8.494673e+00  7.980000e+00
   endloop
 endfacet
 facet normal -9.587873e-01  2.841250e-01  0.000000e+00
   outer loop
     vertex  1.435864e+02  8.539393e+00  7.980000e+00
     vertex  1.435864e+02  8.539393e+00  5.980000e+00
     vertex  1.435732e+02  8.494673e+00  5.980000e+00
   endloop
 endfacet
 facet normal -9.662211e-01  2.577146e-01  0.000000e+00
   outer loop
     vertex  1.435984e+02  8.584460e+00  7.980000e+00
     vertex  1.435864e+02  8.539393e+00  5.980000e+00
     vertex  1.435864e+02  8.539393e+00  7.980000e+00
   endloop
 endfacet
 facet normal -9.662211e-01  2.577146e-01  0.000000e+00
   outer loop
     vertex  1.435984e+02  8.584460e+00  7.980000e+00
     vertex  1.435984e+02  8.584460e+00  5.980000e+00
     vertex  1.435864e+02  8.539393e+00  5.980000e+00
   endloop
 endfacet
 facet normal -9.729276e-01  2.311102e-01  0.000000e+00
   outer loop
     vertex  1.436092e+02  8.629839e+00  7.980000e+00
     vertex  1.435984e+02  8.584460e+00  5.980000e+00
     vertex  1.435984e+02  8.584460e+00  7.980000e+00
   endloop
 endfacet
 facet normal -9.729276e-01  2.311102e-01  0.000000e+00
   outer loop
     vertex  1.436092e+02  8.629839e+00  7.980000e+00
     vertex  1.436092e+02  8.629839e+00  5.980000e+00
     vertex  1.435984e+02  8.584460e+00  5.980000e+00
   endloop
 endfacet
 facet normal -9.789017e-01  2.043319e-01  0.000000e+00
   outer loop
     vertex  1.436187e+02  8.675498e+00  7.980000e+00
     vertex  1.436092e+02  8.629839e+00  5.980000e+00
     vertex  1.436092e+02  8.629839e+00  7.980000e+00
   endloop
 endfacet
 facet normal -9.789017e-01  2.043319e-01  0.000000e+00
   outer loop
     vertex  1.436187e+02  8.675498e+00  7.980000e+00
     vertex  1.436187e+02  8.675498e+00  5.980000e+00
     vertex  1.436092e+02  8.629839e+00  5.980000e+00
   endloop
 endfacet
 facet normal -9.841389e-01  1.773998e-01  0.000000e+00
   outer loop
     vertex  1.436270e+02  8.721400e+00  7.980000e+00
     vertex  1.436187e+02  8.675498e+00  5.980000e+00
     vertex  1.436187e+02  8.675498e+00  7.980000e+00
   endloop
 endfacet
 facet normal -9.841389e-01  1.773998e-01  0.000000e+00
   outer loop
     vertex  1.436270e+02  8.721400e+00  7.980000e+00
     vertex  1.436270e+02  8.721400e+00  5.980000e+00
     vertex  1.436187e+02  8.675498e+00  5.980000e+00
   endloop
 endfacet
 facet normal -9.886353e-01  1.503341e-01  0.000000e+00
   outer loop
     vertex  1.436340e+02  8.767512e+00  7.980000e+00
     vertex  1.436270e+02  8.721400e+00  5.980000e+00
     vertex  1.436270e+02  8.721400e+00  7.980000e+00
   endloop
 endfacet
 facet normal -9.886353e-01  1.503341e-01  0.000000e+00
   outer loop
     vertex  1.436340e+02  8.767512e+00  7.980000e+00
     vertex  1.436340e+02  8.767512e+00  5.980000e+00
     vertex  1.436270e+02  8.721400e+00  5.980000e+00
   endloop
 endfacet
 facet normal -9.923874e-01  1.231552e-01  0.000000e+00
   outer loop
     vertex  1.436340e+02  8.767512e+00  7.980000e+00
     vertex  1.436398e+02  8.813799e+00  5.980000e+00
     vertex  1.436340e+02  8.767512e+00  5.980000e+00
   endloop
 endfacet
 facet normal -9.923874e-01  1.231552e-01  0.000000e+00
   outer loop
     vertex  1.436398e+02  8.813799e+00  7.980000e+00
     vertex  1.436398e+02  8.813799e+00  5.980000e+00
     vertex  1.436340e+02  8.767512e+00  7.980000e+00
   endloop
 endfacet
 facet normal -9.953925e-01  9.588368e-02  0.000000e+00
   outer loop
     vertex  1.436442e+02  8.860227e+00  7.980000e+00
     vertex  1.436442e+02  8.860227e+00  5.980000e+00
     vertex  1.436398e+02  8.813799e+00  5.980000e+00
   endloop
 endfacet
 facet normal -9.953925e-01  9.588368e-02  0.000000e+00
   outer loop
     vertex  1.436442e+02  8.860227e+00  7.980000e+00
     vertex  1.436398e+02  8.813799e+00  5.980000e+00
     vertex  1.436398e+02  8.813799e+00  7.980000e+00
   endloop
 endfacet
 facet normal -9.976484e-01  6.853995e-02  0.000000e+00
   outer loop
     vertex  1.436474e+02  8.906759e+00  7.980000e+00
     vertex  1.436474e+02  8.906759e+00  5.980000e+00
     vertex  1.436442e+02  8.860227e+00  5.980000e+00
   endloop
 endfacet
 facet normal -9.976484e-01  6.853995e-02  0.000000e+00
   outer loop
     vertex  1.436474e+02  8.906759e+00  7.980000e+00
     vertex  1.436442e+02  8.860227e+00  5.980000e+00
     vertex  1.436442e+02  8.860227e+00  7.980000e+00
   endloop
 endfacet
 facet normal -9.991532e-01  4.114462e-02  0.000000e+00
   outer loop
     vertex  1.436494e+02  8.953362e+00  7.980000e+00
     vertex  1.436494e+02  8.953362e+00  5.980000e+00
     vertex  1.436474e+02  8.906759e+00  5.980000e+00
   endloop
 endfacet
 facet normal -9.991532e-01  4.114462e-02  0.000000e+00
   outer loop
     vertex  1.436494e+02  8.953362e+00  7.980000e+00
     vertex  1.436474e+02  8.906759e+00  5.980000e+00
     vertex  1.436474e+02  8.906759e+00  7.980000e+00
   endloop
 endfacet
 facet normal -9.999059e-01  1.371831e-02  0.000000e+00
   outer loop
     vertex  1.436500e+02  9.000000e+00  7.980000e+00
     vertex  1.436500e+02  9.000000e+00  5.980000e+00
     vertex  1.436494e+02  8.953362e+00  5.980000e+00
   endloop
 endfacet
 facet normal -9.999059e-01  1.371831e-02  0.000000e+00
   outer loop
     vertex  1.436500e+02  9.000000e+00  7.980000e+00
     vertex  1.436494e+02  8.953362e+00  5.980000e+00
     vertex  1.436494e+02  8.953362e+00  7.980000e+00
   endloop
 endfacet
 facet normal  0.000000e+00 -1.000000e+00 -0.000000e+00
   outer loop
     vertex  6.385000e+01  4.000000e+00  7.980000e+00
     vertex  4.985000e+01  4.000000e+00  5.980000e+00
     vertex  6.385000e+01  4.000000e+00  5.980000e+00
   endloop
 endfacet
 facet normal -0.000000e+00 -1.000000e+00  0.000000e+00
   outer loop
     vertex  6.385000e+01  4.000000e+00  7.980000e+00
     vertex  4.985000e+01  4.000000e+00  7.980000e+00
     vertex  4.985000e+01  4.000000e+00  5.980000e+00
   endloop
 endfacet
 facet normal -9.999059e-01 -1.371831e-02  0.000000e+00
   outer loop
     vertex  5.854936e+01  9.046638e+00  7.980000e+00
     vertex  5.855000e+01  9.000000e+00  5.980000e+00
     vertex  5.855000e+01  9.000000e+00  7.980000e+00
   endloop
 endfacet
 facet normal -9.999059e-01 -1.371831e-02 -0.000000e+00
   outer loop
     vertex  5.854936e+01  9.046638e+00  7.980000e+00
     vertex  5.854936e+01  9.046638e+00  5.980000e+00
     vertex  5.855000e+01  9.000000e+00  5.980000e+00
   endloop
 endfacet
 facet normal -9.991532e-01 -4.114462e-02 -0.000000e+00
   outer loop
     vertex  5.854744e+01  9.093241e+00  7.980000e+00
     vertex  5.854744e+01  9.093241e+00  5.980000e+00
     vertex  5.854936e+01  9.046638e+00  5.980000e+00
   endloop
 endfacet
 facet normal -9.991532e-01 -4.114462e-02  0.000000e+00
   outer loop
     vertex  5.854744e+01  9.093241e+00  7.980000e+00
     vertex  5.854936e+01  9.046638e+00  5.980000e+00
     vertex  5.854936e+01  9.046638e+00  7.980000e+00
   endloop
 endfacet
 facet normal -9.976484e-01 -6.853995e-02 -0.000000e+00
   outer loop
     vertex  5.854424e+01  9.139773e+00  7.980000e+00
     vertex  5.854424e+01  9.139773e+00  5.980000e+00
     vertex  5.854744e+01  9.093241e+00  5.980000e+00
   endloop
 endfacet
 facet normal -9.976484e-01 -6.853995e-02  0.000000e+00
   outer loop
     vertex  5.854424e+01  9.139773e+00  7.980000e+00
     vertex  5.854744e+01  9.093241e+00  5.980000e+00
     vertex  5.854744e+01  9.093241e+00  7.980000e+00
   endloop
 endfacet
 facet normal -9.953925e-01 -9.588368e-02 -0.000000e+00
   outer loop
     vertex  5.853977e+01  9.186201e+00  7.980000e+00
     vertex  5.853977e+01  9.186201e+00  5.980000e+00
     vertex  5.854424e+01  9.139773e+00  5.980000e+00
   endloop
 endfacet
 facet normal -9.953925e-01 -9.588368e-02  0.000000e+00
   outer loop
     vertex  5.853977e+01  9.186201e+00  7.980000e+00
     vertex  5.854424e+01  9.139773e+00  5.980000e+00
     vertex  5.854424e+01  9.139773e+00  7.980000e+00
   endloop
 endfacet
 facet normal -9.923874e-01 -1.231552e-01 -0.000000e+00
   outer loop
     vertex  5.853403e+01  9.232488e+00  7.980000e+00
     vertex  5.853403e+01  9.232488e+00  5.980000e+00
     vertex  5.853977e+01  9.186201e+00  5.980000e+00
   endloop
 endfacet
 facet normal -9.923874e-01 -1.231552e-01  0.000000e+00
   outer loop
     vertex  5.853403e+01  9.232488e+00  7.980000e+00
     vertex  5.853977e+01  9.186201e+00  5.980000e+00
     vertex  5.853977e+01  9.186201e+00  7.980000e+00
   endloop
 endfacet
 facet normal -9.886353e-01 -1.503341e-01 -0.000000e+00
   outer loop
     vertex  5.852702e+01  9.278600e+00  7.980000e+00
     vertex  5.852702e+01  9.278600e+00  5.980000e+00
     vertex  5.853403e+01  9.232488e+00  5.980000e+00
   endloop
 endfacet
 facet normal -9.886353e-01 -1.503341e-01  0.000000e+00
   outer loop
     vertex  5.852702e+01  9.278600e+00  7.980000e+00
     vertex  5.853403e+01  9.232488e+00  5.980000e+00
     vertex  5.853403e+01  9.232488e+00  7.980000e+00
   endloop
 endfacet
 facet normal -9.841389e-01 -1.773998e-01 -0.000000e+00
   outer loop
     vertex  5.851874e+01  9.324502e+00  7.980000e+00
     vertex  5.851874e+01  9.324502e+00  5.980000e+00
     vertex  5.852702e+01  9.278600e+00  5.980000e+00
   endloop
 endfacet
 facet normal -9.841389e-01 -1.773998e-01  0.000000e+00
   outer loop
     vertex  5.851874e+01  9.324502e+00  7.980000e+00
     vertex  5.852702e+01  9.278600e+00  5.980000e+00
     vertex  5.852702e+01  9.278600e+00  7.980000e+00
   endloop
 endfacet
 facet normal -9.789017e-01 -2.043319e-01 -0.000000e+00
   outer loop
     vertex  5.850921e+01  9.370161e+00  7.980000e+00
     vertex  5.850921e+01  9.370161e+00  5.980000e+00
     vertex  5.851874e+01  9.324502e+00  5.980000e+00
   endloop
 endfacet
 facet normal -9.789017e-01 -2.043319e-01  0.000000e+00
   outer loop
     vertex  5.850921e+01  9.370161e+00  7.980000e+00
     vertex  5.851874e+01  9.324502e+00  5.980000e+00
     vertex  5.851874e+01  9.324502e+00  7.980000e+00
   endloop
 endfacet
 facet normal -9.729276e-01 -2.311102e-01 -0.000000e+00
   outer loop
     vertex  5.849843e+01  9.415540e+00  7.980000e+00
     vertex  5.849843e+01  9.415540e+00  5.980000e+00
     vertex  5.850921e+01  9.370161e+00  5.980000e+00
   endloop
 endfacet
 facet normal -9.729276e-01 -2.311102e-01  0.000000e+00
   outer loop
     vertex  5.849843e+01  9.415540e+00  7.980000e+00
     vertex  5.850921e+01  9.370161e+00  5.980000e+00
     vertex  5.850921e+01  9.370161e+00  7.980000e+00
   endloop
 endfacet
 facet normal -9.662211e-01 -2.577146e-01  0.000000e+00
   outer loop
     vertex  5.848641e+01  9.460607e+00  7.980000e+00
     vertex  5.849843e+01  9.415540e+00  5.980000e+00
     vertex  5.849843e+01  9.415540e+00  7.980000e+00
   endloop
 endfacet
 facet normal -9.662211e-01 -2.577146e-01 -0.000000e+00
   outer loop
     vertex  5.848641e+01  9.460607e+00  7.980000e+00
     vertex  5.848641e+01  9.460607e+00  5.980000e+00
     vertex  5.849843e+01  9.415540e+00  5.980000e+00
   endloop
 endfacet
 facet normal -9.587873e-01 -2.841250e-01  0.000000e+00
   outer loop
     vertex  5.847316e+01  9.505327e+00  7.980000e+00
     vertex  5.848641e+01  9.460607e+00  5.980000e+00
     vertex  5.848641e+01  9.460607e+00  7.980000e+00
   endloop
 endfacet
 facet normal -9.587873e-01 -2.841250e-01 -0.000000e+00
   outer loop
     vertex  5.847316e+01  9.505327e+00  7.980000e+00
     vertex  5.847316e+01  9.505327e+00  5.980000e+00
     vertex  5.848641e+01  9.460607e+00  5.980000e+00
   endloop
 endfacet
 facet normal -9.506317e-01 -3.103214e-01  0.000000e+00
   outer loop
     vertex  5.845868e+01  9.549667e+00  7.980000e+00
     vertex  5.847316e+01  9.505327e+00  5.980000e+00
     vertex  5.847316e+01  9.505327e+00  7.980000e+00
   endloop
 endfacet
 facet normal -9.506317e-01 -3.103214e-01 -0.000000e+00
   outer loop
     vertex  5.845868e+01  9.549667e+00  7.980000e+00
     vertex  5.845868e+01  9.549667e+00  5.980000e+00
     vertex  5.847316e+01  9.505327e+00  5.980000e+00
   endloop
 endfacet
 facet normal -9.417605e-01 -3.362843e-01  0.000000e+00
   outer loop
     vertex  5.844300e+01  9.593592e+00  7.980000e+00
     vertex  5.845868e+01  9.549667e+00  5.980000e+00
     vertex  5.845868e+01  9.549667e+00  7.980000e+00
   endloop
 endfacet
 facet normal -9.417605e-01 -3.362843e-01 -0.000000e+00
   outer loop
     vertex  5.844300e+01  9.593592e+00  7.980000e+00
     vertex  5.844300e+01  9.593592e+00  5.980000e+00
     vertex  5.845868e+01  9.549667e+00  5.980000e+00
   endloop
 endfacet
 facet normal -9.321804e-01 -3.619940e-01  0.000000e+00
   outer loop
     vertex  5.842612e+01  9.637071e+00  7.980000e+00
     vertex  5.844300e+01  9.593592e+00  5.980000e+00
     vertex  5.844300e+01  9.593592e+00  7.980000e+00
   endloop
 endfacet
 facet normal -9.321804e-01 -3.619940e-01 -0.000000e+00
   outer loop
     vertex  5.842612e+01  9.637071e+00  7.980000e+00
     vertex  5.842612e+01  9.637071e+00  5.980000e+00
     vertex  5.844300e+01  9.593592e+00  5.980000e+00
   endloop
 endfacet
 facet normal -9.218986e-01 -3.874313e-01  0.000000e+00
   outer loop
     vertex  5.840804e+01  9.680071e+00  7.980000e+00
     vertex  5.842612e+01  9.637071e+00  5.980000e+00
     vertex  5.842612e+01  9.637071e+00  7.980000e+00
   endloop
 endfacet
 facet normal -9.218986e-01 -3.874313e-01 -0.000000e+00
   outer loop
     vertex  5.840804e+01  9.680071e+00  7.980000e+00
     vertex  5.840804e+01  9.680071e+00  5.980000e+00
     vertex  5.842612e+01  9.637071e+00  5.980000e+00
   endloop
 endfacet
 facet normal -9.109228e-01 -4.125769e-01 -0.000000e+00
   outer loop
     vertex  5.840804e+01  9.680071e+00  7.980000e+00
     vertex  5.838880e+01  9.722558e+00  5.980000e+00
     vertex  5.840804e+01  9.680071e+00  5.980000e+00
   endloop
 endfacet
 facet normal -9.109228e-01 -4.125769e-01 -0.000000e+00
   outer loop
     vertex  5.838880e+01  9.722558e+00  7.980000e+00
     vertex  5.838880e+01  9.722558e+00  5.980000e+00
     vertex  5.840804e+01  9.680071e+00  7.980000e+00
   endloop
 endfacet
 facet normal -8.992613e-01 -4.374119e-01  0.000000e+00
   outer loop
     vertex  5.836840e+01  9.764502e+00  7.980000e+00
     vertex  5.838880e+01  9.722558e+00  5.980000e+00
     vertex  5.838880e+01  9.722558e+00  7.980000e+00
   endloop
 endfacet
 facet normal -8.992613e-01 -4.374119e-01 -0.000000e+00
   outer loop
     vertex  5.836840e+01  9.764502e+00  7.980000e+00
     vertex  5.836840e+01  9.764502e+00  5.980000e+00
     vertex  5.838880e+01  9.722558e+00  5.980000e+00
   endloop
 endfacet
 facet normal -8.869228e-01 -4.619176e-01  0.000000e+00
   outer loop
     vertex  5.834685e+01  9.805870e+00  7.980000e+00
     vertex  5.836840e+01  9.764502e+00  5.980000e+00
     vertex  5.836840e+01  9.764502e+00  7.980000e+00
   endloop
 endfacet
 facet normal -8.869228e-01 -4.619176e-01 -0.000000e+00
   outer loop
     vertex  5.834685e+01  9.805870e+00  7.980000e+00
     vertex  5.834685e+01  9.805870e+00  5.980000e+00
     vertex  5.836840e+01  9.764502e+00  5.980000e+00
   endloop
 endfacet
 facet normal -8.739167e-01 -4.860756e-01 -0.000000e+00
   outer loop
     vertex  5.834685e+01  9.805870e+00  7.980000e+00
     vertex  5.832418e+01  9.846632e+00  5.980000e+00
     vertex  5.834685e+01  9.805870e+00  5.980000e+00
   endloop
 endfacet
 facet normal -8.739167e-01 -4.860756e-01 -0.000000e+00
   outer loop
     vertex  5.832418e+01  9.846632e+00  7.980000e+00
     vertex  5.832418e+01  9.846632e+00  5.980000e+00
     vertex  5.834685e+01  9.805870e+00  7.980000e+00
   endloop
 endfacet
 facet normal -8.602528e-01 -5.098678e-01  0.000000e+00
   outer loop
     vertex  5.830040e+01  9.886756e+00  7.980000e+00
     vertex  5.832418e+01  9.846632e+00  5.980000e+00
     vertex  5.832418e+01  9.846632e+00  7.980000e+00
   endloop
 endfacet
 facet normal -8.602528e-01 -5.098678e-01 -0.000000e+00
   outer loop
     vertex  5.830040e+01  9.886756e+00  7.980000e+00
     vertex  5.830040e+01  9.886756e+00  5.980000e+00
     vertex  5.832418e+01  9.846632e+00  5.980000e+00
   endloop
 endfacet
 facet normal -8.459413e-01 -5.332761e-01  0.000000e+00
   outer loop
     vertex  5.827553e+01  9.926212e+00  7.980000e+00
     vertex  5.830040e+01  9.886756e+00  5.980000e+00
     vertex  5.830040e+01  9.886756e+00  7.980000e+00
   endloop
 endfacet
 facet normal -8.459413e-01 -5.332761e-01 -0.000000e+00
   outer loop
     vertex  5.827553e+01  9.926212e+00  7.980000e+00
     vertex  5.827553e+01  9.926212e+00  5.980000e+00
     vertex  5.830040e+01  9.886756e+00  5.980000e+00
   endloop
 endfacet
 facet normal -8.309929e-01 -5.562829e-01 -0.000000e+00
   outer loop
     vertex  5.824958e+01  9.964972e+00  7.980000e+00
     vertex  5.824958e+01  9.964972e+00  5.980000e+00
     vertex  5.827553e+01  9.926212e+00  5.980000e+00
   endloop
 endfacet
 facet normal -8.309929e-01 -5.562829e-01  0.000000e+00
   outer loop
     vertex  5.824958e+01  9.964972e+00  7.980000e+00
     vertex  5.827553e+01  9.926212e+00  5.980000e+00
     vertex  5.827553e+01  9.926212e+00  7.980000e+00
   endloop
 endfacet
 facet normal -8.154191e-01 -5.788711e-01 -0.000000e+00
   outer loop
     vertex  5.822258e+01  1.000300e+01  7.980000e+00
     vertex  5.822258e+01  1.000300e+01  5.980000e+00
     vertex  5.824958e+01  9.964972e+00  5.980000e+00
   endloop
 endfacet
 facet normal -8.154191e-01 -5.788711e-01  0.000000e+00
   outer loop
     vertex  5.822258e+01  1.000300e+01  7.980000e+00
     vertex  5.824958e+01  9.964972e+00  5.980000e+00
     vertex  5.824958e+01  9.964972e+00  7.980000e+00
   endloop
 endfacet
 facet normal -7.992314e-01 -6.010234e-01 -0.000000e+00
   outer loop
     vertex  5.819455e+01  1.004028e+01  7.980000e+00
     vertex  5.819455e+01  1.004028e+01  5.980000e+00
     vertex  5.822258e+01  1.000300e+01  5.980000e+00
   endloop
 endfacet
 facet normal -7.992314e-01 -6.010234e-01  0.000000e+00
   outer loop
     vertex  5.819455e+01  1.004028e+01  7.980000e+00
     vertex  5.822258e+01  1.000300e+01  5.980000e+00
     vertex  5.822258e+01  1.000300e+01  7.980000e+00
   endloop
 endfacet
 facet normal -7.824421e-01 -6.227234e-01 -0.000000e+00
   outer loop
     vertex  5.816550e+01  1.007678e+01  7.980000e+00
     vertex  5.816550e+01  1.007678e+01  5.980000e+00
     vertex  5.819455e+01  1.004028e+01  5.980000e+00
   endloop
 endfacet
 facet normal -7.824421e-01 -6.227234e-01  0.000000e+00
   outer loop
     vertex  5.816550e+01  1.007678e+01  7.980000e+00
     vertex  5.819455e+01  1.004028e+01  5.980000e+00
     vertex  5.819455e+01  1.004028e+01  7.980000e+00
   endloop
 endfacet
 facet normal -7.650637e-01 -6.439545e-01 -0.000000e+00
   outer loop
     vertex  5.813547e+01  1.011246e+01  7.980000e+00
     vertex  5.813547e+01  1.011246e+01  5.980000e+00
     vertex  5.816550e+01  1.007678e+01  5.980000e+00
   endloop
 endfacet
 facet normal -7.650637e-01 -6.439545e-01  0.000000e+00
   outer loop
     vertex  5.813547e+01  1.011246e+01  7.980000e+00
     vertex  5.816550e+01  1.007678e+01  5.980000e+00
     vertex  5.816550e+01  1.007678e+01  7.980000e+00
   endloop
 endfacet
 facet normal -7.471095e-01 -6.647010e-01 -0.000000e+00
   outer loop
     vertex  5.810447e+01  1.014731e+01  7.980000e+00
     vertex  5.810447e+01  1.014731e+01  5.980000e+00
     vertex  5.813547e+01  1.011246e+01  5.980000e+00
   endloop
 endfacet
 facet normal -7.471095e-01 -6.647010e-01  0.000000e+00
   outer loop
     vertex  5.810447e+01  1.014731e+01  7.980000e+00
     vertex  5.813547e+01  1.011246e+01  5.980000e+00
     vertex  5.813547e+01  1.011246e+01  7.980000e+00
   endloop
 endfacet
 facet normal -7.285929e-01 -6.849470e-01 -0.000000e+00
   outer loop
     vertex  5.807252e+01  1.018129e+01  7.980000e+00
     vertex  5.807252e+01  1.018129e+01  5.980000e+00
     vertex  5.810447e+01  1.014731e+01  5.980000e+00
   endloop
 endfacet
 facet normal -7.285929e-01 -6.849470e-01  0.000000e+00
   outer loop
     vertex  5.807252e+01  1.018129e+01  7.980000e+00
     vertex  5.810447e+01  1.014731e+01  5.980000e+00
     vertex  5.810447e+01  1.014731e+01  7.980000e+00
   endloop
 endfacet
 facet normal -7.095278e-01 -7.046775e-01 -0.000000e+00
   outer loop
     vertex  5.803965e+01  1.021439e+01  7.980000e+00
     vertex  5.803965e+01  1.021439e+01  5.980000e+00
     vertex  5.807252e+01  1.018129e+01  5.980000e+00
   endloop
 endfacet
 facet normal -7.095278e-01 -7.046775e-01  0.000000e+00
   outer loop
     vertex  5.803965e+01  1.021439e+01  7.980000e+00
     vertex  5.807252e+01  1.018129e+01  5.980000e+00
     vertex  5.807252e+01  1.018129e+01  7.980000e+00
   endloop
 endfacet
 facet normal -6.899286e-01 -7.238775e-01 -0.000000e+00
   outer loop
     vertex  5.800589e+01  1.024657e+01  7.980000e+00
     vertex  5.800589e+01  1.024657e+01  5.980000e+00
     vertex  5.803965e+01  1.021439e+01  5.980000e+00
   endloop
 endfacet
 facet normal -6.899286e-01 -7.238775e-01  0.000000e+00
   outer loop
     vertex  5.800589e+01  1.024657e+01  7.980000e+00
     vertex  5.803965e+01  1.021439e+01  5.980000e+00
     vertex  5.803965e+01  1.021439e+01  7.980000e+00
   endloop
 endfacet
 facet normal -6.698100e-01 -7.425325e-01 -0.000000e+00
   outer loop
     vertex  5.797125e+01  1.027781e+01  7.980000e+00
     vertex  5.797125e+01  1.027781e+01  5.980000e+00
     vertex  5.800589e+01  1.024657e+01  5.980000e+00
   endloop
 endfacet
 facet normal -6.698100e-01 -7.425325e-01  0.000000e+00
   outer loop
     vertex  5.797125e+01  1.027781e+01  7.980000e+00
     vertex  5.800589e+01  1.024657e+01  5.980000e+00
     vertex  5.800589e+01  1.024657e+01  7.980000e+00
   endloop
 endfacet
 facet normal -6.491872e-01 -7.606287e-01 -0.000000e+00
   outer loop
     vertex  5.793578e+01  1.030809e+01  7.980000e+00
     vertex  5.793578e+01  1.030809e+01  5.980000e+00
     vertex  5.797125e+01  1.027781e+01  5.980000e+00
   endloop
 endfacet
 facet normal -6.491872e-01 -7.606287e-01  0.000000e+00
   outer loop
     vertex  5.793578e+01  1.030809e+01  7.980000e+00
     vertex  5.797125e+01  1.027781e+01  5.980000e+00
     vertex  5.797125e+01  1.027781e+01  7.980000e+00
   endloop
 endfacet
 facet normal -6.280757e-01 -7.781522e-01 -0.000000e+00
   outer loop
     vertex  5.789948e+01  1.033738e+01  7.980000e+00
     vertex  5.789948e+01  1.033738e+01  5.980000e+00
     vertex  5.793578e+01  1.030809e+01  5.980000e+00
   endloop
 endfacet
 facet normal -6.064915e-01 -7.950900e-01 -0.000000e+00
   outer loop
     vertex  5.789948e+01  1.033738e+01  7.980000e+00
     vertex  5.786240e+01  1.036567e+01  5.980000e+00
     vertex  5.789948e+01  1.033738e+01  5.980000e+00
   endloop
 endfacet
 facet normal -6.280757e-01 -7.781522e-01  0.000000e+00
   outer loop
     vertex  5.789948e+01  1.033738e+01  7.980000e+00
     vertex  5.793578e+01  1.030809e+01  5.980000e+00
     vertex  5.793578e+01  1.030809e+01  7.980000e+00
   endloop
 endfacet
 facet normal -6.064915e-01 -7.950900e-01 -0.000000e+00
   outer loop
     vertex  5.786240e+01  1.036567e+01  7.980000e+00
     vertex  5.786240e+01  1.036567e+01  5.980000e+00
     vertex  5.789948e+01  1.033738e+01  7.980000e+00
   endloop
 endfacet
 facet normal -5.844507e-01 -8.114292e-01  0.000000e+00
   outer loop
     vertex  5.782455e+01  1.039293e+01  7.980000e+00
     vertex  5.786240e+01  1.036567e+01  5.980000e+00
     vertex  5.786240e+01  1.036567e+01  7.980000e+00
   endloop
 endfacet
 facet normal -5.844507e-01 -8.114292e-01 -0.000000e+00
   outer loop
     vertex  5.782455e+01  1.039293e+01  7.980000e+00
     vertex  5.782455e+01  1.039293e+01  5.980000e+00
     vertex  5.786240e+01  1.036567e+01  5.980000e+00
   endloop
 endfacet
 facet normal -5.619699e-01 -8.271577e-01 -0.000000e+00
   outer loop
     vertex  5.782455e+01  1.039293e+01  7.980000e+00
     vertex  5.778597e+01  1.041914e+01  5.980000e+00
     vertex  5.782455e+01  1.039293e+01  5.980000e+00
   endloop
 endfacet
 facet normal -5.619699e-01 -8.271577e-01 -0.000000e+00
   outer loop
     vertex  5.778597e+01  1.041914e+01  7.980000e+00
     vertex  5.778597e+01  1.041914e+01  5.980000e+00
     vertex  5.782455e+01  1.039293e+01  7.980000e+00
   endloop
 endfacet
 facet normal -5.390661e-01 -8.422635e-01  0.000000e+00
   outer loop
     vertex  5.774668e+01  1.044428e+01  7.980000e+00
     vertex  5.778597e+01  1.041914e+01  5.980000e+00
     vertex  5.778597e+01  1.041914e+01  7.980000e+00
   endloop
 endfacet
 facet normal -5.390661e-01 -8.422635e-01 -0.000000e+00
   outer loop
     vertex  5.774668e+01  1.044428e+01  7.980000e+00
     vertex  5.774668e+01  1.044428e+01  5.980000e+00
     vertex  5.778597e+01  1.041914e+01  5.980000e+00
   endloop
 endfacet
 facet normal -5.157565e-01 -8.567352e-01  0.000000e+00
   outer loop
     vertex  5.770672e+01  1.046834e+01  7.980000e+00
     vertex  5.774668e+01  1.044428e+01  5.980000e+00
     vertex  5.774668e+01  1.044428e+01  7.980000e+00
   endloop
 endfacet
 facet normal -5.157565e-01 -8.567352e-01 -0.000000e+00
   outer loop
     vertex  5.770672e+01  1.046834e+01  7.980000e+00
     vertex  5.770672e+01  1.046834e+01  5.980000e+00
     vertex  5.774668e+01  1.044428e+01  5.980000e+00
   endloop
 endfacet
 facet normal -4.920587e-01 -8.705620e-01  0.000000e+00
   outer loop
     vertex  5.766612e+01  1.049129e+01  7.980000e+00
     vertex  5.770672e+01  1.046834e+01  5.980000e+00
     vertex  5.770672e+01  1.046834e+01  7.980000e+00
   endloop
 endfacet
 facet normal -4.920587e-01 -8.705620e-01 -0.000000e+00
   outer loop
     vertex  5.766612e+01  1.049129e+01  7.980000e+00
     vertex  5.766612e+01  1.049129e+01  5.980000e+00
     vertex  5.770672e+01  1.046834e+01  5.980000e+00
   endloop
 endfacet
 facet normal -4.679904e-01 -8.837335e-01 -0.000000e+00
   outer loop
     vertex  5.766612e+01  1.049129e+01  7.980000e+00
     vertex  5.762490e+01  1.051312e+01  5.980000e+00
     vertex  5.766612e+01  1.049129e+01  5.980000e+00
   endloop
 endfacet
 facet normal -4.679904e-01 -8.837335e-01 -0.000000e+00
   outer loop
     vertex  5.762490e+01  1.051312e+01  7.980000e+00
     vertex  5.762490e+01  1.051312e+01  5.980000e+00
     vertex  5.766612e+01  1.049129e+01  7.980000e+00
   endloop
 endfacet
 facet normal -4.435699e-01 -8.962398e-01  0.000000e+00
   outer loop
     vertex  5.758310e+01  1.053381e+01  7.980000e+00
     vertex  5.762490e+01  1.051312e+01  5.980000e+00
     vertex  5.762490e+01  1.051312e+01  7.980000e+00
   endloop
 endfacet
 facet normal -4.435699e-01 -8.962398e-01 -0.000000e+00
   outer loop
     vertex  5.758310e+01  1.053381e+01  7.980000e+00
     vertex  5.758310e+01  1.053381e+01  5.980000e+00
     vertex  5.762490e+01  1.051312e+01  5.980000e+00
   endloop
 endfacet
 facet normal -4.188155e-01 -9.080714e-01 -0.000000e+00
   outer loop
     vertex  5.758310e+01  1.053381e+01  7.980000e+00
     vertex  5.754074e+01  1.055334e+01  5.980000e+00
     vertex  5.758310e+01  1.053381e+01  5.980000e+00
   endloop
 endfacet
 facet normal -4.188155e-01 -9.080714e-01 -0.000000e+00
   outer loop
     vertex  5.754074e+01  1.055334e+01  7.980000e+00
     vertex  5.754074e+01  1.055334e+01  5.980000e+00
     vertex  5.758310e+01  1.053381e+01  7.980000e+00
   endloop
 endfacet
 facet normal -3.937458e-01 -9.192194e-01  0.000000e+00
   outer loop
     vertex  5.749787e+01  1.057171e+01  7.980000e+00
     vertex  5.754074e+01  1.055334e+01  5.980000e+00
     vertex  5.754074e+01  1.055334e+01  7.980000e+00
   endloop
 endfacet
 facet normal -3.937458e-01 -9.192194e-01 -0.000000e+00
   outer loop
     vertex  5.749787e+01  1.057171e+01  7.980000e+00
     vertex  5.749787e+01  1.057171e+01  5.980000e+00
     vertex  5.754074e+01  1.055334e+01  5.980000e+00
   endloop
 endfacet
 facet normal -3.683796e-01 -9.296754e-01  0.000000e+00
   outer loop
     vertex  5.745451e+01  1.058889e+01  7.980000e+00
     vertex  5.749787e+01  1.057171e+01  5.980000e+00
     vertex  5.749787e+01  1.057171e+01  7.980000e+00
   endloop
 endfacet
 facet normal -3.683796e-01 -9.296754e-01 -0.000000e+00
   outer loop
     vertex  5.745451e+01  1.058889e+01  7.980000e+00
     vertex  5.745451e+01  1.058889e+01  5.980000e+00
     vertex  5.749787e+01  1.057171e+01  5.980000e+00
   endloop
 endfacet
 facet normal -3.427362e-01 -9.394317e-01 -0.000000e+00
   outer loop
     vertex  5.745451e+01  1.058889e+01  7.980000e+00
     vertex  5.741069e+01  1.060488e+01  5.980000e+00
     vertex  5.745451e+01  1.058889e+01  5.980000e+00
   endloop
 endfacet
 facet normal -3.427362e-01 -9.394317e-01 -0.000000e+00
   outer loop
     vertex  5.741069e+01  1.060488e+01  7.980000e+00
     vertex  5.741069e+01  1.060488e+01  5.980000e+00
     vertex  5.745451e+01  1.058889e+01  7.980000e+00
   endloop
 endfacet
 facet normal -3.168348e-01 -9.484807e-01  0.000000e+00
   outer loop
     vertex  5.736645e+01  1.061965e+01  7.980000e+00
     vertex  5.741069e+01  1.060488e+01  5.980000e+00
     vertex  5.741069e+01  1.060488e+01  7.980000e+00
   endloop
 endfacet
 facet normal -3.168348e-01 -9.484807e-01 -0.000000e+00
   outer loop
     vertex  5.736645e+01  1.061965e+01  7.980000e+00
     vertex  5.736645e+01  1.061965e+01  5.980000e+00
     vertex  5.741069e+01  1.060488e+01  5.980000e+00
   endloop
 endfacet
 facet normal -2.906949e-01 -9.568158e-01  0.000000e+00
   outer loop
     vertex  5.732182e+01  1.063321e+01  7.980000e+00
     vertex  5.736645e+01  1.061965e+01  5.980000e+00
     vertex  5.736645e+01  1.061965e+01  7.980000e+00
   endloop
 endfacet
 facet normal -2.906949e-01 -9.568158e-01 -0.000000e+00
   outer loop
     vertex  5.732182e+01  1.063321e+01  7.980000e+00
     vertex  5.732182e+01  1.063321e+01  5.980000e+00
     vertex  5.736645e+01  1.061965e+01  5.980000e+00
   endloop
 endfacet
 facet normal -2.643362e-01 -9.644306e-01  0.000000e+00
   outer loop
     vertex  5.727684e+01  1.064554e+01  7.980000e+00
     vertex  5.732182e+01  1.063321e+01  5.980000e+00
     vertex  5.732182e+01  1.063321e+01  7.980000e+00
   endloop
 endfacet
 facet normal -2.643362e-01 -9.644306e-01 -0.000000e+00
   outer loop
     vertex  5.727684e+01  1.064554e+01  7.980000e+00
     vertex  5.727684e+01  1.064554e+01  5.980000e+00
     vertex  5.732182e+01  1.063321e+01  5.980000e+00
   endloop
 endfacet
 facet normal -2.377784e-01 -9.713194e-01  0.000000e+00
   outer loop
     vertex  5.723153e+01  1.065663e+01  7.980000e+00
     vertex  5.727684e+01  1.064554e+01  5.980000e+00
     vertex  5.727684e+01  1.064554e+01  7.980000e+00
   endloop
 endfacet
 facet normal -2.377784e-01 -9.713194e-01 -0.000000e+00
   outer loop
     vertex  5.723153e+01  1.065663e+01  7.980000e+00
     vertex  5.723153e+01  1.065663e+01  5.980000e+00
     vertex  5.727684e+01  1.064554e+01  5.980000e+00
   endloop
 endfacet
 facet normal -2.110417e-01 -9.774771e-01  0.000000e+00
   outer loop
     vertex  5.718594e+01  1.066648e+01  7.980000e+00
     vertex  5.723153e+01  1.065663e+01  5.980000e+00
     vertex  5.723153e+01  1.065663e+01  7.980000e+00
   endloop
 endfacet
 facet normal -2.110417e-01 -9.774771e-01 -0.000000e+00
   outer loop
     vertex  5.718594e+01  1.066648e+01  7.980000e+00
     vertex  5.718594e+01  1.066648e+01  5.980000e+00
     vertex  5.723153e+01  1.065663e+01  5.980000e+00
   endloop
 endfacet
 facet normal -1.841461e-01 -9.828989e-01 -0.000000e+00
   outer loop
     vertex  5.718594e+01  1.066648e+01  7.980000e+00
     vertex  5.714010e+01  1.067507e+01  5.980000e+00
     vertex  5.718594e+01  1.066648e+01  5.980000e+00
   endloop
 endfacet
 facet normal -1.841461e-01 -9.828989e-01 -0.000000e+00
   outer loop
     vertex  5.714010e+01  1.067507e+01  7.980000e+00
     vertex  5.714010e+01  1.067507e+01  5.980000e+00
     vertex  5.718594e+01  1.066648e+01  7.980000e+00
   endloop
 endfacet
 facet normal -1.571119e-01 -9.875808e-01  0.000000e+00
   outer loop
     vertex  5.709403e+01  1.068239e+01  7.980000e+00
     vertex  5.714010e+01  1.067507e+01  5.980000e+00
     vertex  5.714010e+01  1.067507e+01  7.980000e+00
   endloop
 endfacet
 facet normal -1.571119e-01 -9.875808e-01 -0.000000e+00
   outer loop
     vertex  5.709403e+01  1.068239e+01  7.980000e+00
     vertex  5.709403e+01  1.068239e+01  5.980000e+00
     vertex  5.714010e+01  1.067507e+01  5.980000e+00
   endloop
 endfacet
 facet normal -1.299594e-01 -9.915193e-01  0.000000e+00
   outer loop
     vertex  5.704779e+01  1.068846e+01  7.980000e+00
     vertex  5.709403e+01  1.068239e+01  5.980000e+00
     vertex  5.709403e+01  1.068239e+01  7.980000e+00
   endloop
 endfacet
 facet normal -1.299594e-01 -9.915193e-01 -0.000000e+00
   outer loop
     vertex  5.704779e+01  1.068846e+01  7.980000e+00
     vertex  5.704779e+01  1.068846e+01  5.980000e+00
     vertex  5.709403e+01  1.068239e+01  5.980000e+00
   endloop
 endfacet
 facet normal -1.027091e-01 -9.947114e-01  0.000000e+00
   outer loop
     vertex  5.700139e+01  1.069325e+01  7.980000e+00
     vertex  5.704779e+01  1.068846e+01  5.980000e+00
     vertex  5.704779e+01  1.068846e+01  7.980000e+00
   endloop
 endfacet
 facet normal -1.027091e-01 -9.947114e-01 -0.000000e+00
   outer loop
     vertex  5.700139e+01  1.069325e+01  7.980000e+00
     vertex  5.700139e+01  1.069325e+01  5.980000e+00
     vertex  5.704779e+01  1.068846e+01  5.980000e+00
   endloop
 endfacet
 facet normal -7.538152e-02 -9.971548e-01  0.000000e+00
   outer loop
     vertex  5.695488e+01  1.069676e+01  7.980000e+00
     vertex  5.700139e+01  1.069325e+01  5.980000e+00
     vertex  5.700139e+01  1.069325e+01  7.980000e+00
   endloop
 endfacet
 facet normal -7.538152e-02 -9.971548e-01 -0.000000e+00
   outer loop
     vertex  5.695488e+01  1.069676e+01  7.980000e+00
     vertex  5.695488e+01  1.069676e+01  5.980000e+00
     vertex  5.700139e+01  1.069325e+01  5.980000e+00
   endloop
 endfacet
 facet normal -4.799716e-02 -9.988475e-01  0.000000e+00
   outer loop
     vertex  5.690829e+01  1.069900e+01  7.980000e+00
     vertex  5.695488e+01  1.069676e+01  5.980000e+00
     vertex  5.695488e+01  1.069676e+01  7.980000e+00
   endloop
 endfacet
 facet normal -4.799716e-02 -9.988475e-01 -0.000000e+00
   outer loop
     vertex  5.690829e+01  1.069900e+01  7.980000e+00
     vertex  5.690829e+01  1.069900e+01  5.980000e+00
     vertex  5.695488e+01  1.069676e+01  5.980000e+00
   endloop
 endfacet
 facet normal -2.057667e-02 -9.997883e-01 -0.000000e+00
   outer loop
     vertex  5.686166e+01  1.069996e+01  7.980000e+00
     vertex  5.686166e+01  1.069996e+01  5.980000e+00
     vertex  5.690829e+01  1.069900e+01  5.980000e+00
   endloop
 endfacet
 facet normal -2.057667e-02 -9.997883e-01  0.000000e+00
   outer loop
     vertex  5.686166e+01  1.069996e+01  7.980000e+00
     vertex  5.690829e+01  1.069900e+01  5.980000e+00
     vertex  5.690829e+01  1.069900e+01  7.980000e+00
   endloop
 endfacet
 facet normal  6.859319e-03 -9.999765e-01  0.000000e+00
   outer loop
     vertex  5.686166e+01  1.069996e+01  7.980000e+00
     vertex  5.681502e+01  1.069964e+01  5.980000e+00
     vertex  5.686166e+01  1.069996e+01  5.980000e+00
   endloop
 endfacet
 facet normal  3.429014e-02 -9.994119e-01  0.000000e+00
   outer loop
     vertex  5.681502e+01  1.069964e+01  7.980000e+00
     vertex  5.676840e+01  1.069804e+01  5.980000e+00
     vertex  5.681502e+01  1.069964e+01  5.980000e+00
   endloop
 endfacet
 facet normal  6.859319e-03 -9.999765e-01  0.000000e+00
   outer loop
     vertex  5.681502e+01  1.069964e+01  7.980000e+00
     vertex  5.681502e+01  1.069964e+01  5.980000e+00
     vertex  5.686166e+01  1.069996e+01  7.980000e+00
   endloop
 endfacet
 facet normal  3.429014e-02 -9.994119e-01  0.000000e+00
   outer loop
     vertex  5.676840e+01  1.069804e+01  7.980000e+00
     vertex  5.676840e+01  1.069804e+01  5.980000e+00
     vertex  5.681502e+01  1.069964e+01  7.980000e+00
   endloop
 endfacet
 facet normal  6.169515e-02 -9.980950e-01  0.000000e+00
   outer loop
     vertex  5.672185e+01  1.069516e+01  7.980000e+00
     vertex  5.672185e+01  1.069516e+01  5.980000e+00
     vertex  5.676840e+01  1.069804e+01  5.980000e+00
   endloop
 endfacet
 facet normal  6.169515e-02 -9.980950e-01  0.000000e+00
   outer loop
     vertex  5.672185e+01  1.069516e+01  7.980000e+00
     vertex  5.676840e+01  1.069804e+01  5.980000e+00
     vertex  5.676840e+01  1.069804e+01  7.980000e+00
   endloop
 endfacet
 facet normal  8.905371e-02 -9.960268e-01  0.000000e+00
   outer loop
     vertex  5.667539e+01  1.069101e+01  7.980000e+00
     vertex  5.672185e+01  1.069516e+01  5.980000e+00
     vertex  5.672185e+01  1.069516e+01  7.980000e+00
   endloop
 endfacet
 facet normal  8.905371e-02 -9.960268e-01  0.000000e+00
   outer loop
     vertex  5.667539e+01  1.069101e+01  7.980000e+00
     vertex  5.667539e+01  1.069101e+01  5.980000e+00
     vertex  5.672185e+01  1.069516e+01  5.980000e+00
   endloop
 endfacet
 facet normal  1.163452e-01 -9.932088e-01  0.000000e+00
   outer loop
     vertex  5.667539e+01  1.069101e+01  7.980000e+00
     vertex  5.662907e+01  1.068558e+01  5.980000e+00
     vertex  5.667539e+01  1.069101e+01  5.980000e+00
   endloop
 endfacet
 facet normal  1.163452e-01 -9.932088e-01  0.000000e+00
   outer loop
     vertex  5.662907e+01  1.068558e+01  7.980000e+00
     vertex  5.662907e+01  1.068558e+01  5.980000e+00
     vertex  5.667539e+01  1.069101e+01  7.980000e+00
   endloop
 endfacet
 facet normal  1.435492e-01 -9.896432e-01  0.000000e+00
   outer loop
     vertex  5.658291e+01  1.067889e+01  7.980000e+00
     vertex  5.662907e+01  1.068558e+01  5.980000e+00
     vertex  5.662907e+01  1.068558e+01  7.980000e+00
   endloop
 endfacet
 facet normal  1.435492e-01 -9.896432e-01  0.000000e+00
   outer loop
     vertex  5.658291e+01  1.067889e+01  7.980000e+00
     vertex  5.658291e+01  1.067889e+01  5.980000e+00
     vertex  5.662907e+01  1.068558e+01  5.980000e+00
   endloop
 endfacet
 facet normal  1.706451e-01 -9.853326e-01  0.000000e+00
   outer loop
     vertex  5.653695e+01  1.067093e+01  7.980000e+00
     vertex  5.658291e+01  1.067889e+01  5.980000e+00
     vertex  5.658291e+01  1.067889e+01  7.980000e+00
   endloop
 endfacet
 facet normal  1.706451e-01 -9.853326e-01  0.000000e+00
   outer loop
     vertex  5.653695e+01  1.067093e+01  7.980000e+00
     vertex  5.653695e+01  1.067093e+01  5.980000e+00
     vertex  5.658291e+01  1.067889e+01  5.980000e+00
   endloop
 endfacet
 facet normal  1.976125e-01 -9.802802e-01  0.000000e+00
   outer loop
     vertex  5.653695e+01  1.067093e+01  7.980000e+00
     vertex  5.649123e+01  1.066171e+01  5.980000e+00
     vertex  5.653695e+01  1.067093e+01  5.980000e+00
   endloop
 endfacet
 facet normal  1.976125e-01 -9.802802e-01  0.000000e+00
   outer loop
     vertex  5.649123e+01  1.066171e+01  7.980000e+00
     vertex  5.649123e+01  1.066171e+01  5.980000e+00
     vertex  5.653695e+01  1.067093e+01  7.980000e+00
   endloop
 endfacet
 facet normal  2.244312e-01 -9.744899e-01  0.000000e+00
   outer loop
     vertex  5.644578e+01  1.065124e+01  7.980000e+00
     vertex  5.649123e+01  1.066171e+01  5.980000e+00
     vertex  5.649123e+01  1.066171e+01  7.980000e+00
   endloop
 endfacet
 facet normal  2.244312e-01 -9.744899e-01  0.000000e+00
   outer loop
     vertex  5.644578e+01  1.065124e+01  7.980000e+00
     vertex  5.644578e+01  1.065124e+01  5.980000e+00
     vertex  5.649123e+01  1.066171e+01  5.980000e+00
   endloop
 endfacet
 facet normal  2.510809e-01 -9.679661e-01  0.000000e+00
   outer loop
     vertex  5.640063e+01  1.063953e+01  7.980000e+00
     vertex  5.644578e+01  1.065124e+01  5.980000e+00
     vertex  5.644578e+01  1.065124e+01  7.980000e+00
   endloop
 endfacet
 facet normal  2.510809e-01 -9.679661e-01  0.000000e+00
   outer loop
     vertex  5.640063e+01  1.063953e+01  7.980000e+00
     vertex  5.640063e+01  1.063953e+01  5.980000e+00
     vertex  5.644578e+01  1.065124e+01  5.980000e+00
   endloop
 endfacet
 facet normal  2.775416e-01 -9.607136e-01  0.000000e+00
   outer loop
     vertex  5.635582e+01  1.062659e+01  7.980000e+00
     vertex  5.640063e+01  1.063953e+01  5.980000e+00
     vertex  5.640063e+01  1.063953e+01  7.980000e+00
   endloop
 endfacet
 facet normal  2.775416e-01 -9.607136e-01  0.000000e+00
   outer loop
     vertex  5.635582e+01  1.062659e+01  7.980000e+00
     vertex  5.635582e+01  1.062659e+01  5.980000e+00
     vertex  5.640063e+01  1.063953e+01  5.980000e+00
   endloop
 endfacet
 facet normal  3.037934e-01 -9.527379e-01  0.000000e+00
   outer loop
     vertex  5.635582e+01  1.062659e+01  7.980000e+00
     vertex  5.631138e+01  1.061242e+01  5.980000e+00
     vertex  5.635582e+01  1.062659e+01  5.980000e+00
   endloop
 endfacet
 facet normal  3.037934e-01 -9.527379e-01  0.000000e+00
   outer loop
     vertex  5.631138e+01  1.061242e+01  7.980000e+00
     vertex  5.631138e+01  1.061242e+01  5.980000e+00
     vertex  5.635582e+01  1.062659e+01  7.980000e+00
   endloop
 endfacet
 facet normal  3.298166e-01 -9.440450e-01  0.000000e+00
   outer loop
     vertex  5.626735e+01  1.059703e+01  7.980000e+00
     vertex  5.631138e+01  1.061242e+01  5.980000e+00
     vertex  5.631138e+01  1.061242e+01  7.980000e+00
   endloop
 endfacet
 facet normal  3.298166e-01 -9.440450e-01  0.000000e+00
   outer loop
     vertex  5.626735e+01  1.059703e+01  7.980000e+00
     vertex  5.626735e+01  1.059703e+01  5.980000e+00
     vertex  5.631138e+01  1.061242e+01  5.980000e+00
   endloop
 endfacet
 facet normal  3.555914e-01 -9.346415e-01  0.000000e+00
   outer loop
     vertex  5.626735e+01  1.059703e+01  7.980000e+00
     vertex  5.622375e+01  1.058045e+01  5.980000e+00
     vertex  5.626735e+01  1.059703e+01  5.980000e+00
   endloop
 endfacet
 facet normal  3.555914e-01 -9.346415e-01  0.000000e+00
   outer loop
     vertex  5.622375e+01  1.058045e+01  7.980000e+00
     vertex  5.622375e+01  1.058045e+01  5.980000e+00
     vertex  5.626735e+01  1.059703e+01  7.980000e+00
   endloop
 endfacet
 facet normal  3.810986e-01 -9.245344e-01  0.000000e+00
   outer loop
     vertex  5.618063e+01  1.056267e+01  7.980000e+00
     vertex  5.622375e+01  1.058045e+01  5.980000e+00
     vertex  5.622375e+01  1.058045e+01  7.980000e+00
   endloop
 endfacet
 facet normal  3.810986e-01 -9.245344e-01  0.000000e+00
   outer loop
     vertex  5.618063e+01  1.056267e+01  7.980000e+00
     vertex  5.618063e+01  1.056267e+01  5.980000e+00
     vertex  5.622375e+01  1.058045e+01  5.980000e+00
   endloop
 endfacet
 facet normal  4.063188e-01 -9.137314e-01  0.000000e+00
   outer loop
     vertex  5.613801e+01  1.054372e+01  7.980000e+00
     vertex  5.613801e+01  1.054372e+01  5.980000e+00
     vertex  5.618063e+01  1.056267e+01  5.980000e+00
   endloop
 endfacet
 facet normal  4.063188e-01 -9.137314e-01  0.000000e+00
   outer loop
     vertex  5.613801e+01  1.054372e+01  7.980000e+00
     vertex  5.618063e+01  1.056267e+01  5.980000e+00
     vertex  5.618063e+01  1.056267e+01  7.980000e+00
   endloop
 endfacet
 facet normal  4.312333e-01 -9.022405e-01  0.000000e+00
   outer loop
     vertex  5.609593e+01  1.052361e+01  7.980000e+00
     vertex  5.609593e+01  1.052361e+01  5.980000e+00
     vertex  5.613801e+01  1.054372e+01  5.980000e+00
   endloop
 endfacet
 facet normal  4.558231e-01 -8.900704e-01  0.000000e+00
   outer loop
     vertex  5.609593e+01  1.052361e+01  7.980000e+00
     vertex  5.605442e+01  1.050235e+01  5.980000e+00
     vertex  5.609593e+01  1.052361e+01  5.980000e+00
   endloop
 endfacet
 facet normal  4.312333e-01 -9.022405e-01  0.000000e+00
   outer loop
     vertex  5.609593e+01  1.052361e+01  7.980000e+00
     vertex  5.613801e+01  1.054372e+01  5.980000e+00
     vertex  5.613801e+01  1.054372e+01  7.980000e+00
   endloop
 endfacet
 facet normal  4.800697e-01 -8.772303e-01  0.000000e+00
   outer loop
     vertex  5.605442e+01  1.050235e+01  7.980000e+00
     vertex  5.601350e+01  1.047996e+01  5.980000e+00
     vertex  5.605442e+01  1.050235e+01  5.980000e+00
   endloop
 endfacet
 facet normal  4.558231e-01 -8.900704e-01  0.000000e+00
   outer loop
     vertex  5.605442e+01  1.050235e+01  7.980000e+00
     vertex  5.605442e+01  1.050235e+01  5.980000e+00
     vertex  5.609593e+01  1.052361e+01  7.980000e+00
   endloop
 endfacet
 facet normal  4.800697e-01 -8.772303e-01  0.000000e+00
   outer loop
     vertex  5.601350e+01  1.047996e+01  7.980000e+00
     vertex  5.601350e+01  1.047996e+01  5.980000e+00
     vertex  5.605442e+01  1.050235e+01  7.980000e+00
   endloop
 endfacet
 facet normal  5.039550e-01 -8.637299e-01  0.000000e+00
   outer loop
     vertex  5.597321e+01  1.045645e+01  7.980000e+00
     vertex  5.597321e+01  1.045645e+01  5.980000e+00
     vertex  5.601350e+01  1.047996e+01  5.980000e+00
   endloop
 endfacet
 facet normal  5.039550e-01 -8.637299e-01  0.000000e+00
   outer loop
     vertex  5.597321e+01  1.045645e+01  7.980000e+00
     vertex  5.601350e+01  1.047996e+01  5.980000e+00
     vertex  5.601350e+01  1.047996e+01  7.980000e+00
   endloop
 endfacet
 facet normal  5.274609e-01 -8.495793e-01  0.000000e+00
   outer loop
     vertex  5.593359e+01  1.043185e+01  7.980000e+00
     vertex  5.593359e+01  1.043185e+01  5.980000e+00
     vertex  5.597321e+01  1.045645e+01  5.980000e+00
   endloop
 endfacet
 facet normal  5.274609e-01 -8.495793e-01  0.000000e+00
   outer loop
     vertex  5.593359e+01  1.043185e+01  7.980000e+00
     vertex  5.597321e+01  1.045645e+01  5.980000e+00
     vertex  5.597321e+01  1.045645e+01  7.980000e+00
   endloop
 endfacet
 facet normal  5.505698e-01 -8.347891e-01  0.000000e+00
   outer loop
     vertex  5.589465e+01  1.040617e+01  7.980000e+00
     vertex  5.589465e+01  1.040617e+01  5.980000e+00
     vertex  5.593359e+01  1.043185e+01  5.980000e+00
   endloop
 endfacet
 facet normal  5.505698e-01 -8.347891e-01  0.000000e+00
   outer loop
     vertex  5.589465e+01  1.040617e+01  7.980000e+00
     vertex  5.593359e+01  1.043185e+01  5.980000e+00
     vertex  5.593359e+01  1.043185e+01  7.980000e+00
   endloop
 endfacet
 facet normal  5.732642e-01 -8.193706e-01  0.000000e+00
   outer loop
     vertex  5.585643e+01  1.037943e+01  7.980000e+00
     vertex  5.585643e+01  1.037943e+01  5.980000e+00
     vertex  5.589465e+01  1.040617e+01  5.980000e+00
   endloop
 endfacet
 facet normal  5.732642e-01 -8.193706e-01  0.000000e+00
   outer loop
     vertex  5.585643e+01  1.037943e+01  7.980000e+00
     vertex  5.589465e+01  1.040617e+01  5.980000e+00
     vertex  5.589465e+01  1.040617e+01  7.980000e+00
   endloop
 endfacet
 facet normal  5.955271e-01 -8.033352e-01  0.000000e+00
   outer loop
     vertex  5.581896e+01  1.035165e+01  7.980000e+00
     vertex  5.581896e+01  1.035165e+01  5.980000e+00
     vertex  5.585643e+01  1.037943e+01  5.980000e+00
   endloop
 endfacet
 facet normal  5.955271e-01 -8.033352e-01  0.000000e+00
   outer loop
     vertex  5.581896e+01  1.035165e+01  7.980000e+00
     vertex  5.585643e+01  1.037943e+01  5.980000e+00
     vertex  5.585643e+01  1.037943e+01  7.980000e+00
   endloop
 endfacet
 facet normal  6.173417e-01 -7.866951e-01  0.000000e+00
   outer loop
     vertex  5.578227e+01  1.032286e+01  7.980000e+00
     vertex  5.578227e+01  1.032286e+01  5.980000e+00
     vertex  5.581896e+01  1.035165e+01  5.980000e+00
   endloop
 endfacet
 facet normal  6.386916e-01 -7.694628e-01  0.000000e+00
   outer loop
     vertex  5.578227e+01  1.032286e+01  7.980000e+00
     vertex  5.574638e+01  1.029307e+01  5.980000e+00
     vertex  5.578227e+01  1.032286e+01  5.980000e+00
   endloop
 endfacet
 facet normal  6.173417e-01 -7.866951e-01  0.000000e+00
   outer loop
     vertex  5.578227e+01  1.032286e+01  7.980000e+00
     vertex  5.581896e+01  1.035165e+01  5.980000e+00
     vertex  5.581896e+01  1.035165e+01  7.980000e+00
   endloop
 endfacet
 facet normal  6.386916e-01 -7.694628e-01  0.000000e+00
   outer loop
     vertex  5.574638e+01  1.029307e+01  7.980000e+00
     vertex  5.574638e+01  1.029307e+01  5.980000e+00
     vertex  5.578227e+01  1.032286e+01  7.980000e+00
   endloop
 endfacet
 facet normal  6.595607e-01 -7.516513e-01  0.000000e+00
   outer loop
     vertex  5.571132e+01  1.026231e+01  7.980000e+00
     vertex  5.571132e+01  1.026231e+01  5.980000e+00
     vertex  5.574638e+01  1.029307e+01  5.980000e+00
   endloop
 endfacet
 facet normal  6.799333e-01 -7.332740e-01  0.000000e+00
   outer loop
     vertex  5.571132e+01  1.026231e+01  7.980000e+00
     vertex  5.567712e+01  1.023059e+01  5.980000e+00
     vertex  5.571132e+01  1.026231e+01  5.980000e+00
   endloop
 endfacet
 facet normal  6.595607e-01 -7.516513e-01  0.000000e+00
   outer loop
     vertex  5.571132e+01  1.026231e+01  7.980000e+00
     vertex  5.574638e+01  1.029307e+01  5.980000e+00
     vertex  5.574638e+01  1.029307e+01  7.980000e+00
   endloop
 endfacet
 facet normal  6.997940e-01 -7.143447e-01  0.000000e+00
   outer loop
     vertex  5.567712e+01  1.023059e+01  7.980000e+00
     vertex  5.564380e+01  1.019795e+01  5.980000e+00
     vertex  5.567712e+01  1.023059e+01  5.980000e+00
   endloop
 endfacet
 facet normal  6.799333e-01 -7.332740e-01  0.000000e+00
   outer loop
     vertex  5.567712e+01  1.023059e+01  7.980000e+00
     vertex  5.567712e+01  1.023059e+01  5.980000e+00
     vertex  5.571132e+01  1.026231e+01  7.980000e+00
   endloop
 endfacet
 facet normal  6.997940e-01 -7.143447e-01  0.000000e+00
   outer loop
     vertex  5.564380e+01  1.019795e+01  7.980000e+00
     vertex  5.564380e+01  1.019795e+01  5.980000e+00
     vertex  5.567712e+01  1.023059e+01  7.980000e+00
   endloop
 endfacet
 facet normal  7.191280e-01 -6.948776e-01  0.000000e+00
   outer loop
     vertex  5.561139e+01  1.016441e+01  7.980000e+00
     vertex  5.564380e+01  1.019795e+01  5.980000e+00
     vertex  5.564380e+01  1.019795e+01  7.980000e+00
   endloop
 endfacet
 facet normal  7.191280e-01 -6.948776e-01  0.000000e+00
   outer loop
     vertex  5.561139e+01  1.016441e+01  7.980000e+00
     vertex  5.561139e+01  1.016441e+01  5.980000e+00
     vertex  5.564380e+01  1.019795e+01  5.980000e+00
   endloop
 endfacet
 facet normal  7.379206e-01 -6.748875e-01  0.000000e+00
   outer loop
     vertex  5.561139e+01  1.016441e+01  7.980000e+00
     vertex  5.557991e+01  1.012999e+01  5.980000e+00
     vertex  5.561139e+01  1.016441e+01  5.980000e+00
   endloop
 endfacet
 facet normal  7.379206e-01 -6.748875e-01  0.000000e+00
   outer loop
     vertex  5.557991e+01  1.012999e+01  7.980000e+00
     vertex  5.557991e+01  1.012999e+01  5.980000e+00
     vertex  5.561139e+01  1.016441e+01  7.980000e+00
   endloop
 endfacet
 facet normal  7.561578e-01 -6.543893e-01  0.000000e+00
   outer loop
     vertex  5.554939e+01  1.009472e+01  7.980000e+00
     vertex  5.557991e+01  1.012999e+01  5.980000e+00
     vertex  5.557991e+01  1.012999e+01  7.980000e+00
   endloop
 endfacet
 facet normal  7.561578e-01 -6.543893e-01  0.000000e+00
   outer loop
     vertex  5.554939e+01  1.009472e+01  7.980000e+00
     vertex  5.554939e+01  1.009472e+01  5.980000e+00
     vertex  5.557991e+01  1.012999e+01  5.980000e+00
   endloop
 endfacet
 facet normal  7.738257e-01 -6.333986e-01  0.000000e+00
   outer loop
     vertex  5.554939e+01  1.009472e+01  7.980000e+00
     vertex  5.551985e+01  1.005863e+01  5.980000e+00
     vertex  5.554939e+01  1.009472e+01  5.980000e+00
   endloop
 endfacet
 facet normal  7.738257e-01 -6.333986e-01  0.000000e+00
   outer loop
     vertex  5.551985e+01  1.005863e+01  7.980000e+00
     vertex  5.551985e+01  1.005863e+01  5.980000e+00
     vertex  5.554939e+01  1.009472e+01  7.980000e+00
   endloop
 endfacet
 facet normal  7.909112e-01 -6.119310e-01  0.000000e+00
   outer loop
     vertex  5.549131e+01  1.002174e+01  7.980000e+00
     vertex  5.551985e+01  1.005863e+01  5.980000e+00
     vertex  5.551985e+01  1.005863e+01  7.980000e+00
   endloop
 endfacet
 facet normal  7.909112e-01 -6.119310e-01  0.000000e+00
   outer loop
     vertex  5.549131e+01  1.002174e+01  7.980000e+00
     vertex  5.549131e+01  1.002174e+01  5.980000e+00
     vertex  5.551985e+01  1.005863e+01  5.980000e+00
   endloop
 endfacet
 facet normal  8.074012e-01 -5.900028e-01  0.000000e+00
   outer loop
     vertex  5.549131e+01  1.002174e+01  7.980000e+00
     vertex  5.546379e+01  9.984081e+00  5.980000e+00
     vertex  5.549131e+01  1.002174e+01  5.980000e+00
   endloop
 endfacet
 facet normal  8.232835e-01 -5.676304e-01  0.000000e+00
   outer loop
     vertex  5.546379e+01  9.984081e+00  7.980000e+00
     vertex  5.543731e+01  9.945681e+00  5.980000e+00
     vertex  5.546379e+01  9.984081e+00  5.980000e+00
   endloop
 endfacet
 facet normal  8.074012e-01 -5.900028e-01  0.000000e+00
   outer loop
     vertex  5.546379e+01  9.984081e+00  7.980000e+00
     vertex  5.546379e+01  9.984081e+00  5.980000e+00
     vertex  5.549131e+01  1.002174e+01  7.980000e+00
   endloop
 endfacet
 facet normal  8.232835e-01 -5.676304e-01  0.000000e+00
   outer loop
     vertex  5.543731e+01  9.945681e+00  7.980000e+00
     vertex  5.543731e+01  9.945681e+00  5.980000e+00
     vertex  5.546379e+01  9.984081e+00  7.980000e+00
   endloop
 endfacet
 facet normal  8.385460e-01 -5.448308e-01  0.000000e+00
   outer loop
     vertex  5.541190e+01  9.906569e+00  7.980000e+00
     vertex  5.543731e+01  9.945681e+00  5.980000e+00
     vertex  5.543731e+01  9.945681e+00  7.980000e+00
   endloop
 endfacet
 facet normal  8.385460e-01 -5.448308e-01  0.000000e+00
   outer loop
     vertex  5.541190e+01  9.906569e+00  7.980000e+00
     vertex  5.541190e+01  9.906569e+00  5.980000e+00
     vertex  5.543731e+01  9.945681e+00  5.980000e+00
   endloop
 endfacet
 facet normal  8.531773e-01 -5.216210e-01  0.000000e+00
   outer loop
     vertex  5.538757e+01  9.866775e+00  7.980000e+00
     vertex  5.538757e+01  9.866775e+00  5.980000e+00
     vertex  5.541190e+01  9.906569e+00  5.980000e+00
   endloop
 endfacet
 facet normal  8.531773e-01 -5.216210e-01  0.000000e+00
   outer loop
     vertex  5.538757e+01  9.866775e+00  7.980000e+00
     vertex  5.541190e+01  9.906569e+00  5.980000e+00
     vertex  5.541190e+01  9.906569e+00  7.980000e+00
   endloop
 endfacet
 facet normal  8.671664e-01 -4.980186e-01  0.000000e+00
   outer loop
     vertex  5.536434e+01  9.826329e+00  7.980000e+00
     vertex  5.536434e+01  9.826329e+00  5.980000e+00
     vertex  5.538757e+01  9.866775e+00  5.980000e+00
   endloop
 endfacet
 facet normal  8.805026e-01 -4.740412e-01  0.000000e+00
   outer loop
     vertex  5.536434e+01  9.826329e+00  7.980000e+00
     vertex  5.534223e+01  9.785260e+00  5.980000e+00
     vertex  5.536434e+01  9.826329e+00  5.980000e+00
   endloop
 endfacet
 facet normal  8.671664e-01 -4.980186e-01  0.000000e+00
   outer loop
     vertex  5.536434e+01  9.826329e+00  7.980000e+00
     vertex  5.538757e+01  9.866775e+00  5.980000e+00
     vertex  5.538757e+01  9.866775e+00  7.980000e+00
   endloop
 endfacet
 facet normal  8.805026e-01 -4.740412e-01  0.000000e+00
   outer loop
     vertex  5.534223e+01  9.785260e+00  7.980000e+00
     vertex  5.534223e+01  9.785260e+00  5.980000e+00
     vertex  5.536434e+01  9.826329e+00  7.980000e+00
   endloop
 endfacet
 facet normal  8.931761e-01 -4.497071e-01  0.000000e+00
   outer loop
     vertex  5.532126e+01  9.743600e+00  7.980000e+00
     vertex  5.532126e+01  9.743600e+00  5.980000e+00
     vertex  5.534223e+01  9.785260e+00  5.980000e+00
   endloop
 endfacet
 facet normal  8.931761e-01 -4.497071e-01  0.000000e+00
   outer loop
     vertex  5.532126e+01  9.743600e+00  7.980000e+00
     vertex  5.534223e+01  9.785260e+00  5.980000e+00
     vertex  5.534223e+01  9.785260e+00  7.980000e+00
   endloop
 endfacet
 facet normal  9.051772e-01 -4.250344e-01  0.000000e+00
   outer loop
     vertex  5.530143e+01  9.701381e+00  7.980000e+00
     vertex  5.530143e+01  9.701381e+00  5.980000e+00
     vertex  5.532126e+01  9.743600e+00  5.980000e+00
   endloop
 endfacet
 facet normal  9.051772e-01 -4.250344e-01  0.000000e+00
   outer loop
     vertex  5.530143e+01  9.701381e+00  7.980000e+00
     vertex  5.532126e+01  9.743600e+00  5.980000e+00
     vertex  5.532126e+01  9.743600e+00  7.980000e+00
   endloop
 endfacet
 facet normal  9.164969e-01 -4.000417e-01  0.000000e+00
   outer loop
     vertex  5.528277e+01  9.658633e+00  7.980000e+00
     vertex  5.528277e+01  9.658633e+00  5.980000e+00
     vertex  5.530143e+01  9.701381e+00  5.980000e+00
   endloop
 endfacet
 facet normal  9.271267e-01 -3.747479e-01  0.000000e+00
   outer loop
     vertex  5.528277e+01  9.658633e+00  7.980000e+00
     vertex  5.526529e+01  9.615390e+00  5.980000e+00
     vertex  5.528277e+01  9.658633e+00  5.980000e+00
   endloop
 endfacet
 facet normal  9.164969e-01 -4.000417e-01  0.000000e+00
   outer loop
     vertex  5.528277e+01  9.658633e+00  7.980000e+00
     vertex  5.530143e+01  9.701381e+00  5.980000e+00
     vertex  5.530143e+01  9.701381e+00  7.980000e+00
   endloop
 endfacet
 facet normal  9.271267e-01 -3.747479e-01  0.000000e+00
   outer loop
     vertex  5.526529e+01  9.615390e+00  7.980000e+00
     vertex  5.526529e+01  9.615390e+00  5.980000e+00
     vertex  5.528277e+01  9.658633e+00  7.980000e+00
   endloop
 endfacet
 facet normal  9.370586e-01 -3.491720e-01  0.000000e+00
   outer loop
     vertex  5.524901e+01  9.571683e+00  7.980000e+00
     vertex  5.524901e+01  9.571683e+00  5.980000e+00
     vertex  5.526529e+01  9.615390e+00  5.980000e+00
   endloop
 endfacet
 facet normal  9.370586e-01 -3.491720e-01  0.000000e+00
   outer loop
     vertex  5.524901e+01  9.571683e+00  7.980000e+00
     vertex  5.526529e+01  9.615390e+00  5.980000e+00
     vertex  5.526529e+01  9.615390e+00  7.980000e+00
   endloop
 endfacet
 facet normal  9.462851e-01 -3.233333e-01  0.000000e+00
   outer loop
     vertex  5.523393e+01  9.527546e+00  7.980000e+00
     vertex  5.523393e+01  9.527546e+00  5.980000e+00
     vertex  5.524901e+01  9.571683e+00  5.980000e+00
   endloop
 endfacet
 facet normal  9.547993e-01 -2.972512e-01  0.000000e+00
   outer loop
     vertex  5.523393e+01  9.527546e+00  7.980000e+00
     vertex  5.522006e+01  9.483012e+00  5.980000e+00
     vertex  5.523393e+01  9.527546e+00  5.980000e+00
   endloop
 endfacet
 facet normal  9.462851e-01 -3.233333e-01  0.000000e+00
   outer loop
     vertex  5.523393e+01  9.527546e+00  7.980000e+00
     vertex  5.524901e+01  9.571683e+00  5.980000e+00
     vertex  5.524901e+01  9.571683e+00  7.980000e+00
   endloop
 endfacet
 facet normal  9.547993e-01 -2.972512e-01  0.000000e+00
   outer loop
     vertex  5.522006e+01  9.483012e+00  7.980000e+00
     vertex  5.522006e+01  9.483012e+00  5.980000e+00
     vertex  5.523393e+01  9.527546e+00  7.980000e+00
   endloop
 endfacet
 facet normal  9.625948e-01 -2.709453e-01  0.000000e+00
   outer loop
     vertex  5.520742e+01  9.438115e+00  7.980000e+00
     vertex  5.520742e+01  9.438115e+00  5.980000e+00
     vertex  5.522006e+01  9.483012e+00  5.980000e+00
   endloop
 endfacet
 facet normal  9.625948e-01 -2.709453e-01  0.000000e+00
   outer loop
     vertex  5.520742e+01  9.438115e+00  7.980000e+00
     vertex  5.522006e+01  9.483012e+00  5.980000e+00
     vertex  5.522006e+01  9.483012e+00  7.980000e+00
   endloop
 endfacet
 facet normal  9.696656e-01 -2.444354e-01  0.000000e+00
   outer loop
     vertex  5.519602e+01  9.392887e+00  7.980000e+00
     vertex  5.519602e+01  9.392887e+00  5.980000e+00
     vertex  5.520742e+01  9.438115e+00  5.980000e+00
   endloop
 endfacet
 facet normal  9.760065e-01 -2.177416e-01  0.000000e+00
   outer loop
     vertex  5.519602e+01  9.392887e+00  7.980000e+00
     vertex  5.518587e+01  9.347364e+00  5.980000e+00
     vertex  5.519602e+01  9.392887e+00  5.980000e+00
   endloop
 endfacet
 facet normal  9.696656e-01 -2.444354e-01  0.000000e+00
   outer loop
     vertex  5.519602e+01  9.392887e+00  7.980000e+00
     vertex  5.520742e+01  9.438115e+00  5.980000e+00
     vertex  5.520742e+01  9.438115e+00  7.980000e+00
   endloop
 endfacet
 facet normal  9.816126e-01 -1.908838e-01  0.000000e+00
   outer loop
     vertex  5.518587e+01  9.347364e+00  7.980000e+00
     vertex  5.517696e+01  9.301580e+00  5.980000e+00
     vertex  5.518587e+01  9.347364e+00  5.980000e+00
   endloop
 endfacet
 facet normal  9.760065e-01 -2.177416e-01  0.000000e+00
   outer loop
     vertex  5.518587e+01  9.347364e+00  7.980000e+00
     vertex  5.518587e+01  9.347364e+00  5.980000e+00
     vertex  5.519602e+01  9.392887e+00  7.980000e+00
   endloop
 endfacet
 facet normal  9.864799e-01 -1.638824e-01  0.000000e+00
   outer loop
     vertex  5.517696e+01  9.301580e+00  7.980000e+00
     vertex  5.516932e+01  9.255568e+00  5.980000e+00
     vertex  5.517696e+01  9.301580e+00  5.980000e+00
   endloop
 endfacet
 facet normal  9.816126e-01 -1.908838e-01  0.000000e+00
   outer loop
     vertex  5.517696e+01  9.301580e+00  7.980000e+00
     vertex  5.517696e+01  9.301580e+00  5.980000e+00
     vertex  5.518587e+01  9.347364e+00  7.980000e+00
   endloop
 endfacet
 facet normal  9.906046e-01 -1.367575e-01  0.000000e+00
   outer loop
     vertex  5.516932e+01  9.255568e+00  7.980000e+00
     vertex  5.516294e+01  9.209364e+00  5.980000e+00
     vertex  5.516932e+01  9.255568e+00  5.980000e+00
   endloop
 endfacet
 facet normal  9.864799e-01 -1.638824e-01  0.000000e+00
   outer loop
     vertex  5.516932e+01  9.255568e+00  7.980000e+00
     vertex  5.516932e+01  9.255568e+00  5.980000e+00
     vertex  5.517696e+01  9.301580e+00  7.980000e+00
   endloop
 endfacet
 facet normal  9.906046e-01 -1.367575e-01  0.000000e+00
   outer loop
     vertex  5.516294e+01  9.209364e+00  7.980000e+00
     vertex  5.516294e+01  9.209364e+00  5.980000e+00
     vertex  5.516932e+01  9.255568e+00  7.980000e+00
   endloop
 endfacet
 facet normal  9.939835e-01 -1.095298e-01  0.000000e+00
   outer loop
     vertex  5.515783e+01  9.163002e+00  7.980000e+00
     vertex  5.516294e+01  9.209364e+00  5.980000e+00
     vertex  5.516294e+01  9.209364e+00  7.980000e+00
   endloop
 endfacet
 facet normal  9.939835e-01 -1.095298e-01  0.000000e+00
   outer loop
     vertex  5.515783e+01  9.163002e+00  7.980000e+00
     vertex  5.515783e+01  9.163002e+00  5.980000e+00
     vertex  5.516294e+01  9.209364e+00  5.980000e+00
   endloop
 endfacet
 facet normal  9.966142e-01 -8.221955e-02  0.000000e+00
   outer loop
     vertex  5.515400e+01  9.116518e+00  7.980000e+00
     vertex  5.515783e+01  9.163002e+00  5.980000e+00
     vertex  5.515783e+01  9.163002e+00  7.980000e+00
   endloop
 endfacet
 facet normal  9.966142e-01 -8.221955e-02  0.000000e+00
   outer loop
     vertex  5.515400e+01  9.116518e+00  7.980000e+00
     vertex  5.515400e+01  9.116518e+00  5.980000e+00
     vertex  5.515783e+01  9.163002e+00  5.980000e+00
   endloop
 endfacet
 facet normal  9.984947e-01 -5.484744e-02  0.000000e+00
   outer loop
     vertex  5.515400e+01  9.116518e+00  7.980000e+00
     vertex  5.515144e+01  9.069946e+00  5.980000e+00
     vertex  5.515400e+01  9.116518e+00  5.980000e+00
   endloop
 endfacet
 facet normal  9.984947e-01 -5.484744e-02  0.000000e+00
   outer loop
     vertex  5.515144e+01  9.069946e+00  7.980000e+00
     vertex  5.515144e+01  9.069946e+00  5.980000e+00
     vertex  5.515400e+01  9.116518e+00  7.980000e+00
   endloop
 endfacet
 facet normal  9.996236e-01 -2.743405e-02  0.000000e+00
   outer loop
     vertex  5.515016e+01  9.023321e+00  7.980000e+00
     vertex  5.515144e+01  9.069946e+00  5.980000e+00
     vertex  5.515144e+01  9.069946e+00  7.980000e+00
   endloop
 endfacet
 facet normal  9.996236e-01 -2.743405e-02  0.000000e+00
   outer loop
     vertex  5.515016e+01  9.023321e+00  7.980000e+00
     vertex  5.515016e+01  9.023321e+00  5.980000e+00
     vertex  5.515144e+01  9.069946e+00  5.980000e+00
   endloop
 endfacet
 facet normal  1.000000e+00  0.000000e+00  0.000000e+00
   outer loop
     vertex  5.515016e+01  9.023321e+00  7.980000e+00
     vertex  5.515016e+01  8.976679e+00  5.980000e+00
     vertex  5.515016e+01  9.023321e+00  5.980000e+00
   endloop
 endfacet
 facet normal  1.000000e+00 -0.000000e+00  0.000000e+00
   outer loop
     vertex  5.515016e+01  8.976679e+00  7.980000e+00
     vertex  5.515016e+01  8.976679e+00  5.980000e+00
     vertex  5.515016e+01  9.023321e+00  7.980000e+00
   endloop
 endfacet
 facet normal  9.996236e-01  2.743405e-02  0.000000e+00
   outer loop
     vertex  5.515144e+01  8.930054e+00  7.980000e+00
     vertex  5.515016e+01  8.976679e+00  5.980000e+00
     vertex  5.515016e+01  8.976679e+00  7.980000e+00
   endloop
 endfacet
 facet normal  9.996236e-01  2.743405e-02  0.000000e+00
   outer loop
     vertex  5.515144e+01  8.930054e+00  7.980000e+00
     vertex  5.515144e+01  8.930054e+00  5.980000e+00
     vertex  5.515016e+01  8.976679e+00  5.980000e+00
   endloop
 endfacet
 facet normal  9.984947e-01  5.484744e-02  0.000000e+00
   outer loop
     vertex  5.515144e+01  8.930054e+00  7.980000e+00
     vertex  5.515400e+01  8.883482e+00  5.980000e+00
     vertex  5.515144e+01  8.930054e+00  5.980000e+00
   endloop
 endfacet
 facet normal  9.984947e-01  5.484744e-02  0.000000e+00
   outer loop
     vertex  5.515400e+01  8.883482e+00  7.980000e+00
     vertex  5.515400e+01  8.883482e+00  5.980000e+00
     vertex  5.515144e+01  8.930054e+00  7.980000e+00
   endloop
 endfacet
 facet normal  9.966142e-01  8.221955e-02  0.000000e+00
   outer loop
     vertex  5.515783e+01  8.836998e+00  7.980000e+00
     vertex  5.515400e+01  8.883482e+00  5.980000e+00
     vertex  5.515400e+01  8.883482e+00  7.980000e+00
   endloop
 endfacet
 facet normal  9.966142e-01  8.221955e-02  0.000000e+00
   outer loop
     vertex  5.515783e+01  8.836998e+00  7.980000e+00
     vertex  5.515783e+01  8.836998e+00  5.980000e+00
     vertex  5.515400e+01  8.883482e+00  5.980000e+00
   endloop
 endfacet
 facet normal  9.939835e-01  1.095298e-01  0.000000e+00
   outer loop
     vertex  5.515783e+01  8.836998e+00  7.980000e+00
     vertex  5.516294e+01  8.790636e+00  5.980000e+00
     vertex  5.515783e+01  8.836998e+00  5.980000e+00
   endloop
 endfacet
 facet normal  9.939835e-01  1.095298e-01  0.000000e+00
   outer loop
     vertex  5.516294e+01  8.790636e+00  7.980000e+00
     vertex  5.516294e+01  8.790636e+00  5.980000e+00
     vertex  5.515783e+01  8.836998e+00  7.980000e+00
   endloop
 endfacet
 facet normal  9.906046e-01  1.367575e-01  0.000000e+00
   outer loop
     vertex  5.516932e+01  8.744432e+00  7.980000e+00
     vertex  5.516294e+01  8.790636e+00  5.980000e+00
     vertex  5.516294e+01  8.790636e+00  7.980000e+00
   endloop
 endfacet
 facet normal  9.906046e-01  1.367575e-01  0.000000e+00
   outer loop
     vertex  5.516932e+01  8.744432e+00  7.980000e+00
     vertex  5.516932e+01  8.744432e+00  5.980000e+00
     vertex  5.516294e+01  8.790636e+00  5.980000e+00
   endloop
 endfacet
 facet normal  9.864799e-01  1.638824e-01  0.000000e+00
   outer loop
     vertex  5.517696e+01  8.698420e+00  7.980000e+00
     vertex  5.516932e+01  8.744432e+00  5.980000e+00
     vertex  5.516932e+01  8.744432e+00  7.980000e+00
   endloop
 endfacet
 facet normal  9.864799e-01  1.638824e-01  0.000000e+00
   outer loop
     vertex  5.517696e+01  8.698420e+00  7.980000e+00
     vertex  5.517696e+01  8.698420e+00  5.980000e+00
     vertex  5.516932e+01  8.744432e+00  5.980000e+00
   endloop
 endfacet
 facet normal  9.816126e-01  1.908838e-01  0.000000e+00
   outer loop
     vertex  5.517696e+01  8.698420e+00  7.980000e+00
     vertex  5.518587e+01  8.652636e+00  5.980000e+00
     vertex  5.517696e+01  8.698420e+00  5.980000e+00
   endloop
 endfacet
 facet normal  9.816126e-01  1.908838e-01  0.000000e+00
   outer loop
     vertex  5.518587e+01  8.652636e+00  7.980000e+00
     vertex  5.518587e+01  8.652636e+00  5.980000e+00
     vertex  5.517696e+01  8.698420e+00  7.980000e+00
   endloop
 endfacet
 facet normal  9.760065e-01  2.177416e-01  0.000000e+00
   outer loop
     vertex  5.519602e+01  8.607113e+00  7.980000e+00
     vertex  5.518587e+01  8.652636e+00  5.980000e+00
     vertex  5.518587e+01  8.652636e+00  7.980000e+00
   endloop
 endfacet
 facet normal  9.760065e-01  2.177416e-01  0.000000e+00
   outer loop
     vertex  5.519602e+01  8.607113e+00  7.980000e+00
     vertex  5.519602e+01  8.607113e+00  5.980000e+00
     vertex  5.518587e+01  8.652636e+00  5.980000e+00
   endloop
 endfacet
 facet normal  9.696656e-01  2.444354e-01  0.000000e+00
   outer loop
     vertex  5.520742e+01  8.561885e+00  7.980000e+00
     vertex  5.520742e+01  8.561885e+00  5.980000e+00
     vertex  5.519602e+01  8.607113e+00  5.980000e+00
   endloop
 endfacet
 facet normal  9.696656e-01  2.444354e-01  0.000000e+00
   outer loop
     vertex  5.520742e+01  8.561885e+00  7.980000e+00
     vertex  5.519602e+01  8.607113e+00  5.980000e+00
     vertex  5.519602e+01  8.607113e+00  7.980000e+00
   endloop
 endfacet
 facet normal  9.625948e-01  2.709453e-01  0.000000e+00
   outer loop
     vertex  5.522006e+01  8.516988e+00  7.980000e+00
     vertex  5.522006e+01  8.516988e+00  5.980000e+00
     vertex  5.520742e+01  8.561885e+00  5.980000e+00
   endloop
 endfacet
 facet normal  9.625948e-01  2.709453e-01  0.000000e+00
   outer loop
     vertex  5.522006e+01  8.516988e+00  7.980000e+00
     vertex  5.520742e+01  8.561885e+00  5.980000e+00
     vertex  5.520742e+01  8.561885e+00  7.980000e+00
   endloop
 endfacet
 facet normal  9.547993e-01  2.972512e-01  0.000000e+00
   outer loop
     vertex  5.523393e+01  8.472454e+00  7.980000e+00
     vertex  5.523393e+01  8.472454e+00  5.980000e+00
     vertex  5.522006e+01  8.516988e+00  5.980000e+00
   endloop
 endfacet
 facet normal  9.547993e-01  2.972512e-01  0.000000e+00
   outer loop
     vertex  5.523393e+01  8.472454e+00  7.980000e+00
     vertex  5.522006e+01  8.516988e+00  5.980000e+00
     vertex  5.522006e+01  8.516988e+00  7.980000e+00
   endloop
 endfacet
 facet normal  9.462851e-01  3.233333e-01  0.000000e+00
   outer loop
     vertex  5.524901e+01  8.428317e+00  7.980000e+00
     vertex  5.524901e+01  8.428317e+00  5.980000e+00
     vertex  5.523393e+01  8.472454e+00  5.980000e+00
   endloop
 endfacet
 facet normal  9.462851e-01  3.233333e-01  0.000000e+00
   outer loop
     vertex  5.524901e+01  8.428317e+00  7.980000e+00
     vertex  5.523393e+01  8.472454e+00  5.980000e+00
     vertex  5.523393e+01  8.472454e+00  7.980000e+00
   endloop
 endfacet
 facet normal  9.370586e-01  3.491720e-01  0.000000e+00
   outer loop
     vertex  5.526529e+01  8.384610e+00  7.980000e+00
     vertex  5.526529e+01  8.384610e+00  5.980000e+00
     vertex  5.524901e+01  8.428317e+00  5.980000e+00
   endloop
 endfacet
 facet normal  9.271267e-01  3.747479e-01  0.000000e+00
   outer loop
     vertex  5.526529e+01  8.384610e+00  7.980000e+00
     vertex  5.528277e+01  8.341367e+00  5.980000e+00
     vertex  5.526529e+01  8.384610e+00  5.980000e+00
   endloop
 endfacet
 facet normal  9.370586e-01  3.491720e-01  0.000000e+00
   outer loop
     vertex  5.526529e+01  8.384610e+00  7.980000e+00
     vertex  5.524901e+01  8.428317e+00  5.980000e+00
     vertex  5.524901e+01  8.428317e+00  7.980000e+00
   endloop
 endfacet
 facet normal  9.271267e-01  3.747479e-01  0.000000e+00
   outer loop
     vertex  5.528277e+01  8.341367e+00  7.980000e+00
     vertex  5.528277e+01  8.341367e+00  5.980000e+00
     vertex  5.526529e+01  8.384610e+00  7.980000e+00
   endloop
 endfacet
 facet normal  9.164969e-01  4.000417e-01  0.000000e+00
   outer loop
     vertex  5.530143e+01  8.298619e+00  7.980000e+00
     vertex  5.530143e+01  8.298619e+00  5.980000e+00
     vertex  5.528277e+01  8.341367e+00  5.980000e+00
   endloop
 endfacet
 facet normal  9.164969e-01  4.000417e-01  0.000000e+00
   outer loop
     vertex  5.530143e+01  8.298619e+00  7.980000e+00
     vertex  5.528277e+01  8.341367e+00  5.980000e+00
     vertex  5.528277e+01  8.341367e+00  7.980000e+00
   endloop
 endfacet
 facet normal  9.051772e-01  4.250344e-01  0.000000e+00
   outer loop
     vertex  5.532126e+01  8.256400e+00  7.980000e+00
     vertex  5.532126e+01  8.256400e+00  5.980000e+00
     vertex  5.530143e+01  8.298619e+00  5.980000e+00
   endloop
 endfacet
 facet normal  9.051772e-01  4.250344e-01  0.000000e+00
   outer loop
     vertex  5.532126e+01  8.256400e+00  7.980000e+00
     vertex  5.530143e+01  8.298619e+00  5.980000e+00
     vertex  5.530143e+01  8.298619e+00  7.980000e+00
   endloop
 endfacet
 facet normal  8.931761e-01  4.497071e-01  0.000000e+00
   outer loop
     vertex  5.534223e+01  8.214740e+00  7.980000e+00
     vertex  5.534223e+01  8.214740e+00  5.980000e+00
     vertex  5.532126e+01  8.256400e+00  5.980000e+00
   endloop
 endfacet
 facet normal  8.931761e-01  4.497071e-01  0.000000e+00
   outer loop
     vertex  5.534223e+01  8.214740e+00  7.980000e+00
     vertex  5.532126e+01  8.256400e+00  5.980000e+00
     vertex  5.532126e+01  8.256400e+00  7.980000e+00
   endloop
 endfacet
 facet normal  8.805026e-01  4.740412e-01  0.000000e+00
   outer loop
     vertex  5.536434e+01  8.173671e+00  7.980000e+00
     vertex  5.536434e+01  8.173671e+00  5.980000e+00
     vertex  5.534223e+01  8.214740e+00  5.980000e+00
   endloop
 endfacet
 facet normal  8.671664e-01  4.980186e-01  0.000000e+00
   outer loop
     vertex  5.536434e+01  8.173671e+00  7.980000e+00
     vertex  5.538757e+01  8.133225e+00  5.980000e+00
     vertex  5.536434e+01  8.173671e+00  5.980000e+00
   endloop
 endfacet
 facet normal  8.805026e-01  4.740412e-01  0.000000e+00
   outer loop
     vertex  5.536434e+01  8.173671e+00  7.980000e+00
     vertex  5.534223e+01  8.214740e+00  5.980000e+00
     vertex  5.534223e+01  8.214740e+00  7.980000e+00
   endloop
 endfacet
 facet normal  8.531773e-01  5.216210e-01  0.000000e+00
   outer loop
     vertex  5.538757e+01  8.133225e+00  7.980000e+00
     vertex  5.541190e+01  8.093431e+00  5.980000e+00
     vertex  5.538757e+01  8.133225e+00  5.980000e+00
   endloop
 endfacet
 facet normal  8.671664e-01  4.980186e-01  0.000000e+00
   outer loop
     vertex  5.538757e+01  8.133225e+00  7.980000e+00
     vertex  5.538757e+01  8.133225e+00  5.980000e+00
     vertex  5.536434e+01  8.173671e+00  7.980000e+00
   endloop
 endfacet
 facet normal  8.531773e-01  5.216210e-01  0.000000e+00
   outer loop
     vertex  5.541190e+01  8.093431e+00  7.980000e+00
     vertex  5.541190e+01  8.093431e+00  5.980000e+00
     vertex  5.538757e+01  8.133225e+00  7.980000e+00
   endloop
 endfacet
 facet normal  8.385460e-01  5.448308e-01  0.000000e+00
   outer loop
     vertex  5.543731e+01  8.054319e+00  7.980000e+00
     vertex  5.541190e+01  8.093431e+00  5.980000e+00
     vertex  5.541190e+01  8.093431e+00  7.980000e+00
   endloop
 endfacet
 facet normal  8.385460e-01  5.448308e-01  0.000000e+00
   outer loop
     vertex  5.543731e+01  8.054319e+00  7.980000e+00
     vertex  5.543731e+01  8.054319e+00  5.980000e+00
     vertex  5.541190e+01  8.093431e+00  5.980000e+00
   endloop
 endfacet
 facet normal  8.232835e-01  5.676304e-01  0.000000e+00
   outer loop
     vertex  5.543731e+01  8.054319e+00  7.980000e+00
     vertex  5.546379e+01  8.015919e+00  5.980000e+00
     vertex  5.543731e+01  8.054319e+00  5.980000e+00
   endloop
 endfacet
 facet normal  8.232835e-01  5.676304e-01  0.000000e+00
   outer loop
     vertex  5.546379e+01  8.015919e+00  7.980000e+00
     vertex  5.546379e+01  8.015919e+00  5.980000e+00
     vertex  5.543731e+01  8.054319e+00  7.980000e+00
   endloop
 endfacet
 facet normal  8.074012e-01  5.900028e-01  0.000000e+00
   outer loop
     vertex  5.549131e+01  7.978260e+00  7.980000e+00
     vertex  5.546379e+01  8.015919e+00  5.980000e+00
     vertex  5.546379e+01  8.015919e+00  7.980000e+00
   endloop
 endfacet
 facet normal  8.074012e-01  5.900028e-01  0.000000e+00
   outer loop
     vertex  5.549131e+01  7.978260e+00  7.980000e+00
     vertex  5.549131e+01  7.978260e+00  5.980000e+00
     vertex  5.546379e+01  8.015919e+00  5.980000e+00
   endloop
 endfacet
 facet normal  7.909112e-01  6.119310e-01  0.000000e+00
   outer loop
     vertex  5.549131e+01  7.978260e+00  7.980000e+00
     vertex  5.551985e+01  7.941370e+00  5.980000e+00
     vertex  5.549131e+01  7.978260e+00  5.980000e+00
   endloop
 endfacet
 facet normal  7.909112e-01  6.119310e-01  0.000000e+00
   outer loop
     vertex  5.551985e+01  7.941370e+00  7.980000e+00
     vertex  5.551985e+01  7.941370e+00  5.980000e+00
     vertex  5.549131e+01  7.978260e+00  7.980000e+00
   endloop
 endfacet
 facet normal  7.738257e-01  6.333986e-01  0.000000e+00
   outer loop
     vertex  5.554939e+01  7.905277e+00  7.980000e+00
     vertex  5.551985e+01  7.941370e+00  5.980000e+00
     vertex  5.551985e+01  7.941370e+00  7.980000e+00
   endloop
 endfacet
 facet normal  7.738257e-01  6.333986e-01  0.000000e+00
   outer loop
     vertex  5.554939e+01  7.905277e+00  7.980000e+00
     vertex  5.554939e+01  7.905277e+00  5.980000e+00
     vertex  5.551985e+01  7.941370e+00  5.980000e+00
   endloop
 endfacet
 facet normal  7.561578e-01  6.543893e-01  0.000000e+00
   outer loop
     vertex  5.554939e+01  7.905277e+00  7.980000e+00
     vertex  5.557991e+01  7.870008e+00  5.980000e+00
     vertex  5.554939e+01  7.905277e+00  5.980000e+00
   endloop
 endfacet
 facet normal  7.561578e-01  6.543893e-01  0.000000e+00
   outer loop
     vertex  5.557991e+01  7.870008e+00  7.980000e+00
     vertex  5.557991e+01  7.870008e+00  5.980000e+00
     vertex  5.554939e+01  7.905277e+00  7.980000e+00
   endloop
 endfacet
 facet normal  7.379206e-01  6.748875e-01  0.000000e+00
   outer loop
     vertex  5.561139e+01  7.835590e+00  7.980000e+00
     vertex  5.557991e+01  7.870008e+00  5.980000e+00
     vertex  5.557991e+01  7.870008e+00  7.980000e+00
   endloop
 endfacet
 facet normal  7.379206e-01  6.748875e-01  0.000000e+00
   outer loop
     vertex  5.561139e+01  7.835590e+00  7.980000e+00
     vertex  5.561139e+01  7.835590e+00  5.980000e+00
     vertex  5.557991e+01  7.870008e+00  5.980000e+00
   endloop
 endfacet
 facet normal  7.191280e-01  6.948776e-01  0.000000e+00
   outer loop
     vertex  5.564380e+01  7.802048e+00  7.980000e+00
     vertex  5.561139e+01  7.835590e+00  5.980000e+00
     vertex  5.561139e+01  7.835590e+00  7.980000e+00
   endloop
 endfacet
 facet normal  7.191280e-01  6.948776e-01  0.000000e+00
   outer loop
     vertex  5.564380e+01  7.802048e+00  7.980000e+00
     vertex  5.564380e+01  7.802048e+00  5.980000e+00
     vertex  5.561139e+01  7.835590e+00  5.980000e+00
   endloop
 endfacet
 facet normal  6.997940e-01  7.143447e-01  0.000000e+00
   outer loop
     vertex  5.567712e+01  7.769408e+00  7.980000e+00
     vertex  5.564380e+01  7.802048e+00  5.980000e+00
     vertex  5.564380e+01  7.802048e+00  7.980000e+00
   endloop
 endfacet
 facet normal  6.997940e-01  7.143447e-01  0.000000e+00
   outer loop
     vertex  5.567712e+01  7.769408e+00  7.980000e+00
     vertex  5.567712e+01  7.769408e+00  5.980000e+00
     vertex  5.564380e+01  7.802048e+00  5.980000e+00
   endloop
 endfacet
 facet normal  6.799333e-01  7.332740e-01  0.000000e+00
   outer loop
     vertex  5.571132e+01  7.737695e+00  7.980000e+00
     vertex  5.567712e+01  7.769408e+00  5.980000e+00
     vertex  5.567712e+01  7.769408e+00  7.980000e+00
   endloop
 endfacet
 facet normal  6.799333e-01  7.332740e-01  0.000000e+00
   outer loop
     vertex  5.571132e+01  7.737695e+00  7.980000e+00
     vertex  5.571132e+01  7.737695e+00  5.980000e+00
     vertex  5.567712e+01  7.769408e+00  5.980000e+00
   endloop
 endfacet
 facet normal  6.595607e-01  7.516513e-01  0.000000e+00
   outer loop
     vertex  5.571132e+01  7.737695e+00  7.980000e+00
     vertex  5.574638e+01  7.706931e+00  5.980000e+00
     vertex  5.571132e+01  7.737695e+00  5.980000e+00
   endloop
 endfacet
 facet normal  6.595607e-01  7.516513e-01  0.000000e+00
   outer loop
     vertex  5.574638e+01  7.706931e+00  7.980000e+00
     vertex  5.574638e+01  7.706931e+00  5.980000e+00
     vertex  5.571132e+01  7.737695e+00  7.980000e+00
   endloop
 endfacet
 facet normal  6.386916e-01  7.694628e-01  0.000000e+00
   outer loop
     vertex  5.578227e+01  7.677141e+00  7.980000e+00
     vertex  5.574638e+01  7.706931e+00  5.980000e+00
     vertex  5.574638e+01  7.706931e+00  7.980000e+00
   endloop
 endfacet
 facet normal  6.386916e-01  7.694628e-01  0.000000e+00
   outer loop
     vertex  5.578227e+01  7.677141e+00  7.980000e+00
     vertex  5.578227e+01  7.677141e+00  5.980000e+00
     vertex  5.574638e+01  7.706931e+00  5.980000e+00
   endloop
 endfacet
 facet normal  6.173417e-01  7.866951e-01  0.000000e+00
   outer loop
     vertex  5.578227e+01  7.677141e+00  7.980000e+00
     vertex  5.581896e+01  7.648347e+00  5.980000e+00
     vertex  5.578227e+01  7.677141e+00  5.980000e+00
   endloop
 endfacet
 facet normal  6.173417e-01  7.866951e-01  0.000000e+00
   outer loop
     vertex  5.581896e+01  7.648347e+00  7.980000e+00
     vertex  5.581896e+01  7.648347e+00  5.980000e+00
     vertex  5.578227e+01  7.677141e+00  7.980000e+00
   endloop
 endfacet
 facet normal  5.955271e-01  8.033352e-01  0.000000e+00
   outer loop
     vertex  5.585643e+01  7.620570e+00  7.980000e+00
     vertex  5.581896e+01  7.648347e+00  5.980000e+00
     vertex  5.581896e+01  7.648347e+00  7.980000e+00
   endloop
 endfacet
 facet normal  5.955271e-01  8.033352e-01  0.000000e+00
   outer loop
     vertex  5.585643e+01  7.620570e+00  7.980000e+00
     vertex  5.585643e+01  7.620570e+00  5.980000e+00
     vertex  5.581896e+01  7.648347e+00  5.980000e+00
   endloop
 endfacet
 facet normal  5.732642e-01  8.193706e-01  0.000000e+00
   outer loop
     vertex  5.589465e+01  7.593832e+00  7.980000e+00
     vertex  5.585643e+01  7.620570e+00  5.980000e+00
     vertex  5.585643e+01  7.620570e+00  7.980000e+00
   endloop
 endfacet
 facet normal  5.732642e-01  8.193706e-01  0.000000e+00
   outer loop
     vertex  5.589465e+01  7.593832e+00  7.980000e+00
     vertex  5.589465e+01  7.593832e+00  5.980000e+00
     vertex  5.585643e+01  7.620570e+00  5.980000e+00
   endloop
 endfacet
 facet normal  5.505698e-01  8.347891e-01  0.000000e+00
   outer loop
     vertex  5.593359e+01  7.568152e+00  7.980000e+00
     vertex  5.589465e+01  7.593832e+00  5.980000e+00
     vertex  5.589465e+01  7.593832e+00  7.980000e+00
   endloop
 endfacet
 facet normal  5.505698e-01  8.347891e-01  0.000000e+00
   outer loop
     vertex  5.593359e+01  7.568152e+00  7.980000e+00
     vertex  5.593359e+01  7.568152e+00  5.980000e+00
     vertex  5.589465e+01  7.593832e+00  5.980000e+00
   endloop
 endfacet
 facet normal  5.274609e-01  8.495793e-01  0.000000e+00
   outer loop
     vertex  5.593359e+01  7.568152e+00  7.980000e+00
     vertex  5.597321e+01  7.543550e+00  5.980000e+00
     vertex  5.593359e+01  7.568152e+00  5.980000e+00
   endloop
 endfacet
 facet normal  5.274609e-01  8.495793e-01  0.000000e+00
   outer loop
     vertex  5.597321e+01  7.543550e+00  7.980000e+00
     vertex  5.597321e+01  7.543550e+00  5.980000e+00
     vertex  5.593359e+01  7.568152e+00  7.980000e+00
   endloop
 endfacet
 facet normal  5.039550e-01  8.637299e-01  0.000000e+00
   outer loop
     vertex  5.601350e+01  7.520045e+00  7.980000e+00
     vertex  5.597321e+01  7.543550e+00  5.980000e+00
     vertex  5.597321e+01  7.543550e+00  7.980000e+00
   endloop
 endfacet
 facet normal  5.039550e-01  8.637299e-01  0.000000e+00
   outer loop
     vertex  5.601350e+01  7.520045e+00  7.980000e+00
     vertex  5.601350e+01  7.520045e+00  5.980000e+00
     vertex  5.597321e+01  7.543550e+00  5.980000e+00
   endloop
 endfacet
 facet normal  4.800697e-01  8.772303e-01  0.000000e+00
   outer loop
     vertex  5.601350e+01  7.520045e+00  7.980000e+00
     vertex  5.605442e+01  7.497653e+00  5.980000e+00
     vertex  5.601350e+01  7.520045e+00  5.980000e+00
   endloop
 endfacet
 facet normal  4.800697e-01  8.772303e-01  0.000000e+00
   outer loop
     vertex  5.605442e+01  7.497653e+00  7.980000e+00
     vertex  5.605442e+01  7.497653e+00  5.980000e+00
     vertex  5.601350e+01  7.520045e+00  7.980000e+00
   endloop
 endfacet
 facet normal  4.558231e-01  8.900704e-01  0.000000e+00
   outer loop
     vertex  5.609593e+01  7.476392e+00  7.980000e+00
     vertex  5.605442e+01  7.497653e+00  5.980000e+00
     vertex  5.605442e+01  7.497653e+00  7.980000e+00
   endloop
 endfacet
 facet normal  4.558231e-01  8.900704e-01  0.000000e+00
   outer loop
     vertex  5.609593e+01  7.476392e+00  7.980000e+00
     vertex  5.609593e+01  7.476392e+00  5.980000e+00
     vertex  5.605442e+01  7.497653e+00  5.980000e+00
   endloop
 endfacet
 facet normal  4.312333e-01  9.022405e-01  0.000000e+00
   outer loop
     vertex  5.613801e+01  7.456279e+00  7.980000e+00
     vertex  5.609593e+01  7.476392e+00  5.980000e+00
     vertex  5.609593e+01  7.476392e+00  7.980000e+00
   endloop
 endfacet
 facet normal  4.312333e-01  9.022405e-01  0.000000e+00
   outer loop
     vertex  5.613801e+01  7.456279e+00  7.980000e+00
     vertex  5.613801e+01  7.456279e+00  5.980000e+00
     vertex  5.609593e+01  7.476392e+00  5.980000e+00
   endloop
 endfacet
 facet normal  4.063188e-01  9.137314e-01  0.000000e+00
   outer loop
     vertex  5.613801e+01  7.456279e+00  7.980000e+00
     vertex  5.618063e+01  7.437327e+00  5.980000e+00
     vertex  5.613801e+01  7.456279e+00  5.980000e+00
   endloop
 endfacet
 facet normal  4.063188e-01  9.137314e-01  0.000000e+00
   outer loop
     vertex  5.618063e+01  7.437327e+00  7.980000e+00
     vertex  5.618063e+01  7.437327e+00  5.980000e+00
     vertex  5.613801e+01  7.456279e+00  7.980000e+00
   endloop
 endfacet
 facet normal  3.810986e-01  9.245344e-01  0.000000e+00
   outer loop
     vertex  5.622375e+01  7.419552e+00  7.980000e+00
     vertex  5.622375e+01  7.419552e+00  5.980000e+00
     vertex  5.618063e+01  7.437327e+00  5.980000e+00
   endloop
 endfacet
 facet normal  3.810986e-01  9.245344e-01  0.000000e+00
   outer loop
     vertex  5.622375e+01  7.419552e+00  7.980000e+00
     vertex  5.618063e+01  7.437327e+00  5.980000e+00
     vertex  5.618063e+01  7.437327e+00  7.980000e+00
   endloop
 endfacet
 facet normal  3.555914e-01  9.346415e-01  0.000000e+00
   outer loop
     vertex  5.626735e+01  7.402966e+00  7.980000e+00
     vertex  5.626735e+01  7.402966e+00  5.980000e+00
     vertex  5.622375e+01  7.419552e+00  5.980000e+00
   endloop
 endfacet
 facet normal  3.555914e-01  9.346415e-01  0.000000e+00
   outer loop
     vertex  5.626735e+01  7.402966e+00  7.980000e+00
     vertex  5.622375e+01  7.419552e+00  5.980000e+00
     vertex  5.622375e+01  7.419552e+00  7.980000e+00
   endloop
 endfacet
 facet normal  3.298166e-01  9.440450e-01  0.000000e+00
   outer loop
     vertex  5.631138e+01  7.387583e+00  7.980000e+00
     vertex  5.631138e+01  7.387583e+00  5.980000e+00
     vertex  5.626735e+01  7.402966e+00  5.980000e+00
   endloop
 endfacet
 facet normal  3.298166e-01  9.440450e-01  0.000000e+00
   outer loop
     vertex  5.631138e+01  7.387583e+00  7.980000e+00
     vertex  5.626735e+01  7.402966e+00  5.980000e+00
     vertex  5.626735e+01  7.402966e+00  7.980000e+00
   endloop
 endfacet
 facet normal  3.037934e-01  9.527379e-01  0.000000e+00
   outer loop
     vertex  5.635582e+01  7.373413e+00  7.980000e+00
     vertex  5.635582e+01  7.373413e+00  5.980000e+00
     vertex  5.631138e+01  7.387583e+00  5.980000e+00
   endloop
 endfacet
 facet normal  2.775416e-01  9.607136e-01  0.000000e+00
   outer loop
     vertex  5.635582e+01  7.373413e+00  7.980000e+00
     vertex  5.640063e+01  7.360468e+00  5.980000e+00
     vertex  5.635582e+01  7.373413e+00  5.980000e+00
   endloop
 endfacet
 facet normal  3.037934e-01  9.527379e-01  0.000000e+00
   outer loop
     vertex  5.635582e+01  7.373413e+00  7.980000e+00
     vertex  5.631138e+01  7.387583e+00  5.980000e+00
     vertex  5.631138e+01  7.387583e+00  7.980000e+00
   endloop
 endfacet
 facet normal  2.775416e-01  9.607136e-01  0.000000e+00
   outer loop
     vertex  5.640063e+01  7.360468e+00  7.980000e+00
     vertex  5.640063e+01  7.360468e+00  5.980000e+00
     vertex  5.635582e+01  7.373413e+00  7.980000e+00
   endloop
 endfacet
 facet normal  2.510809e-01  9.679661e-01  0.000000e+00
   outer loop
     vertex  5.644578e+01  7.348757e+00  7.980000e+00
     vertex  5.640063e+01  7.360468e+00  5.980000e+00
     vertex  5.640063e+01  7.360468e+00  7.980000e+00
   endloop
 endfacet
 facet normal  2.510809e-01  9.679661e-01  0.000000e+00
   outer loop
     vertex  5.644578e+01  7.348757e+00  7.980000e+00
     vertex  5.644578e+01  7.348757e+00  5.980000e+00
     vertex  5.640063e+01  7.360468e+00  5.980000e+00
   endloop
 endfacet
 facet normal  2.244312e-01  9.744899e-01  0.000000e+00
   outer loop
     vertex  5.644578e+01  7.348757e+00  7.980000e+00
     vertex  5.649123e+01  7.338289e+00  5.980000e+00
     vertex  5.644578e+01  7.348757e+00  5.980000e+00
   endloop
 endfacet
 facet normal  2.244312e-01  9.744899e-01  0.000000e+00
   outer loop
     vertex  5.649123e+01  7.338289e+00  7.980000e+00
     vertex  5.649123e+01  7.338289e+00  5.980000e+00
     vertex  5.644578e+01  7.348757e+00  7.980000e+00
   endloop
 endfacet
 facet normal  1.976125e-01  9.802802e-01  0.000000e+00
   outer loop
     vertex  5.653695e+01  7.329072e+00  7.980000e+00
     vertex  5.649123e+01  7.338289e+00  5.980000e+00
     vertex  5.649123e+01  7.338289e+00  7.980000e+00
   endloop
 endfacet
 facet normal  1.976125e-01  9.802802e-01  0.000000e+00
   outer loop
     vertex  5.653695e+01  7.329072e+00  7.980000e+00
     vertex  5.653695e+01  7.329072e+00  5.980000e+00
     vertex  5.649123e+01  7.338289e+00  5.980000e+00
   endloop
 endfacet
 facet normal  1.706451e-01  9.853326e-01  0.000000e+00
   outer loop
     vertex  5.658291e+01  7.321113e+00  7.980000e+00
     vertex  5.653695e+01  7.329072e+00  5.980000e+00
     vertex  5.653695e+01  7.329072e+00  7.980000e+00
   endloop
 endfacet
 facet normal  1.706451e-01  9.853326e-01  0.000000e+00
   outer loop
     vertex  5.658291e+01  7.321113e+00  7.980000e+00
     vertex  5.658291e+01  7.321113e+00  5.980000e+00
     vertex  5.653695e+01  7.329072e+00  5.980000e+00
   endloop
 endfacet
 facet normal  1.435492e-01  9.896432e-01  0.000000e+00
   outer loop
     vertex  5.658291e+01  7.321113e+00  7.980000e+00
     vertex  5.662907e+01  7.314417e+00  5.980000e+00
     vertex  5.658291e+01  7.321113e+00  5.980000e+00
   endloop
 endfacet
 facet normal  1.435492e-01  9.896432e-01  0.000000e+00
   outer loop
     vertex  5.662907e+01  7.314417e+00  7.980000e+00
     vertex  5.662907e+01  7.314417e+00  5.980000e+00
     vertex  5.658291e+01  7.321113e+00  7.980000e+00
   endloop
 endfacet
 facet normal  1.163452e-01  9.932088e-01  0.000000e+00
   outer loop
     vertex  5.667539e+01  7.308991e+00  7.980000e+00
     vertex  5.662907e+01  7.314417e+00  5.980000e+00
     vertex  5.662907e+01  7.314417e+00  7.980000e+00
   endloop
 endfacet
 facet normal  1.163452e-01  9.932088e-01  0.000000e+00
   outer loop
     vertex  5.667539e+01  7.308991e+00  7.980000e+00
     vertex  5.667539e+01  7.308991e+00  5.980000e+00
     vertex  5.662907e+01  7.314417e+00  5.980000e+00
   endloop
 endfacet
 facet normal  8.905371e-02  9.960268e-01  0.000000e+00
   outer loop
     vertex  5.672185e+01  7.304837e+00  7.980000e+00
     vertex  5.667539e+01  7.308991e+00  5.980000e+00
     vertex  5.667539e+01  7.308991e+00  7.980000e+00
   endloop
 endfacet
 facet normal  8.905371e-02  9.960268e-01  0.000000e+00
   outer loop
     vertex  5.672185e+01  7.304837e+00  7.980000e+00
     vertex  5.672185e+01  7.304837e+00  5.980000e+00
     vertex  5.667539e+01  7.308991e+00  5.980000e+00
   endloop
 endfacet
 facet normal  6.169515e-02  9.980950e-01  0.000000e+00
   outer loop
     vertex  5.676840e+01  7.301959e+00  7.980000e+00
     vertex  5.672185e+01  7.304837e+00  5.980000e+00
     vertex  5.672185e+01  7.304837e+00  7.980000e+00
   endloop
 endfacet
 facet normal  6.169515e-02  9.980950e-01  0.000000e+00
   outer loop
     vertex  5.676840e+01  7.301959e+00  7.980000e+00
     vertex  5.676840e+01  7.301959e+00  5.980000e+00
     vertex  5.672185e+01  7.304837e+00  5.980000e+00
   endloop
 endfacet
 facet normal  3.429014e-02  9.994119e-01  0.000000e+00
   outer loop
     vertex  5.681502e+01  7.300360e+00  7.980000e+00
     vertex  5.676840e+01  7.301959e+00  5.980000e+00
     vertex  5.676840e+01  7.301959e+00  7.980000e+00
   endloop
 endfacet
 facet normal  3.429014e-02  9.994119e-01  0.000000e+00
   outer loop
     vertex  5.681502e+01  7.300360e+00  7.980000e+00
     vertex  5.681502e+01  7.300360e+00  5.980000e+00
     vertex  5.676840e+01  7.301959e+00  5.980000e+00
   endloop
 endfacet
 facet normal  6.859319e-03  9.999765e-01  0.000000e+00
   outer loop
     vertex  5.686166e+01  7.300040e+00  7.980000e+00
     vertex  5.681502e+01  7.300360e+00  5.980000e+00
     vertex  5.681502e+01  7.300360e+00  7.980000e+00
   endloop
 endfacet
 facet normal  6.859319e-03  9.999765e-01  0.000000e+00
   outer loop
     vertex  5.686166e+01  7.300040e+00  7.980000e+00
     vertex  5.686166e+01  7.300040e+00  5.980000e+00
     vertex  5.681502e+01  7.300360e+00  5.980000e+00
   endloop
 endfacet
 facet normal -2.057667e-02  9.997883e-01  0.000000e+00
   outer loop
     vertex  5.690829e+01  7.301000e+00  7.980000e+00
     vertex  5.686166e+01  7.300040e+00  5.980000e+00
     vertex  5.686166e+01  7.300040e+00  7.980000e+00
   endloop
 endfacet
 facet normal -2.057667e-02  9.997883e-01  0.000000e+00
   outer loop
     vertex  5.690829e+01  7.301000e+00  7.980000e+00
     vertex  5.690829e+01  7.301000e+00  5.980000e+00
     vertex  5.686166e+01  7.300040e+00  5.980000e+00
   endloop
 endfacet
 facet normal -4.799716e-02  9.988475e-01  0.000000e+00
   outer loop
     vertex  5.695488e+01  7.303238e+00  7.980000e+00
     vertex  5.695488e+01  7.303238e+00  5.980000e+00
     vertex  5.690829e+01  7.301000e+00  5.980000e+00
   endloop
 endfacet
 facet normal -4.799716e-02  9.988475e-01  0.000000e+00
   outer loop
     vertex  5.695488e+01  7.303238e+00  7.980000e+00
     vertex  5.690829e+01  7.301000e+00  5.980000e+00
     vertex  5.690829e+01  7.301000e+00  7.980000e+00
   endloop
 endfacet
 facet normal -7.538152e-02  9.971548e-01  0.000000e+00
   outer loop
     vertex  5.700139e+01  7.306754e+00  7.980000e+00
     vertex  5.700139e+01  7.306754e+00  5.980000e+00
     vertex  5.695488e+01  7.303238e+00  5.980000e+00
   endloop
 endfacet
 facet normal -7.538152e-02  9.971548e-01  0.000000e+00
   outer loop
     vertex  5.700139e+01  7.306754e+00  7.980000e+00
     vertex  5.695488e+01  7.303238e+00  5.980000e+00
     vertex  5.695488e+01  7.303238e+00  7.980000e+00
   endloop
 endfacet
 facet normal -1.027091e-01  9.947114e-01  0.000000e+00
   outer loop
     vertex  5.704779e+01  7.311545e+00  7.980000e+00
     vertex  5.704779e+01  7.311545e+00  5.980000e+00
     vertex  5.700139e+01  7.306754e+00  5.980000e+00
   endloop
 endfacet
 facet normal -1.299594e-01  9.915193e-01  0.000000e+00
   outer loop
     vertex  5.704779e+01  7.311545e+00  7.980000e+00
     vertex  5.709403e+01  7.317607e+00  5.980000e+00
     vertex  5.704779e+01  7.311545e+00  5.980000e+00
   endloop
 endfacet
 facet normal -1.027091e-01  9.947114e-01  0.000000e+00
   outer loop
     vertex  5.704779e+01  7.311545e+00  7.980000e+00
     vertex  5.700139e+01  7.306754e+00  5.980000e+00
     vertex  5.700139e+01  7.306754e+00  7.980000e+00
   endloop
 endfacet
 facet normal -1.299594e-01  9.915193e-01  0.000000e+00
   outer loop
     vertex  5.709403e+01  7.317607e+00  7.980000e+00
     vertex  5.709403e+01  7.317607e+00  5.980000e+00
     vertex  5.704779e+01  7.311545e+00  7.980000e+00
   endloop
 endfacet
 facet normal -1.571119e-01  9.875808e-01  0.000000e+00
   outer loop
     vertex  5.714010e+01  7.324935e+00  7.980000e+00
     vertex  5.714010e+01  7.324935e+00  5.980000e+00
     vertex  5.709403e+01  7.317607e+00  5.980000e+00
   endloop
 endfacet
 facet normal -1.571119e-01  9.875808e-01  0.000000e+00
   outer loop
     vertex  5.714010e+01  7.324935e+00  7.980000e+00
     vertex  5.709403e+01  7.317607e+00  5.980000e+00
     vertex  5.709403e+01  7.317607e+00  7.980000e+00
   endloop
 endfacet
 facet normal -1.841461e-01  9.828989e-01  0.000000e+00
   outer loop
     vertex  5.718594e+01  7.333524e+00  7.980000e+00
     vertex  5.718594e+01  7.333524e+00  5.980000e+00
     vertex  5.714010e+01  7.324935e+00  5.980000e+00
   endloop
 endfacet
 facet normal -1.841461e-01  9.828989e-01  0.000000e+00
   outer loop
     vertex  5.718594e+01  7.333524e+00  7.980000e+00
     vertex  5.714010e+01  7.324935e+00  5.980000e+00
     vertex  5.714010e+01  7.324935e+00  7.980000e+00
   endloop
 endfacet
 facet normal -2.110417e-01  9.774771e-01  0.000000e+00
   outer loop
     vertex  5.723153e+01  7.343367e+00  7.980000e+00
     vertex  5.723153e+01  7.343367e+00  5.980000e+00
     vertex  5.718594e+01  7.333524e+00  5.980000e+00
   endloop
 endfacet
 facet normal -2.110417e-01  9.774771e-01  0.000000e+00
   outer loop
     vertex  5.723153e+01  7.343367e+00  7.980000e+00
     vertex  5.718594e+01  7.333524e+00  5.980000e+00
     vertex  5.718594e+01  7.333524e+00  7.980000e+00
   endloop
 endfacet
 facet normal -2.377784e-01  9.713194e-01  0.000000e+00
   outer loop
     vertex  5.727684e+01  7.354458e+00  7.980000e+00
     vertex  5.727684e+01  7.354458e+00  5.980000e+00
     vertex  5.723153e+01  7.343367e+00  5.980000e+00
   endloop
 endfacet
 facet normal -2.643362e-01  9.644306e-01  0.000000e+00
   outer loop
     vertex  5.727684e+01  7.354458e+00  7.980000e+00
     vertex  5.732182e+01  7.366787e+00  5.980000e+00
     vertex  5.727684e+01  7.354458e+00  5.980000e+00
   endloop
 endfacet
 facet normal -2.377784e-01  9.713194e-01  0.000000e+00
   outer loop
     vertex  5.727684e+01  7.354458e+00  7.980000e+00
     vertex  5.723153e+01  7.343367e+00  5.980000e+00
     vertex  5.723153e+01  7.343367e+00  7.980000e+00
   endloop
 endfacet
 facet normal -2.643362e-01  9.644306e-01  0.000000e+00
   outer loop
     vertex  5.732182e+01  7.366787e+00  7.980000e+00
     vertex  5.732182e+01  7.366787e+00  5.980000e+00
     vertex  5.727684e+01  7.354458e+00  7.980000e+00
   endloop
 endfacet
 facet normal -2.906949e-01  9.568158e-01  0.000000e+00
   outer loop
     vertex  5.736645e+01  7.380346e+00  7.980000e+00
     vertex  5.736645e+01  7.380346e+00  5.980000e+00
     vertex  5.732182e+01  7.366787e+00  5.980000e+00
   endloop
 endfacet
 facet normal -2.906949e-01  9.568158e-01  0.000000e+00
   outer loop
     vertex  5.736645e+01  7.380346e+00  7.980000e+00
     vertex  5.732182e+01  7.366787e+00  5.980000e+00
     vertex  5.732182e+01  7.366787e+00  7.980000e+00
   endloop
 endfacet
 facet normal -3.168348e-01  9.484807e-01  0.000000e+00
   outer loop
     vertex  5.741069e+01  7.395123e+00  7.980000e+00
     vertex  5.741069e+01  7.395123e+00  5.980000e+00
     vertex  5.736645e+01  7.380346e+00  5.980000e+00
   endloop
 endfacet
 facet normal -3.168348e-01  9.484807e-01  0.000000e+00
   outer loop
     vertex  5.741069e+01  7.395123e+00  7.980000e+00
     vertex  5.736645e+01  7.380346e+00  5.980000e+00
     vertex  5.736645e+01  7.380346e+00  7.980000e+00
   endloop
 endfacet
 facet normal -3.427362e-01  9.394317e-01  0.000000e+00
   outer loop
     vertex  5.745451e+01  7.411109e+00  7.980000e+00
     vertex  5.745451e+01  7.411109e+00  5.980000e+00
     vertex  5.741069e+01  7.395123e+00  5.980000e+00
   endloop
 endfacet
 facet normal -3.427362e-01  9.394317e-01  0.000000e+00
   outer loop
     vertex  5.745451e+01  7.411109e+00  7.980000e+00
     vertex  5.741069e+01  7.395123e+00  5.980000e+00
     vertex  5.741069e+01  7.395123e+00  7.980000e+00
   endloop
 endfacet
 facet normal -3.683796e-01  9.296754e-01  0.000000e+00
   outer loop
     vertex  5.749787e+01  7.428291e+00  7.980000e+00
     vertex  5.749787e+01  7.428291e+00  5.980000e+00
     vertex  5.745451e+01  7.411109e+00  5.980000e+00
   endloop
 endfacet
 facet normal -3.683796e-01  9.296754e-01  0.000000e+00
   outer loop
     vertex  5.749787e+01  7.428291e+00  7.980000e+00
     vertex  5.745451e+01  7.411109e+00  5.980000e+00
     vertex  5.745451e+01  7.411109e+00  7.980000e+00
   endloop
 endfacet
 facet normal -3.937458e-01  9.192194e-01  0.000000e+00
   outer loop
     vertex  5.754074e+01  7.446657e+00  7.980000e+00
     vertex  5.749787e+01  7.428291e+00  5.980000e+00
     vertex  5.749787e+01  7.428291e+00  7.980000e+00
   endloop
 endfacet
 facet normal -3.937458e-01  9.192194e-01  0.000000e+00
   outer loop
     vertex  5.754074e+01  7.446657e+00  7.980000e+00
     vertex  5.754074e+01  7.446657e+00  5.980000e+00
     vertex  5.749787e+01  7.428291e+00  5.980000e+00
   endloop
 endfacet
 facet normal -4.188155e-01  9.080714e-01  0.000000e+00
   outer loop
     vertex  5.758310e+01  7.466191e+00  7.980000e+00
     vertex  5.754074e+01  7.446657e+00  5.980000e+00
     vertex  5.754074e+01  7.446657e+00  7.980000e+00
   endloop
 endfacet
 facet normal -4.188155e-01  9.080714e-01  0.000000e+00
   outer loop
     vertex  5.758310e+01  7.466191e+00  7.980000e+00
     vertex  5.758310e+01  7.466191e+00  5.980000e+00
     vertex  5.754074e+01  7.446657e+00  5.980000e+00
   endloop
 endfacet
 facet normal -4.435699e-01  8.962398e-01  0.000000e+00
   outer loop
     vertex  5.762490e+01  7.486880e+00  7.980000e+00
     vertex  5.758310e+01  7.466191e+00  5.980000e+00
     vertex  5.758310e+01  7.466191e+00  7.980000e+00
   endloop
 endfacet
 facet normal -4.435699e-01  8.962398e-01  0.000000e+00
   outer loop
     vertex  5.762490e+01  7.486880e+00  7.980000e+00
     vertex  5.762490e+01  7.486880e+00  5.980000e+00
     vertex  5.758310e+01  7.466191e+00  5.980000e+00
   endloop
 endfacet
 facet normal -4.679904e-01  8.837335e-01  0.000000e+00
   outer loop
     vertex  5.766612e+01  7.508708e+00  7.980000e+00
     vertex  5.762490e+01  7.486880e+00  5.980000e+00
     vertex  5.762490e+01  7.486880e+00  7.980000e+00
   endloop
 endfacet
 facet normal -4.679904e-01  8.837335e-01  0.000000e+00
   outer loop
     vertex  5.766612e+01  7.508708e+00  7.980000e+00
     vertex  5.766612e+01  7.508708e+00  5.980000e+00
     vertex  5.762490e+01  7.486880e+00  5.980000e+00
   endloop
 endfacet
 facet normal -4.920587e-01  8.705620e-01  0.000000e+00
   outer loop
     vertex  5.770672e+01  7.531659e+00  7.980000e+00
     vertex  5.770672e+01  7.531659e+00  5.980000e+00
     vertex  5.766612e+01  7.508708e+00  5.980000e+00
   endloop
 endfacet
 facet normal -4.920587e-01  8.705620e-01  0.000000e+00
   outer loop
     vertex  5.770672e+01  7.531659e+00  7.980000e+00
     vertex  5.766612e+01  7.508708e+00  5.980000e+00
     vertex  5.766612e+01  7.508708e+00  7.980000e+00
   endloop
 endfacet
 facet normal -5.157565e-01  8.567352e-01  0.000000e+00
   outer loop
     vertex  5.774668e+01  7.555715e+00  7.980000e+00
     vertex  5.774668e+01  7.555715e+00  5.980000e+00
     vertex  5.770672e+01  7.531659e+00  5.980000e+00
   endloop
 endfacet
 facet normal -5.157565e-01  8.567352e-01  0.000000e+00
   outer loop
     vertex  5.774668e+01  7.555715e+00  7.980000e+00
     vertex  5.770672e+01  7.531659e+00  5.980000e+00
     vertex  5.770672e+01  7.531659e+00  7.980000e+00
   endloop
 endfacet
 facet normal -5.390661e-01  8.422635e-01  0.000000e+00
   outer loop
     vertex  5.778597e+01  7.580858e+00  7.980000e+00
     vertex  5.778597e+01  7.580858e+00  5.980000e+00
     vertex  5.774668e+01  7.555715e+00  5.980000e+00
   endloop
 endfacet
 facet normal -5.390661e-01  8.422635e-01  0.000000e+00
   outer loop
     vertex  5.778597e+01  7.580858e+00  7.980000e+00
     vertex  5.774668e+01  7.555715e+00  5.980000e+00
     vertex  5.774668e+01  7.555715e+00  7.980000e+00
   endloop
 endfacet
 facet normal -5.619699e-01  8.271577e-01  0.000000e+00
   outer loop
     vertex  5.782455e+01  7.607070e+00  7.980000e+00
     vertex  5.782455e+01  7.607070e+00  5.980000e+00
     vertex  5.778597e+01  7.580858e+00  5.980000e+00
   endloop
 endfacet
 facet normal -5.844507e-01  8.114292e-01  0.000000e+00
   outer loop
     vertex  5.782455e+01  7.607070e+00  7.980000e+00
     vertex  5.786240e+01  7.634330e+00  5.980000e+00
     vertex  5.782455e+01  7.607070e+00  5.980000e+00
   endloop
 endfacet
 facet normal -5.619699e-01  8.271577e-01  0.000000e+00
   outer loop
     vertex  5.782455e+01  7.607070e+00  7.980000e+00
     vertex  5.778597e+01  7.580858e+00  5.980000e+00
     vertex  5.778597e+01  7.580858e+00  7.980000e+00
   endloop
 endfacet
 facet normal -5.844507e-01  8.114292e-01  0.000000e+00
   outer loop
     vertex  5.786240e+01  7.634330e+00  7.980000e+00
     vertex  5.786240e+01  7.634330e+00  5.980000e+00
     vertex  5.782455e+01  7.607070e+00  7.980000e+00
   endloop
 endfacet
 facet normal -6.064915e-01  7.950900e-01  0.000000e+00
   outer loop
     vertex  5.789948e+01  7.662618e+00  7.980000e+00
     vertex  5.789948e+01  7.662618e+00  5.980000e+00
     vertex  5.786240e+01  7.634330e+00  5.980000e+00
   endloop
 endfacet
 facet normal -6.280757e-01  7.781522e-01  0.000000e+00
   outer loop
     vertex  5.789948e+01  7.662618e+00  7.980000e+00
     vertex  5.793578e+01  7.691913e+00  5.980000e+00
     vertex  5.789948e+01  7.662618e+00  5.980000e+00
   endloop
 endfacet
 facet normal -6.064915e-01  7.950900e-01  0.000000e+00
   outer loop
     vertex  5.789948e+01  7.662618e+00  7.980000e+00
     vertex  5.786240e+01  7.634330e+00  5.980000e+00
     vertex  5.786240e+01  7.634330e+00  7.980000e+00
   endloop
 endfacet
 facet normal -6.280757e-01  7.781522e-01  0.000000e+00
   outer loop
     vertex  5.793578e+01  7.691913e+00  7.980000e+00
     vertex  5.793578e+01  7.691913e+00  5.980000e+00
     vertex  5.789948e+01  7.662618e+00  7.980000e+00
   endloop
 endfacet
 facet normal -6.491872e-01  7.606287e-01  0.000000e+00
   outer loop
     vertex  5.797125e+01  7.722193e+00  7.980000e+00
     vertex  5.797125e+01  7.722193e+00  5.980000e+00
     vertex  5.793578e+01  7.691913e+00  5.980000e+00
   endloop
 endfacet
 facet normal -6.491872e-01  7.606287e-01  0.000000e+00
   outer loop
     vertex  5.797125e+01  7.722193e+00  7.980000e+00
     vertex  5.793578e+01  7.691913e+00  5.980000e+00
     vertex  5.793578e+01  7.691913e+00  7.980000e+00
   endloop
 endfacet
 facet normal -6.698100e-01  7.425325e-01  0.000000e+00
   outer loop
     vertex  5.800589e+01  7.753434e+00  7.980000e+00
     vertex  5.800589e+01  7.753434e+00  5.980000e+00
     vertex  5.797125e+01  7.722193e+00  5.980000e+00
   endloop
 endfacet
 facet normal -6.899286e-01  7.238775e-01  0.000000e+00
   outer loop
     vertex  5.800589e+01  7.753434e+00  7.980000e+00
     vertex  5.803965e+01  7.785614e+00  5.980000e+00
     vertex  5.800589e+01  7.753434e+00  5.980000e+00
   endloop
 endfacet
 facet normal -6.698100e-01  7.425325e-01  0.000000e+00
   outer loop
     vertex  5.800589e+01  7.753434e+00  7.980000e+00
     vertex  5.797125e+01  7.722193e+00  5.980000e+00
     vertex  5.797125e+01  7.722193e+00  7.980000e+00
   endloop
 endfacet
 facet normal -6.899286e-01  7.238775e-01  0.000000e+00
   outer loop
     vertex  5.803965e+01  7.785614e+00  7.980000e+00
     vertex  5.803965e+01  7.785614e+00  5.980000e+00
     vertex  5.800589e+01  7.753434e+00  7.980000e+00
   endloop
 endfacet
 facet normal -7.095278e-01  7.046775e-01  0.000000e+00
   outer loop
     vertex  5.807252e+01  7.818708e+00  7.980000e+00
     vertex  5.807252e+01  7.818708e+00  5.980000e+00
     vertex  5.803965e+01  7.785614e+00  5.980000e+00
   endloop
 endfacet
 facet normal -7.095278e-01  7.046775e-01  0.000000e+00
   outer loop
     vertex  5.807252e+01  7.818708e+00  7.980000e+00
     vertex  5.803965e+01  7.785614e+00  5.980000e+00
     vertex  5.803965e+01  7.785614e+00  7.980000e+00
   endloop
 endfacet
 facet normal -7.285929e-01  6.849470e-01  0.000000e+00
   outer loop
     vertex  5.810447e+01  7.852691e+00  7.980000e+00
     vertex  5.810447e+01  7.852691e+00  5.980000e+00
     vertex  5.807252e+01  7.818708e+00  5.980000e+00
   endloop
 endfacet
 facet normal -7.471095e-01  6.647010e-01  0.000000e+00
   outer loop
     vertex  5.810447e+01  7.852691e+00  7.980000e+00
     vertex  5.813547e+01  7.887538e+00  5.980000e+00
     vertex  5.810447e+01  7.852691e+00  5.980000e+00
   endloop
 endfacet
 facet normal -7.285929e-01  6.849470e-01  0.000000e+00
   outer loop
     vertex  5.810447e+01  7.852691e+00  7.980000e+00
     vertex  5.807252e+01  7.818708e+00  5.980000e+00
     vertex  5.807252e+01  7.818708e+00  7.980000e+00
   endloop
 endfacet
 facet normal -7.471095e-01  6.647010e-01  0.000000e+00
   outer loop
     vertex  5.813547e+01  7.887538e+00  7.980000e+00
     vertex  5.813547e+01  7.887538e+00  5.980000e+00
     vertex  5.810447e+01  7.852691e+00  7.980000e+00
   endloop
 endfacet
 facet normal -7.650637e-01  6.439545e-01  0.000000e+00
   outer loop
     vertex  5.816550e+01  7.923222e+00  7.980000e+00
     vertex  5.816550e+01  7.923222e+00  5.980000e+00
     vertex  5.813547e+01  7.887538e+00  5.980000e+00
   endloop
 endfacet
 facet normal -7.650637e-01  6.439545e-01  0.000000e+00
   outer loop
     vertex  5.816550e+01  7.923222e+00  7.980000e+00
     vertex  5.813547e+01  7.887538e+00  5.980000e+00
     vertex  5.813547e+01  7.887538e+00  7.980000e+00
   endloop
 endfacet
 facet normal -7.824421e-01  6.227234e-01  0.000000e+00
   outer loop
     vertex  5.819455e+01  7.959717e+00  7.980000e+00
     vertex  5.819455e+01  7.959717e+00  5.980000e+00
     vertex  5.816550e+01  7.923222e+00  5.980000e+00
   endloop
 endfacet
 facet normal -7.824421e-01  6.227234e-01  0.000000e+00
   outer loop
     vertex  5.819455e+01  7.959717e+00  7.980000e+00
     vertex  5.816550e+01  7.923222e+00  5.980000e+00
     vertex  5.816550e+01  7.923222e+00  7.980000e+00
   endloop
 endfacet
 facet normal -7.992314e-01  6.010234e-01  0.000000e+00
   outer loop
     vertex  5.822258e+01  7.996995e+00  7.980000e+00
     vertex  5.822258e+01  7.996995e+00  5.980000e+00
     vertex  5.819455e+01  7.959717e+00  5.980000e+00
   endloop
 endfacet
 facet normal -7.992314e-01  6.010234e-01  0.000000e+00
   outer loop
     vertex  5.822258e+01  7.996995e+00  7.980000e+00
     vertex  5.819455e+01  7.959717e+00  5.980000e+00
     vertex  5.819455e+01  7.959717e+00  7.980000e+00
   endloop
 endfacet
 facet normal -8.154191e-01  5.788711e-01  0.000000e+00
   outer loop
     vertex  5.824958e+01  8.035028e+00  7.980000e+00
     vertex  5.824958e+01  8.035028e+00  5.980000e+00
     vertex  5.822258e+01  7.996995e+00  5.980000e+00
   endloop
 endfacet
 facet normal -8.154191e-01  5.788711e-01  0.000000e+00
   outer loop
     vertex  5.824958e+01  8.035028e+00  7.980000e+00
     vertex  5.822258e+01  7.996995e+00  5.980000e+00
     vertex  5.822258e+01  7.996995e+00  7.980000e+00
   endloop
 endfacet
 facet normal -8.309929e-01  5.562829e-01  0.000000e+00
   outer loop
     vertex  5.827553e+01  8.073788e+00  7.980000e+00
     vertex  5.827553e+01  8.073788e+00  5.980000e+00
     vertex  5.824958e+01  8.035028e+00  5.980000e+00
   endloop
 endfacet
 facet normal -8.309929e-01  5.562829e-01  0.000000e+00
   outer loop
     vertex  5.827553e+01  8.073788e+00  7.980000e+00
     vertex  5.824958e+01  8.035028e+00  5.980000e+00
     vertex  5.824958e+01  8.035028e+00  7.980000e+00
   endloop
 endfacet
 facet normal -8.459413e-01  5.332761e-01  0.000000e+00
   outer loop
     vertex  5.830040e+01  8.113244e+00  7.980000e+00
     vertex  5.830040e+01  8.113244e+00  5.980000e+00
     vertex  5.827553e+01  8.073788e+00  5.980000e+00
   endloop
 endfacet
 facet normal -8.459413e-01  5.332761e-01  0.000000e+00
   outer loop
     vertex  5.830040e+01  8.113244e+00  7.980000e+00
     vertex  5.827553e+01  8.073788e+00  5.980000e+00
     vertex  5.827553e+01  8.073788e+00  7.980000e+00
   endloop
 endfacet
 facet normal -8.602528e-01  5.098678e-01  0.000000e+00
   outer loop
     vertex  5.832418e+01  8.153368e+00  7.980000e+00
     vertex  5.832418e+01  8.153368e+00  5.980000e+00
     vertex  5.830040e+01  8.113244e+00  5.980000e+00
   endloop
 endfacet
 facet normal -8.602528e-01  5.098678e-01  0.000000e+00
   outer loop
     vertex  5.832418e+01  8.153368e+00  7.980000e+00
     vertex  5.830040e+01  8.113244e+00  5.980000e+00
     vertex  5.830040e+01  8.113244e+00  7.980000e+00
   endloop
 endfacet
 facet normal -8.739167e-01  4.860756e-01  0.000000e+00
   outer loop
     vertex  5.834685e+01  8.194130e+00  7.980000e+00
     vertex  5.834685e+01  8.194130e+00  5.980000e+00
     vertex  5.832418e+01  8.153368e+00  5.980000e+00
   endloop
 endfacet
 facet normal -8.869228e-01  4.619176e-01  0.000000e+00
   outer loop
     vertex  5.834685e+01  8.194130e+00  7.980000e+00
     vertex  5.836840e+01  8.235498e+00  5.980000e+00
     vertex  5.834685e+01  8.194130e+00  5.980000e+00
   endloop
 endfacet
 facet normal -8.739167e-01  4.860756e-01  0.000000e+00
   outer loop
     vertex  5.834685e+01  8.194130e+00  7.980000e+00
     vertex  5.832418e+01  8.153368e+00  5.980000e+00
     vertex  5.832418e+01  8.153368e+00  7.980000e+00
   endloop
 endfacet
 facet normal -8.992613e-01  4.374119e-01  0.000000e+00
   outer loop
     vertex  5.836840e+01  8.235498e+00  7.980000e+00
     vertex  5.838880e+01  8.277442e+00  5.980000e+00
     vertex  5.836840e+01  8.235498e+00  5.980000e+00
   endloop
 endfacet
 facet normal -8.869228e-01  4.619176e-01  0.000000e+00
   outer loop
     vertex  5.836840e+01  8.235498e+00  7.980000e+00
     vertex  5.836840e+01  8.235498e+00  5.980000e+00
     vertex  5.834685e+01  8.194130e+00  7.980000e+00
   endloop
 endfacet
 facet normal -8.992613e-01  4.374119e-01  0.000000e+00
   outer loop
     vertex  5.838880e+01  8.277442e+00  7.980000e+00
     vertex  5.838880e+01  8.277442e+00  5.980000e+00
     vertex  5.836840e+01  8.235498e+00  7.980000e+00
   endloop
 endfacet
 facet normal -9.109228e-01  4.125769e-01  0.000000e+00
   outer loop
     vertex  5.840804e+01  8.319929e+00  7.980000e+00
     vertex  5.838880e+01  8.277442e+00  5.980000e+00
     vertex  5.838880e+01  8.277442e+00  7.980000e+00
   endloop
 endfacet
 facet normal -9.109228e-01  4.125769e-01  0.000000e+00
   outer loop
     vertex  5.840804e+01  8.319929e+00  7.980000e+00
     vertex  5.840804e+01  8.319929e+00  5.980000e+00
     vertex  5.838880e+01  8.277442e+00  5.980000e+00
   endloop
 endfacet
 facet normal -9.218986e-01  3.874313e-01  0.000000e+00
   outer loop
     vertex  5.842612e+01  8.362929e+00  7.980000e+00
     vertex  5.840804e+01  8.319929e+00  5.980000e+00
     vertex  5.840804e+01  8.319929e+00  7.980000e+00
   endloop
 endfacet
 facet normal -9.218986e-01  3.874313e-01  0.000000e+00
   outer loop
     vertex  5.842612e+01  8.362929e+00  7.980000e+00
     vertex  5.842612e+01  8.362929e+00  5.980000e+00
     vertex  5.840804e+01  8.319929e+00  5.980000e+00
   endloop
 endfacet
 facet normal -9.321804e-01  3.619940e-01  0.000000e+00
   outer loop
     vertex  5.844300e+01  8.406408e+00  7.980000e+00
     vertex  5.842612e+01  8.362929e+00  5.980000e+00
     vertex  5.842612e+01  8.362929e+00  7.980000e+00
   endloop
 endfacet
 facet normal -9.321804e-01  3.619940e-01  0.000000e+00
   outer loop
     vertex  5.844300e+01  8.406408e+00  7.980000e+00
     vertex  5.844300e+01  8.406408e+00  5.980000e+00
     vertex  5.842612e+01  8.362929e+00  5.980000e+00
   endloop
 endfacet
 facet normal -9.417605e-01  3.362843e-01  0.000000e+00
   outer loop
     vertex  5.845868e+01  8.450333e+00  7.980000e+00
     vertex  5.844300e+01  8.406408e+00  5.980000e+00
     vertex  5.844300e+01  8.406408e+00  7.980000e+00
   endloop
 endfacet
 facet normal -9.417605e-01  3.362843e-01  0.000000e+00
   outer loop
     vertex  5.845868e+01  8.450333e+00  7.980000e+00
     vertex  5.845868e+01  8.450333e+00  5.980000e+00
     vertex  5.844300e+01  8.406408e+00  5.980000e+00
   endloop
 endfacet
 facet normal -9.506317e-01  3.103214e-01  0.000000e+00
   outer loop
     vertex  5.847316e+01  8.494673e+00  7.980000e+00
     vertex  5.845868e+01  8.450333e+00  5.980000e+00
     vertex  5.845868e+01  8.450333e+00  7.980000e+00
   endloop
 endfacet
 facet normal -9.506317e-01  3.103214e-01  0.000000e+00
   outer loop
     vertex  5.847316e+01  8.494673e+00  7.980000e+00
     vertex  5.847316e+01  8.494673e+00  5.980000e+00
     vertex  5.845868e+01  8.450333e+00  5.980000e+00
   endloop
 endfacet
 facet normal -9.587873e-01  2.841250e-01  0.000000e+00
   outer loop
     vertex  5.848641e+01  8.539393e+00  7.980000e+00
     vertex  5.847316e+01  8.494673e+00  5.980000e+00
     vertex  5.847316e+01  8.494673e+00  7.980000e+00
   endloop
 endfacet
 facet normal -9.587873e-01  2.841250e-01  0.000000e+00
   outer loop
     vertex  5.848641e+01  8.539393e+00  7.980000e+00
     vertex  5.848641e+01  8.539393e+00  5.980000e+00
     vertex  5.847316e+01  8.494673e+00  5.980000e+00
   endloop
 endfacet
 facet normal -9.662211e-01  2.577146e-01  0.000000e+00
   outer loop
     vertex  5.849843e+01  8.584460e+00  7.980000e+00
     vertex  5.848641e+01  8.539393e+00  5.980000e+00
     vertex  5.848641e+01  8.539393e+00  7.980000e+00
   endloop
 endfacet
 facet normal -9.662211e-01  2.577146e-01  0.000000e+00
   outer loop
     vertex  5.849843e+01  8.584460e+00  7.980000e+00
     vertex  5.849843e+01  8.584460e+00  5.980000e+00
     vertex  5.848641e+01  8.539393e+00  5.980000e+00
   endloop
 endfacet
 facet normal -9.729276e-01  2.311102e-01  0.000000e+00
   outer loop
     vertex  5.850921e+01  8.629839e+00  7.980000e+00
     vertex  5.849843e+01  8.584460e+00  5.980000e+00
     vertex  5.849843e+01  8.584460e+00  7.980000e+00
   endloop
 endfacet
 facet normal -9.729276e-01  2.311102e-01  0.000000e+00
   outer loop
     vertex  5.850921e+01  8.629839e+00  7.980000e+00
     vertex  5.850921e+01  8.629839e+00  5.980000e+00
     vertex  5.849843e+01  8.584460e+00  5.980000e+00
   endloop
 endfacet
 facet normal -9.789017e-01  2.043319e-01  0.000000e+00
   outer loop
     vertex  5.851874e+01  8.675498e+00  7.980000e+00
     vertex  5.850921e+01  8.629839e+00  5.980000e+00
     vertex  5.850921e+01  8.629839e+00  7.980000e+00
   endloop
 endfacet
 facet normal -9.789017e-01  2.043319e-01  0.000000e+00
   outer loop
     vertex  5.851874e+01  8.675498e+00  7.980000e+00
     vertex  5.851874e+01  8.675498e+00  5.980000e+00
     vertex  5.850921e+01  8.629839e+00  5.980000e+00
   endloop
 endfacet
 facet normal -9.841389e-01  1.773998e-01  0.000000e+00
   outer loop
     vertex  5.852702e+01  8.721400e+00  7.980000e+00
     vertex  5.851874e+01  8.675498e+00  5.980000e+00
     vertex  5.851874e+01  8.675498e+00  7.980000e+00
   endloop
 endfacet
 facet normal -9.841389e-01  1.773998e-01  0.000000e+00
   outer loop
     vertex  5.852702e+01  8.721400e+00  7.980000e+00
     vertex  5.852702e+01  8.721400e+00  5.980000e+00
     vertex  5.851874e+01  8.675498e+00  5.980000e+00
   endloop
 endfacet
 facet normal -9.886353e-01  1.503341e-01  0.000000e+00
   outer loop
     vertex  5.853403e+01  8.767512e+00  7.980000e+00
     vertex  5.852702e+01  8.721400e+00  5.980000e+00
     vertex  5.852702e+01  8.721400e+00  7.980000e+00
   endloop
 endfacet
 facet normal -9.886353e-01  1.503341e-01  0.000000e+00
   outer loop
     vertex  5.853403e+01  8.767512e+00  7.980000e+00
     vertex  5.853403e+01  8.767512e+00  5.980000e+00
     vertex  5.852702e+01  8.721400e+00  5.980000e+00
   endloop
 endfacet
 facet normal -9.923874e-01  1.231552e-01  0.000000e+00
   outer loop
     vertex  5.853403e+01  8.767512e+00  7.980000e+00
     vertex  5.853977e+01  8.813799e+00  5.980000e+00
     vertex  5.853403e+01  8.767512e+00  5.980000e+00
   endloop
 endfacet
 facet normal -9.923874e-01  1.231552e-01  0.000000e+00
   outer loop
     vertex  5.853977e+01  8.813799e+00  7.980000e+00
     vertex  5.853977e+01  8.813799e+00  5.980000e+00
     vertex  5.853403e+01  8.767512e+00  7.980000e+00
   endloop
 endfacet
 facet normal -9.953925e-01  9.588368e-02  0.000000e+00
   outer loop
     vertex  5.854424e+01  8.860227e+00  7.980000e+00
     vertex  5.854424e+01  8.860227e+00  5.980000e+00
     vertex  5.853977e+01  8.813799e+00  5.980000e+00
   endloop
 endfacet
 facet normal -9.953925e-01  9.588368e-02  0.000000e+00
   outer loop
     vertex  5.854424e+01  8.860227e+00  7.980000e+00
     vertex  5.853977e+01  8.813799e+00  5.980000e+00
     vertex  5.853977e+01  8.813799e+00  7.980000e+00
   endloop
 endfacet
 facet normal -9.976484e-01  6.853995e-02  0.000000e+00
   outer loop
     vertex  5.854744e+01  8.906759e+00  7.980000e+00
     vertex  5.854744e+01  8.906759e+00  5.980000e+00
     vertex  5.854424e+01  8.860227e+00  5.980000e+00
   endloop
 endfacet
 facet normal -9.976484e-01  6.853995e-02  0.000000e+00
   outer loop
     vertex  5.854744e+01  8.906759e+00  7.980000e+00
     vertex  5.854424e+01  8.860227e+00  5.980000e+00
     vertex  5.854424e+01  8.860227e+00  7.980000e+00
   endloop
 endfacet
 facet normal -9.991532e-01  4.114462e-02  0.000000e+00
   outer loop
     vertex  5.854936e+01  8.953362e+00  7.980000e+00
     vertex  5.854936e+01  8.953362e+00  5.980000e+00
     vertex  5.854744e+01  8.906759e+00  5.980000e+00
   endloop
 endfacet
 facet normal -9.991532e-01  4.114462e-02  0.000000e+00
   outer loop
     vertex  5.854936e+01  8.953362e+00  7.980000e+00
     vertex  5.854744e+01  8.906759e+00  5.980000e+00
     vertex  5.854744e+01  8.906759e+00  7.980000e+00
   endloop
 endfacet
 facet normal -9.999059e-01  1.371831e-02  0.000000e+00
   outer loop
     vertex  5.855000e+01  9.000000e+00  7.980000e+00
     vertex  5.855000e+01  9.000000e+00  5.980000e+00
     vertex  5.854936e+01  8.953362e+00  5.980000e+00
   endloop
 endfacet
 facet normal -9.999059e-01  1.371831e-02  0.000000e+00
   outer loop
     vertex  5.855000e+01  9.000000e+00  7.980000e+00
     vertex  5.854936e+01  8.953362e+00  5.980000e+00
     vertex  5.854936e+01  8.953362e+00  7.980000e+00
   endloop
 endfacet
 facet normal  0.000000e+00  0.000000e+00  1.000000e+00
   outer loop
     vertex  1.431725e+02  7.818708e+00  7.980000e+00
     vertex  1.431396e+02  7.785614e+00  7.980000e+00
     vertex  1.489500e+02  4.000000e+00  7.980000e+00
   endloop
 endfacet
 facet normal -0.000000e+00  0.000000e+00  1.000000e+00
   outer loop
     vertex  1.431059e+02  7.753434e+00  7.980000e+00
     vertex  1.489500e+02  4.000000e+00  7.980000e+00
     vertex  1.431396e+02  7.785614e+00  7.980000e+00
   endloop
 endfacet
 facet normal  0.000000e+00  0.000000e+00  1.000000e+00
   outer loop
     vertex  1.432045e+02  7.852691e+00  7.980000e+00
     vertex  1.431725e+02  7.818708e+00  7.980000e+00
     vertex  1.489500e+02  4.000000e+00  7.980000e+00
   endloop
 endfacet
 facet normal -0.000000e+00  0.000000e+00  1.000000e+00
   outer loop
     vertex  1.430713e+02  7.722193e+00  7.980000e+00
     vertex  1.489500e+02  4.000000e+00  7.980000e+00
     vertex  1.431059e+02  7.753434e+00  7.980000e+00
   endloop
 endfacet
 facet normal  0.000000e+00  0.000000e+00  1.000000e+00
   outer loop
     vertex  1.432355e+02  7.887538e+00  7.980000e+00
     vertex  1.432045e+02  7.852691e+00  7.980000e+00
     vertex  1.489500e+02  4.000000e+00  7.980000e+00
   endloop
 endfacet
 facet normal -0.000000e+00  0.000000e+00  1.000000e+00
   outer loop
     vertex  1.430358e+02  7.691913e+00  7.980000e+00
     vertex  1.489500e+02  4.000000e+00  7.980000e+00
     vertex  1.430713e+02  7.722193e+00  7.980000e+00
   endloop
 endfacet
 facet normal  0.000000e+00  0.000000e+00  1.000000e+00
   outer loop
     vertex  1.432655e+02  7.923222e+00  7.980000e+00
     vertex  1.432355e+02  7.887538e+00  7.980000e+00
     vertex  1.489500e+02  4.000000e+00  7.980000e+00
   endloop
 endfacet
 facet normal -0.000000e+00  0.000000e+00  1.000000e+00
   outer loop
     vertex  1.429995e+02  7.662618e+00  7.980000e+00
     vertex  1.489500e+02  4.000000e+00  7.980000e+00
     vertex  1.430358e+02  7.691913e+00  7.980000e+00
   endloop
 endfacet
 facet normal  0.000000e+00  0.000000e+00  1.000000e+00
   outer loop
     vertex  1.432945e+02  7.959717e+00  7.980000e+00
     vertex  1.432655e+02  7.923222e+00  7.980000e+00
     vertex  1.489500e+02  4.000000e+00  7.980000e+00
   endloop
 endfacet
 facet normal -0.000000e+00  0.000000e+00  1.000000e+00
   outer loop
     vertex  1.429624e+02  7.634330e+00  7.980000e+00
     vertex  1.489500e+02  4.000000e+00  7.980000e+00
     vertex  1.429995e+02  7.662618e+00  7.980000e+00
   endloop
 endfacet
 facet normal  0.000000e+00  0.000000e+00  1.000000e+00
   outer loop
     vertex  1.433226e+02  7.996995e+00  7.980000e+00
     vertex  1.432945e+02  7.959717e+00  7.980000e+00
     vertex  1.489500e+02  4.000000e+00  7.980000e+00
   endloop
 endfacet
 facet normal -0.000000e+00  0.000000e+00  1.000000e+00
   outer loop
     vertex  1.429245e+02  7.607070e+00  7.980000e+00
     vertex  1.489500e+02  4.000000e+00  7.980000e+00
     vertex  1.429624e+02  7.634330e+00  7.980000e+00
   endloop
 endfacet
 facet normal  0.000000e+00  0.000000e+00  1.000000e+00
   outer loop
     vertex  1.433496e+02  8.035028e+00  7.980000e+00
     vertex  1.433226e+02  7.996995e+00  7.980000e+00
     vertex  1.489500e+02  4.000000e+00  7.980000e+00
   endloop
 endfacet
 facet normal -0.000000e+00  0.000000e+00  1.000000e+00
   outer loop
     vertex  1.428860e+02  7.580858e+00  7.980000e+00
     vertex  1.489500e+02  4.000000e+00  7.980000e+00
     vertex  1.429245e+02  7.607070e+00  7.980000e+00
   endloop
 endfacet
 facet normal  0.000000e+00  0.000000e+00  1.000000e+00
   outer loop
     vertex  1.433755e+02  8.073788e+00  7.980000e+00
     vertex  1.433496e+02  8.035028e+00  7.980000e+00
     vertex  1.489500e+02  4.000000e+00  7.980000e+00
   endloop
 endfacet
 facet normal -0.000000e+00  0.000000e+00  1.000000e+00
   outer loop
     vertex  1.428467e+02  7.555715e+00  7.980000e+00
     vertex  1.489500e+02  4.000000e+00  7.980000e+00
     vertex  1.428860e+02  7.580858e+00  7.980000e+00
   endloop
 endfacet
 facet normal  0.000000e+00  0.000000e+00  1.000000e+00
   outer loop
     vertex  1.434004e+02  8.113244e+00  7.980000e+00
     vertex  1.433755e+02  8.073788e+00  7.980000e+00
     vertex  1.489500e+02  4.000000e+00  7.980000e+00
   endloop
 endfacet
 facet normal -0.000000e+00  0.000000e+00  1.000000e+00
   outer loop
     vertex  1.428067e+02  7.531659e+00  7.980000e+00
     vertex  1.489500e+02  4.000000e+00  7.980000e+00
     vertex  1.428467e+02  7.555715e+00  7.980000e+00
   endloop
 endfacet
 facet normal  0.000000e+00  0.000000e+00  1.000000e+00
   outer loop
     vertex  1.434242e+02  8.153368e+00  7.980000e+00
     vertex  1.434004e+02  8.113244e+00  7.980000e+00
     vertex  1.489500e+02  4.000000e+00  7.980000e+00
   endloop
 endfacet
 facet normal -0.000000e+00  0.000000e+00  1.000000e+00
   outer loop
     vertex  1.427661e+02  7.508708e+00  7.980000e+00
     vertex  1.489500e+02  4.000000e+00  7.980000e+00
     vertex  1.428067e+02  7.531659e+00  7.980000e+00
   endloop
 endfacet
 facet normal  0.000000e+00  0.000000e+00  1.000000e+00
   outer loop
     vertex  1.434469e+02  8.194130e+00  7.980000e+00
     vertex  1.434242e+02  8.153368e+00  7.980000e+00
     vertex  1.489500e+02  4.000000e+00  7.980000e+00
   endloop
 endfacet
 facet normal -0.000000e+00  0.000000e+00  1.000000e+00
   outer loop
     vertex  1.427249e+02  7.486880e+00  7.980000e+00
     vertex  1.489500e+02  4.000000e+00  7.980000e+00
     vertex  1.427661e+02  7.508708e+00  7.980000e+00
   endloop
 endfacet
 facet normal  0.000000e+00  0.000000e+00  1.000000e+00
   outer loop
     vertex  1.434684e+02  8.235498e+00  7.980000e+00
     vertex  1.434469e+02  8.194130e+00  7.980000e+00
     vertex  1.489500e+02  4.000000e+00  7.980000e+00
   endloop
 endfacet
 facet normal -0.000000e+00  0.000000e+00  1.000000e+00
   outer loop
     vertex  1.426831e+02  7.466191e+00  7.980000e+00
     vertex  1.489500e+02  4.000000e+00  7.980000e+00
     vertex  1.427249e+02  7.486880e+00  7.980000e+00
   endloop
 endfacet
 facet normal  0.000000e+00  0.000000e+00  1.000000e+00
   outer loop
     vertex  1.434888e+02  8.277442e+00  7.980000e+00
     vertex  1.434684e+02  8.235498e+00  7.980000e+00
     vertex  1.489500e+02  4.000000e+00  7.980000e+00
   endloop
 endfacet
 facet normal -0.000000e+00  0.000000e+00  1.000000e+00
   outer loop
     vertex  1.426407e+02  7.446657e+00  7.980000e+00
     vertex  1.489500e+02  4.000000e+00  7.980000e+00
     vertex  1.426831e+02  7.466191e+00  7.980000e+00
   endloop
 endfacet
 facet normal  0.000000e+00  0.000000e+00  1.000000e+00
   outer loop
     vertex  1.435080e+02  8.319929e+00  7.980000e+00
     vertex  1.434888e+02  8.277442e+00  7.980000e+00
     vertex  1.489500e+02  4.000000e+00  7.980000e+00
   endloop
 endfacet
 facet normal -0.000000e+00  0.000000e+00  1.000000e+00
   outer loop
     vertex  1.425979e+02  7.428291e+00  7.980000e+00
     vertex  1.489500e+02  4.000000e+00  7.980000e+00
     vertex  1.426407e+02  7.446657e+00  7.980000e+00
   endloop
 endfacet
 facet normal  0.000000e+00  0.000000e+00  1.000000e+00
   outer loop
     vertex  1.435261e+02  8.362929e+00  7.980000e+00
     vertex  1.435080e+02  8.319929e+00  7.980000e+00
     vertex  1.489500e+02  4.000000e+00  7.980000e+00
   endloop
 endfacet
 facet normal -0.000000e+00  0.000000e+00  1.000000e+00
   outer loop
     vertex  1.425545e+02  7.411109e+00  7.980000e+00
     vertex  1.489500e+02  4.000000e+00  7.980000e+00
     vertex  1.425979e+02  7.428291e+00  7.980000e+00
   endloop
 endfacet
 facet normal  0.000000e+00  0.000000e+00  1.000000e+00
   outer loop
     vertex  1.435430e+02  8.406408e+00  7.980000e+00
     vertex  1.435261e+02  8.362929e+00  7.980000e+00
     vertex  1.489500e+02  4.000000e+00  7.980000e+00
   endloop
 endfacet
 facet normal -0.000000e+00  0.000000e+00  1.000000e+00
   outer loop
     vertex  1.425107e+02  7.395123e+00  7.980000e+00
     vertex  1.489500e+02  4.000000e+00  7.980000e+00
     vertex  1.425545e+02  7.411109e+00  7.980000e+00
   endloop
 endfacet
 facet normal  0.000000e+00  0.000000e+00  1.000000e+00
   outer loop
     vertex  1.435587e+02  8.450333e+00  7.980000e+00
     vertex  1.435430e+02  8.406408e+00  7.980000e+00
     vertex  1.489500e+02  4.000000e+00  7.980000e+00
   endloop
 endfacet
 facet normal -0.000000e+00  0.000000e+00  1.000000e+00
   outer loop
     vertex  1.424664e+02  7.380346e+00  7.980000e+00
     vertex  1.489500e+02  4.000000e+00  7.980000e+00
     vertex  1.425107e+02  7.395123e+00  7.980000e+00
   endloop
 endfacet
 facet normal  0.000000e+00  0.000000e+00  1.000000e+00
   outer loop
     vertex  1.435732e+02  8.494673e+00  7.980000e+00
     vertex  1.435587e+02  8.450333e+00  7.980000e+00
     vertex  1.489500e+02  4.000000e+00  7.980000e+00
   endloop
 endfacet
 facet normal -0.000000e+00  0.000000e+00  1.000000e+00
   outer loop
     vertex  1.424218e+02  7.366787e+00  7.980000e+00
     vertex  1.489500e+02  4.000000e+00  7.980000e+00
     vertex  1.424664e+02  7.380346e+00  7.980000e+00
   endloop
 endfacet
 facet normal  0.000000e+00  0.000000e+00  1.000000e+00
   outer loop
     vertex  1.435864e+02  8.539393e+00  7.980000e+00
     vertex  1.435732e+02  8.494673e+00  7.980000e+00
     vertex  1.489500e+02  4.000000e+00  7.980000e+00
   endloop
 endfacet
 facet normal -0.000000e+00  0.000000e+00  1.000000e+00
   outer loop
     vertex  1.423768e+02  7.354458e+00  7.980000e+00
     vertex  1.489500e+02  4.000000e+00  7.980000e+00
     vertex  1.424218e+02  7.366787e+00  7.980000e+00
   endloop
 endfacet
 facet normal  0.000000e+00  0.000000e+00  1.000000e+00
   outer loop
     vertex  1.435984e+02  8.584460e+00  7.980000e+00
     vertex  1.435864e+02  8.539393e+00  7.980000e+00
     vertex  1.489500e+02  4.000000e+00  7.980000e+00
   endloop
 endfacet
 facet normal -0.000000e+00  0.000000e+00  1.000000e+00
   outer loop
     vertex  1.423315e+02  7.343367e+00  7.980000e+00
     vertex  1.489500e+02  4.000000e+00  7.980000e+00
     vertex  1.423768e+02  7.354458e+00  7.980000e+00
   endloop
 endfacet
 facet normal  0.000000e+00  0.000000e+00  1.000000e+00
   outer loop
     vertex  1.436092e+02  8.629839e+00  7.980000e+00
     vertex  1.435984e+02  8.584460e+00  7.980000e+00
     vertex  1.489500e+02  4.000000e+00  7.980000e+00
   endloop
 endfacet
 facet normal -0.000000e+00  0.000000e+00  1.000000e+00
   outer loop
     vertex  1.422859e+02  7.333524e+00  7.980000e+00
     vertex  1.489500e+02  4.000000e+00  7.980000e+00
     vertex  1.423315e+02  7.343367e+00  7.980000e+00
   endloop
 endfacet
 facet normal  0.000000e+00  0.000000e+00  1.000000e+00
   outer loop
     vertex  1.436187e+02  8.675498e+00  7.980000e+00
     vertex  1.436092e+02  8.629839e+00  7.980000e+00
     vertex  1.489500e+02  4.000000e+00  7.980000e+00
   endloop
 endfacet
 facet normal -0.000000e+00  0.000000e+00  1.000000e+00
   outer loop
     vertex  1.422401e+02  7.324935e+00  7.980000e+00
     vertex  1.489500e+02  4.000000e+00  7.980000e+00
     vertex  1.422859e+02  7.333524e+00  7.980000e+00
   endloop
 endfacet
 facet normal  0.000000e+00  0.000000e+00  1.000000e+00
   outer loop
     vertex  1.436270e+02  8.721400e+00  7.980000e+00
     vertex  1.436187e+02  8.675498e+00  7.980000e+00
     vertex  1.489500e+02  4.000000e+00  7.980000e+00
   endloop
 endfacet
 facet normal -0.000000e+00  0.000000e+00  1.000000e+00
   outer loop
     vertex  1.421940e+02  7.317607e+00  7.980000e+00
     vertex  1.489500e+02  4.000000e+00  7.980000e+00
     vertex  1.422401e+02  7.324935e+00  7.980000e+00
   endloop
 endfacet
 facet normal  0.000000e+00  0.000000e+00  1.000000e+00
   outer loop
     vertex  1.436340e+02  8.767512e+00  7.980000e+00
     vertex  1.436270e+02  8.721400e+00  7.980000e+00
     vertex  1.489500e+02  4.000000e+00  7.980000e+00
   endloop
 endfacet
 facet normal -0.000000e+00  0.000000e+00  1.000000e+00
   outer loop
     vertex  1.421478e+02  7.311545e+00  7.980000e+00
     vertex  1.489500e+02  4.000000e+00  7.980000e+00
     vertex  1.421940e+02  7.317607e+00  7.980000e+00
   endloop
 endfacet
 facet normal  0.000000e+00  0.000000e+00  1.000000e+00
   outer loop
     vertex  1.436398e+02  8.813799e+00  7.980000e+00
     vertex  1.436340e+02  8.767512e+00  7.980000e+00
     vertex  1.489500e+02  4.000000e+00  7.980000e+00
   endloop
 endfacet
 facet normal -0.000000e+00  0.000000e+00  1.000000e+00
   outer loop
     vertex  1.421014e+02  7.306754e+00  7.980000e+00
     vertex  1.489500e+02  4.000000e+00  7.980000e+00
     vertex  1.421478e+02  7.311545e+00  7.980000e+00
   endloop
 endfacet
 facet normal  0.000000e+00  0.000000e+00  1.000000e+00
   outer loop
     vertex  1.436442e+02  8.860227e+00  7.980000e+00
     vertex  1.436398e+02  8.813799e+00  7.980000e+00
     vertex  1.489500e+02  4.000000e+00  7.980000e+00
   endloop
 endfacet
 facet normal -0.000000e+00  0.000000e+00  1.000000e+00
   outer loop
     vertex  1.420549e+02  7.303238e+00  7.980000e+00
     vertex  1.489500e+02  4.000000e+00  7.980000e+00
     vertex  1.421014e+02  7.306754e+00  7.980000e+00
   endloop
 endfacet
 facet normal  0.000000e+00  0.000000e+00  1.000000e+00
   outer loop
     vertex  1.436474e+02  8.906759e+00  7.980000e+00
     vertex  1.436442e+02  8.860227e+00  7.980000e+00
     vertex  1.489500e+02  4.000000e+00  7.980000e+00
   endloop
 endfacet
 facet normal -0.000000e+00  0.000000e+00  1.000000e+00
   outer loop
     vertex  1.420083e+02  7.301000e+00  7.980000e+00
     vertex  1.489500e+02  4.000000e+00  7.980000e+00
     vertex  1.420549e+02  7.303238e+00  7.980000e+00
   endloop
 endfacet
 facet normal  0.000000e+00  0.000000e+00  1.000000e+00
   outer loop
     vertex  1.436494e+02  8.953362e+00  7.980000e+00
     vertex  1.436474e+02  8.906759e+00  7.980000e+00
     vertex  1.489500e+02  4.000000e+00  7.980000e+00
   endloop
 endfacet
 facet normal -0.000000e+00  0.000000e+00  1.000000e+00
   outer loop
     vertex  1.419617e+02  7.300040e+00  7.980000e+00
     vertex  1.489500e+02  4.000000e+00  7.980000e+00
     vertex  1.420083e+02  7.301000e+00  7.980000e+00
   endloop
 endfacet
 facet normal  0.000000e+00  0.000000e+00  1.000000e+00
   outer loop
     vertex  1.436500e+02  9.000000e+00  7.980000e+00
     vertex  1.436494e+02  8.953362e+00  7.980000e+00
     vertex  1.489500e+02  4.000000e+00  7.980000e+00
   endloop
 endfacet
 facet normal -0.000000e+00  0.000000e+00  1.000000e+00
   outer loop
     vertex  1.436494e+02  9.046638e+00  7.980000e+00
     vertex  1.489500e+02  4.000000e+00  7.980000e+00
     vertex  1.489500e+02  1.420000e+01  7.980000e+00
   endloop
 endfacet
 facet normal  0.000000e+00  0.000000e+00  1.000000e+00
   outer loop
     vertex  1.436494e+02  9.046638e+00  7.980000e+00
     vertex  1.436500e+02  9.000000e+00  7.980000e+00
     vertex  1.489500e+02  4.000000e+00  7.980000e+00
   endloop
 endfacet
 facet normal -0.000000e+00  0.000000e+00  1.000000e+00
   outer loop
     vertex  1.436474e+02  9.093241e+00  7.980000e+00
     vertex  1.436494e+02  9.046638e+00  7.980000e+00
     vertex  1.489500e+02  1.420000e+01  7.980000e+00
   endloop
 endfacet
 facet normal -0.000000e+00  0.000000e+00  1.000000e+00
   outer loop
     vertex  1.436442e+02  9.139773e+00  7.980000e+00
     vertex  1.436474e+02  9.093241e+00  7.980000e+00
     vertex  1.489500e+02  1.420000e+01  7.980000e+00
   endloop
 endfacet
 facet normal -0.000000e+00  0.000000e+00  1.000000e+00
   outer loop
     vertex  1.436398e+02  9.186201e+00  7.980000e+00
     vertex  1.436442e+02  9.139773e+00  7.980000e+00
     vertex  1.489500e+02  1.420000e+01  7.980000e+00
   endloop
 endfacet
 facet normal -0.000000e+00  0.000000e+00  1.000000e+00
   outer loop
     vertex  1.436340e+02  9.232488e+00  7.980000e+00
     vertex  1.436398e+02  9.186201e+00  7.980000e+00
     vertex  1.489500e+02  1.420000e+01  7.980000e+00
   endloop
 endfacet
 facet normal -0.000000e+00  0.000000e+00  1.000000e+00
   outer loop
     vertex  1.436270e+02  9.278600e+00  7.980000e+00
     vertex  1.436340e+02  9.232488e+00  7.980000e+00
     vertex  1.489500e+02  1.420000e+01  7.980000e+00
   endloop
 endfacet
 facet normal -0.000000e+00  0.000000e+00  1.000000e+00
   outer loop
     vertex  1.436187e+02  9.324502e+00  7.980000e+00
     vertex  1.436270e+02  9.278600e+00  7.980000e+00
     vertex  1.489500e+02  1.420000e+01  7.980000e+00
   endloop
 endfacet
 facet normal -0.000000e+00  0.000000e+00  1.000000e+00
   outer loop
     vertex  1.436092e+02  9.370161e+00  7.980000e+00
     vertex  1.436187e+02  9.324502e+00  7.980000e+00
     vertex  1.489500e+02  1.420000e+01  7.980000e+00
   endloop
 endfacet
 facet normal -0.000000e+00  0.000000e+00  1.000000e+00
   outer loop
     vertex  1.435984e+02  9.415540e+00  7.980000e+00
     vertex  1.436092e+02  9.370161e+00  7.980000e+00
     vertex  1.489500e+02  1.420000e+01  7.980000e+00
   endloop
 endfacet
 facet normal -0.000000e+00  0.000000e+00  1.000000e+00
   outer loop
     vertex  1.435864e+02  9.460607e+00  7.980000e+00
     vertex  1.435984e+02  9.415540e+00  7.980000e+00
     vertex  1.489500e+02  1.420000e+01  7.980000e+00
   endloop
 endfacet
 facet normal -0.000000e+00  0.000000e+00  1.000000e+00
   outer loop
     vertex  1.435732e+02  9.505327e+00  7.980000e+00
     vertex  1.435864e+02  9.460607e+00  7.980000e+00
     vertex  1.489500e+02  1.420000e+01  7.980000e+00
   endloop
 endfacet
 facet normal -0.000000e+00  0.000000e+00  1.000000e+00
   outer loop
     vertex  1.435587e+02  9.549667e+00  7.980000e+00
     vertex  1.435732e+02  9.505327e+00  7.980000e+00
     vertex  1.489500e+02  1.420000e+01  7.980000e+00
   endloop
 endfacet
 facet normal -0.000000e+00  0.000000e+00  1.000000e+00
   outer loop
     vertex  1.435430e+02  9.593592e+00  7.980000e+00
     vertex  1.435587e+02  9.549667e+00  7.980000e+00
     vertex  1.489500e+02  1.420000e+01  7.980000e+00
   endloop
 endfacet
 facet normal -0.000000e+00  0.000000e+00  1.000000e+00
   outer loop
     vertex  1.435261e+02  9.637071e+00  7.980000e+00
     vertex  1.435430e+02  9.593592e+00  7.980000e+00
     vertex  1.489500e+02  1.420000e+01  7.980000e+00
   endloop
 endfacet
 facet normal -0.000000e+00  0.000000e+00  1.000000e+00
   outer loop
     vertex  1.435080e+02  9.680071e+00  7.980000e+00
     vertex  1.435261e+02  9.637071e+00  7.980000e+00
     vertex  1.489500e+02  1.420000e+01  7.980000e+00
   endloop
 endfacet
 facet normal -0.000000e+00  0.000000e+00  1.000000e+00
   outer loop
     vertex  1.434888e+02  9.722558e+00  7.980000e+00
     vertex  1.435080e+02  9.680071e+00  7.980000e+00
     vertex  1.489500e+02  1.420000e+01  7.980000e+00
   endloop
 endfacet
 facet normal -0.000000e+00  0.000000e+00  1.000000e+00
   outer loop
     vertex  1.434684e+02  9.764502e+00  7.980000e+00
     vertex  1.434888e+02  9.722558e+00  7.980000e+00
     vertex  1.489500e+02  1.420000e+01  7.980000e+00
   endloop
 endfacet
 facet normal -0.000000e+00  0.000000e+00  1.000000e+00
   outer loop
     vertex  1.434469e+02  9.805870e+00  7.980000e+00
     vertex  1.434684e+02  9.764502e+00  7.980000e+00
     vertex  1.489500e+02  1.420000e+01  7.980000e+00
   endloop
 endfacet
 facet normal -0.000000e+00  0.000000e+00  1.000000e+00
   outer loop
     vertex  1.434242e+02  9.846632e+00  7.980000e+00
     vertex  1.434469e+02  9.805870e+00  7.980000e+00
     vertex  1.489500e+02  1.420000e+01  7.980000e+00
   endloop
 endfacet
 facet normal -0.000000e+00  0.000000e+00  1.000000e+00
   outer loop
     vertex  1.434004e+02  9.886756e+00  7.980000e+00
     vertex  1.434242e+02  9.846632e+00  7.980000e+00
     vertex  1.489500e+02  1.420000e+01  7.980000e+00
   endloop
 endfacet
 facet normal -0.000000e+00  0.000000e+00  1.000000e+00
   outer loop
     vertex  1.433755e+02  9.926212e+00  7.980000e+00
     vertex  1.434004e+02  9.886756e+00  7.980000e+00
     vertex  1.489500e+02  1.420000e+01  7.980000e+00
   endloop
 endfacet
 facet normal -0.000000e+00  0.000000e+00  1.000000e+00
   outer loop
     vertex  1.433496e+02  9.964972e+00  7.980000e+00
     vertex  1.433755e+02  9.926212e+00  7.980000e+00
     vertex  1.489500e+02  1.420000e+01  7.980000e+00
   endloop
 endfacet
 facet normal -0.000000e+00  0.000000e+00  1.000000e+00
   outer loop
     vertex  1.433226e+02  1.000300e+01  7.980000e+00
     vertex  1.433496e+02  9.964972e+00  7.980000e+00
     vertex  1.489500e+02  1.420000e+01  7.980000e+00
   endloop
 endfacet
 facet normal -0.000000e+00  0.000000e+00  1.000000e+00
   outer loop
     vertex  1.432945e+02  1.004028e+01  7.980000e+00
     vertex  1.433226e+02  1.000300e+01  7.980000e+00
     vertex  1.489500e+02  1.420000e+01  7.980000e+00
   endloop
 endfacet
 facet normal -0.000000e+00  0.000000e+00  1.000000e+00
   outer loop
     vertex  1.432655e+02  1.007678e+01  7.980000e+00
     vertex  1.432945e+02  1.004028e+01  7.980000e+00
     vertex  1.489500e+02  1.420000e+01  7.980000e+00
   endloop
 endfacet
 facet normal -0.000000e+00  0.000000e+00  1.000000e+00
   outer loop
     vertex  1.432355e+02  1.011246e+01  7.980000e+00
     vertex  1.432655e+02  1.007678e+01  7.980000e+00
     vertex  1.489500e+02  1.420000e+01  7.980000e+00
   endloop
 endfacet
 facet normal -0.000000e+00  0.000000e+00  1.000000e+00
   outer loop
     vertex  1.432045e+02  1.014731e+01  7.980000e+00
     vertex  1.432355e+02  1.011246e+01  7.980000e+00
     vertex  1.489500e+02  1.420000e+01  7.980000e+00
   endloop
 endfacet
 facet normal -0.000000e+00  0.000000e+00  1.000000e+00
   outer loop
     vertex  1.431725e+02  1.018129e+01  7.980000e+00
     vertex  1.432045e+02  1.014731e+01  7.980000e+00
     vertex  1.489500e+02  1.420000e+01  7.980000e+00
   endloop
 endfacet
 facet normal -0.000000e+00  0.000000e+00  1.000000e+00
   outer loop
     vertex  1.431396e+02  1.021439e+01  7.980000e+00
     vertex  1.431725e+02  1.018129e+01  7.980000e+00
     vertex  1.489500e+02  1.420000e+01  7.980000e+00
   endloop
 endfacet
 facet normal -0.000000e+00  0.000000e+00  1.000000e+00
   outer loop
     vertex  1.431059e+02  1.024657e+01  7.980000e+00
     vertex  1.431396e+02  1.021439e+01  7.980000e+00
     vertex  1.489500e+02  1.420000e+01  7.980000e+00
   endloop
 endfacet
 facet normal -0.000000e+00  0.000000e+00  1.000000e+00
   outer loop
     vertex  1.430713e+02  1.027781e+01  7.980000e+00
     vertex  1.431059e+02  1.024657e+01  7.980000e+00
     vertex  1.489500e+02  1.420000e+01  7.980000e+00
   endloop
 endfacet
 facet normal -0.000000e+00  0.000000e+00  1.000000e+00
   outer loop
     vertex  1.430358e+02  1.030809e+01  7.980000e+00
     vertex  1.430713e+02  1.027781e+01  7.980000e+00
     vertex  1.489500e+02  1.420000e+01  7.980000e+00
   endloop
 endfacet
 facet normal -0.000000e+00  0.000000e+00  1.000000e+00
   outer loop
     vertex  1.429995e+02  1.033738e+01  7.980000e+00
     vertex  1.430358e+02  1.030809e+01  7.980000e+00
     vertex  1.489500e+02  1.420000e+01  7.980000e+00
   endloop
 endfacet
 facet normal -0.000000e+00  0.000000e+00  1.000000e+00
   outer loop
     vertex  1.429624e+02  1.036567e+01  7.980000e+00
     vertex  1.429995e+02  1.033738e+01  7.980000e+00
     vertex  1.489500e+02  1.420000e+01  7.980000e+00
   endloop
 endfacet
 facet normal -0.000000e+00  0.000000e+00  1.000000e+00
   outer loop
     vertex  1.429245e+02  1.039293e+01  7.980000e+00
     vertex  1.429624e+02  1.036567e+01  7.980000e+00
     vertex  1.489500e+02  1.420000e+01  7.980000e+00
   endloop
 endfacet
 facet normal -0.000000e+00  0.000000e+00  1.000000e+00
   outer loop
     vertex  1.428860e+02  1.041914e+01  7.980000e+00
     vertex  1.429245e+02  1.039293e+01  7.980000e+00
     vertex  1.489500e+02  1.420000e+01  7.980000e+00
   endloop
 endfacet
 facet normal -0.000000e+00  0.000000e+00  1.000000e+00
   outer loop
     vertex  1.428467e+02  1.044428e+01  7.980000e+00
     vertex  1.428860e+02  1.041914e+01  7.980000e+00
     vertex  1.489500e+02  1.420000e+01  7.980000e+00
   endloop
 endfacet
 facet normal -0.000000e+00  0.000000e+00  1.000000e+00
   outer loop
     vertex  1.428067e+02  1.046834e+01  7.980000e+00
     vertex  1.428467e+02  1.044428e+01  7.980000e+00
     vertex  1.489500e+02  1.420000e+01  7.980000e+00
   endloop
 endfacet
 facet normal -0.000000e+00  0.000000e+00  1.000000e+00
   outer loop
     vertex  1.427661e+02  1.049129e+01  7.980000e+00
     vertex  1.428067e+02  1.046834e+01  7.980000e+00
     vertex  1.489500e+02  1.420000e+01  7.980000e+00
   endloop
 endfacet
 facet normal -0.000000e+00  0.000000e+00  1.000000e+00
   outer loop
     vertex  1.427249e+02  1.051312e+01  7.980000e+00
     vertex  1.427661e+02  1.049129e+01  7.980000e+00
     vertex  1.489500e+02  1.420000e+01  7.980000e+00
   endloop
 endfacet
 facet normal -0.000000e+00  0.000000e+00  1.000000e+00
   outer loop
     vertex  1.426831e+02  1.053381e+01  7.980000e+00
     vertex  1.427249e+02  1.051312e+01  7.980000e+00
     vertex  1.489500e+02  1.420000e+01  7.980000e+00
   endloop
 endfacet
 facet normal -0.000000e+00  0.000000e+00  1.000000e+00
   outer loop
     vertex  1.426407e+02  1.055334e+01  7.980000e+00
     vertex  1.426831e+02  1.053381e+01  7.980000e+00
     vertex  1.489500e+02  1.420000e+01  7.980000e+00
   endloop
 endfacet
 facet normal -0.000000e+00  0.000000e+00  1.000000e+00
   outer loop
     vertex  1.425979e+02  1.057171e+01  7.980000e+00
     vertex  1.426407e+02  1.055334e+01  7.980000e+00
     vertex  1.489500e+02  1.420000e+01  7.980000e+00
   endloop
 endfacet
 facet normal -0.000000e+00  0.000000e+00  1.000000e+00
   outer loop
     vertex  1.425545e+02  1.058889e+01  7.980000e+00
     vertex  1.425979e+02  1.057171e+01  7.980000e+00
     vertex  1.489500e+02  1.420000e+01  7.980000e+00
   endloop
 endfacet
 facet normal -0.000000e+00  0.000000e+00  1.000000e+00
   outer loop
     vertex  1.425107e+02  1.060488e+01  7.980000e+00
     vertex  1.425545e+02  1.058889e+01  7.980000e+00
     vertex  1.489500e+02  1.420000e+01  7.980000e+00
   endloop
 endfacet
 facet normal -0.000000e+00  0.000000e+00  1.000000e+00
   outer loop
     vertex  1.424664e+02  1.061965e+01  7.980000e+00
     vertex  1.425107e+02  1.060488e+01  7.980000e+00
     vertex  1.489500e+02  1.420000e+01  7.980000e+00
   endloop
 endfacet
 facet normal -0.000000e+00  0.000000e+00  1.000000e+00
   outer loop
     vertex  1.424218e+02  1.063321e+01  7.980000e+00
     vertex  1.424664e+02  1.061965e+01  7.980000e+00
     vertex  1.489500e+02  1.420000e+01  7.980000e+00
   endloop
 endfacet
 facet normal -0.000000e+00  0.000000e+00  1.000000e+00
   outer loop
     vertex  1.423768e+02  1.064554e+01  7.980000e+00
     vertex  1.424218e+02  1.063321e+01  7.980000e+00
     vertex  1.489500e+02  1.420000e+01  7.980000e+00
   endloop
 endfacet
 facet normal -0.000000e+00  0.000000e+00  1.000000e+00
   outer loop
     vertex  1.423315e+02  1.065663e+01  7.980000e+00
     vertex  1.423768e+02  1.064554e+01  7.980000e+00
     vertex  1.489500e+02  1.420000e+01  7.980000e+00
   endloop
 endfacet
 facet normal -0.000000e+00  0.000000e+00  1.000000e+00
   outer loop
     vertex  1.422859e+02  1.066648e+01  7.980000e+00
     vertex  1.423315e+02  1.065663e+01  7.980000e+00
     vertex  1.489500e+02  1.420000e+01  7.980000e+00
   endloop
 endfacet
 facet normal -0.000000e+00  0.000000e+00  1.000000e+00
   outer loop
     vertex  1.422401e+02  1.067507e+01  7.980000e+00
     vertex  1.422859e+02  1.066648e+01  7.980000e+00
     vertex  1.489500e+02  1.420000e+01  7.980000e+00
   endloop
 endfacet
 facet normal -0.000000e+00  0.000000e+00  1.000000e+00
   outer loop
     vertex  1.421940e+02  1.068239e+01  7.980000e+00
     vertex  1.422401e+02  1.067507e+01  7.980000e+00
     vertex  1.489500e+02  1.420000e+01  7.980000e+00
   endloop
 endfacet
 facet normal -0.000000e+00  0.000000e+00  1.000000e+00
   outer loop
     vertex  1.421478e+02  1.068846e+01  7.980000e+00
     vertex  1.421940e+02  1.068239e+01  7.980000e+00
     vertex  1.489500e+02  1.420000e+01  7.980000e+00
   endloop
 endfacet
 facet normal -0.000000e+00  0.000000e+00  1.000000e+00
   outer loop
     vertex  1.421014e+02  1.069325e+01  7.980000e+00
     vertex  1.421478e+02  1.068846e+01  7.980000e+00
     vertex  1.489500e+02  1.420000e+01  7.980000e+00
   endloop
 endfacet
 facet normal -0.000000e+00  0.000000e+00  1.000000e+00
   outer loop
     vertex  1.420549e+02  1.069676e+01  7.980000e+00
     vertex  1.421014e+02  1.069325e+01  7.980000e+00
     vertex  1.489500e+02  1.420000e+01  7.980000e+00
   endloop
 endfacet
 facet normal -0.000000e+00  0.000000e+00  1.000000e+00
   outer loop
     vertex  1.420083e+02  1.069900e+01  7.980000e+00
     vertex  1.420549e+02  1.069676e+01  7.980000e+00
     vertex  1.489500e+02  1.420000e+01  7.980000e+00
   endloop
 endfacet
 facet normal -0.000000e+00  0.000000e+00  1.000000e+00
   outer loop
     vertex  1.419617e+02  1.069996e+01  7.980000e+00
     vertex  1.420083e+02  1.069900e+01  7.980000e+00
     vertex  1.489500e+02  1.420000e+01  7.980000e+00
   endloop
 endfacet
 facet normal  0.000000e+00  0.000000e+00  1.000000e+00
   outer loop
     vertex  1.349500e+02  4.000000e+00  7.980000e+00
     vertex  1.403074e+02  8.561885e+00  7.980000e+00
     vertex  1.402960e+02  8.607113e+00  7.980000e+00
   endloop
 endfacet
 facet normal  0.000000e+00  0.000000e+00  1.000000e+00
   outer loop
     vertex  1.349500e+02  4.000000e+00  7.980000e+00
     vertex  1.403201e+02  8.516988e+00  7.980000e+00
     vertex  1.403074e+02  8.561885e+00  7.980000e+00
   endloop
 endfacet
 facet normal  0.000000e+00  0.000000e+00  1.000000e+00
   outer loop
     vertex  1.349500e+02  4.000000e+00  7.980000e+00
     vertex  1.403339e+02  8.472454e+00  7.980000e+00
     vertex  1.403201e+02  8.516988e+00  7.980000e+00
   endloop
 endfacet
 facet normal  0.000000e+00  0.000000e+00  1.000000e+00
   outer loop
     vertex  1.349500e+02  4.000000e+00  7.980000e+00
     vertex  1.403490e+02  8.428317e+00  7.980000e+00
     vertex  1.403339e+02  8.472454e+00  7.980000e+00
   endloop
 endfacet
 facet normal  0.000000e+00  0.000000e+00  1.000000e+00
   outer loop
     vertex  1.349500e+02  4.000000e+00  7.980000e+00
     vertex  1.403653e+02  8.384610e+00  7.980000e+00
     vertex  1.403490e+02  8.428317e+00  7.980000e+00
   endloop
 endfacet
 facet normal  0.000000e+00  0.000000e+00  1.000000e+00
   outer loop
     vertex  1.349500e+02  4.000000e+00  7.980000e+00
     vertex  1.403828e+02  8.341367e+00  7.980000e+00
     vertex  1.403653e+02  8.384610e+00  7.980000e+00
   endloop
 endfacet
 facet normal  0.000000e+00  0.000000e+00  1.000000e+00
   outer loop
     vertex  1.349500e+02  4.000000e+00  7.980000e+00
     vertex  1.404014e+02  8.298619e+00  7.980000e+00
     vertex  1.403828e+02  8.341367e+00  7.980000e+00
   endloop
 endfacet
 facet normal  0.000000e+00  0.000000e+00  1.000000e+00
   outer loop
     vertex  1.349500e+02  4.000000e+00  7.980000e+00
     vertex  1.404213e+02  8.256400e+00  7.980000e+00
     vertex  1.404014e+02  8.298619e+00  7.980000e+00
   endloop
 endfacet
 facet normal  0.000000e+00  0.000000e+00  1.000000e+00
   outer loop
     vertex  1.349500e+02  4.000000e+00  7.980000e+00
     vertex  1.404422e+02  8.214740e+00  7.980000e+00
     vertex  1.404213e+02  8.256400e+00  7.980000e+00
   endloop
 endfacet
 facet normal  0.000000e+00  0.000000e+00  1.000000e+00
   outer loop
     vertex  1.349500e+02  4.000000e+00  7.980000e+00
     vertex  1.404643e+02  8.173671e+00  7.980000e+00
     vertex  1.404422e+02  8.214740e+00  7.980000e+00
   endloop
 endfacet
 facet normal  0.000000e+00  0.000000e+00  1.000000e+00
   outer loop
     vertex  1.349500e+02  4.000000e+00  7.980000e+00
     vertex  1.404876e+02  8.133225e+00  7.980000e+00
     vertex  1.404643e+02  8.173671e+00  7.980000e+00
   endloop
 endfacet
 facet normal  0.000000e+00  0.000000e+00  1.000000e+00
   outer loop
     vertex  1.349500e+02  4.000000e+00  7.980000e+00
     vertex  1.405119e+02  8.093431e+00  7.980000e+00
     vertex  1.404876e+02  8.133225e+00  7.980000e+00
   endloop
 endfacet
 facet normal  0.000000e+00  0.000000e+00  1.000000e+00
   outer loop
     vertex  1.349500e+02  4.000000e+00  7.980000e+00
     vertex  1.405373e+02  8.054319e+00  7.980000e+00
     vertex  1.405119e+02  8.093431e+00  7.980000e+00
   endloop
 endfacet
 facet normal  0.000000e+00  0.000000e+00  1.000000e+00
   outer loop
     vertex  1.349500e+02  4.000000e+00  7.980000e+00
     vertex  1.405638e+02  8.015919e+00  7.980000e+00
     vertex  1.405373e+02  8.054319e+00  7.980000e+00
   endloop
 endfacet
 facet normal  0.000000e+00  0.000000e+00  1.000000e+00
   outer loop
     vertex  1.349500e+02  4.000000e+00  7.980000e+00
     vertex  1.405913e+02  7.978260e+00  7.980000e+00
     vertex  1.405638e+02  8.015919e+00  7.980000e+00
   endloop
 endfacet
 facet normal  0.000000e+00  0.000000e+00  1.000000e+00
   outer loop
     vertex  1.349500e+02  4.000000e+00  7.980000e+00
     vertex  1.406198e+02  7.941370e+00  7.980000e+00
     vertex  1.405913e+02  7.978260e+00  7.980000e+00
   endloop
 endfacet
 facet normal  0.000000e+00  0.000000e+00  1.000000e+00
   outer loop
     vertex  1.349500e+02  4.000000e+00  7.980000e+00
     vertex  1.406494e+02  7.905277e+00  7.980000e+00
     vertex  1.406198e+02  7.941370e+00  7.980000e+00
   endloop
 endfacet
 facet normal  0.000000e+00  0.000000e+00  1.000000e+00
   outer loop
     vertex  1.349500e+02  4.000000e+00  7.980000e+00
     vertex  1.406799e+02  7.870008e+00  7.980000e+00
     vertex  1.406494e+02  7.905277e+00  7.980000e+00
   endloop
 endfacet
 facet normal  0.000000e+00  0.000000e+00  1.000000e+00
   outer loop
     vertex  1.349500e+02  4.000000e+00  7.980000e+00
     vertex  1.407114e+02  7.835590e+00  7.980000e+00
     vertex  1.406799e+02  7.870008e+00  7.980000e+00
   endloop
 endfacet
 facet normal  0.000000e+00  0.000000e+00  1.000000e+00
   outer loop
     vertex  1.349500e+02  4.000000e+00  7.980000e+00
     vertex  1.407438e+02  7.802048e+00  7.980000e+00
     vertex  1.407114e+02  7.835590e+00  7.980000e+00
   endloop
 endfacet
 facet normal  0.000000e+00  0.000000e+00  1.000000e+00
   outer loop
     vertex  1.349500e+02  4.000000e+00  7.980000e+00
     vertex  1.407771e+02  7.769408e+00  7.980000e+00
     vertex  1.407438e+02  7.802048e+00  7.980000e+00
   endloop
 endfacet
 facet normal  0.000000e+00  0.000000e+00  1.000000e+00
   outer loop
     vertex  1.349500e+02  4.000000e+00  7.980000e+00
     vertex  1.408113e+02  7.737695e+00  7.980000e+00
     vertex  1.407771e+02  7.769408e+00  7.980000e+00
   endloop
 endfacet
 facet normal  0.000000e+00  0.000000e+00  1.000000e+00
   outer loop
     vertex  1.349500e+02  4.000000e+00  7.980000e+00
     vertex  1.408464e+02  7.706931e+00  7.980000e+00
     vertex  1.408113e+02  7.737695e+00  7.980000e+00
   endloop
 endfacet
 facet normal  0.000000e+00  0.000000e+00  1.000000e+00
   outer loop
     vertex  1.349500e+02  4.000000e+00  7.980000e+00
     vertex  1.408823e+02  7.677141e+00  7.980000e+00
     vertex  1.408464e+02  7.706931e+00  7.980000e+00
   endloop
 endfacet
 facet normal  0.000000e+00  0.000000e+00  1.000000e+00
   outer loop
     vertex  1.349500e+02  4.000000e+00  7.980000e+00
     vertex  1.409190e+02  7.648347e+00  7.980000e+00
     vertex  1.408823e+02  7.677141e+00  7.980000e+00
   endloop
 endfacet
 facet normal  0.000000e+00  0.000000e+00  1.000000e+00
   outer loop
     vertex  1.349500e+02  4.000000e+00  7.980000e+00
     vertex  1.409564e+02  7.620570e+00  7.980000e+00
     vertex  1.409190e+02  7.648347e+00  7.980000e+00
   endloop
 endfacet
 facet normal  0.000000e+00  0.000000e+00  1.000000e+00
   outer loop
     vertex  1.349500e+02  4.000000e+00  7.980000e+00
     vertex  1.409947e+02  7.593832e+00  7.980000e+00
     vertex  1.409564e+02  7.620570e+00  7.980000e+00
   endloop
 endfacet
 facet normal  0.000000e+00  0.000000e+00  1.000000e+00
   outer loop
     vertex  1.349500e+02  4.000000e+00  7.980000e+00
     vertex  1.410336e+02  7.568152e+00  7.980000e+00
     vertex  1.409947e+02  7.593832e+00  7.980000e+00
   endloop
 endfacet
 facet normal  0.000000e+00  0.000000e+00  1.000000e+00
   outer loop
     vertex  1.349500e+02  4.000000e+00  7.980000e+00
     vertex  1.410732e+02  7.543550e+00  7.980000e+00
     vertex  1.410336e+02  7.568152e+00  7.980000e+00
   endloop
 endfacet
 facet normal  0.000000e+00  0.000000e+00  1.000000e+00
   outer loop
     vertex  1.349500e+02  4.000000e+00  7.980000e+00
     vertex  1.411135e+02  7.520045e+00  7.980000e+00
     vertex  1.410732e+02  7.543550e+00  7.980000e+00
   endloop
 endfacet
 facet normal  0.000000e+00  0.000000e+00  1.000000e+00
   outer loop
     vertex  1.349500e+02  4.000000e+00  7.980000e+00
     vertex  1.411544e+02  7.497653e+00  7.980000e+00
     vertex  1.411135e+02  7.520045e+00  7.980000e+00
   endloop
 endfacet
 facet normal  0.000000e+00  0.000000e+00  1.000000e+00
   outer loop
     vertex  1.349500e+02  4.000000e+00  7.980000e+00
     vertex  1.411959e+02  7.476392e+00  7.980000e+00
     vertex  1.411544e+02  7.497653e+00  7.980000e+00
   endloop
 endfacet
 facet normal  0.000000e+00  0.000000e+00  1.000000e+00
   outer loop
     vertex  1.349500e+02  4.000000e+00  7.980000e+00
     vertex  1.412380e+02  7.456279e+00  7.980000e+00
     vertex  1.411959e+02  7.476392e+00  7.980000e+00
   endloop
 endfacet
 facet normal  0.000000e+00  0.000000e+00  1.000000e+00
   outer loop
     vertex  1.349500e+02  4.000000e+00  7.980000e+00
     vertex  1.412806e+02  7.437327e+00  7.980000e+00
     vertex  1.412380e+02  7.456279e+00  7.980000e+00
   endloop
 endfacet
 facet normal  0.000000e+00  0.000000e+00  1.000000e+00
   outer loop
     vertex  1.349500e+02  4.000000e+00  7.980000e+00
     vertex  1.413238e+02  7.419552e+00  7.980000e+00
     vertex  1.412806e+02  7.437327e+00  7.980000e+00
   endloop
 endfacet
 facet normal  0.000000e+00  0.000000e+00  1.000000e+00
   outer loop
     vertex  1.349500e+02  4.000000e+00  7.980000e+00
     vertex  1.413673e+02  7.402966e+00  7.980000e+00
     vertex  1.413238e+02  7.419552e+00  7.980000e+00
   endloop
 endfacet
 facet normal  0.000000e+00  0.000000e+00  1.000000e+00
   outer loop
     vertex  1.349500e+02  4.000000e+00  7.980000e+00
     vertex  1.414114e+02  7.387583e+00  7.980000e+00
     vertex  1.413673e+02  7.402966e+00  7.980000e+00
   endloop
 endfacet
 facet normal  0.000000e+00  0.000000e+00  1.000000e+00
   outer loop
     vertex  1.349500e+02  4.000000e+00  7.980000e+00
     vertex  1.414558e+02  7.373413e+00  7.980000e+00
     vertex  1.414114e+02  7.387583e+00  7.980000e+00
   endloop
 endfacet
 facet normal  0.000000e+00  0.000000e+00  1.000000e+00
   outer loop
     vertex  1.349500e+02  4.000000e+00  7.980000e+00
     vertex  1.415006e+02  7.360468e+00  7.980000e+00
     vertex  1.414558e+02  7.373413e+00  7.980000e+00
   endloop
 endfacet
 facet normal  0.000000e+00  0.000000e+00  1.000000e+00
   outer loop
     vertex  1.349500e+02  4.000000e+00  7.980000e+00
     vertex  1.415458e+02  7.348757e+00  7.980000e+00
     vertex  1.415006e+02  7.360468e+00  7.980000e+00
   endloop
 endfacet
 facet normal  0.000000e+00  0.000000e+00  1.000000e+00
   outer loop
     vertex  1.349500e+02  4.000000e+00  7.980000e+00
     vertex  1.415912e+02  7.338289e+00  7.980000e+00
     vertex  1.415458e+02  7.348757e+00  7.980000e+00
   endloop
 endfacet
 facet normal  0.000000e+00  0.000000e+00  1.000000e+00
   outer loop
     vertex  1.349500e+02  4.000000e+00  7.980000e+00
     vertex  1.416370e+02  7.329072e+00  7.980000e+00
     vertex  1.415912e+02  7.338289e+00  7.980000e+00
   endloop
 endfacet
 facet normal  0.000000e+00  0.000000e+00  1.000000e+00
   outer loop
     vertex  1.349500e+02  4.000000e+00  7.980000e+00
     vertex  1.416829e+02  7.321113e+00  7.980000e+00
     vertex  1.416370e+02  7.329072e+00  7.980000e+00
   endloop
 endfacet
 facet normal  0.000000e+00  0.000000e+00  1.000000e+00
   outer loop
     vertex  1.349500e+02  4.000000e+00  7.980000e+00
     vertex  1.417291e+02  7.314417e+00  7.980000e+00
     vertex  1.416829e+02  7.321113e+00  7.980000e+00
   endloop
 endfacet
 facet normal  0.000000e+00  0.000000e+00  1.000000e+00
   outer loop
     vertex  1.349500e+02  4.000000e+00  7.980000e+00
     vertex  1.417754e+02  7.308991e+00  7.980000e+00
     vertex  1.417291e+02  7.314417e+00  7.980000e+00
   endloop
 endfacet
 facet normal  0.000000e+00  0.000000e+00  1.000000e+00
   outer loop
     vertex  1.349500e+02  4.000000e+00  7.980000e+00
     vertex  1.418219e+02  7.304837e+00  7.980000e+00
     vertex  1.417754e+02  7.308991e+00  7.980000e+00
   endloop
 endfacet
 facet normal  0.000000e+00  0.000000e+00  1.000000e+00
   outer loop
     vertex  1.349500e+02  4.000000e+00  7.980000e+00
     vertex  1.418684e+02  7.301959e+00  7.980000e+00
     vertex  1.418219e+02  7.304837e+00  7.980000e+00
   endloop
 endfacet
 facet normal  0.000000e+00  0.000000e+00  1.000000e+00
   outer loop
     vertex  1.349500e+02  4.000000e+00  7.980000e+00
     vertex  1.419150e+02  7.300360e+00  7.980000e+00
     vertex  1.418684e+02  7.301959e+00  7.980000e+00
   endloop
 endfacet
 facet normal  0.000000e+00  0.000000e+00  1.000000e+00
   outer loop
     vertex  1.349500e+02  4.000000e+00  7.980000e+00
     vertex  1.419617e+02  7.300040e+00  7.980000e+00
     vertex  1.419150e+02  7.300360e+00  7.980000e+00
   endloop
 endfacet
 facet normal  0.000000e+00  0.000000e+00  1.000000e+00
   outer loop
     vertex  1.349500e+02  4.000000e+00  7.980000e+00
     vertex  1.489500e+02  4.000000e+00  7.980000e+00
     vertex  1.419617e+02  7.300040e+00  7.980000e+00
   endloop
 endfacet
 facet normal  0.000000e+00  0.000000e+00  1.000000e+00
   outer loop
     vertex  1.349500e+02  4.000000e+00  7.980000e+00
     vertex  1.402502e+02  8.976679e+00  7.980000e+00
     vertex  1.402502e+02  9.023321e+00  7.980000e+00
   endloop
 endfacet
 facet normal  0.000000e+00  0.000000e+00  1.000000e+00
   outer loop
     vertex  1.349500e+02  4.000000e+00  7.980000e+00
     vertex  1.402514e+02  8.930054e+00  7.980000e+00
     vertex  1.402502e+02  8.976679e+00  7.980000e+00
   endloop
 endfacet
 facet normal  0.000000e+00  0.000000e+00  1.000000e+00
   outer loop
     vertex  1.349500e+02  4.000000e+00  7.980000e+00
     vertex  1.402540e+02  8.883482e+00  7.980000e+00
     vertex  1.402514e+02  8.930054e+00  7.980000e+00
   endloop
 endfacet
 facet normal  0.000000e+00  0.000000e+00  1.000000e+00
   outer loop
     vertex  1.349500e+02  4.000000e+00  7.980000e+00
     vertex  1.402578e+02  8.836998e+00  7.980000e+00
     vertex  1.402540e+02  8.883482e+00  7.980000e+00
   endloop
 endfacet
 facet normal  0.000000e+00  0.000000e+00  1.000000e+00
   outer loop
     vertex  1.349500e+02  4.000000e+00  7.980000e+00
     vertex  1.402629e+02  8.790636e+00  7.980000e+00
     vertex  1.402578e+02  8.836998e+00  7.980000e+00
   endloop
 endfacet
 facet normal  0.000000e+00  0.000000e+00  1.000000e+00
   outer loop
     vertex  1.349500e+02  4.000000e+00  7.980000e+00
     vertex  1.402693e+02  8.744432e+00  7.980000e+00
     vertex  1.402629e+02  8.790636e+00  7.980000e+00
   endloop
 endfacet
 facet normal  0.000000e+00  0.000000e+00  1.000000e+00
   outer loop
     vertex  1.349500e+02  4.000000e+00  7.980000e+00
     vertex  1.402770e+02  8.698420e+00  7.980000e+00
     vertex  1.402693e+02  8.744432e+00  7.980000e+00
   endloop
 endfacet
 facet normal  0.000000e+00  0.000000e+00  1.000000e+00
   outer loop
     vertex  1.349500e+02  4.000000e+00  7.980000e+00
     vertex  1.402859e+02  8.652636e+00  7.980000e+00
     vertex  1.402770e+02  8.698420e+00  7.980000e+00
   endloop
 endfacet
 facet normal  0.000000e+00  0.000000e+00  1.000000e+00
   outer loop
     vertex  1.349500e+02  4.000000e+00  7.980000e+00
     vertex  1.402960e+02  8.607113e+00  7.980000e+00
     vertex  1.402859e+02  8.652636e+00  7.980000e+00
   endloop
 endfacet
 facet normal  0.000000e+00  0.000000e+00  1.000000e+00
   outer loop
     vertex  1.349500e+02  1.420000e+01  7.980000e+00
     vertex  1.349500e+02  4.000000e+00  7.980000e+00
     vertex  1.402502e+02  9.023321e+00  7.980000e+00
   endloop
 endfacet
 facet normal  0.000000e+00  0.000000e+00  1.000000e+00
   outer loop
     vertex  1.349500e+02  1.420000e+01  7.980000e+00
     vertex  1.419150e+02  1.069964e+01  7.980000e+00
     vertex  1.419617e+02  1.069996e+01  7.980000e+00
   endloop
 endfacet
 facet normal  0.000000e+00  0.000000e+00  1.000000e+00
   outer loop
     vertex  1.349500e+02  1.420000e+01  7.980000e+00
     vertex  1.418684e+02  1.069804e+01  7.980000e+00
     vertex  1.419150e+02  1.069964e+01  7.980000e+00
   endloop
 endfacet
 facet normal  0.000000e+00  0.000000e+00  1.000000e+00
   outer loop
     vertex  1.349500e+02  1.420000e+01  7.980000e+00
     vertex  1.418219e+02  1.069516e+01  7.980000e+00
     vertex  1.418684e+02  1.069804e+01  7.980000e+00
   endloop
 endfacet
 facet normal  0.000000e+00  0.000000e+00  1.000000e+00
   outer loop
     vertex  1.349500e+02  1.420000e+01  7.980000e+00
     vertex  1.417754e+02  1.069101e+01  7.980000e+00
     vertex  1.418219e+02  1.069516e+01  7.980000e+00
   endloop
 endfacet
 facet normal  0.000000e+00  0.000000e+00  1.000000e+00
   outer loop
     vertex  1.349500e+02  1.420000e+01  7.980000e+00
     vertex  1.417291e+02  1.068558e+01  7.980000e+00
     vertex  1.417754e+02  1.069101e+01  7.980000e+00
   endloop
 endfacet
 facet normal  0.000000e+00  0.000000e+00  1.000000e+00
   outer loop
     vertex  1.349500e+02  1.420000e+01  7.980000e+00
     vertex  1.416829e+02  1.067889e+01  7.980000e+00
     vertex  1.417291e+02  1.068558e+01  7.980000e+00
   endloop
 endfacet
 facet normal  0.000000e+00  0.000000e+00  1.000000e+00
   outer loop
     vertex  1.349500e+02  1.420000e+01  7.980000e+00
     vertex  1.416370e+02  1.067093e+01  7.980000e+00
     vertex  1.416829e+02  1.067889e+01  7.980000e+00
   endloop
 endfacet
 facet normal  0.000000e+00  0.000000e+00  1.000000e+00
   outer loop
     vertex  1.349500e+02  1.420000e+01  7.980000e+00
     vertex  1.415912e+02  1.066171e+01  7.980000e+00
     vertex  1.416370e+02  1.067093e+01  7.980000e+00
   endloop
 endfacet
 facet normal  0.000000e+00  0.000000e+00  1.000000e+00
   outer loop
     vertex  1.349500e+02  1.420000e+01  7.980000e+00
     vertex  1.415458e+02  1.065124e+01  7.980000e+00
     vertex  1.415912e+02  1.066171e+01  7.980000e+00
   endloop
 endfacet
 facet normal  0.000000e+00  0.000000e+00  1.000000e+00
   outer loop
     vertex  1.349500e+02  1.420000e+01  7.980000e+00
     vertex  1.415006e+02  1.063953e+01  7.980000e+00
     vertex  1.415458e+02  1.065124e+01  7.980000e+00
   endloop
 endfacet
 facet normal  0.000000e+00  0.000000e+00  1.000000e+00
   outer loop
     vertex  1.349500e+02  1.420000e+01  7.980000e+00
     vertex  1.414558e+02  1.062659e+01  7.980000e+00
     vertex  1.415006e+02  1.063953e+01  7.980000e+00
   endloop
 endfacet
 facet normal  0.000000e+00  0.000000e+00  1.000000e+00
   outer loop
     vertex  1.349500e+02  1.420000e+01  7.980000e+00
     vertex  1.414114e+02  1.061242e+01  7.980000e+00
     vertex  1.414558e+02  1.062659e+01  7.980000e+00
   endloop
 endfacet
 facet normal  0.000000e+00  0.000000e+00  1.000000e+00
   outer loop
     vertex  1.349500e+02  1.420000e+01  7.980000e+00
     vertex  1.413673e+02  1.059703e+01  7.980000e+00
     vertex  1.414114e+02  1.061242e+01  7.980000e+00
   endloop
 endfacet
 facet normal  0.000000e+00  0.000000e+00  1.000000e+00
   outer loop
     vertex  1.349500e+02  1.420000e+01  7.980000e+00
     vertex  1.413238e+02  1.058045e+01  7.980000e+00
     vertex  1.413673e+02  1.059703e+01  7.980000e+00
   endloop
 endfacet
 facet normal  0.000000e+00  0.000000e+00  1.000000e+00
   outer loop
     vertex  1.349500e+02  1.420000e+01  7.980000e+00
     vertex  1.412806e+02  1.056267e+01  7.980000e+00
     vertex  1.413238e+02  1.058045e+01  7.980000e+00
   endloop
 endfacet
 facet normal  0.000000e+00  0.000000e+00  1.000000e+00
   outer loop
     vertex  1.349500e+02  1.420000e+01  7.980000e+00
     vertex  1.412380e+02  1.054372e+01  7.980000e+00
     vertex  1.412806e+02  1.056267e+01  7.980000e+00
   endloop
 endfacet
 facet normal  0.000000e+00  0.000000e+00  1.000000e+00
   outer loop
     vertex  1.349500e+02  1.420000e+01  7.980000e+00
     vertex  1.411959e+02  1.052361e+01  7.980000e+00
     vertex  1.412380e+02  1.054372e+01  7.980000e+00
   endloop
 endfacet
 facet normal  0.000000e+00  0.000000e+00  1.000000e+00
   outer loop
     vertex  1.349500e+02  1.420000e+01  7.980000e+00
     vertex  1.411544e+02  1.050235e+01  7.980000e+00
     vertex  1.411959e+02  1.052361e+01  7.980000e+00
   endloop
 endfacet
 facet normal  0.000000e+00  0.000000e+00  1.000000e+00
   outer loop
     vertex  1.349500e+02  1.420000e+01  7.980000e+00
     vertex  1.411135e+02  1.047996e+01  7.980000e+00
     vertex  1.411544e+02  1.050235e+01  7.980000e+00
   endloop
 endfacet
 facet normal  0.000000e+00  0.000000e+00  1.000000e+00
   outer loop
     vertex  1.349500e+02  1.420000e+01  7.980000e+00
     vertex  1.410732e+02  1.045645e+01  7.980000e+00
     vertex  1.411135e+02  1.047996e+01  7.980000e+00
   endloop
 endfacet
 facet normal  0.000000e+00  0.000000e+00  1.000000e+00
   outer loop
     vertex  1.349500e+02  1.420000e+01  7.980000e+00
     vertex  1.410336e+02  1.043185e+01  7.980000e+00
     vertex  1.410732e+02  1.045645e+01  7.980000e+00
   endloop
 endfacet
 facet normal  0.000000e+00  0.000000e+00  1.000000e+00
   outer loop
     vertex  1.349500e+02  1.420000e+01  7.980000e+00
     vertex  1.409947e+02  1.040617e+01  7.980000e+00
     vertex  1.410336e+02  1.043185e+01  7.980000e+00
   endloop
 endfacet
 facet normal  0.000000e+00  0.000000e+00  1.000000e+00
   outer loop
     vertex  1.349500e+02  1.420000e+01  7.980000e+00
     vertex  1.409564e+02  1.037943e+01  7.980000e+00
     vertex  1.409947e+02  1.040617e+01  7.980000e+00
   endloop
 endfacet
 facet normal  0.000000e+00  0.000000e+00  1.000000e+00
   outer loop
     vertex  1.349500e+02  1.420000e+01  7.980000e+00
     vertex  1.409190e+02  1.035165e+01  7.980000e+00
     vertex  1.409564e+02  1.037943e+01  7.980000e+00
   endloop
 endfacet
 facet normal  0.000000e+00  0.000000e+00  1.000000e+00
   outer loop
     vertex  1.349500e+02  1.420000e+01  7.980000e+00
     vertex  1.408823e+02  1.032286e+01  7.980000e+00
     vertex  1.409190e+02  1.035165e+01  7.980000e+00
   endloop
 endfacet
 facet normal  0.000000e+00  0.000000e+00  1.000000e+00
   outer loop
     vertex  1.349500e+02  1.420000e+01  7.980000e+00
     vertex  1.408464e+02  1.029307e+01  7.980000e+00
     vertex  1.408823e+02  1.032286e+01  7.980000e+00
   endloop
 endfacet
 facet normal  0.000000e+00  0.000000e+00  1.000000e+00
   outer loop
     vertex  1.349500e+02  1.420000e+01  7.980000e+00
     vertex  1.408113e+02  1.026231e+01  7.980000e+00
     vertex  1.408464e+02  1.029307e+01  7.980000e+00
   endloop
 endfacet
 facet normal  0.000000e+00  0.000000e+00  1.000000e+00
   outer loop
     vertex  1.349500e+02  1.420000e+01  7.980000e+00
     vertex  1.407771e+02  1.023059e+01  7.980000e+00
     vertex  1.408113e+02  1.026231e+01  7.980000e+00
   endloop
 endfacet
 facet normal  0.000000e+00  0.000000e+00  1.000000e+00
   outer loop
     vertex  1.349500e+02  1.420000e+01  7.980000e+00
     vertex  1.407438e+02  1.019795e+01  7.980000e+00
     vertex  1.407771e+02  1.023059e+01  7.980000e+00
   endloop
 endfacet
 facet normal  0.000000e+00  0.000000e+00  1.000000e+00
   outer loop
     vertex  1.349500e+02  1.420000e+01  7.980000e+00
     vertex  1.407114e+02  1.016441e+01  7.980000e+00
     vertex  1.407438e+02  1.019795e+01  7.980000e+00
   endloop
 endfacet
 facet normal  0.000000e+00  0.000000e+00  1.000000e+00
   outer loop
     vertex  1.349500e+02  1.420000e+01  7.980000e+00
     vertex  1.406799e+02  1.012999e+01  7.980000e+00
     vertex  1.407114e+02  1.016441e+01  7.980000e+00
   endloop
 endfacet
 facet normal  0.000000e+00  0.000000e+00  1.000000e+00
   outer loop
     vertex  1.349500e+02  1.420000e+01  7.980000e+00
     vertex  1.406494e+02  1.009472e+01  7.980000e+00
     vertex  1.406799e+02  1.012999e+01  7.980000e+00
   endloop
 endfacet
 facet normal  0.000000e+00  0.000000e+00  1.000000e+00
   outer loop
     vertex  1.349500e+02  1.420000e+01  7.980000e+00
     vertex  1.406198e+02  1.005863e+01  7.980000e+00
     vertex  1.406494e+02  1.009472e+01  7.980000e+00
   endloop
 endfacet
 facet normal  0.000000e+00  0.000000e+00  1.000000e+00
   outer loop
     vertex  1.349500e+02  1.420000e+01  7.980000e+00
     vertex  1.405913e+02  1.002174e+01  7.980000e+00
     vertex  1.406198e+02  1.005863e+01  7.980000e+00
   endloop
 endfacet
 facet normal  0.000000e+00  0.000000e+00  1.000000e+00
   outer loop
     vertex  1.349500e+02  1.420000e+01  7.980000e+00
     vertex  1.405638e+02  9.984081e+00  7.980000e+00
     vertex  1.405913e+02  1.002174e+01  7.980000e+00
   endloop
 endfacet
 facet normal  0.000000e+00  0.000000e+00  1.000000e+00
   outer loop
     vertex  1.349500e+02  1.420000e+01  7.980000e+00
     vertex  1.405373e+02  9.945681e+00  7.980000e+00
     vertex  1.405638e+02  9.984081e+00  7.980000e+00
   endloop
 endfacet
 facet normal  0.000000e+00  0.000000e+00  1.000000e+00
   outer loop
     vertex  1.349500e+02  1.420000e+01  7.980000e+00
     vertex  1.405119e+02  9.906569e+00  7.980000e+00
     vertex  1.405373e+02  9.945681e+00  7.980000e+00
   endloop
 endfacet
 facet normal -0.000000e+00  0.000000e+00  1.000000e+00
   outer loop
     vertex  1.349500e+02  1.420000e+01  7.980000e+00
     vertex  1.419617e+02  1.069996e+01  7.980000e+00
     vertex  1.489500e+02  1.420000e+01  7.980000e+00
   endloop
 endfacet
 facet normal  0.000000e+00  0.000000e+00  1.000000e+00
   outer loop
     vertex  1.349500e+02  1.420000e+01  7.980000e+00
     vertex  1.404876e+02  9.866775e+00  7.980000e+00
     vertex  1.405119e+02  9.906569e+00  7.980000e+00
   endloop
 endfacet
 facet normal  0.000000e+00  0.000000e+00  1.000000e+00
   outer loop
     vertex  1.349500e+02  1.420000e+01  7.980000e+00
     vertex  1.404643e+02  9.826329e+00  7.980000e+00
     vertex  1.404876e+02  9.866775e+00  7.980000e+00
   endloop
 endfacet
 facet normal  0.000000e+00  0.000000e+00  1.000000e+00
   outer loop
     vertex  1.349500e+02  1.420000e+01  7.980000e+00
     vertex  1.404422e+02  9.785260e+00  7.980000e+00
     vertex  1.404643e+02  9.826329e+00  7.980000e+00
   endloop
 endfacet
 facet normal  0.000000e+00  0.000000e+00  1.000000e+00
   outer loop
     vertex  1.349500e+02  1.420000e+01  7.980000e+00
     vertex  1.404213e+02  9.743600e+00  7.980000e+00
     vertex  1.404422e+02  9.785260e+00  7.980000e+00
   endloop
 endfacet
 facet normal  0.000000e+00  0.000000e+00  1.000000e+00
   outer loop
     vertex  1.349500e+02  1.420000e+01  7.980000e+00
     vertex  1.404014e+02  9.701381e+00  7.980000e+00
     vertex  1.404213e+02  9.743600e+00  7.980000e+00
   endloop
 endfacet
 facet normal  0.000000e+00  0.000000e+00  1.000000e+00
   outer loop
     vertex  1.349500e+02  1.420000e+01  7.980000e+00
     vertex  1.403828e+02  9.658633e+00  7.980000e+00
     vertex  1.404014e+02  9.701381e+00  7.980000e+00
   endloop
 endfacet
 facet normal  0.000000e+00  0.000000e+00  1.000000e+00
   outer loop
     vertex  1.349500e+02  1.420000e+01  7.980000e+00
     vertex  1.403653e+02  9.615390e+00  7.980000e+00
     vertex  1.403828e+02  9.658633e+00  7.980000e+00
   endloop
 endfacet
 facet normal  0.000000e+00  0.000000e+00  1.000000e+00
   outer loop
     vertex  1.349500e+02  1.420000e+01  7.980000e+00
     vertex  1.403490e+02  9.571683e+00  7.980000e+00
     vertex  1.403653e+02  9.615390e+00  7.980000e+00
   endloop
 endfacet
 facet normal  0.000000e+00  0.000000e+00  1.000000e+00
   outer loop
     vertex  1.349500e+02  1.420000e+01  7.980000e+00
     vertex  1.403339e+02  9.527546e+00  7.980000e+00
     vertex  1.403490e+02  9.571683e+00  7.980000e+00
   endloop
 endfacet
 facet normal  0.000000e+00  0.000000e+00  1.000000e+00
   outer loop
     vertex  1.349500e+02  1.420000e+01  7.980000e+00
     vertex  1.403201e+02  9.483012e+00  7.980000e+00
     vertex  1.403339e+02  9.527546e+00  7.980000e+00
   endloop
 endfacet
 facet normal  0.000000e+00  0.000000e+00  1.000000e+00
   outer loop
     vertex  1.349500e+02  1.420000e+01  7.980000e+00
     vertex  1.403074e+02  9.438115e+00  7.980000e+00
     vertex  1.403201e+02  9.483012e+00  7.980000e+00
   endloop
 endfacet
 facet normal  0.000000e+00  0.000000e+00  1.000000e+00
   outer loop
     vertex  1.349500e+02  1.420000e+01  7.980000e+00
     vertex  1.402960e+02  9.392887e+00  7.980000e+00
     vertex  1.403074e+02  9.438115e+00  7.980000e+00
   endloop
 endfacet
 facet normal  0.000000e+00  0.000000e+00  1.000000e+00
   outer loop
     vertex  1.349500e+02  1.420000e+01  7.980000e+00
     vertex  1.402859e+02  9.347364e+00  7.980000e+00
     vertex  1.402960e+02  9.392887e+00  7.980000e+00
   endloop
 endfacet
 facet normal  0.000000e+00  0.000000e+00  1.000000e+00
   outer loop
     vertex  1.349500e+02  1.420000e+01  7.980000e+00
     vertex  1.402770e+02  9.301580e+00  7.980000e+00
     vertex  1.402859e+02  9.347364e+00  7.980000e+00
   endloop
 endfacet
 facet normal  0.000000e+00  0.000000e+00  1.000000e+00
   outer loop
     vertex  1.349500e+02  1.420000e+01  7.980000e+00
     vertex  1.402693e+02  9.255568e+00  7.980000e+00
     vertex  1.402770e+02  9.301580e+00  7.980000e+00
   endloop
 endfacet
 facet normal  0.000000e+00  0.000000e+00  1.000000e+00
   outer loop
     vertex  1.349500e+02  1.420000e+01  7.980000e+00
     vertex  1.402629e+02  9.209364e+00  7.980000e+00
     vertex  1.402693e+02  9.255568e+00  7.980000e+00
   endloop
 endfacet
 facet normal  0.000000e+00  0.000000e+00  1.000000e+00
   outer loop
     vertex  1.349500e+02  1.420000e+01  7.980000e+00
     vertex  1.402578e+02  9.163002e+00  7.980000e+00
     vertex  1.402629e+02  9.209364e+00  7.980000e+00
   endloop
 endfacet
 facet normal  0.000000e+00  0.000000e+00  1.000000e+00
   outer loop
     vertex  1.349500e+02  1.420000e+01  7.980000e+00
     vertex  1.402540e+02  9.116518e+00  7.980000e+00
     vertex  1.402578e+02  9.163002e+00  7.980000e+00
   endloop
 endfacet
 facet normal  0.000000e+00  0.000000e+00  1.000000e+00
   outer loop
     vertex  1.349500e+02  1.420000e+01  7.980000e+00
     vertex  1.402514e+02  9.069946e+00  7.980000e+00
     vertex  1.402540e+02  9.116518e+00  7.980000e+00
   endloop
 endfacet
 facet normal  0.000000e+00  0.000000e+00  1.000000e+00
   outer loop
     vertex  1.349500e+02  1.420000e+01  7.980000e+00
     vertex  1.402502e+02  9.023321e+00  7.980000e+00
     vertex  1.402514e+02  9.069946e+00  7.980000e+00
   endloop
 endfacet
 facet normal  0.000000e+00  0.000000e+00  1.000000e+00
   outer loop
     vertex  1.211750e+02  3.450000e+01  7.980000e+00
     vertex  1.489500e+02  1.420000e+01  7.980000e+00
     vertex  1.846000e+02  1.420000e+01  7.980000e+00
   endloop
 endfacet
 facet normal  0.000000e+00  0.000000e+00  1.000000e+00
   outer loop
     vertex  1.211750e+02  3.450000e+01  7.980000e+00
     vertex  1.211750e+02  1.600000e+01  7.980000e+00
     vertex  1.349500e+02  1.420000e+01  7.980000e+00
   endloop
 endfacet
 facet normal  0.000000e+00  0.000000e+00  1.000000e+00
   outer loop
     vertex  1.211750e+02  3.450000e+01  7.980000e+00
     vertex  1.349500e+02  1.420000e+01  7.980000e+00
     vertex  1.489500e+02  1.420000e+01  7.980000e+00
   endloop
 endfacet
 facet normal  0.000000e+00  0.000000e+00  1.000000e+00
   outer loop
     vertex  1.846000e+02  1.256000e+02  7.980000e+00
     vertex  1.211750e+02  3.450000e+01  7.980000e+00
     vertex  1.846000e+02  1.420000e+01  7.980000e+00
   endloop
 endfacet
 facet normal  0.000000e+00  0.000000e+00  1.000000e+00
   outer loop
     vertex  5.807252e+01  7.818708e+00  7.980000e+00
     vertex  5.803965e+01  7.785614e+00  7.980000e+00
     vertex  6.385000e+01  4.000000e+00  7.980000e+00
   endloop
 endfacet
 facet normal -0.000000e+00  0.000000e+00  1.000000e+00
   outer loop
     vertex  5.800589e+01  7.753434e+00  7.980000e+00
     vertex  6.385000e+01  4.000000e+00  7.980000e+00
     vertex  5.803965e+01  7.785614e+00  7.980000e+00
   endloop
 endfacet
 facet normal  0.000000e+00  0.000000e+00  1.000000e+00
   outer loop
     vertex  5.810447e+01  7.852691e+00  7.980000e+00
     vertex  5.807252e+01  7.818708e+00  7.980000e+00
     vertex  6.385000e+01  4.000000e+00  7.980000e+00
   endloop
 endfacet
 facet normal -0.000000e+00  0.000000e+00  1.000000e+00
   outer loop
     vertex  5.797125e+01  7.722193e+00  7.980000e+00
     vertex  6.385000e+01  4.000000e+00  7.980000e+00
     vertex  5.800589e+01  7.753434e+00  7.980000e+00
   endloop
 endfacet
 facet normal  0.000000e+00  0.000000e+00  1.000000e+00
   outer loop
     vertex  5.813547e+01  7.887538e+00  7.980000e+00
     vertex  5.810447e+01  7.852691e+00  7.980000e+00
     vertex  6.385000e+01  4.000000e+00  7.980000e+00
   endloop
 endfacet
 facet normal -0.000000e+00  0.000000e+00  1.000000e+00
   outer loop
     vertex  5.793578e+01  7.691913e+00  7.980000e+00
     vertex  6.385000e+01  4.000000e+00  7.980000e+00
     vertex  5.797125e+01  7.722193e+00  7.980000e+00
   endloop
 endfacet
 facet normal  0.000000e+00  0.000000e+00  1.000000e+00
   outer loop
     vertex  5.816550e+01  7.923222e+00  7.980000e+00
     vertex  5.813547e+01  7.887538e+00  7.980000e+00
     vertex  6.385000e+01  4.000000e+00  7.980000e+00
   endloop
 endfacet
 facet normal -0.000000e+00  0.000000e+00  1.000000e+00
   outer loop
     vertex  5.789948e+01  7.662618e+00  7.980000e+00
     vertex  6.385000e+01  4.000000e+00  7.980000e+00
     vertex  5.793578e+01  7.691913e+00  7.980000e+00
   endloop
 endfacet
 facet normal  0.000000e+00  0.000000e+00  1.000000e+00
   outer loop
     vertex  5.819455e+01  7.959717e+00  7.980000e+00
     vertex  5.816550e+01  7.923222e+00  7.980000e+00
     vertex  6.385000e+01  4.000000e+00  7.980000e+00
   endloop
 endfacet
 facet normal -0.000000e+00  0.000000e+00  1.000000e+00
   outer loop
     vertex  5.786240e+01  7.634330e+00  7.980000e+00
     vertex  6.385000e+01  4.000000e+00  7.980000e+00
     vertex  5.789948e+01  7.662618e+00  7.980000e+00
   endloop
 endfacet
 facet normal  0.000000e+00  0.000000e+00  1.000000e+00
   outer loop
     vertex  5.822258e+01  7.996995e+00  7.980000e+00
     vertex  5.819455e+01  7.959717e+00  7.980000e+00
     vertex  6.385000e+01  4.000000e+00  7.980000e+00
   endloop
 endfacet
 facet normal -0.000000e+00  0.000000e+00  1.000000e+00
   outer loop
     vertex  5.782455e+01  7.607070e+00  7.980000e+00
     vertex  6.385000e+01  4.000000e+00  7.980000e+00
     vertex  5.786240e+01  7.634330e+00  7.980000e+00
   endloop
 endfacet
 facet normal  0.000000e+00  0.000000e+00  1.000000e+00
   outer loop
     vertex  5.824958e+01  8.035028e+00  7.980000e+00
     vertex  5.822258e+01  7.996995e+00  7.980000e+00
     vertex  6.385000e+01  4.000000e+00  7.980000e+00
   endloop
 endfacet
 facet normal -0.000000e+00  0.000000e+00  1.000000e+00
   outer loop
     vertex  5.778597e+01  7.580858e+00  7.980000e+00
     vertex  6.385000e+01  4.000000e+00  7.980000e+00
     vertex  5.782455e+01  7.607070e+00  7.980000e+00
   endloop
 endfacet
 facet normal  0.000000e+00  0.000000e+00  1.000000e+00
   outer loop
     vertex  5.827553e+01  8.073788e+00  7.980000e+00
     vertex  5.824958e+01  8.035028e+00  7.980000e+00
     vertex  6.385000e+01  4.000000e+00  7.980000e+00
   endloop
 endfacet
 facet normal -0.000000e+00  0.000000e+00  1.000000e+00
   outer loop
     vertex  5.774668e+01  7.555715e+00  7.980000e+00
     vertex  6.385000e+01  4.000000e+00  7.980000e+00
     vertex  5.778597e+01  7.580858e+00  7.980000e+00
   endloop
 endfacet
 facet normal  0.000000e+00  0.000000e+00  1.000000e+00
   outer loop
     vertex  5.830040e+01  8.113244e+00  7.980000e+00
     vertex  5.827553e+01  8.073788e+00  7.980000e+00
     vertex  6.385000e+01  4.000000e+00  7.980000e+00
   endloop
 endfacet
 facet normal -0.000000e+00  0.000000e+00  1.000000e+00
   outer loop
     vertex  5.770672e+01  7.531659e+00  7.980000e+00
     vertex  6.385000e+01  4.000000e+00  7.980000e+00
     vertex  5.774668e+01  7.555715e+00  7.980000e+00
   endloop
 endfacet
 facet normal  0.000000e+00  0.000000e+00  1.000000e+00
   outer loop
     vertex  5.832418e+01  8.153368e+00  7.980000e+00
     vertex  5.830040e+01  8.113244e+00  7.980000e+00
     vertex  6.385000e+01  4.000000e+00  7.980000e+00
   endloop
 endfacet
 facet normal -0.000000e+00  0.000000e+00  1.000000e+00
   outer loop
     vertex  5.766612e+01  7.508708e+00  7.980000e+00
     vertex  6.385000e+01  4.000000e+00  7.980000e+00
     vertex  5.770672e+01  7.531659e+00  7.980000e+00
   endloop
 endfacet
 facet normal  0.000000e+00  0.000000e+00  1.000000e+00
   outer loop
     vertex  5.834685e+01  8.194130e+00  7.980000e+00
     vertex  5.832418e+01  8.153368e+00  7.980000e+00
     vertex  6.385000e+01  4.000000e+00  7.980000e+00
   endloop
 endfacet
 facet normal -0.000000e+00  0.000000e+00  1.000000e+00
   outer loop
     vertex  5.762490e+01  7.486880e+00  7.980000e+00
     vertex  6.385000e+01  4.000000e+00  7.980000e+00
     vertex  5.766612e+01  7.508708e+00  7.980000e+00
   endloop
 endfacet
 facet normal  0.000000e+00  0.000000e+00  1.000000e+00
   outer loop
     vertex  5.836840e+01  8.235498e+00  7.980000e+00
     vertex  5.834685e+01  8.194130e+00  7.980000e+00
     vertex  6.385000e+01  4.000000e+00  7.980000e+00
   endloop
 endfacet
 facet normal -0.000000e+00  0.000000e+00  1.000000e+00
   outer loop
     vertex  5.758310e+01  7.466191e+00  7.980000e+00
     vertex  6.385000e+01  4.000000e+00  7.980000e+00
     vertex  5.762490e+01  7.486880e+00  7.980000e+00
   endloop
 endfacet
 facet normal  0.000000e+00  0.000000e+00  1.000000e+00
   outer loop
     vertex  5.838880e+01  8.277442e+00  7.980000e+00
     vertex  5.836840e+01  8.235498e+00  7.980000e+00
     vertex  6.385000e+01  4.000000e+00  7.980000e+00
   endloop
 endfacet
 facet normal -0.000000e+00  0.000000e+00  1.000000e+00
   outer loop
     vertex  5.754074e+01  7.446657e+00  7.980000e+00
     vertex  6.385000e+01  4.000000e+00  7.980000e+00
     vertex  5.758310e+01  7.466191e+00  7.980000e+00
   endloop
 endfacet
 facet normal  0.000000e+00  0.000000e+00  1.000000e+00
   outer loop
     vertex  5.840804e+01  8.319929e+00  7.980000e+00
     vertex  5.838880e+01  8.277442e+00  7.980000e+00
     vertex  6.385000e+01  4.000000e+00  7.980000e+00
   endloop
 endfacet
 facet normal -0.000000e+00  0.000000e+00  1.000000e+00
   outer loop
     vertex  5.749787e+01  7.428291e+00  7.980000e+00
     vertex  6.385000e+01  4.000000e+00  7.980000e+00
     vertex  5.754074e+01  7.446657e+00  7.980000e+00
   endloop
 endfacet
 facet normal  0.000000e+00  0.000000e+00  1.000000e+00
   outer loop
     vertex  5.842612e+01  8.362929e+00  7.980000e+00
     vertex  5.840804e+01  8.319929e+00  7.980000e+00
     vertex  6.385000e+01  4.000000e+00  7.980000e+00
   endloop
 endfacet
 facet normal -0.000000e+00  0.000000e+00  1.000000e+00
   outer loop
     vertex  5.745451e+01  7.411109e+00  7.980000e+00
     vertex  6.385000e+01  4.000000e+00  7.980000e+00
     vertex  5.749787e+01  7.428291e+00  7.980000e+00
   endloop
 endfacet
 facet normal  0.000000e+00  0.000000e+00  1.000000e+00
   outer loop
     vertex  5.844300e+01  8.406408e+00  7.980000e+00
     vertex  5.842612e+01  8.362929e+00  7.980000e+00
     vertex  6.385000e+01  4.000000e+00  7.980000e+00
   endloop
 endfacet
 facet normal -0.000000e+00  0.000000e+00  1.000000e+00
   outer loop
     vertex  5.741069e+01  7.395123e+00  7.980000e+00
     vertex  6.385000e+01  4.000000e+00  7.980000e+00
     vertex  5.745451e+01  7.411109e+00  7.980000e+00
   endloop
 endfacet
 facet normal  0.000000e+00  0.000000e+00  1.000000e+00
   outer loop
     vertex  5.845868e+01  8.450333e+00  7.980000e+00
     vertex  5.844300e+01  8.406408e+00  7.980000e+00
     vertex  6.385000e+01  4.000000e+00  7.980000e+00
   endloop
 endfacet
 facet normal -0.000000e+00  0.000000e+00  1.000000e+00
   outer loop
     vertex  5.736645e+01  7.380346e+00  7.980000e+00
     vertex  6.385000e+01  4.000000e+00  7.980000e+00
     vertex  5.741069e+01  7.395123e+00  7.980000e+00
   endloop
 endfacet
 facet normal  0.000000e+00  0.000000e+00  1.000000e+00
   outer loop
     vertex  5.847316e+01  8.494673e+00  7.980000e+00
     vertex  5.845868e+01  8.450333e+00  7.980000e+00
     vertex  6.385000e+01  4.000000e+00  7.980000e+00
   endloop
 endfacet
 facet normal -0.000000e+00  0.000000e+00  1.000000e+00
   outer loop
     vertex  5.732182e+01  7.366787e+00  7.980000e+00
     vertex  6.385000e+01  4.000000e+00  7.980000e+00
     vertex  5.736645e+01  7.380346e+00  7.980000e+00
   endloop
 endfacet
 facet normal  0.000000e+00  0.000000e+00  1.000000e+00
   outer loop
     vertex  5.848641e+01  8.539393e+00  7.980000e+00
     vertex  5.847316e+01  8.494673e+00  7.980000e+00
     vertex  6.385000e+01  4.000000e+00  7.980000e+00
   endloop
 endfacet
 facet normal -0.000000e+00  0.000000e+00  1.000000e+00
   outer loop
     vertex  5.727684e+01  7.354458e+00  7.980000e+00
     vertex  6.385000e+01  4.000000e+00  7.980000e+00
     vertex  5.732182e+01  7.366787e+00  7.980000e+00
   endloop
 endfacet
 facet normal  0.000000e+00  0.000000e+00  1.000000e+00
   outer loop
     vertex  5.849843e+01  8.584460e+00  7.980000e+00
     vertex  5.848641e+01  8.539393e+00  7.980000e+00
     vertex  6.385000e+01  4.000000e+00  7.980000e+00
   endloop
 endfacet
 facet normal -0.000000e+00  0.000000e+00  1.000000e+00
   outer loop
     vertex  5.723153e+01  7.343367e+00  7.980000e+00
     vertex  6.385000e+01  4.000000e+00  7.980000e+00
     vertex  5.727684e+01  7.354458e+00  7.980000e+00
   endloop
 endfacet
 facet normal  0.000000e+00  0.000000e+00  1.000000e+00
   outer loop
     vertex  5.850921e+01  8.629839e+00  7.980000e+00
     vertex  5.849843e+01  8.584460e+00  7.980000e+00
     vertex  6.385000e+01  4.000000e+00  7.980000e+00
   endloop
 endfacet
 facet normal -0.000000e+00  0.000000e+00  1.000000e+00
   outer loop
     vertex  5.718594e+01  7.333524e+00  7.980000e+00
     vertex  6.385000e+01  4.000000e+00  7.980000e+00
     vertex  5.723153e+01  7.343367e+00  7.980000e+00
   endloop
 endfacet
 facet normal  0.000000e+00  0.000000e+00  1.000000e+00
   outer loop
     vertex  5.851874e+01  8.675498e+00  7.980000e+00
     vertex  5.850921e+01  8.629839e+00  7.980000e+00
     vertex  6.385000e+01  4.000000e+00  7.980000e+00
   endloop
 endfacet
 facet normal -0.000000e+00  0.000000e+00  1.000000e+00
   outer loop
     vertex  5.714010e+01  7.324935e+00  7.980000e+00
     vertex  6.385000e+01  4.000000e+00  7.980000e+00
     vertex  5.718594e+01  7.333524e+00  7.980000e+00
   endloop
 endfacet
 facet normal  0.000000e+00  0.000000e+00  1.000000e+00
   outer loop
     vertex  5.852702e+01  8.721400e+00  7.980000e+00
     vertex  5.851874e+01  8.675498e+00  7.980000e+00
     vertex  6.385000e+01  4.000000e+00  7.980000e+00
   endloop
 endfacet
 facet normal -0.000000e+00  0.000000e+00  1.000000e+00
   outer loop
     vertex  5.709403e+01  7.317607e+00  7.980000e+00
     vertex  6.385000e+01  4.000000e+00  7.980000e+00
     vertex  5.714010e+01  7.324935e+00  7.980000e+00
   endloop
 endfacet
 facet normal  0.000000e+00  0.000000e+00  1.000000e+00
   outer loop
     vertex  5.853403e+01  8.767512e+00  7.980000e+00
     vertex  5.852702e+01  8.721400e+00  7.980000e+00
     vertex  6.385000e+01  4.000000e+00  7.980000e+00
   endloop
 endfacet
 facet normal -0.000000e+00  0.000000e+00  1.000000e+00
   outer loop
     vertex  5.704779e+01  7.311545e+00  7.980000e+00
     vertex  6.385000e+01  4.000000e+00  7.980000e+00
     vertex  5.709403e+01  7.317607e+00  7.980000e+00
   endloop
 endfacet
 facet normal  0.000000e+00  0.000000e+00  1.000000e+00
   outer loop
     vertex  5.853977e+01  8.813799e+00  7.980000e+00
     vertex  5.853403e+01  8.767512e+00  7.980000e+00
     vertex  6.385000e+01  4.000000e+00  7.980000e+00
   endloop
 endfacet
 facet normal -0.000000e+00  0.000000e+00  1.000000e+00
   outer loop
     vertex  5.700139e+01  7.306754e+00  7.980000e+00
     vertex  6.385000e+01  4.000000e+00  7.980000e+00
     vertex  5.704779e+01  7.311545e+00  7.980000e+00
   endloop
 endfacet
 facet normal  0.000000e+00  0.000000e+00  1.000000e+00
   outer loop
     vertex  5.854424e+01  8.860227e+00  7.980000e+00
     vertex  5.853977e+01  8.813799e+00  7.980000e+00
     vertex  6.385000e+01  4.000000e+00  7.980000e+00
   endloop
 endfacet
 facet normal -0.000000e+00  0.000000e+00  1.000000e+00
   outer loop
     vertex  5.695488e+01  7.303238e+00  7.980000e+00
     vertex  6.385000e+01  4.000000e+00  7.980000e+00
     vertex  5.700139e+01  7.306754e+00  7.980000e+00
   endloop
 endfacet
 facet normal  0.000000e+00  0.000000e+00  1.000000e+00
   outer loop
     vertex  5.854744e+01  8.906759e+00  7.980000e+00
     vertex  5.854424e+01  8.860227e+00  7.980000e+00
     vertex  6.385000e+01  4.000000e+00  7.980000e+00
   endloop
 endfacet
 facet normal -0.000000e+00  0.000000e+00  1.000000e+00
   outer loop
     vertex  5.690829e+01  7.301000e+00  7.980000e+00
     vertex  6.385000e+01  4.000000e+00  7.980000e+00
     vertex  5.695488e+01  7.303238e+00  7.980000e+00
   endloop
 endfacet
 facet normal  0.000000e+00  0.000000e+00  1.000000e+00
   outer loop
     vertex  5.854936e+01  8.953362e+00  7.980000e+00
     vertex  5.854744e+01  8.906759e+00  7.980000e+00
     vertex  6.385000e+01  4.000000e+00  7.980000e+00
   endloop
 endfacet
 facet normal -0.000000e+00  0.000000e+00  1.000000e+00
   outer loop
     vertex  5.686166e+01  7.300040e+00  7.980000e+00
     vertex  6.385000e+01  4.000000e+00  7.980000e+00
     vertex  5.690829e+01  7.301000e+00  7.980000e+00
   endloop
 endfacet
 facet normal  0.000000e+00  0.000000e+00  1.000000e+00
   outer loop
     vertex  5.855000e+01  9.000000e+00  7.980000e+00
     vertex  5.854936e+01  8.953362e+00  7.980000e+00
     vertex  6.385000e+01  4.000000e+00  7.980000e+00
   endloop
 endfacet
 facet normal -0.000000e+00  0.000000e+00  1.000000e+00
   outer loop
     vertex  5.854936e+01  9.046638e+00  7.980000e+00
     vertex  6.385000e+01  4.000000e+00  7.980000e+00
     vertex  6.385000e+01  1.420000e+01  7.980000e+00
   endloop
 endfacet
 facet normal  0.000000e+00  0.000000e+00  1.000000e+00
   outer loop
     vertex  5.854936e+01  9.046638e+00  7.980000e+00
     vertex  5.855000e+01  9.000000e+00  7.980000e+00
     vertex  6.385000e+01  4.000000e+00  7.980000e+00
   endloop
 endfacet
 facet normal -0.000000e+00  0.000000e+00  1.000000e+00
   outer loop
     vertex  5.854744e+01  9.093241e+00  7.980000e+00
     vertex  5.854936e+01  9.046638e+00  7.980000e+00
     vertex  6.385000e+01  1.420000e+01  7.980000e+00
   endloop
 endfacet
 facet normal -0.000000e+00  0.000000e+00  1.000000e+00
   outer loop
     vertex  5.854424e+01  9.139773e+00  7.980000e+00
     vertex  5.854744e+01  9.093241e+00  7.980000e+00
     vertex  6.385000e+01  1.420000e+01  7.980000e+00
   endloop
 endfacet
 facet normal -0.000000e+00  0.000000e+00  1.000000e+00
   outer loop
     vertex  5.853977e+01  9.186201e+00  7.980000e+00
     vertex  5.854424e+01  9.139773e+00  7.980000e+00
     vertex  6.385000e+01  1.420000e+01  7.980000e+00
   endloop
 endfacet
 facet normal -0.000000e+00  0.000000e+00  1.000000e+00
   outer loop
     vertex  5.853403e+01  9.232488e+00  7.980000e+00
     vertex  5.853977e+01  9.186201e+00  7.980000e+00
     vertex  6.385000e+01  1.420000e+01  7.980000e+00
   endloop
 endfacet
 facet normal -0.000000e+00  0.000000e+00  1.000000e+00
   outer loop
     vertex  5.852702e+01  9.278600e+00  7.980000e+00
     vertex  5.853403e+01  9.232488e+00  7.980000e+00
     vertex  6.385000e+01  1.420000e+01  7.980000e+00
   endloop
 endfacet
 facet normal -0.000000e+00  0.000000e+00  1.000000e+00
   outer loop
     vertex  5.851874e+01  9.324502e+00  7.980000e+00
     vertex  5.852702e+01  9.278600e+00  7.980000e+00
     vertex  6.385000e+01  1.420000e+01  7.980000e+00
   endloop
 endfacet
 facet normal -0.000000e+00  0.000000e+00  1.000000e+00
   outer loop
     vertex  5.850921e+01  9.370161e+00  7.980000e+00
     vertex  5.851874e+01  9.324502e+00  7.980000e+00
     vertex  6.385000e+01  1.420000e+01  7.980000e+00
   endloop
 endfacet
 facet normal -0.000000e+00  0.000000e+00  1.000000e+00
   outer loop
     vertex  5.849843e+01  9.415540e+00  7.980000e+00
     vertex  5.850921e+01  9.370161e+00  7.980000e+00
     vertex  6.385000e+01  1.420000e+01  7.980000e+00
   endloop
 endfacet
 facet normal -0.000000e+00  0.000000e+00  1.000000e+00
   outer loop
     vertex  5.848641e+01  9.460607e+00  7.980000e+00
     vertex  5.849843e+01  9.415540e+00  7.980000e+00
     vertex  6.385000e+01  1.420000e+01  7.980000e+00
   endloop
 endfacet
 facet normal -0.000000e+00  0.000000e+00  1.000000e+00
   outer loop
     vertex  5.847316e+01  9.505327e+00  7.980000e+00
     vertex  5.848641e+01  9.460607e+00  7.980000e+00
     vertex  6.385000e+01  1.420000e+01  7.980000e+00
   endloop
 endfacet
 facet normal -0.000000e+00  0.000000e+00  1.000000e+00
   outer loop
     vertex  5.845868e+01  9.549667e+00  7.980000e+00
     vertex  5.847316e+01  9.505327e+00  7.980000e+00
     vertex  6.385000e+01  1.420000e+01  7.980000e+00
   endloop
 endfacet
 facet normal -0.000000e+00  0.000000e+00  1.000000e+00
   outer loop
     vertex  5.844300e+01  9.593592e+00  7.980000e+00
     vertex  5.845868e+01  9.549667e+00  7.980000e+00
     vertex  6.385000e+01  1.420000e+01  7.980000e+00
   endloop
 endfacet
 facet normal -0.000000e+00  0.000000e+00  1.000000e+00
   outer loop
     vertex  5.842612e+01  9.637071e+00  7.980000e+00
     vertex  5.844300e+01  9.593592e+00  7.980000e+00
     vertex  6.385000e+01  1.420000e+01  7.980000e+00
   endloop
 endfacet
 facet normal -0.000000e+00  0.000000e+00  1.000000e+00
   outer loop
     vertex  5.840804e+01  9.680071e+00  7.980000e+00
     vertex  5.842612e+01  9.637071e+00  7.980000e+00
     vertex  6.385000e+01  1.420000e+01  7.980000e+00
   endloop
 endfacet
 facet normal -0.000000e+00  0.000000e+00  1.000000e+00
   outer loop
     vertex  5.838880e+01  9.722558e+00  7.980000e+00
     vertex  5.840804e+01  9.680071e+00  7.980000e+00
     vertex  6.385000e+01  1.420000e+01  7.980000e+00
   endloop
 endfacet
 facet normal -0.000000e+00  0.000000e+00  1.000000e+00
   outer loop
     vertex  5.836840e+01  9.764502e+00  7.980000e+00
     vertex  5.838880e+01  9.722558e+00  7.980000e+00
     vertex  6.385000e+01  1.420000e+01  7.980000e+00
   endloop
 endfacet
 facet normal -0.000000e+00  0.000000e+00  1.000000e+00
   outer loop
     vertex  5.834685e+01  9.805870e+00  7.980000e+00
     vertex  5.836840e+01  9.764502e+00  7.980000e+00
     vertex  6.385000e+01  1.420000e+01  7.980000e+00
   endloop
 endfacet
 facet normal -0.000000e+00  0.000000e+00  1.000000e+00
   outer loop
     vertex  5.832418e+01  9.846632e+00  7.980000e+00
     vertex  5.834685e+01  9.805870e+00  7.980000e+00
     vertex  6.385000e+01  1.420000e+01  7.980000e+00
   endloop
 endfacet
 facet normal -0.000000e+00  0.000000e+00  1.000000e+00
   outer loop
     vertex  5.830040e+01  9.886756e+00  7.980000e+00
     vertex  5.832418e+01  9.846632e+00  7.980000e+00
     vertex  6.385000e+01  1.420000e+01  7.980000e+00
   endloop
 endfacet
 facet normal -0.000000e+00  0.000000e+00  1.000000e+00
   outer loop
     vertex  5.827553e+01  9.926212e+00  7.980000e+00
     vertex  5.830040e+01  9.886756e+00  7.980000e+00
     vertex  6.385000e+01  1.420000e+01  7.980000e+00
   endloop
 endfacet
 facet normal -0.000000e+00  0.000000e+00  1.000000e+00
   outer loop
     vertex  5.824958e+01  9.964972e+00  7.980000e+00
     vertex  5.827553e+01  9.926212e+00  7.980000e+00
     vertex  6.385000e+01  1.420000e+01  7.980000e+00
   endloop
 endfacet
 facet normal -0.000000e+00  0.000000e+00  1.000000e+00
   outer loop
     vertex  5.822258e+01  1.000300e+01  7.980000e+00
     vertex  5.824958e+01  9.964972e+00  7.980000e+00
     vertex  6.385000e+01  1.420000e+01  7.980000e+00
   endloop
 endfacet
 facet normal -0.000000e+00  0.000000e+00  1.000000e+00
   outer loop
     vertex  5.819455e+01  1.004028e+01  7.980000e+00
     vertex  5.822258e+01  1.000300e+01  7.980000e+00
     vertex  6.385000e+01  1.420000e+01  7.980000e+00
   endloop
 endfacet
 facet normal -0.000000e+00  0.000000e+00  1.000000e+00
   outer loop
     vertex  5.816550e+01  1.007678e+01  7.980000e+00
     vertex  5.819455e+01  1.004028e+01  7.980000e+00
     vertex  6.385000e+01  1.420000e+01  7.980000e+00
   endloop
 endfacet
 facet normal -0.000000e+00  0.000000e+00  1.000000e+00
   outer loop
     vertex  5.813547e+01  1.011246e+01  7.980000e+00
     vertex  5.816550e+01  1.007678e+01  7.980000e+00
     vertex  6.385000e+01  1.420000e+01  7.980000e+00
   endloop
 endfacet
 facet normal -0.000000e+00  0.000000e+00  1.000000e+00
   outer loop
     vertex  5.810447e+01  1.014731e+01  7.980000e+00
     vertex  5.813547e+01  1.011246e+01  7.980000e+00
     vertex  6.385000e+01  1.420000e+01  7.980000e+00
   endloop
 endfacet
 facet normal -0.000000e+00  0.000000e+00  1.000000e+00
   outer loop
     vertex  5.807252e+01  1.018129e+01  7.980000e+00
     vertex  5.810447e+01  1.014731e+01  7.980000e+00
     vertex  6.385000e+01  1.420000e+01  7.980000e+00
   endloop
 endfacet
 facet normal -0.000000e+00  0.000000e+00  1.000000e+00
   outer loop
     vertex  5.803965e+01  1.021439e+01  7.980000e+00
     vertex  5.807252e+01  1.018129e+01  7.980000e+00
     vertex  6.385000e+01  1.420000e+01  7.980000e+00
   endloop
 endfacet
 facet normal -0.000000e+00  0.000000e+00  1.000000e+00
   outer loop
     vertex  5.800589e+01  1.024657e+01  7.980000e+00
     vertex  5.803965e+01  1.021439e+01  7.980000e+00
     vertex  6.385000e+01  1.420000e+01  7.980000e+00
   endloop
 endfacet
 facet normal -0.000000e+00  0.000000e+00  1.000000e+00
   outer loop
     vertex  5.797125e+01  1.027781e+01  7.980000e+00
     vertex  5.800589e+01  1.024657e+01  7.980000e+00
     vertex  6.385000e+01  1.420000e+01  7.980000e+00
   endloop
 endfacet
 facet normal -0.000000e+00  0.000000e+00  1.000000e+00
   outer loop
     vertex  5.793578e+01  1.030809e+01  7.980000e+00
     vertex  5.797125e+01  1.027781e+01  7.980000e+00
     vertex  6.385000e+01  1.420000e+01  7.980000e+00
   endloop
 endfacet
 facet normal -0.000000e+00  0.000000e+00  1.000000e+00
   outer loop
     vertex  5.789948e+01  1.033738e+01  7.980000e+00
     vertex  5.793578e+01  1.030809e+01  7.980000e+00
     vertex  6.385000e+01  1.420000e+01  7.980000e+00
   endloop
 endfacet
 facet normal -0.000000e+00  0.000000e+00  1.000000e+00
   outer loop
     vertex  5.786240e+01  1.036567e+01  7.980000e+00
     vertex  5.789948e+01  1.033738e+01  7.980000e+00
     vertex  6.385000e+01  1.420000e+01  7.980000e+00
   endloop
 endfacet
 facet normal -0.000000e+00  0.000000e+00  1.000000e+00
   outer loop
     vertex  5.782455e+01  1.039293e+01  7.980000e+00
     vertex  5.786240e+01  1.036567e+01  7.980000e+00
     vertex  6.385000e+01  1.420000e+01  7.980000e+00
   endloop
 endfacet
 facet normal -0.000000e+00  0.000000e+00  1.000000e+00
   outer loop
     vertex  5.778597e+01  1.041914e+01  7.980000e+00
     vertex  5.782455e+01  1.039293e+01  7.980000e+00
     vertex  6.385000e+01  1.420000e+01  7.980000e+00
   endloop
 endfacet
 facet normal -0.000000e+00  0.000000e+00  1.000000e+00
   outer loop
     vertex  5.774668e+01  1.044428e+01  7.980000e+00
     vertex  5.778597e+01  1.041914e+01  7.980000e+00
     vertex  6.385000e+01  1.420000e+01  7.980000e+00
   endloop
 endfacet
 facet normal -0.000000e+00  0.000000e+00  1.000000e+00
   outer loop
     vertex  5.770672e+01  1.046834e+01  7.980000e+00
     vertex  5.774668e+01  1.044428e+01  7.980000e+00
     vertex  6.385000e+01  1.420000e+01  7.980000e+00
   endloop
 endfacet
 facet normal -0.000000e+00  0.000000e+00  1.000000e+00
   outer loop
     vertex  5.766612e+01  1.049129e+01  7.980000e+00
     vertex  5.770672e+01  1.046834e+01  7.980000e+00
     vertex  6.385000e+01  1.420000e+01  7.980000e+00
   endloop
 endfacet
 facet normal -0.000000e+00  0.000000e+00  1.000000e+00
   outer loop
     vertex  5.762490e+01  1.051312e+01  7.980000e+00
     vertex  5.766612e+01  1.049129e+01  7.980000e+00
     vertex  6.385000e+01  1.420000e+01  7.980000e+00
   endloop
 endfacet
 facet normal -0.000000e+00  0.000000e+00  1.000000e+00
   outer loop
     vertex  5.758310e+01  1.053381e+01  7.980000e+00
     vertex  5.762490e+01  1.051312e+01  7.980000e+00
     vertex  6.385000e+01  1.420000e+01  7.980000e+00
   endloop
 endfacet
 facet normal -0.000000e+00  0.000000e+00  1.000000e+00
   outer loop
     vertex  5.754074e+01  1.055334e+01  7.980000e+00
     vertex  5.758310e+01  1.053381e+01  7.980000e+00
     vertex  6.385000e+01  1.420000e+01  7.980000e+00
   endloop
 endfacet
 facet normal -0.000000e+00  0.000000e+00  1.000000e+00
   outer loop
     vertex  5.749787e+01  1.057171e+01  7.980000e+00
     vertex  5.754074e+01  1.055334e+01  7.980000e+00
     vertex  6.385000e+01  1.420000e+01  7.980000e+00
   endloop
 endfacet
 facet normal -0.000000e+00  0.000000e+00  1.000000e+00
   outer loop
     vertex  5.745451e+01  1.058889e+01  7.980000e+00
     vertex  5.749787e+01  1.057171e+01  7.980000e+00
     vertex  6.385000e+01  1.420000e+01  7.980000e+00
   endloop
 endfacet
 facet normal -0.000000e+00  0.000000e+00  1.000000e+00
   outer loop
     vertex  5.741069e+01  1.060488e+01  7.980000e+00
     vertex  5.745451e+01  1.058889e+01  7.980000e+00
     vertex  6.385000e+01  1.420000e+01  7.980000e+00
   endloop
 endfacet
 facet normal -0.000000e+00  0.000000e+00  1.000000e+00
   outer loop
     vertex  5.736645e+01  1.061965e+01  7.980000e+00
     vertex  5.741069e+01  1.060488e+01  7.980000e+00
     vertex  6.385000e+01  1.420000e+01  7.980000e+00
   endloop
 endfacet
 facet normal -0.000000e+00  0.000000e+00  1.000000e+00
   outer loop
     vertex  5.732182e+01  1.063321e+01  7.980000e+00
     vertex  5.736645e+01  1.061965e+01  7.980000e+00
     vertex  6.385000e+01  1.420000e+01  7.980000e+00
   endloop
 endfacet
 facet normal -0.000000e+00  0.000000e+00  1.000000e+00
   outer loop
     vertex  5.727684e+01  1.064554e+01  7.980000e+00
     vertex  5.732182e+01  1.063321e+01  7.980000e+00
     vertex  6.385000e+01  1.420000e+01  7.980000e+00
   endloop
 endfacet
 facet normal -0.000000e+00  0.000000e+00  1.000000e+00
   outer loop
     vertex  5.723153e+01  1.065663e+01  7.980000e+00
     vertex  5.727684e+01  1.064554e+01  7.980000e+00
     vertex  6.385000e+01  1.420000e+01  7.980000e+00
   endloop
 endfacet
 facet normal -0.000000e+00  0.000000e+00  1.000000e+00
   outer loop
     vertex  5.718594e+01  1.066648e+01  7.980000e+00
     vertex  5.723153e+01  1.065663e+01  7.980000e+00
     vertex  6.385000e+01  1.420000e+01  7.980000e+00
   endloop
 endfacet
 facet normal -0.000000e+00  0.000000e+00  1.000000e+00
   outer loop
     vertex  5.714010e+01  1.067507e+01  7.980000e+00
     vertex  5.718594e+01  1.066648e+01  7.980000e+00
     vertex  6.385000e+01  1.420000e+01  7.980000e+00
   endloop
 endfacet
 facet normal -0.000000e+00  0.000000e+00  1.000000e+00
   outer loop
     vertex  5.709403e+01  1.068239e+01  7.980000e+00
     vertex  5.714010e+01  1.067507e+01  7.980000e+00
     vertex  6.385000e+01  1.420000e+01  7.980000e+00
   endloop
 endfacet
 facet normal -0.000000e+00  0.000000e+00  1.000000e+00
   outer loop
     vertex  5.704779e+01  1.068846e+01  7.980000e+00
     vertex  5.709403e+01  1.068239e+01  7.980000e+00
     vertex  6.385000e+01  1.420000e+01  7.980000e+00
   endloop
 endfacet
 facet normal -0.000000e+00  0.000000e+00  1.000000e+00
   outer loop
     vertex  5.700139e+01  1.069325e+01  7.980000e+00
     vertex  5.704779e+01  1.068846e+01  7.980000e+00
     vertex  6.385000e+01  1.420000e+01  7.980000e+00
   endloop
 endfacet
 facet normal -0.000000e+00  0.000000e+00  1.000000e+00
   outer loop
     vertex  5.695488e+01  1.069676e+01  7.980000e+00
     vertex  5.700139e+01  1.069325e+01  7.980000e+00
     vertex  6.385000e+01  1.420000e+01  7.980000e+00
   endloop
 endfacet
 facet normal -0.000000e+00  0.000000e+00  1.000000e+00
   outer loop
     vertex  5.690829e+01  1.069900e+01  7.980000e+00
     vertex  5.695488e+01  1.069676e+01  7.980000e+00
     vertex  6.385000e+01  1.420000e+01  7.980000e+00
   endloop
 endfacet
 facet normal -0.000000e+00  0.000000e+00  1.000000e+00
   outer loop
     vertex  5.686166e+01  1.069996e+01  7.980000e+00
     vertex  5.690829e+01  1.069900e+01  7.980000e+00
     vertex  6.385000e+01  1.420000e+01  7.980000e+00
   endloop
 endfacet
 facet normal  0.000000e+00  0.000000e+00  1.000000e+00
   outer loop
     vertex  4.985000e+01  4.000000e+00  7.980000e+00
     vertex  6.385000e+01  4.000000e+00  7.980000e+00
     vertex  5.686166e+01  7.300040e+00  7.980000e+00
   endloop
 endfacet
 facet normal  0.000000e+00  0.000000e+00  1.000000e+00
   outer loop
     vertex  4.985000e+01  4.000000e+00  7.980000e+00
     vertex  5.515016e+01  8.976679e+00  7.980000e+00
     vertex  5.515016e+01  9.023321e+00  7.980000e+00
   endloop
 endfacet
 facet normal  0.000000e+00  0.000000e+00  1.000000e+00
   outer loop
     vertex  4.985000e+01  4.000000e+00  7.980000e+00
     vertex  5.515144e+01  8.930054e+00  7.980000e+00
     vertex  5.515016e+01  8.976679e+00  7.980000e+00
   endloop
 endfacet
 facet normal  0.000000e+00  0.000000e+00  1.000000e+00
   outer loop
     vertex  4.985000e+01  4.000000e+00  7.980000e+00
     vertex  5.515400e+01  8.883482e+00  7.980000e+00
     vertex  5.515144e+01  8.930054e+00  7.980000e+00
   endloop
 endfacet
 facet normal  0.000000e+00  0.000000e+00  1.000000e+00
   outer loop
     vertex  4.985000e+01  4.000000e+00  7.980000e+00
     vertex  5.515783e+01  8.836998e+00  7.980000e+00
     vertex  5.515400e+01  8.883482e+00  7.980000e+00
   endloop
 endfacet
 facet normal  0.000000e+00  0.000000e+00  1.000000e+00
   outer loop
     vertex  4.985000e+01  4.000000e+00  7.980000e+00
     vertex  5.516294e+01  8.790636e+00  7.980000e+00
     vertex  5.515783e+01  8.836998e+00  7.980000e+00
   endloop
 endfacet
 facet normal  0.000000e+00  0.000000e+00  1.000000e+00
   outer loop
     vertex  4.985000e+01  4.000000e+00  7.980000e+00
     vertex  5.516932e+01  8.744432e+00  7.980000e+00
     vertex  5.516294e+01  8.790636e+00  7.980000e+00
   endloop
 endfacet
 facet normal  0.000000e+00  0.000000e+00  1.000000e+00
   outer loop
     vertex  4.985000e+01  4.000000e+00  7.980000e+00
     vertex  5.517696e+01  8.698420e+00  7.980000e+00
     vertex  5.516932e+01  8.744432e+00  7.980000e+00
   endloop
 endfacet
 facet normal  0.000000e+00  0.000000e+00  1.000000e+00
   outer loop
     vertex  4.985000e+01  4.000000e+00  7.980000e+00
     vertex  5.518587e+01  8.652636e+00  7.980000e+00
     vertex  5.517696e+01  8.698420e+00  7.980000e+00
   endloop
 endfacet
 facet normal  0.000000e+00  0.000000e+00  1.000000e+00
   outer loop
     vertex  4.985000e+01  4.000000e+00  7.980000e+00
     vertex  5.519602e+01  8.607113e+00  7.980000e+00
     vertex  5.518587e+01  8.652636e+00  7.980000e+00
   endloop
 endfacet
 facet normal  0.000000e+00  0.000000e+00  1.000000e+00
   outer loop
     vertex  4.985000e+01  4.000000e+00  7.980000e+00
     vertex  5.520742e+01  8.561885e+00  7.980000e+00
     vertex  5.519602e+01  8.607113e+00  7.980000e+00
   endloop
 endfacet
 facet normal  0.000000e+00  0.000000e+00  1.000000e+00
   outer loop
     vertex  4.985000e+01  4.000000e+00  7.980000e+00
     vertex  5.522006e+01  8.516988e+00  7.980000e+00
     vertex  5.520742e+01  8.561885e+00  7.980000e+00
   endloop
 endfacet
 facet normal  0.000000e+00  0.000000e+00  1.000000e+00
   outer loop
     vertex  4.985000e+01  4.000000e+00  7.980000e+00
     vertex  5.523393e+01  8.472454e+00  7.980000e+00
     vertex  5.522006e+01  8.516988e+00  7.980000e+00
   endloop
 endfacet
 facet normal  0.000000e+00  0.000000e+00  1.000000e+00
   outer loop
     vertex  4.985000e+01  4.000000e+00  7.980000e+00
     vertex  5.524901e+01  8.428317e+00  7.980000e+00
     vertex  5.523393e+01  8.472454e+00  7.980000e+00
   endloop
 endfacet
 facet normal  0.000000e+00  0.000000e+00  1.000000e+00
   outer loop
     vertex  4.985000e+01  4.000000e+00  7.980000e+00
     vertex  5.526529e+01  8.384610e+00  7.980000e+00
     vertex  5.524901e+01  8.428317e+00  7.980000e+00
   endloop
 endfacet
 facet normal  0.000000e+00  0.000000e+00  1.000000e+00
   outer loop
     vertex  4.985000e+01  4.000000e+00  7.980000e+00
     vertex  5.528277e+01  8.341367e+00  7.980000e+00
     vertex  5.526529e+01  8.384610e+00  7.980000e+00
   endloop
 endfacet
 facet normal  0.000000e+00  0.000000e+00  1.000000e+00
   outer loop
     vertex  4.985000e+01  4.000000e+00  7.980000e+00
     vertex  5.530143e+01  8.298619e+00  7.980000e+00
     vertex  5.528277e+01  8.341367e+00  7.980000e+00
   endloop
 endfacet
 facet normal  0.000000e+00  0.000000e+00  1.000000e+00
   outer loop
     vertex  4.985000e+01  4.000000e+00  7.980000e+00
     vertex  5.532126e+01  8.256400e+00  7.980000e+00
     vertex  5.530143e+01  8.298619e+00  7.980000e+00
   endloop
 endfacet
 facet normal  0.000000e+00  0.000000e+00  1.000000e+00
   outer loop
     vertex  4.985000e+01  4.000000e+00  7.980000e+00
     vertex  5.534223e+01  8.214740e+00  7.980000e+00
     vertex  5.532126e+01  8.256400e+00  7.980000e+00
   endloop
 endfacet
 facet normal  0.000000e+00  0.000000e+00  1.000000e+00
   outer loop
     vertex  4.985000e+01  4.000000e+00  7.980000e+00
     vertex  5.536434e+01  8.173671e+00  7.980000e+00
     vertex  5.534223e+01  8.214740e+00  7.980000e+00
   endloop
 endfacet
 facet normal  0.000000e+00  0.000000e+00  1.000000e+00
   outer loop
     vertex  4.985000e+01  4.000000e+00  7.980000e+00
     vertex  5.538757e+01  8.133225e+00  7.980000e+00
     vertex  5.536434e+01  8.173671e+00  7.980000e+00
   endloop
 endfacet
 facet normal  0.000000e+00  0.000000e+00  1.000000e+00
   outer loop
     vertex  4.985000e+01  4.000000e+00  7.980000e+00
     vertex  5.541190e+01  8.093431e+00  7.980000e+00
     vertex  5.538757e+01  8.133225e+00  7.980000e+00
   endloop
 endfacet
 facet normal  0.000000e+00  0.000000e+00  1.000000e+00
   outer loop
     vertex  4.985000e+01  4.000000e+00  7.980000e+00
     vertex  5.543731e+01  8.054319e+00  7.980000e+00
     vertex  5.541190e+01  8.093431e+00  7.980000e+00
   endloop
 endfacet
 facet normal  0.000000e+00  0.000000e+00  1.000000e+00
   outer loop
     vertex  4.985000e+01  4.000000e+00  7.980000e+00
     vertex  5.546379e+01  8.015919e+00  7.980000e+00
     vertex  5.543731e+01  8.054319e+00  7.980000e+00
   endloop
 endfacet
 facet normal  0.000000e+00  0.000000e+00  1.000000e+00
   outer loop
     vertex  4.985000e+01  4.000000e+00  7.980000e+00
     vertex  5.549131e+01  7.978260e+00  7.980000e+00
     vertex  5.546379e+01  8.015919e+00  7.980000e+00
   endloop
 endfacet
 facet normal  0.000000e+00  0.000000e+00  1.000000e+00
   outer loop
     vertex  4.985000e+01  4.000000e+00  7.980000e+00
     vertex  5.551985e+01  7.941370e+00  7.980000e+00
     vertex  5.549131e+01  7.978260e+00  7.980000e+00
   endloop
 endfacet
 facet normal  0.000000e+00  0.000000e+00  1.000000e+00
   outer loop
     vertex  4.985000e+01  4.000000e+00  7.980000e+00
     vertex  5.554939e+01  7.905277e+00  7.980000e+00
     vertex  5.551985e+01  7.941370e+00  7.980000e+00
   endloop
 endfacet
 facet normal  0.000000e+00  0.000000e+00  1.000000e+00
   outer loop
     vertex  4.985000e+01  4.000000e+00  7.980000e+00
     vertex  5.557991e+01  7.870008e+00  7.980000e+00
     vertex  5.554939e+01  7.905277e+00  7.980000e+00
   endloop
 endfacet
 facet normal  0.000000e+00  0.000000e+00  1.000000e+00
   outer loop
     vertex  4.985000e+01  4.000000e+00  7.980000e+00
     vertex  5.561139e+01  7.835590e+00  7.980000e+00
     vertex  5.557991e+01  7.870008e+00  7.980000e+00
   endloop
 endfacet
 facet normal  0.000000e+00  0.000000e+00  1.000000e+00
   outer loop
     vertex  4.985000e+01  4.000000e+00  7.980000e+00
     vertex  5.564380e+01  7.802048e+00  7.980000e+00
     vertex  5.561139e+01  7.835590e+00  7.980000e+00
   endloop
 endfacet
 facet normal  0.000000e+00  0.000000e+00  1.000000e+00
   outer loop
     vertex  4.985000e+01  4.000000e+00  7.980000e+00
     vertex  5.567712e+01  7.769408e+00  7.980000e+00
     vertex  5.564380e+01  7.802048e+00  7.980000e+00
   endloop
 endfacet
 facet normal  0.000000e+00  0.000000e+00  1.000000e+00
   outer loop
     vertex  4.985000e+01  4.000000e+00  7.980000e+00
     vertex  5.571132e+01  7.737695e+00  7.980000e+00
     vertex  5.567712e+01  7.769408e+00  7.980000e+00
   endloop
 endfacet
 facet normal  0.000000e+00  0.000000e+00  1.000000e+00
   outer loop
     vertex  4.985000e+01  4.000000e+00  7.980000e+00
     vertex  5.574638e+01  7.706931e+00  7.980000e+00
     vertex  5.571132e+01  7.737695e+00  7.980000e+00
   endloop
 endfacet
 facet normal  0.000000e+00  0.000000e+00  1.000000e+00
   outer loop
     vertex  4.985000e+01  4.000000e+00  7.980000e+00
     vertex  5.578227e+01  7.677141e+00  7.980000e+00
     vertex  5.574638e+01  7.706931e+00  7.980000e+00
   endloop
 endfacet
 facet normal  0.000000e+00  0.000000e+00  1.000000e+00
   outer loop
     vertex  4.985000e+01  4.000000e+00  7.980000e+00
     vertex  5.581896e+01  7.648347e+00  7.980000e+00
     vertex  5.578227e+01  7.677141e+00  7.980000e+00
   endloop
 endfacet
 facet normal  0.000000e+00  0.000000e+00  1.000000e+00
   outer loop
     vertex  4.985000e+01  4.000000e+00  7.980000e+00
     vertex  5.585643e+01  7.620570e+00  7.980000e+00
     vertex  5.581896e+01  7.648347e+00  7.980000e+00
   endloop
 endfacet
 facet normal  0.000000e+00  0.000000e+00  1.000000e+00
   outer loop
     vertex  4.985000e+01  4.000000e+00  7.980000e+00
     vertex  5.589465e+01  7.593832e+00  7.980000e+00
     vertex  5.585643e+01  7.620570e+00  7.980000e+00
   endloop
 endfacet
 facet normal  0.000000e+00  0.000000e+00  1.000000e+00
   outer loop
     vertex  4.985000e+01  4.000000e+00  7.980000e+00
     vertex  5.593359e+01  7.568152e+00  7.980000e+00
     vertex  5.589465e+01  7.593832e+00  7.980000e+00
   endloop
 endfacet
 facet normal  0.000000e+00  0.000000e+00  1.000000e+00
   outer loop
     vertex  4.985000e+01  4.000000e+00  7.980000e+00
     vertex  5.597321e+01  7.543550e+00  7.980000e+00
     vertex  5.593359e+01  7.568152e+00  7.980000e+00
   endloop
 endfacet
 facet normal  0.000000e+00  0.000000e+00  1.000000e+00
   outer loop
     vertex  4.985000e+01  4.000000e+00  7.980000e+00
     vertex  5.601350e+01  7.520045e+00  7.980000e+00
     vertex  5.597321e+01  7.543550e+00  7.980000e+00
   endloop
 endfacet
 facet normal  0.000000e+00  0.000000e+00  1.000000e+00
   outer loop
     vertex  4.985000e+01  4.000000e+00  7.980000e+00
     vertex  5.605442e+01  7.497653e+00  7.980000e+00
     vertex  5.601350e+01  7.520045e+00  7.980000e+00
   endloop
 endfacet
 facet normal  0.000000e+00  0.000000e+00  1.000000e+00
   outer loop
     vertex  4.985000e+01  4.000000e+00  7.980000e+00
     vertex  5.609593e+01  7.476392e+00  7.980000e+00
     vertex  5.605442e+01  7.497653e+00  7.980000e+00
   endloop
 endfacet
 facet normal  0.000000e+00  0.000000e+00  1.000000e+00
   outer loop
     vertex  4.985000e+01  4.000000e+00  7.980000e+00
     vertex  5.613801e+01  7.456279e+00  7.980000e+00
     vertex  5.609593e+01  7.476392e+00  7.980000e+00
   endloop
 endfacet
 facet normal  0.000000e+00  0.000000e+00  1.000000e+00
   outer loop
     vertex  4.985000e+01  4.000000e+00  7.980000e+00
     vertex  5.618063e+01  7.437327e+00  7.980000e+00
     vertex  5.613801e+01  7.456279e+00  7.980000e+00
   endloop
 endfacet
 facet normal  0.000000e+00  0.000000e+00  1.000000e+00
   outer loop
     vertex  4.985000e+01  4.000000e+00  7.980000e+00
     vertex  5.622375e+01  7.419552e+00  7.980000e+00
     vertex  5.618063e+01  7.437327e+00  7.980000e+00
   endloop
 endfacet
 facet normal  0.000000e+00  0.000000e+00  1.000000e+00
   outer loop
     vertex  4.985000e+01  4.000000e+00  7.980000e+00
     vertex  5.626735e+01  7.402966e+00  7.980000e+00
     vertex  5.622375e+01  7.419552e+00  7.980000e+00
   endloop
 endfacet
 facet normal  0.000000e+00  0.000000e+00  1.000000e+00
   outer loop
     vertex  4.985000e+01  4.000000e+00  7.980000e+00
     vertex  5.631138e+01  7.387583e+00  7.980000e+00
     vertex  5.626735e+01  7.402966e+00  7.980000e+00
   endloop
 endfacet
 facet normal  0.000000e+00  0.000000e+00  1.000000e+00
   outer loop
     vertex  4.985000e+01  4.000000e+00  7.980000e+00
     vertex  5.635582e+01  7.373413e+00  7.980000e+00
     vertex  5.631138e+01  7.387583e+00  7.980000e+00
   endloop
 endfacet
 facet normal  0.000000e+00  0.000000e+00  1.000000e+00
   outer loop
     vertex  4.985000e+01  4.000000e+00  7.980000e+00
     vertex  5.640063e+01  7.360468e+00  7.980000e+00
     vertex  5.635582e+01  7.373413e+00  7.980000e+00
   endloop
 endfacet
 facet normal  0.000000e+00  0.000000e+00  1.000000e+00
   outer loop
     vertex  4.985000e+01  4.000000e+00  7.980000e+00
     vertex  5.644578e+01  7.348757e+00  7.980000e+00
     vertex  5.640063e+01  7.360468e+00  7.980000e+00
   endloop
 endfacet
 facet normal  0.000000e+00  0.000000e+00  1.000000e+00
   outer loop
     vertex  4.985000e+01  4.000000e+00  7.980000e+00
     vertex  5.649123e+01  7.338289e+00  7.980000e+00
     vertex  5.644578e+01  7.348757e+00  7.980000e+00
   endloop
 endfacet
 facet normal  0.000000e+00  0.000000e+00  1.000000e+00
   outer loop
     vertex  4.985000e+01  4.000000e+00  7.980000e+00
     vertex  5.653695e+01  7.329072e+00  7.980000e+00
     vertex  5.649123e+01  7.338289e+00  7.980000e+00
   endloop
 endfacet
 facet normal  0.000000e+00  0.000000e+00  1.000000e+00
   outer loop
     vertex  4.985000e+01  4.000000e+00  7.980000e+00
     vertex  5.658291e+01  7.321113e+00  7.980000e+00
     vertex  5.653695e+01  7.329072e+00  7.980000e+00
   endloop
 endfacet
 facet normal  0.000000e+00  0.000000e+00  1.000000e+00
   outer loop
     vertex  4.985000e+01  4.000000e+00  7.980000e+00
     vertex  5.662907e+01  7.314417e+00  7.980000e+00
     vertex  5.658291e+01  7.321113e+00  7.980000e+00
   endloop
 endfacet
 facet normal  0.000000e+00  0.000000e+00  1.000000e+00
   outer loop
     vertex  4.985000e+01  4.000000e+00  7.980000e+00
     vertex  5.667539e+01  7.308991e+00  7.980000e+00
     vertex  5.662907e+01  7.314417e+00  7.980000e+00
   endloop
 endfacet
 facet normal  0.000000e+00  0.000000e+00  1.000000e+00
   outer loop
     vertex  4.985000e+01  4.000000e+00  7.980000e+00
     vertex  5.672185e+01  7.304837e+00  7.980000e+00
     vertex  5.667539e+01  7.308991e+00  7.980000e+00
   endloop
 endfacet
 facet normal  0.000000e+00  0.000000e+00  1.000000e+00
   outer loop
     vertex  4.985000e+01  4.000000e+00  7.980000e+00
     vertex  5.676840e+01  7.301959e+00  7.980000e+00
     vertex  5.672185e+01  7.304837e+00  7.980000e+00
   endloop
 endfacet
 facet normal  0.000000e+00  0.000000e+00  1.000000e+00
   outer loop
     vertex  4.985000e+01  4.000000e+00  7.980000e+00
     vertex  5.681502e+01  7.300360e+00  7.980000e+00
     vertex  5.676840e+01  7.301959e+00  7.980000e+00
   endloop
 endfacet
 facet normal  0.000000e+00  0.000000e+00  1.000000e+00
   outer loop
     vertex  4.985000e+01  4.000000e+00  7.980000e+00
     vertex  5.686166e+01  7.300040e+00  7.980000e+00
     vertex  5.681502e+01  7.300360e+00  7.980000e+00
   endloop
 endfacet
 facet normal  0.000000e+00  0.000000e+00  1.000000e+00
   outer loop
     vertex  7.742500e+01  3.450000e+01  7.980000e+00
     vertex  6.385000e+01  1.420000e+01  7.980000e+00
     vertex  7.742500e+01  1.600000e+01  7.980000e+00
   endloop
 endfacet
 facet normal  0.000000e+00  0.000000e+00  1.000000e+00
   outer loop
     vertex  4.985000e+01  1.420000e+01  7.980000e+00
     vertex  5.597321e+01  1.045645e+01  7.980000e+00
     vertex  5.601350e+01  1.047996e+01  7.980000e+00
   endloop
 endfacet
 facet normal  0.000000e+00  0.000000e+00  1.000000e+00
   outer loop
     vertex  4.985000e+01  1.420000e+01  7.980000e+00
     vertex  5.593359e+01  1.043185e+01  7.980000e+00
     vertex  5.597321e+01  1.045645e+01  7.980000e+00
   endloop
 endfacet
 facet normal  0.000000e+00  0.000000e+00  1.000000e+00
   outer loop
     vertex  4.985000e+01  1.420000e+01  7.980000e+00
     vertex  5.589465e+01  1.040617e+01  7.980000e+00
     vertex  5.593359e+01  1.043185e+01  7.980000e+00
   endloop
 endfacet
 facet normal  0.000000e+00  0.000000e+00  1.000000e+00
   outer loop
     vertex  4.985000e+01  1.420000e+01  7.980000e+00
     vertex  5.585643e+01  1.037943e+01  7.980000e+00
     vertex  5.589465e+01  1.040617e+01  7.980000e+00
   endloop
 endfacet
 facet normal  0.000000e+00  0.000000e+00  1.000000e+00
   outer loop
     vertex  4.985000e+01  1.420000e+01  7.980000e+00
     vertex  5.581896e+01  1.035165e+01  7.980000e+00
     vertex  5.585643e+01  1.037943e+01  7.980000e+00
   endloop
 endfacet
 facet normal  0.000000e+00  0.000000e+00  1.000000e+00
   outer loop
     vertex  4.985000e+01  1.420000e+01  7.980000e+00
     vertex  5.578227e+01  1.032286e+01  7.980000e+00
     vertex  5.581896e+01  1.035165e+01  7.980000e+00
   endloop
 endfacet
 facet normal  0.000000e+00  0.000000e+00  1.000000e+00
   outer loop
     vertex  4.985000e+01  1.420000e+01  7.980000e+00
     vertex  5.574638e+01  1.029307e+01  7.980000e+00
     vertex  5.578227e+01  1.032286e+01  7.980000e+00
   endloop
 endfacet
 facet normal  0.000000e+00  0.000000e+00  1.000000e+00
   outer loop
     vertex  4.985000e+01  1.420000e+01  7.980000e+00
     vertex  5.571132e+01  1.026231e+01  7.980000e+00
     vertex  5.574638e+01  1.029307e+01  7.980000e+00
   endloop
 endfacet
 facet normal  0.000000e+00  0.000000e+00  1.000000e+00
   outer loop
     vertex  4.985000e+01  1.420000e+01  7.980000e+00
     vertex  5.567712e+01  1.023059e+01  7.980000e+00
     vertex  5.571132e+01  1.026231e+01  7.980000e+00
   endloop
 endfacet
 facet normal  0.000000e+00  0.000000e+00  1.000000e+00
   outer loop
     vertex  4.985000e+01  1.420000e+01  7.980000e+00
     vertex  5.564380e+01  1.019795e+01  7.980000e+00
     vertex  5.567712e+01  1.023059e+01  7.980000e+00
   endloop
 endfacet
 facet normal  0.000000e+00  0.000000e+00  1.000000e+00
   outer loop
     vertex  4.985000e+01  1.420000e+01  7.980000e+00
     vertex  5.561139e+01  1.016441e+01  7.980000e+00
     vertex  5.564380e+01  1.019795e+01  7.980000e+00
   endloop
 endfacet
 facet normal  0.000000e+00  0.000000e+00  1.000000e+00
   outer loop
     vertex  4.985000e+01  1.420000e+01  7.980000e+00
     vertex  5.557991e+01  1.012999e+01  7.980000e+00
     vertex  5.561139e+01  1.016441e+01  7.980000e+00
   endloop
 endfacet
 facet normal  0.000000e+00  0.000000e+00  1.000000e+00
   outer loop
     vertex  4.985000e+01  1.420000e+01  7.980000e+00
     vertex  5.554939e+01  1.009472e+01  7.980000e+00
     vertex  5.557991e+01  1.012999e+01  7.980000e+00
   endloop
 endfacet
 facet normal  0.000000e+00  0.000000e+00  1.000000e+00
   outer loop
     vertex  4.985000e+01  1.420000e+01  7.980000e+00
     vertex  5.551985e+01  1.005863e+01  7.980000e+00
     vertex  5.554939e+01  1.009472e+01  7.980000e+00
   endloop
 endfacet
 facet normal  0.000000e+00  0.000000e+00  1.000000e+00
   outer loop
     vertex  4.985000e+01  1.420000e+01  7.980000e+00
     vertex  5.549131e+01  1.002174e+01  7.980000e+00
     vertex  5.551985e+01  1.005863e+01  7.980000e+00
   endloop
 endfacet
 facet normal  0.000000e+00  0.000000e+00  1.000000e+00
   outer loop
     vertex  4.985000e+01  1.420000e+01  7.980000e+00
     vertex  5.546379e+01  9.984081e+00  7.980000e+00
     vertex  5.549131e+01  1.002174e+01  7.980000e+00
   endloop
 endfacet
 facet normal  0.000000e+00  0.000000e+00  1.000000e+00
   outer loop
     vertex  4.985000e+01  1.420000e+01  7.980000e+00
     vertex  5.543731e+01  9.945681e+00  7.980000e+00
     vertex  5.546379e+01  9.984081e+00  7.980000e+00
   endloop
 endfacet
 facet normal  0.000000e+00  0.000000e+00  1.000000e+00
   outer loop
     vertex  4.985000e+01  1.420000e+01  7.980000e+00
     vertex  5.541190e+01  9.906569e+00  7.980000e+00
     vertex  5.543731e+01  9.945681e+00  7.980000e+00
   endloop
 endfacet
 facet normal  0.000000e+00  0.000000e+00  1.000000e+00
   outer loop
     vertex  4.985000e+01  1.420000e+01  7.980000e+00
     vertex  5.538757e+01  9.866775e+00  7.980000e+00
     vertex  5.541190e+01  9.906569e+00  7.980000e+00
   endloop
 endfacet
 facet normal  0.000000e+00  0.000000e+00  1.000000e+00
   outer loop
     vertex  4.985000e+01  1.420000e+01  7.980000e+00
     vertex  4.985000e+01  4.000000e+00  7.980000e+00
     vertex  5.515016e+01  9.023321e+00  7.980000e+00
   endloop
 endfacet
 facet normal  0.000000e+00  0.000000e+00  1.000000e+00
   outer loop
     vertex  4.985000e+01  1.420000e+01  7.980000e+00
     vertex  5.536434e+01  9.826329e+00  7.980000e+00
     vertex  5.538757e+01  9.866775e+00  7.980000e+00
   endloop
 endfacet
 facet normal  0.000000e+00  0.000000e+00  1.000000e+00
   outer loop
     vertex  4.985000e+01  1.420000e+01  7.980000e+00
     vertex  5.534223e+01  9.785260e+00  7.980000e+00
     vertex  5.536434e+01  9.826329e+00  7.980000e+00
   endloop
 endfacet
 facet normal  0.000000e+00  0.000000e+00  1.000000e+00
   outer loop
     vertex  4.985000e+01  1.420000e+01  7.980000e+00
     vertex  5.532126e+01  9.743600e+00  7.980000e+00
     vertex  5.534223e+01  9.785260e+00  7.980000e+00
   endloop
 endfacet
 facet normal  0.000000e+00  0.000000e+00  1.000000e+00
   outer loop
     vertex  4.985000e+01  1.420000e+01  7.980000e+00
     vertex  5.530143e+01  9.701381e+00  7.980000e+00
     vertex  5.532126e+01  9.743600e+00  7.980000e+00
   endloop
 endfacet
 facet normal  0.000000e+00  0.000000e+00  1.000000e+00
   outer loop
     vertex  4.985000e+01  1.420000e+01  7.980000e+00
     vertex  5.528277e+01  9.658633e+00  7.980000e+00
     vertex  5.530143e+01  9.701381e+00  7.980000e+00
   endloop
 endfacet
 facet normal  0.000000e+00  0.000000e+00  1.000000e+00
   outer loop
     vertex  4.985000e+01  1.420000e+01  7.980000e+00
     vertex  5.526529e+01  9.615390e+00  7.980000e+00
     vertex  5.528277e+01  9.658633e+00  7.980000e+00
   endloop
 endfacet
 facet normal  0.000000e+00  0.000000e+00  1.000000e+00
   outer loop
     vertex  4.985000e+01  1.420000e+01  7.980000e+00
     vertex  5.524901e+01  9.571683e+00  7.980000e+00
     vertex  5.526529e+01  9.615390e+00  7.980000e+00
   endloop
 endfacet
 facet normal  0.000000e+00  0.000000e+00  1.000000e+00
   outer loop
     vertex  4.985000e+01  1.420000e+01  7.980000e+00
     vertex  5.523393e+01  9.527546e+00  7.980000e+00
     vertex  5.524901e+01  9.571683e+00  7.980000e+00
   endloop
 endfacet
 facet normal  0.000000e+00  0.000000e+00  1.000000e+00
   outer loop
     vertex  4.985000e+01  1.420000e+01  7.980000e+00
     vertex  5.522006e+01  9.483012e+00  7.980000e+00
     vertex  5.523393e+01  9.527546e+00  7.980000e+00
   endloop
 endfacet
 facet normal  0.000000e+00  0.000000e+00  1.000000e+00
   outer loop
     vertex  4.985000e+01  1.420000e+01  7.980000e+00
     vertex  5.520742e+01  9.438115e+00  7.980000e+00
     vertex  5.522006e+01  9.483012e+00  7.980000e+00
   endloop
 endfacet
 facet normal  0.000000e+00  0.000000e+00  1.000000e+00
   outer loop
     vertex  4.985000e+01  1.420000e+01  7.980000e+00
     vertex  5.519602e+01  9.392887e+00  7.980000e+00
     vertex  5.520742e+01  9.438115e+00  7.980000e+00
   endloop
 endfacet
 facet normal  0.000000e+00  0.000000e+00  1.000000e+00
   outer loop
     vertex  4.985000e+01  1.420000e+01  7.980000e+00
     vertex  5.518587e+01  9.347364e+00  7.980000e+00
     vertex  5.519602e+01  9.392887e+00  7.980000e+00
   endloop
 endfacet
 facet normal  0.000000e+00  0.000000e+00  1.000000e+00
   outer loop
     vertex  4.985000e+01  1.420000e+01  7.980000e+00
     vertex  5.517696e+01  9.301580e+00  7.980000e+00
     vertex  5.518587e+01  9.347364e+00  7.980000e+00
   endloop
 endfacet
 facet normal  0.000000e+00  0.000000e+00  1.000000e+00
   outer loop
     vertex  4.985000e+01  1.420000e+01  7.980000e+00
     vertex  5.516932e+01  9.255568e+00  7.980000e+00
     vertex  5.517696e+01  9.301580e+00  7.980000e+00
   endloop
 endfacet
 facet normal  0.000000e+00  0.000000e+00  1.000000e+00
   outer loop
     vertex  4.985000e+01  1.420000e+01  7.980000e+00
     vertex  5.516294e+01  9.209364e+00  7.980000e+00
     vertex  5.516932e+01  9.255568e+00  7.980000e+00
   endloop
 endfacet
 facet normal  0.000000e+00  0.000000e+00  1.000000e+00
   outer loop
     vertex  4.985000e+01  1.420000e+01  7.980000e+00
     vertex  5.515783e+01  9.163002e+00  7.980000e+00
     vertex  5.516294e+01  9.209364e+00  7.980000e+00
   endloop
 endfacet
 facet normal  0.000000e+00  0.000000e+00  1.000000e+00
   outer loop
     vertex  4.985000e+01  1.420000e+01  7.980000e+00
     vertex  5.515400e+01  9.116518e+00  7.980000e+00
     vertex  5.515783e+01  9.163002e+00  7.980000e+00
   endloop
 endfacet
 facet normal  0.000000e+00  0.000000e+00  1.000000e+00
   outer loop
     vertex  4.985000e+01  1.420000e+01  7.980000e+00
     vertex  5.515144e+01  9.069946e+00  7.980000e+00
     vertex  5.515400e+01  9.116518e+00  7.980000e+00
   endloop
 endfacet
 facet normal  0.000000e+00  0.000000e+00  1.000000e+00
   outer loop
     vertex  4.985000e+01  1.420000e+01  7.980000e+00
     vertex  5.515016e+01  9.023321e+00  7.980000e+00
     vertex  5.515144e+01  9.069946e+00  7.980000e+00
   endloop
 endfacet
 facet normal -0.000000e+00  0.000000e+00  1.000000e+00
   outer loop
     vertex  4.985000e+01  1.420000e+01  7.980000e+00
     vertex  5.686166e+01  1.069996e+01  7.980000e+00
     vertex  6.385000e+01  1.420000e+01  7.980000e+00
   endloop
 endfacet
 facet normal  0.000000e+00  0.000000e+00  1.000000e+00
   outer loop
     vertex  4.985000e+01  1.420000e+01  7.980000e+00
     vertex  6.385000e+01  1.420000e+01  7.980000e+00
     vertex  7.742500e+01  3.450000e+01  7.980000e+00
   endloop
 endfacet
 facet normal  0.000000e+00  0.000000e+00  1.000000e+00
   outer loop
     vertex  4.985000e+01  1.420000e+01  7.980000e+00
     vertex  5.681502e+01  1.069964e+01  7.980000e+00
     vertex  5.686166e+01  1.069996e+01  7.980000e+00
   endloop
 endfacet
 facet normal  0.000000e+00  0.000000e+00  1.000000e+00
   outer loop
     vertex  4.985000e+01  1.420000e+01  7.980000e+00
     vertex  5.676840e+01  1.069804e+01  7.980000e+00
     vertex  5.681502e+01  1.069964e+01  7.980000e+00
   endloop
 endfacet
 facet normal  0.000000e+00  0.000000e+00  1.000000e+00
   outer loop
     vertex  4.985000e+01  1.420000e+01  7.980000e+00
     vertex  5.672185e+01  1.069516e+01  7.980000e+00
     vertex  5.676840e+01  1.069804e+01  7.980000e+00
   endloop
 endfacet
 facet normal  0.000000e+00  0.000000e+00  1.000000e+00
   outer loop
     vertex  4.985000e+01  1.420000e+01  7.980000e+00
     vertex  5.667539e+01  1.069101e+01  7.980000e+00
     vertex  5.672185e+01  1.069516e+01  7.980000e+00
   endloop
 endfacet
 facet normal  0.000000e+00  0.000000e+00  1.000000e+00
   outer loop
     vertex  4.985000e+01  1.420000e+01  7.980000e+00
     vertex  5.662907e+01  1.068558e+01  7.980000e+00
     vertex  5.667539e+01  1.069101e+01  7.980000e+00
   endloop
 endfacet
 facet normal  0.000000e+00  0.000000e+00  1.000000e+00
   outer loop
     vertex  4.985000e+01  1.420000e+01  7.980000e+00
     vertex  5.658291e+01  1.067889e+01  7.980000e+00
     vertex  5.662907e+01  1.068558e+01  7.980000e+00
   endloop
 endfacet
 facet normal  0.000000e+00  0.000000e+00  1.000000e+00
   outer loop
     vertex  4.985000e+01  1.420000e+01  7.980000e+00
     vertex  5.653695e+01  1.067093e+01  7.980000e+00
     vertex  5.658291e+01  1.067889e+01  7.980000e+00
   endloop
 endfacet
 facet normal  0.000000e+00  0.000000e+00  1.000000e+00
   outer loop
     vertex  4.985000e+01  1.420000e+01  7.980000e+00
     vertex  5.649123e+01  1.066171e+01  7.980000e+00
     vertex  5.653695e+01  1.067093e+01  7.980000e+00
   endloop
 endfacet
 facet normal  0.000000e+00  0.000000e+00  1.000000e+00
   outer loop
     vertex  4.985000e+01  1.420000e+01  7.980000e+00
     vertex  5.644578e+01  1.065124e+01  7.980000e+00
     vertex  5.649123e+01  1.066171e+01  7.980000e+00
   endloop
 endfacet
 facet normal  0.000000e+00  0.000000e+00  1.000000e+00
   outer loop
     vertex  4.985000e+01  1.420000e+01  7.980000e+00
     vertex  5.640063e+01  1.063953e+01  7.980000e+00
     vertex  5.644578e+01  1.065124e+01  7.980000e+00
   endloop
 endfacet
 facet normal  0.000000e+00  0.000000e+00  1.000000e+00
   outer loop
     vertex  4.985000e+01  1.420000e+01  7.980000e+00
     vertex  5.635582e+01  1.062659e+01  7.980000e+00
     vertex  5.640063e+01  1.063953e+01  7.980000e+00
   endloop
 endfacet
 facet normal  0.000000e+00  0.000000e+00  1.000000e+00
   outer loop
     vertex  4.985000e+01  1.420000e+01  7.980000e+00
     vertex  5.631138e+01  1.061242e+01  7.980000e+00
     vertex  5.635582e+01  1.062659e+01  7.980000e+00
   endloop
 endfacet
 facet normal  0.000000e+00  0.000000e+00  1.000000e+00
   outer loop
     vertex  4.985000e+01  1.420000e+01  7.980000e+00
     vertex  5.626735e+01  1.059703e+01  7.980000e+00
     vertex  5.631138e+01  1.061242e+01  7.980000e+00
   endloop
 endfacet
 facet normal  0.000000e+00  0.000000e+00  1.000000e+00
   outer loop
     vertex  4.985000e+01  1.420000e+01  7.980000e+00
     vertex  5.622375e+01  1.058045e+01  7.980000e+00
     vertex  5.626735e+01  1.059703e+01  7.980000e+00
   endloop
 endfacet
 facet normal  0.000000e+00  0.000000e+00  1.000000e+00
   outer loop
     vertex  4.985000e+01  1.420000e+01  7.980000e+00
     vertex  5.618063e+01  1.056267e+01  7.980000e+00
     vertex  5.622375e+01  1.058045e+01  7.980000e+00
   endloop
 endfacet
 facet normal  0.000000e+00  0.000000e+00  1.000000e+00
   outer loop
     vertex  4.985000e+01  1.420000e+01  7.980000e+00
     vertex  5.613801e+01  1.054372e+01  7.980000e+00
     vertex  5.618063e+01  1.056267e+01  7.980000e+00
   endloop
 endfacet
 facet normal  0.000000e+00  0.000000e+00  1.000000e+00
   outer loop
     vertex  4.985000e+01  1.420000e+01  7.980000e+00
     vertex  5.609593e+01  1.052361e+01  7.980000e+00
     vertex  5.613801e+01  1.054372e+01  7.980000e+00
   endloop
 endfacet
 facet normal  0.000000e+00  0.000000e+00  1.000000e+00
   outer loop
     vertex  4.985000e+01  1.420000e+01  7.980000e+00
     vertex  5.605442e+01  1.050235e+01  7.980000e+00
     vertex  5.609593e+01  1.052361e+01  7.980000e+00
   endloop
 endfacet
 facet normal  0.000000e+00  0.000000e+00  1.000000e+00
   outer loop
     vertex  4.985000e+01  1.420000e+01  7.980000e+00
     vertex  5.601350e+01  1.047996e+01  7.980000e+00
     vertex  5.605442e+01  1.050235e+01  7.980000e+00
   endloop
 endfacet
 facet normal -0.000000e+00  0.000000e+00  1.000000e+00
   outer loop
     vertex  1.489500e+02  1.256000e+02  7.980000e+00
     vertex  1.211750e+02  3.450000e+01  7.980000e+00
     vertex  1.846000e+02  1.256000e+02  7.980000e+00
   endloop
 endfacet
 facet normal  0.000000e+00  0.000000e+00  1.000000e+00
   outer loop
     vertex  1.431725e+02  1.296187e+02  7.980000e+00
     vertex  1.431396e+02  1.295856e+02  7.980000e+00
     vertex  1.489500e+02  1.256000e+02  7.980000e+00
   endloop
 endfacet
 facet normal -0.000000e+00  0.000000e+00  1.000000e+00
   outer loop
     vertex  1.431059e+02  1.295534e+02  7.980000e+00
     vertex  1.489500e+02  1.256000e+02  7.980000e+00
     vertex  1.431396e+02  1.295856e+02  7.980000e+00
   endloop
 endfacet
 facet normal  0.000000e+00  0.000000e+00  1.000000e+00
   outer loop
     vertex  1.432045e+02  1.296527e+02  7.980000e+00
     vertex  1.431725e+02  1.296187e+02  7.980000e+00
     vertex  1.489500e+02  1.256000e+02  7.980000e+00
   endloop
 endfacet
 facet normal -0.000000e+00  0.000000e+00  1.000000e+00
   outer loop
     vertex  1.430713e+02  1.295222e+02  7.980000e+00
     vertex  1.489500e+02  1.256000e+02  7.980000e+00
     vertex  1.431059e+02  1.295534e+02  7.980000e+00
   endloop
 endfacet
 facet normal  0.000000e+00  0.000000e+00  1.000000e+00
   outer loop
     vertex  1.432355e+02  1.296875e+02  7.980000e+00
     vertex  1.432045e+02  1.296527e+02  7.980000e+00
     vertex  1.489500e+02  1.256000e+02  7.980000e+00
   endloop
 endfacet
 facet normal -0.000000e+00  0.000000e+00  1.000000e+00
   outer loop
     vertex  1.430358e+02  1.294919e+02  7.980000e+00
     vertex  1.489500e+02  1.256000e+02  7.980000e+00
     vertex  1.430713e+02  1.295222e+02  7.980000e+00
   endloop
 endfacet
 facet normal  0.000000e+00  0.000000e+00  1.000000e+00
   outer loop
     vertex  1.432655e+02  1.297232e+02  7.980000e+00
     vertex  1.432355e+02  1.296875e+02  7.980000e+00
     vertex  1.489500e+02  1.256000e+02  7.980000e+00
   endloop
 endfacet
 facet normal -0.000000e+00  0.000000e+00  1.000000e+00
   outer loop
     vertex  1.429995e+02  1.294626e+02  7.980000e+00
     vertex  1.489500e+02  1.256000e+02  7.980000e+00
     vertex  1.430358e+02  1.294919e+02  7.980000e+00
   endloop
 endfacet
 facet normal  0.000000e+00  0.000000e+00  1.000000e+00
   outer loop
     vertex  1.432945e+02  1.297597e+02  7.980000e+00
     vertex  1.432655e+02  1.297232e+02  7.980000e+00
     vertex  1.489500e+02  1.256000e+02  7.980000e+00
   endloop
 endfacet
 facet normal -0.000000e+00  0.000000e+00  1.000000e+00
   outer loop
     vertex  1.429624e+02  1.294343e+02  7.980000e+00
     vertex  1.489500e+02  1.256000e+02  7.980000e+00
     vertex  1.429995e+02  1.294626e+02  7.980000e+00
   endloop
 endfacet
 facet normal  0.000000e+00  0.000000e+00  1.000000e+00
   outer loop
     vertex  1.433226e+02  1.297970e+02  7.980000e+00
     vertex  1.432945e+02  1.297597e+02  7.980000e+00
     vertex  1.489500e+02  1.256000e+02  7.980000e+00
   endloop
 endfacet
 facet normal -0.000000e+00  0.000000e+00  1.000000e+00
   outer loop
     vertex  1.429245e+02  1.294071e+02  7.980000e+00
     vertex  1.489500e+02  1.256000e+02  7.980000e+00
     vertex  1.429624e+02  1.294343e+02  7.980000e+00
   endloop
 endfacet
 facet normal  0.000000e+00  0.000000e+00  1.000000e+00
   outer loop
     vertex  1.433496e+02  1.298350e+02  7.980000e+00
     vertex  1.433226e+02  1.297970e+02  7.980000e+00
     vertex  1.489500e+02  1.256000e+02  7.980000e+00
   endloop
 endfacet
 facet normal -0.000000e+00  0.000000e+00  1.000000e+00
   outer loop
     vertex  1.428860e+02  1.293809e+02  7.980000e+00
     vertex  1.489500e+02  1.256000e+02  7.980000e+00
     vertex  1.429245e+02  1.294071e+02  7.980000e+00
   endloop
 endfacet
 facet normal  0.000000e+00  0.000000e+00  1.000000e+00
   outer loop
     vertex  1.433755e+02  1.298738e+02  7.980000e+00
     vertex  1.433496e+02  1.298350e+02  7.980000e+00
     vertex  1.489500e+02  1.256000e+02  7.980000e+00
   endloop
 endfacet
 facet normal -0.000000e+00  0.000000e+00  1.000000e+00
   outer loop
     vertex  1.428467e+02  1.293557e+02  7.980000e+00
     vertex  1.489500e+02  1.256000e+02  7.980000e+00
     vertex  1.428860e+02  1.293809e+02  7.980000e+00
   endloop
 endfacet
 facet normal  0.000000e+00  0.000000e+00  1.000000e+00
   outer loop
     vertex  1.434004e+02  1.299132e+02  7.980000e+00
     vertex  1.433755e+02  1.298738e+02  7.980000e+00
     vertex  1.489500e+02  1.256000e+02  7.980000e+00
   endloop
 endfacet
 facet normal -0.000000e+00  0.000000e+00  1.000000e+00
   outer loop
     vertex  1.428067e+02  1.293317e+02  7.980000e+00
     vertex  1.489500e+02  1.256000e+02  7.980000e+00
     vertex  1.428467e+02  1.293557e+02  7.980000e+00
   endloop
 endfacet
 facet normal  0.000000e+00  0.000000e+00  1.000000e+00
   outer loop
     vertex  1.434242e+02  1.299534e+02  7.980000e+00
     vertex  1.434004e+02  1.299132e+02  7.980000e+00
     vertex  1.489500e+02  1.256000e+02  7.980000e+00
   endloop
 endfacet
 facet normal -0.000000e+00  0.000000e+00  1.000000e+00
   outer loop
     vertex  1.427661e+02  1.293087e+02  7.980000e+00
     vertex  1.489500e+02  1.256000e+02  7.980000e+00
     vertex  1.428067e+02  1.293317e+02  7.980000e+00
   endloop
 endfacet
 facet normal  0.000000e+00  0.000000e+00  1.000000e+00
   outer loop
     vertex  1.434469e+02  1.299941e+02  7.980000e+00
     vertex  1.434242e+02  1.299534e+02  7.980000e+00
     vertex  1.489500e+02  1.256000e+02  7.980000e+00
   endloop
 endfacet
 facet normal -0.000000e+00  0.000000e+00  1.000000e+00
   outer loop
     vertex  1.427249e+02  1.292869e+02  7.980000e+00
     vertex  1.489500e+02  1.256000e+02  7.980000e+00
     vertex  1.427661e+02  1.293087e+02  7.980000e+00
   endloop
 endfacet
 facet normal  0.000000e+00  0.000000e+00  1.000000e+00
   outer loop
     vertex  1.434684e+02  1.300355e+02  7.980000e+00
     vertex  1.434469e+02  1.299941e+02  7.980000e+00
     vertex  1.489500e+02  1.256000e+02  7.980000e+00
   endloop
 endfacet
 facet normal -0.000000e+00  0.000000e+00  1.000000e+00
   outer loop
     vertex  1.426831e+02  1.292662e+02  7.980000e+00
     vertex  1.489500e+02  1.256000e+02  7.980000e+00
     vertex  1.427249e+02  1.292869e+02  7.980000e+00
   endloop
 endfacet
 facet normal  0.000000e+00  0.000000e+00  1.000000e+00
   outer loop
     vertex  1.434888e+02  1.300774e+02  7.980000e+00
     vertex  1.434684e+02  1.300355e+02  7.980000e+00
     vertex  1.489500e+02  1.256000e+02  7.980000e+00
   endloop
 endfacet
 facet normal -0.000000e+00  0.000000e+00  1.000000e+00
   outer loop
     vertex  1.426407e+02  1.292467e+02  7.980000e+00
     vertex  1.489500e+02  1.256000e+02  7.980000e+00
     vertex  1.426831e+02  1.292662e+02  7.980000e+00
   endloop
 endfacet
 facet normal  0.000000e+00  0.000000e+00  1.000000e+00
   outer loop
     vertex  1.435080e+02  1.301199e+02  7.980000e+00
     vertex  1.434888e+02  1.300774e+02  7.980000e+00
     vertex  1.489500e+02  1.256000e+02  7.980000e+00
   endloop
 endfacet
 facet normal -0.000000e+00  0.000000e+00  1.000000e+00
   outer loop
     vertex  1.425979e+02  1.292283e+02  7.980000e+00
     vertex  1.489500e+02  1.256000e+02  7.980000e+00
     vertex  1.426407e+02  1.292467e+02  7.980000e+00
   endloop
 endfacet
 facet normal  0.000000e+00  0.000000e+00  1.000000e+00
   outer loop
     vertex  1.435261e+02  1.301629e+02  7.980000e+00
     vertex  1.435080e+02  1.301199e+02  7.980000e+00
     vertex  1.489500e+02  1.256000e+02  7.980000e+00
   endloop
 endfacet
 facet normal -0.000000e+00  0.000000e+00  1.000000e+00
   outer loop
     vertex  1.425545e+02  1.292111e+02  7.980000e+00
     vertex  1.489500e+02  1.256000e+02  7.980000e+00
     vertex  1.425979e+02  1.292283e+02  7.980000e+00
   endloop
 endfacet
 facet normal  0.000000e+00  0.000000e+00  1.000000e+00
   outer loop
     vertex  1.435430e+02  1.302064e+02  7.980000e+00
     vertex  1.435261e+02  1.301629e+02  7.980000e+00
     vertex  1.489500e+02  1.256000e+02  7.980000e+00
   endloop
 endfacet
 facet normal -0.000000e+00  0.000000e+00  1.000000e+00
   outer loop
     vertex  1.425107e+02  1.291951e+02  7.980000e+00
     vertex  1.489500e+02  1.256000e+02  7.980000e+00
     vertex  1.425545e+02  1.292111e+02  7.980000e+00
   endloop
 endfacet
 facet normal  0.000000e+00  0.000000e+00  1.000000e+00
   outer loop
     vertex  1.435587e+02  1.302503e+02  7.980000e+00
     vertex  1.435430e+02  1.302064e+02  7.980000e+00
     vertex  1.489500e+02  1.256000e+02  7.980000e+00
   endloop
 endfacet
 facet normal -0.000000e+00  0.000000e+00  1.000000e+00
   outer loop
     vertex  1.424664e+02  1.291803e+02  7.980000e+00
     vertex  1.489500e+02  1.256000e+02  7.980000e+00
     vertex  1.425107e+02  1.291951e+02  7.980000e+00
   endloop
 endfacet
 facet normal  0.000000e+00  0.000000e+00  1.000000e+00
   outer loop
     vertex  1.435732e+02  1.302947e+02  7.980000e+00
     vertex  1.435587e+02  1.302503e+02  7.980000e+00
     vertex  1.489500e+02  1.256000e+02  7.980000e+00
   endloop
 endfacet
 facet normal -0.000000e+00  0.000000e+00  1.000000e+00
   outer loop
     vertex  1.424218e+02  1.291668e+02  7.980000e+00
     vertex  1.489500e+02  1.256000e+02  7.980000e+00
     vertex  1.424664e+02  1.291803e+02  7.980000e+00
   endloop
 endfacet
 facet normal  0.000000e+00  0.000000e+00  1.000000e+00
   outer loop
     vertex  1.435864e+02  1.303394e+02  7.980000e+00
     vertex  1.435732e+02  1.302947e+02  7.980000e+00
     vertex  1.489500e+02  1.256000e+02  7.980000e+00
   endloop
 endfacet
 facet normal -0.000000e+00  0.000000e+00  1.000000e+00
   outer loop
     vertex  1.423768e+02  1.291545e+02  7.980000e+00
     vertex  1.489500e+02  1.256000e+02  7.980000e+00
     vertex  1.424218e+02  1.291668e+02  7.980000e+00
   endloop
 endfacet
 facet normal  0.000000e+00  0.000000e+00  1.000000e+00
   outer loop
     vertex  1.435984e+02  1.303845e+02  7.980000e+00
     vertex  1.435864e+02  1.303394e+02  7.980000e+00
     vertex  1.489500e+02  1.256000e+02  7.980000e+00
   endloop
 endfacet
 facet normal -0.000000e+00  0.000000e+00  1.000000e+00
   outer loop
     vertex  1.423315e+02  1.291434e+02  7.980000e+00
     vertex  1.489500e+02  1.256000e+02  7.980000e+00
     vertex  1.423768e+02  1.291545e+02  7.980000e+00
   endloop
 endfacet
 facet normal  0.000000e+00  0.000000e+00  1.000000e+00
   outer loop
     vertex  1.436092e+02  1.304298e+02  7.980000e+00
     vertex  1.435984e+02  1.303845e+02  7.980000e+00
     vertex  1.489500e+02  1.256000e+02  7.980000e+00
   endloop
 endfacet
 facet normal -0.000000e+00  0.000000e+00  1.000000e+00
   outer loop
     vertex  1.422859e+02  1.291335e+02  7.980000e+00
     vertex  1.489500e+02  1.256000e+02  7.980000e+00
     vertex  1.423315e+02  1.291434e+02  7.980000e+00
   endloop
 endfacet
 facet normal  0.000000e+00  0.000000e+00  1.000000e+00
   outer loop
     vertex  1.436187e+02  1.304755e+02  7.980000e+00
     vertex  1.436092e+02  1.304298e+02  7.980000e+00
     vertex  1.489500e+02  1.256000e+02  7.980000e+00
   endloop
 endfacet
 facet normal -0.000000e+00  0.000000e+00  1.000000e+00
   outer loop
     vertex  1.422401e+02  1.291249e+02  7.980000e+00
     vertex  1.489500e+02  1.256000e+02  7.980000e+00
     vertex  1.422859e+02  1.291335e+02  7.980000e+00
   endloop
 endfacet
 facet normal  0.000000e+00  0.000000e+00  1.000000e+00
   outer loop
     vertex  1.436270e+02  1.305214e+02  7.980000e+00
     vertex  1.436187e+02  1.304755e+02  7.980000e+00
     vertex  1.489500e+02  1.256000e+02  7.980000e+00
   endloop
 endfacet
 facet normal -0.000000e+00  0.000000e+00  1.000000e+00
   outer loop
     vertex  1.421940e+02  1.291176e+02  7.980000e+00
     vertex  1.489500e+02  1.256000e+02  7.980000e+00
     vertex  1.422401e+02  1.291249e+02  7.980000e+00
   endloop
 endfacet
 facet normal  0.000000e+00  0.000000e+00  1.000000e+00
   outer loop
     vertex  1.436340e+02  1.305675e+02  7.980000e+00
     vertex  1.436270e+02  1.305214e+02  7.980000e+00
     vertex  1.489500e+02  1.256000e+02  7.980000e+00
   endloop
 endfacet
 facet normal -0.000000e+00  0.000000e+00  1.000000e+00
   outer loop
     vertex  1.421478e+02  1.291115e+02  7.980000e+00
     vertex  1.489500e+02  1.256000e+02  7.980000e+00
     vertex  1.421940e+02  1.291176e+02  7.980000e+00
   endloop
 endfacet
 facet normal  0.000000e+00  0.000000e+00  1.000000e+00
   outer loop
     vertex  1.436398e+02  1.306138e+02  7.980000e+00
     vertex  1.436340e+02  1.305675e+02  7.980000e+00
     vertex  1.489500e+02  1.256000e+02  7.980000e+00
   endloop
 endfacet
 facet normal -0.000000e+00  0.000000e+00  1.000000e+00
   outer loop
     vertex  1.421014e+02  1.291068e+02  7.980000e+00
     vertex  1.489500e+02  1.256000e+02  7.980000e+00
     vertex  1.421478e+02  1.291115e+02  7.980000e+00
   endloop
 endfacet
 facet normal  0.000000e+00  0.000000e+00  1.000000e+00
   outer loop
     vertex  1.436442e+02  1.306602e+02  7.980000e+00
     vertex  1.436398e+02  1.306138e+02  7.980000e+00
     vertex  1.489500e+02  1.256000e+02  7.980000e+00
   endloop
 endfacet
 facet normal -0.000000e+00  0.000000e+00  1.000000e+00
   outer loop
     vertex  1.420549e+02  1.291032e+02  7.980000e+00
     vertex  1.489500e+02  1.256000e+02  7.980000e+00
     vertex  1.421014e+02  1.291068e+02  7.980000e+00
   endloop
 endfacet
 facet normal  0.000000e+00  0.000000e+00  1.000000e+00
   outer loop
     vertex  1.436474e+02  1.307068e+02  7.980000e+00
     vertex  1.436442e+02  1.306602e+02  7.980000e+00
     vertex  1.489500e+02  1.256000e+02  7.980000e+00
   endloop
 endfacet
 facet normal -0.000000e+00  0.000000e+00  1.000000e+00
   outer loop
     vertex  1.420083e+02  1.291010e+02  7.980000e+00
     vertex  1.489500e+02  1.256000e+02  7.980000e+00
     vertex  1.420549e+02  1.291032e+02  7.980000e+00
   endloop
 endfacet
 facet normal -0.000000e+00  0.000000e+00  1.000000e+00
   outer loop
     vertex  1.436494e+02  1.307534e+02  7.980000e+00
     vertex  1.489500e+02  1.256000e+02  7.980000e+00
     vertex  1.489500e+02  1.358000e+02  7.980000e+00
   endloop
 endfacet
 facet normal  0.000000e+00  0.000000e+00  1.000000e+00
   outer loop
     vertex  1.436494e+02  1.307534e+02  7.980000e+00
     vertex  1.436474e+02  1.307068e+02  7.980000e+00
     vertex  1.489500e+02  1.256000e+02  7.980000e+00
   endloop
 endfacet
 facet normal -0.000000e+00  0.000000e+00  1.000000e+00
   outer loop
     vertex  1.419617e+02  1.291000e+02  7.980000e+00
     vertex  1.489500e+02  1.256000e+02  7.980000e+00
     vertex  1.420083e+02  1.291010e+02  7.980000e+00
   endloop
 endfacet
 facet normal -0.000000e+00  0.000000e+00  1.000000e+00
   outer loop
     vertex  1.436500e+02  1.308000e+02  7.980000e+00
     vertex  1.436494e+02  1.307534e+02  7.980000e+00
     vertex  1.489500e+02  1.358000e+02  7.980000e+00
   endloop
 endfacet
 facet normal -0.000000e+00  0.000000e+00  1.000000e+00
   outer loop
     vertex  1.436494e+02  1.308466e+02  7.980000e+00
     vertex  1.436500e+02  1.308000e+02  7.980000e+00
     vertex  1.489500e+02  1.358000e+02  7.980000e+00
   endloop
 endfacet
 facet normal -0.000000e+00  0.000000e+00  1.000000e+00
   outer loop
     vertex  1.436474e+02  1.308932e+02  7.980000e+00
     vertex  1.436494e+02  1.308466e+02  7.980000e+00
     vertex  1.489500e+02  1.358000e+02  7.980000e+00
   endloop
 endfacet
 facet normal -0.000000e+00  0.000000e+00  1.000000e+00
   outer loop
     vertex  1.436442e+02  1.309398e+02  7.980000e+00
     vertex  1.436474e+02  1.308932e+02  7.980000e+00
     vertex  1.489500e+02  1.358000e+02  7.980000e+00
   endloop
 endfacet
 facet normal -0.000000e+00  0.000000e+00  1.000000e+00
   outer loop
     vertex  1.436398e+02  1.309862e+02  7.980000e+00
     vertex  1.436442e+02  1.309398e+02  7.980000e+00
     vertex  1.489500e+02  1.358000e+02  7.980000e+00
   endloop
 endfacet
 facet normal -0.000000e+00  0.000000e+00  1.000000e+00
   outer loop
     vertex  1.436340e+02  1.310325e+02  7.980000e+00
     vertex  1.436398e+02  1.309862e+02  7.980000e+00
     vertex  1.489500e+02  1.358000e+02  7.980000e+00
   endloop
 endfacet
 facet normal -0.000000e+00  0.000000e+00  1.000000e+00
   outer loop
     vertex  1.436270e+02  1.310786e+02  7.980000e+00
     vertex  1.436340e+02  1.310325e+02  7.980000e+00
     vertex  1.489500e+02  1.358000e+02  7.980000e+00
   endloop
 endfacet
 facet normal -0.000000e+00  0.000000e+00  1.000000e+00
   outer loop
     vertex  1.436187e+02  1.311245e+02  7.980000e+00
     vertex  1.436270e+02  1.310786e+02  7.980000e+00
     vertex  1.489500e+02  1.358000e+02  7.980000e+00
   endloop
 endfacet
 facet normal -0.000000e+00  0.000000e+00  1.000000e+00
   outer loop
     vertex  1.436092e+02  1.311702e+02  7.980000e+00
     vertex  1.436187e+02  1.311245e+02  7.980000e+00
     vertex  1.489500e+02  1.358000e+02  7.980000e+00
   endloop
 endfacet
 facet normal -0.000000e+00  0.000000e+00  1.000000e+00
   outer loop
     vertex  1.435984e+02  1.312155e+02  7.980000e+00
     vertex  1.436092e+02  1.311702e+02  7.980000e+00
     vertex  1.489500e+02  1.358000e+02  7.980000e+00
   endloop
 endfacet
 facet normal -0.000000e+00  0.000000e+00  1.000000e+00
   outer loop
     vertex  1.435864e+02  1.312606e+02  7.980000e+00
     vertex  1.435984e+02  1.312155e+02  7.980000e+00
     vertex  1.489500e+02  1.358000e+02  7.980000e+00
   endloop
 endfacet
 facet normal -0.000000e+00  0.000000e+00  1.000000e+00
   outer loop
     vertex  1.435732e+02  1.313053e+02  7.980000e+00
     vertex  1.435864e+02  1.312606e+02  7.980000e+00
     vertex  1.489500e+02  1.358000e+02  7.980000e+00
   endloop
 endfacet
 facet normal -0.000000e+00  0.000000e+00  1.000000e+00
   outer loop
     vertex  1.435587e+02  1.313497e+02  7.980000e+00
     vertex  1.435732e+02  1.313053e+02  7.980000e+00
     vertex  1.489500e+02  1.358000e+02  7.980000e+00
   endloop
 endfacet
 facet normal -0.000000e+00  0.000000e+00  1.000000e+00
   outer loop
     vertex  1.435430e+02  1.313936e+02  7.980000e+00
     vertex  1.435587e+02  1.313497e+02  7.980000e+00
     vertex  1.489500e+02  1.358000e+02  7.980000e+00
   endloop
 endfacet
 facet normal -0.000000e+00  0.000000e+00  1.000000e+00
   outer loop
     vertex  1.435261e+02  1.314371e+02  7.980000e+00
     vertex  1.435430e+02  1.313936e+02  7.980000e+00
     vertex  1.489500e+02  1.358000e+02  7.980000e+00
   endloop
 endfacet
 facet normal -0.000000e+00  0.000000e+00  1.000000e+00
   outer loop
     vertex  1.435080e+02  1.314801e+02  7.980000e+00
     vertex  1.435261e+02  1.314371e+02  7.980000e+00
     vertex  1.489500e+02  1.358000e+02  7.980000e+00
   endloop
 endfacet
 facet normal -0.000000e+00  0.000000e+00  1.000000e+00
   outer loop
     vertex  1.434888e+02  1.315226e+02  7.980000e+00
     vertex  1.435080e+02  1.314801e+02  7.980000e+00
     vertex  1.489500e+02  1.358000e+02  7.980000e+00
   endloop
 endfacet
 facet normal -0.000000e+00  0.000000e+00  1.000000e+00
   outer loop
     vertex  1.434684e+02  1.315645e+02  7.980000e+00
     vertex  1.434888e+02  1.315226e+02  7.980000e+00
     vertex  1.489500e+02  1.358000e+02  7.980000e+00
   endloop
 endfacet
 facet normal -0.000000e+00  0.000000e+00  1.000000e+00
   outer loop
     vertex  1.434469e+02  1.316059e+02  7.980000e+00
     vertex  1.434684e+02  1.315645e+02  7.980000e+00
     vertex  1.489500e+02  1.358000e+02  7.980000e+00
   endloop
 endfacet
 facet normal -0.000000e+00  0.000000e+00  1.000000e+00
   outer loop
     vertex  1.434242e+02  1.316466e+02  7.980000e+00
     vertex  1.434469e+02  1.316059e+02  7.980000e+00
     vertex  1.489500e+02  1.358000e+02  7.980000e+00
   endloop
 endfacet
 facet normal -0.000000e+00  0.000000e+00  1.000000e+00
   outer loop
     vertex  1.434004e+02  1.316868e+02  7.980000e+00
     vertex  1.434242e+02  1.316466e+02  7.980000e+00
     vertex  1.489500e+02  1.358000e+02  7.980000e+00
   endloop
 endfacet
 facet normal -0.000000e+00  0.000000e+00  1.000000e+00
   outer loop
     vertex  1.433755e+02  1.317262e+02  7.980000e+00
     vertex  1.434004e+02  1.316868e+02  7.980000e+00
     vertex  1.489500e+02  1.358000e+02  7.980000e+00
   endloop
 endfacet
 facet normal -0.000000e+00  0.000000e+00  1.000000e+00
   outer loop
     vertex  1.433496e+02  1.317650e+02  7.980000e+00
     vertex  1.433755e+02  1.317262e+02  7.980000e+00
     vertex  1.489500e+02  1.358000e+02  7.980000e+00
   endloop
 endfacet
 facet normal -0.000000e+00  0.000000e+00  1.000000e+00
   outer loop
     vertex  1.433226e+02  1.318030e+02  7.980000e+00
     vertex  1.433496e+02  1.317650e+02  7.980000e+00
     vertex  1.489500e+02  1.358000e+02  7.980000e+00
   endloop
 endfacet
 facet normal -0.000000e+00  0.000000e+00  1.000000e+00
   outer loop
     vertex  1.432945e+02  1.318403e+02  7.980000e+00
     vertex  1.433226e+02  1.318030e+02  7.980000e+00
     vertex  1.489500e+02  1.358000e+02  7.980000e+00
   endloop
 endfacet
 facet normal -0.000000e+00  0.000000e+00  1.000000e+00
   outer loop
     vertex  1.432655e+02  1.318768e+02  7.980000e+00
     vertex  1.432945e+02  1.318403e+02  7.980000e+00
     vertex  1.489500e+02  1.358000e+02  7.980000e+00
   endloop
 endfacet
 facet normal -0.000000e+00  0.000000e+00  1.000000e+00
   outer loop
     vertex  1.432355e+02  1.319125e+02  7.980000e+00
     vertex  1.432655e+02  1.318768e+02  7.980000e+00
     vertex  1.489500e+02  1.358000e+02  7.980000e+00
   endloop
 endfacet
 facet normal -0.000000e+00  0.000000e+00  1.000000e+00
   outer loop
     vertex  1.432045e+02  1.319473e+02  7.980000e+00
     vertex  1.432355e+02  1.319125e+02  7.980000e+00
     vertex  1.489500e+02  1.358000e+02  7.980000e+00
   endloop
 endfacet
 facet normal -0.000000e+00  0.000000e+00  1.000000e+00
   outer loop
     vertex  1.431725e+02  1.319813e+02  7.980000e+00
     vertex  1.432045e+02  1.319473e+02  7.980000e+00
     vertex  1.489500e+02  1.358000e+02  7.980000e+00
   endloop
 endfacet
 facet normal -0.000000e+00  0.000000e+00  1.000000e+00
   outer loop
     vertex  1.431396e+02  1.320144e+02  7.980000e+00
     vertex  1.431725e+02  1.319813e+02  7.980000e+00
     vertex  1.489500e+02  1.358000e+02  7.980000e+00
   endloop
 endfacet
 facet normal -0.000000e+00  0.000000e+00  1.000000e+00
   outer loop
     vertex  1.431059e+02  1.320466e+02  7.980000e+00
     vertex  1.431396e+02  1.320144e+02  7.980000e+00
     vertex  1.489500e+02  1.358000e+02  7.980000e+00
   endloop
 endfacet
 facet normal -0.000000e+00  0.000000e+00  1.000000e+00
   outer loop
     vertex  1.430713e+02  1.320778e+02  7.980000e+00
     vertex  1.431059e+02  1.320466e+02  7.980000e+00
     vertex  1.489500e+02  1.358000e+02  7.980000e+00
   endloop
 endfacet
 facet normal -0.000000e+00  0.000000e+00  1.000000e+00
   outer loop
     vertex  1.430358e+02  1.321081e+02  7.980000e+00
     vertex  1.430713e+02  1.320778e+02  7.980000e+00
     vertex  1.489500e+02  1.358000e+02  7.980000e+00
   endloop
 endfacet
 facet normal -0.000000e+00  0.000000e+00  1.000000e+00
   outer loop
     vertex  1.429995e+02  1.321374e+02  7.980000e+00
     vertex  1.430358e+02  1.321081e+02  7.980000e+00
     vertex  1.489500e+02  1.358000e+02  7.980000e+00
   endloop
 endfacet
 facet normal -0.000000e+00  0.000000e+00  1.000000e+00
   outer loop
     vertex  1.429624e+02  1.321657e+02  7.980000e+00
     vertex  1.429995e+02  1.321374e+02  7.980000e+00
     vertex  1.489500e+02  1.358000e+02  7.980000e+00
   endloop
 endfacet
 facet normal -0.000000e+00  0.000000e+00  1.000000e+00
   outer loop
     vertex  1.429245e+02  1.321929e+02  7.980000e+00
     vertex  1.429624e+02  1.321657e+02  7.980000e+00
     vertex  1.489500e+02  1.358000e+02  7.980000e+00
   endloop
 endfacet
 facet normal -0.000000e+00  0.000000e+00  1.000000e+00
   outer loop
     vertex  1.428860e+02  1.322191e+02  7.980000e+00
     vertex  1.429245e+02  1.321929e+02  7.980000e+00
     vertex  1.489500e+02  1.358000e+02  7.980000e+00
   endloop
 endfacet
 facet normal -0.000000e+00  0.000000e+00  1.000000e+00
   outer loop
     vertex  1.428467e+02  1.322443e+02  7.980000e+00
     vertex  1.428860e+02  1.322191e+02  7.980000e+00
     vertex  1.489500e+02  1.358000e+02  7.980000e+00
   endloop
 endfacet
 facet normal -0.000000e+00  0.000000e+00  1.000000e+00
   outer loop
     vertex  1.428067e+02  1.322683e+02  7.980000e+00
     vertex  1.428467e+02  1.322443e+02  7.980000e+00
     vertex  1.489500e+02  1.358000e+02  7.980000e+00
   endloop
 endfacet
 facet normal -0.000000e+00  0.000000e+00  1.000000e+00
   outer loop
     vertex  1.427661e+02  1.322913e+02  7.980000e+00
     vertex  1.428067e+02  1.322683e+02  7.980000e+00
     vertex  1.489500e+02  1.358000e+02  7.980000e+00
   endloop
 endfacet
 facet normal -0.000000e+00  0.000000e+00  1.000000e+00
   outer loop
     vertex  1.427249e+02  1.323131e+02  7.980000e+00
     vertex  1.427661e+02  1.322913e+02  7.980000e+00
     vertex  1.489500e+02  1.358000e+02  7.980000e+00
   endloop
 endfacet
 facet normal -0.000000e+00  0.000000e+00  1.000000e+00
   outer loop
     vertex  1.426831e+02  1.323338e+02  7.980000e+00
     vertex  1.427249e+02  1.323131e+02  7.980000e+00
     vertex  1.489500e+02  1.358000e+02  7.980000e+00
   endloop
 endfacet
 facet normal -0.000000e+00  0.000000e+00  1.000000e+00
   outer loop
     vertex  1.426407e+02  1.323533e+02  7.980000e+00
     vertex  1.426831e+02  1.323338e+02  7.980000e+00
     vertex  1.489500e+02  1.358000e+02  7.980000e+00
   endloop
 endfacet
 facet normal -0.000000e+00  0.000000e+00  1.000000e+00
   outer loop
     vertex  1.425979e+02  1.323717e+02  7.980000e+00
     vertex  1.426407e+02  1.323533e+02  7.980000e+00
     vertex  1.489500e+02  1.358000e+02  7.980000e+00
   endloop
 endfacet
 facet normal -0.000000e+00  0.000000e+00  1.000000e+00
   outer loop
     vertex  1.425545e+02  1.323889e+02  7.980000e+00
     vertex  1.425979e+02  1.323717e+02  7.980000e+00
     vertex  1.489500e+02  1.358000e+02  7.980000e+00
   endloop
 endfacet
 facet normal -0.000000e+00  0.000000e+00  1.000000e+00
   outer loop
     vertex  1.425107e+02  1.324049e+02  7.980000e+00
     vertex  1.425545e+02  1.323889e+02  7.980000e+00
     vertex  1.489500e+02  1.358000e+02  7.980000e+00
   endloop
 endfacet
 facet normal -0.000000e+00  0.000000e+00  1.000000e+00
   outer loop
     vertex  1.424664e+02  1.324197e+02  7.980000e+00
     vertex  1.425107e+02  1.324049e+02  7.980000e+00
     vertex  1.489500e+02  1.358000e+02  7.980000e+00
   endloop
 endfacet
 facet normal -0.000000e+00  0.000000e+00  1.000000e+00
   outer loop
     vertex  1.424218e+02  1.324332e+02  7.980000e+00
     vertex  1.424664e+02  1.324197e+02  7.980000e+00
     vertex  1.489500e+02  1.358000e+02  7.980000e+00
   endloop
 endfacet
 facet normal -0.000000e+00  0.000000e+00  1.000000e+00
   outer loop
     vertex  1.423768e+02  1.324455e+02  7.980000e+00
     vertex  1.424218e+02  1.324332e+02  7.980000e+00
     vertex  1.489500e+02  1.358000e+02  7.980000e+00
   endloop
 endfacet
 facet normal -0.000000e+00  0.000000e+00  1.000000e+00
   outer loop
     vertex  1.423315e+02  1.324566e+02  7.980000e+00
     vertex  1.423768e+02  1.324455e+02  7.980000e+00
     vertex  1.489500e+02  1.358000e+02  7.980000e+00
   endloop
 endfacet
 facet normal -0.000000e+00  0.000000e+00  1.000000e+00
   outer loop
     vertex  1.422859e+02  1.324665e+02  7.980000e+00
     vertex  1.423315e+02  1.324566e+02  7.980000e+00
     vertex  1.489500e+02  1.358000e+02  7.980000e+00
   endloop
 endfacet
 facet normal -0.000000e+00  0.000000e+00  1.000000e+00
   outer loop
     vertex  1.422401e+02  1.324751e+02  7.980000e+00
     vertex  1.422859e+02  1.324665e+02  7.980000e+00
     vertex  1.489500e+02  1.358000e+02  7.980000e+00
   endloop
 endfacet
 facet normal -0.000000e+00  0.000000e+00  1.000000e+00
   outer loop
     vertex  1.421940e+02  1.324824e+02  7.980000e+00
     vertex  1.422401e+02  1.324751e+02  7.980000e+00
     vertex  1.489500e+02  1.358000e+02  7.980000e+00
   endloop
 endfacet
 facet normal -0.000000e+00  0.000000e+00  1.000000e+00
   outer loop
     vertex  1.421478e+02  1.324885e+02  7.980000e+00
     vertex  1.421940e+02  1.324824e+02  7.980000e+00
     vertex  1.489500e+02  1.358000e+02  7.980000e+00
   endloop
 endfacet
 facet normal -0.000000e+00  0.000000e+00  1.000000e+00
   outer loop
     vertex  1.421014e+02  1.324932e+02  7.980000e+00
     vertex  1.421478e+02  1.324885e+02  7.980000e+00
     vertex  1.489500e+02  1.358000e+02  7.980000e+00
   endloop
 endfacet
 facet normal -0.000000e+00  0.000000e+00  1.000000e+00
   outer loop
     vertex  1.420549e+02  1.324968e+02  7.980000e+00
     vertex  1.421014e+02  1.324932e+02  7.980000e+00
     vertex  1.489500e+02  1.358000e+02  7.980000e+00
   endloop
 endfacet
 facet normal -0.000000e+00  0.000000e+00  1.000000e+00
   outer loop
     vertex  1.420083e+02  1.324990e+02  7.980000e+00
     vertex  1.420549e+02  1.324968e+02  7.980000e+00
     vertex  1.489500e+02  1.358000e+02  7.980000e+00
   endloop
 endfacet
 facet normal -0.000000e+00  0.000000e+00  1.000000e+00
   outer loop
     vertex  1.419617e+02  1.325000e+02  7.980000e+00
     vertex  1.420083e+02  1.324990e+02  7.980000e+00
     vertex  1.489500e+02  1.358000e+02  7.980000e+00
   endloop
 endfacet
 facet normal -0.000000e+00  0.000000e+00  1.000000e+00
   outer loop
     vertex  1.349500e+02  1.256000e+02  7.980000e+00
     vertex  1.211750e+02  3.450000e+01  7.980000e+00
     vertex  1.489500e+02  1.256000e+02  7.980000e+00
   endloop
 endfacet
 facet normal  0.000000e+00  0.000000e+00  1.000000e+00
   outer loop
     vertex  1.349500e+02  1.256000e+02  7.980000e+00
     vertex  1.402514e+02  1.307301e+02  7.980000e+00
     vertex  1.402502e+02  1.307767e+02  7.980000e+00
   endloop
 endfacet
 facet normal  0.000000e+00  0.000000e+00  1.000000e+00
   outer loop
     vertex  1.349500e+02  1.256000e+02  7.980000e+00
     vertex  1.402540e+02  1.306835e+02  7.980000e+00
     vertex  1.402514e+02  1.307301e+02  7.980000e+00
   endloop
 endfacet
 facet normal  0.000000e+00  0.000000e+00  1.000000e+00
   outer loop
     vertex  1.349500e+02  1.256000e+02  7.980000e+00
     vertex  1.402578e+02  1.306370e+02  7.980000e+00
     vertex  1.402540e+02  1.306835e+02  7.980000e+00
   endloop
 endfacet
 facet normal  0.000000e+00  0.000000e+00  1.000000e+00
   outer loop
     vertex  1.349500e+02  1.256000e+02  7.980000e+00
     vertex  1.402629e+02  1.305906e+02  7.980000e+00
     vertex  1.402578e+02  1.306370e+02  7.980000e+00
   endloop
 endfacet
 facet normal  0.000000e+00  0.000000e+00  1.000000e+00
   outer loop
     vertex  1.349500e+02  1.256000e+02  7.980000e+00
     vertex  1.402693e+02  1.305444e+02  7.980000e+00
     vertex  1.402629e+02  1.305906e+02  7.980000e+00
   endloop
 endfacet
 facet normal  0.000000e+00  0.000000e+00  1.000000e+00
   outer loop
     vertex  1.349500e+02  1.256000e+02  7.980000e+00
     vertex  1.402770e+02  1.304984e+02  7.980000e+00
     vertex  1.402693e+02  1.305444e+02  7.980000e+00
   endloop
 endfacet
 facet normal  0.000000e+00  0.000000e+00  1.000000e+00
   outer loop
     vertex  1.349500e+02  1.256000e+02  7.980000e+00
     vertex  1.402859e+02  1.304526e+02  7.980000e+00
     vertex  1.402770e+02  1.304984e+02  7.980000e+00
   endloop
 endfacet
 facet normal  0.000000e+00  0.000000e+00  1.000000e+00
   outer loop
     vertex  1.349500e+02  1.256000e+02  7.980000e+00
     vertex  1.402960e+02  1.304071e+02  7.980000e+00
     vertex  1.402859e+02  1.304526e+02  7.980000e+00
   endloop
 endfacet
 facet normal  0.000000e+00  0.000000e+00  1.000000e+00
   outer loop
     vertex  1.349500e+02  1.256000e+02  7.980000e+00
     vertex  1.403074e+02  1.303619e+02  7.980000e+00
     vertex  1.402960e+02  1.304071e+02  7.980000e+00
   endloop
 endfacet
 facet normal  0.000000e+00  0.000000e+00  1.000000e+00
   outer loop
     vertex  1.349500e+02  1.256000e+02  7.980000e+00
     vertex  1.403201e+02  1.303170e+02  7.980000e+00
     vertex  1.403074e+02  1.303619e+02  7.980000e+00
   endloop
 endfacet
 facet normal  0.000000e+00  0.000000e+00  1.000000e+00
   outer loop
     vertex  1.349500e+02  1.256000e+02  7.980000e+00
     vertex  1.403339e+02  1.302725e+02  7.980000e+00
     vertex  1.403201e+02  1.303170e+02  7.980000e+00
   endloop
 endfacet
 facet normal  0.000000e+00  0.000000e+00  1.000000e+00
   outer loop
     vertex  1.349500e+02  1.256000e+02  7.980000e+00
     vertex  1.403490e+02  1.302283e+02  7.980000e+00
     vertex  1.403339e+02  1.302725e+02  7.980000e+00
   endloop
 endfacet
 facet normal  0.000000e+00  0.000000e+00  1.000000e+00
   outer loop
     vertex  1.349500e+02  1.256000e+02  7.980000e+00
     vertex  1.403653e+02  1.301846e+02  7.980000e+00
     vertex  1.403490e+02  1.302283e+02  7.980000e+00
   endloop
 endfacet
 facet normal  0.000000e+00  0.000000e+00  1.000000e+00
   outer loop
     vertex  1.349500e+02  1.256000e+02  7.980000e+00
     vertex  1.403828e+02  1.301414e+02  7.980000e+00
     vertex  1.403653e+02  1.301846e+02  7.980000e+00
   endloop
 endfacet
 facet normal  0.000000e+00  0.000000e+00  1.000000e+00
   outer loop
     vertex  1.349500e+02  1.256000e+02  7.980000e+00
     vertex  1.404014e+02  1.300986e+02  7.980000e+00
     vertex  1.403828e+02  1.301414e+02  7.980000e+00
   endloop
 endfacet
 facet normal  0.000000e+00  0.000000e+00  1.000000e+00
   outer loop
     vertex  1.349500e+02  1.256000e+02  7.980000e+00
     vertex  1.404213e+02  1.300564e+02  7.980000e+00
     vertex  1.404014e+02  1.300986e+02  7.980000e+00
   endloop
 endfacet
 facet normal  0.000000e+00  0.000000e+00  1.000000e+00
   outer loop
     vertex  1.349500e+02  1.256000e+02  7.980000e+00
     vertex  1.404422e+02  1.300147e+02  7.980000e+00
     vertex  1.404213e+02  1.300564e+02  7.980000e+00
   endloop
 endfacet
 facet normal  0.000000e+00  0.000000e+00  1.000000e+00
   outer loop
     vertex  1.349500e+02  1.256000e+02  7.980000e+00
     vertex  1.404643e+02  1.299737e+02  7.980000e+00
     vertex  1.404422e+02  1.300147e+02  7.980000e+00
   endloop
 endfacet
 facet normal  0.000000e+00  0.000000e+00  1.000000e+00
   outer loop
     vertex  1.349500e+02  1.256000e+02  7.980000e+00
     vertex  1.404876e+02  1.299332e+02  7.980000e+00
     vertex  1.404643e+02  1.299737e+02  7.980000e+00
   endloop
 endfacet
 facet normal  0.000000e+00  0.000000e+00  1.000000e+00
   outer loop
     vertex  1.349500e+02  1.256000e+02  7.980000e+00
     vertex  1.405119e+02  1.298934e+02  7.980000e+00
     vertex  1.404876e+02  1.299332e+02  7.980000e+00
   endloop
 endfacet
 facet normal  0.000000e+00  0.000000e+00  1.000000e+00
   outer loop
     vertex  1.349500e+02  1.256000e+02  7.980000e+00
     vertex  1.405373e+02  1.298543e+02  7.980000e+00
     vertex  1.405119e+02  1.298934e+02  7.980000e+00
   endloop
 endfacet
 facet normal  0.000000e+00  0.000000e+00  1.000000e+00
   outer loop
     vertex  1.349500e+02  1.256000e+02  7.980000e+00
     vertex  1.405638e+02  1.298159e+02  7.980000e+00
     vertex  1.405373e+02  1.298543e+02  7.980000e+00
   endloop
 endfacet
 facet normal  0.000000e+00  0.000000e+00  1.000000e+00
   outer loop
     vertex  1.349500e+02  1.256000e+02  7.980000e+00
     vertex  1.405913e+02  1.297783e+02  7.980000e+00
     vertex  1.405638e+02  1.298159e+02  7.980000e+00
   endloop
 endfacet
 facet normal  0.000000e+00  0.000000e+00  1.000000e+00
   outer loop
     vertex  1.349500e+02  1.256000e+02  7.980000e+00
     vertex  1.406198e+02  1.297414e+02  7.980000e+00
     vertex  1.405913e+02  1.297783e+02  7.980000e+00
   endloop
 endfacet
 facet normal  0.000000e+00  0.000000e+00  1.000000e+00
   outer loop
     vertex  1.349500e+02  1.256000e+02  7.980000e+00
     vertex  1.406494e+02  1.297053e+02  7.980000e+00
     vertex  1.406198e+02  1.297414e+02  7.980000e+00
   endloop
 endfacet
 facet normal  0.000000e+00  0.000000e+00  1.000000e+00
   outer loop
     vertex  1.349500e+02  1.256000e+02  7.980000e+00
     vertex  1.406799e+02  1.296700e+02  7.980000e+00
     vertex  1.406494e+02  1.297053e+02  7.980000e+00
   endloop
 endfacet
 facet normal  0.000000e+00  0.000000e+00  1.000000e+00
   outer loop
     vertex  1.349500e+02  1.256000e+02  7.980000e+00
     vertex  1.407114e+02  1.296356e+02  7.980000e+00
     vertex  1.406799e+02  1.296700e+02  7.980000e+00
   endloop
 endfacet
 facet normal  0.000000e+00  0.000000e+00  1.000000e+00
   outer loop
     vertex  1.349500e+02  1.256000e+02  7.980000e+00
     vertex  1.407438e+02  1.296020e+02  7.980000e+00
     vertex  1.407114e+02  1.296356e+02  7.980000e+00
   endloop
 endfacet
 facet normal  0.000000e+00  0.000000e+00  1.000000e+00
   outer loop
     vertex  1.349500e+02  1.256000e+02  7.980000e+00
     vertex  1.407771e+02  1.295694e+02  7.980000e+00
     vertex  1.407438e+02  1.296020e+02  7.980000e+00
   endloop
 endfacet
 facet normal  0.000000e+00  0.000000e+00  1.000000e+00
   outer loop
     vertex  1.349500e+02  1.256000e+02  7.980000e+00
     vertex  1.408113e+02  1.295377e+02  7.980000e+00
     vertex  1.407771e+02  1.295694e+02  7.980000e+00
   endloop
 endfacet
 facet normal  0.000000e+00  0.000000e+00  1.000000e+00
   outer loop
     vertex  1.349500e+02  1.256000e+02  7.980000e+00
     vertex  1.408464e+02  1.295069e+02  7.980000e+00
     vertex  1.408113e+02  1.295377e+02  7.980000e+00
   endloop
 endfacet
 facet normal  0.000000e+00  0.000000e+00  1.000000e+00
   outer loop
     vertex  1.349500e+02  1.256000e+02  7.980000e+00
     vertex  1.408823e+02  1.294771e+02  7.980000e+00
     vertex  1.408464e+02  1.295069e+02  7.980000e+00
   endloop
 endfacet
 facet normal  0.000000e+00  0.000000e+00  1.000000e+00
   outer loop
     vertex  1.349500e+02  1.256000e+02  7.980000e+00
     vertex  1.409190e+02  1.294483e+02  7.980000e+00
     vertex  1.408823e+02  1.294771e+02  7.980000e+00
   endloop
 endfacet
 facet normal  0.000000e+00  0.000000e+00  1.000000e+00
   outer loop
     vertex  1.349500e+02  1.256000e+02  7.980000e+00
     vertex  1.409564e+02  1.294206e+02  7.980000e+00
     vertex  1.409190e+02  1.294483e+02  7.980000e+00
   endloop
 endfacet
 facet normal  0.000000e+00  0.000000e+00  1.000000e+00
   outer loop
     vertex  1.349500e+02  1.256000e+02  7.980000e+00
     vertex  1.409947e+02  1.293938e+02  7.980000e+00
     vertex  1.409564e+02  1.294206e+02  7.980000e+00
   endloop
 endfacet
 facet normal  0.000000e+00  0.000000e+00  1.000000e+00
   outer loop
     vertex  1.349500e+02  1.256000e+02  7.980000e+00
     vertex  1.410336e+02  1.293682e+02  7.980000e+00
     vertex  1.409947e+02  1.293938e+02  7.980000e+00
   endloop
 endfacet
 facet normal  0.000000e+00  0.000000e+00  1.000000e+00
   outer loop
     vertex  1.349500e+02  1.256000e+02  7.980000e+00
     vertex  1.410732e+02  1.293436e+02  7.980000e+00
     vertex  1.410336e+02  1.293682e+02  7.980000e+00
   endloop
 endfacet
 facet normal  0.000000e+00  0.000000e+00  1.000000e+00
   outer loop
     vertex  1.349500e+02  1.256000e+02  7.980000e+00
     vertex  1.411135e+02  1.293200e+02  7.980000e+00
     vertex  1.410732e+02  1.293436e+02  7.980000e+00
   endloop
 endfacet
 facet normal  0.000000e+00  0.000000e+00  1.000000e+00
   outer loop
     vertex  1.349500e+02  1.256000e+02  7.980000e+00
     vertex  1.411544e+02  1.292977e+02  7.980000e+00
     vertex  1.411135e+02  1.293200e+02  7.980000e+00
   endloop
 endfacet
 facet normal  0.000000e+00  0.000000e+00  1.000000e+00
   outer loop
     vertex  1.349500e+02  1.256000e+02  7.980000e+00
     vertex  1.411959e+02  1.292764e+02  7.980000e+00
     vertex  1.411544e+02  1.292977e+02  7.980000e+00
   endloop
 endfacet
 facet normal  0.000000e+00  0.000000e+00  1.000000e+00
   outer loop
     vertex  1.349500e+02  1.256000e+02  7.980000e+00
     vertex  1.412380e+02  1.292563e+02  7.980000e+00
     vertex  1.411959e+02  1.292764e+02  7.980000e+00
   endloop
 endfacet
 facet normal  0.000000e+00  0.000000e+00  1.000000e+00
   outer loop
     vertex  1.349500e+02  1.256000e+02  7.980000e+00
     vertex  1.412806e+02  1.292373e+02  7.980000e+00
     vertex  1.412380e+02  1.292563e+02  7.980000e+00
   endloop
 endfacet
 facet normal  0.000000e+00  0.000000e+00  1.000000e+00
   outer loop
     vertex  1.349500e+02  1.256000e+02  7.980000e+00
     vertex  1.413238e+02  1.292196e+02  7.980000e+00
     vertex  1.412806e+02  1.292373e+02  7.980000e+00
   endloop
 endfacet
 facet normal  0.000000e+00  0.000000e+00  1.000000e+00
   outer loop
     vertex  1.349500e+02  1.256000e+02  7.980000e+00
     vertex  1.413673e+02  1.292030e+02  7.980000e+00
     vertex  1.413238e+02  1.292196e+02  7.980000e+00
   endloop
 endfacet
 facet normal  0.000000e+00  0.000000e+00  1.000000e+00
   outer loop
     vertex  1.349500e+02  1.256000e+02  7.980000e+00
     vertex  1.414114e+02  1.291876e+02  7.980000e+00
     vertex  1.413673e+02  1.292030e+02  7.980000e+00
   endloop
 endfacet
 facet normal  0.000000e+00  0.000000e+00  1.000000e+00
   outer loop
     vertex  1.349500e+02  1.256000e+02  7.980000e+00
     vertex  1.414558e+02  1.291734e+02  7.980000e+00
     vertex  1.414114e+02  1.291876e+02  7.980000e+00
   endloop
 endfacet
 facet normal  0.000000e+00  0.000000e+00  1.000000e+00
   outer loop
     vertex  1.349500e+02  1.256000e+02  7.980000e+00
     vertex  1.415006e+02  1.291605e+02  7.980000e+00
     vertex  1.414558e+02  1.291734e+02  7.980000e+00
   endloop
 endfacet
 facet normal  0.000000e+00  0.000000e+00  1.000000e+00
   outer loop
     vertex  1.349500e+02  1.256000e+02  7.980000e+00
     vertex  1.415458e+02  1.291488e+02  7.980000e+00
     vertex  1.415006e+02  1.291605e+02  7.980000e+00
   endloop
 endfacet
 facet normal  0.000000e+00  0.000000e+00  1.000000e+00
   outer loop
     vertex  1.349500e+02  1.256000e+02  7.980000e+00
     vertex  1.415912e+02  1.291383e+02  7.980000e+00
     vertex  1.415458e+02  1.291488e+02  7.980000e+00
   endloop
 endfacet
 facet normal  0.000000e+00  0.000000e+00  1.000000e+00
   outer loop
     vertex  1.349500e+02  1.256000e+02  7.980000e+00
     vertex  1.416370e+02  1.291291e+02  7.980000e+00
     vertex  1.415912e+02  1.291383e+02  7.980000e+00
   endloop
 endfacet
 facet normal  0.000000e+00  0.000000e+00  1.000000e+00
   outer loop
     vertex  1.349500e+02  1.256000e+02  7.980000e+00
     vertex  1.416829e+02  1.291211e+02  7.980000e+00
     vertex  1.416370e+02  1.291291e+02  7.980000e+00
   endloop
 endfacet
 facet normal  0.000000e+00  0.000000e+00  1.000000e+00
   outer loop
     vertex  1.349500e+02  1.256000e+02  7.980000e+00
     vertex  1.417291e+02  1.291144e+02  7.980000e+00
     vertex  1.416829e+02  1.291211e+02  7.980000e+00
   endloop
 endfacet
 facet normal  0.000000e+00  0.000000e+00  1.000000e+00
   outer loop
     vertex  1.349500e+02  1.256000e+02  7.980000e+00
     vertex  1.417754e+02  1.291090e+02  7.980000e+00
     vertex  1.417291e+02  1.291144e+02  7.980000e+00
   endloop
 endfacet
 facet normal  0.000000e+00  0.000000e+00  1.000000e+00
   outer loop
     vertex  1.349500e+02  1.256000e+02  7.980000e+00
     vertex  1.418219e+02  1.291048e+02  7.980000e+00
     vertex  1.417754e+02  1.291090e+02  7.980000e+00
   endloop
 endfacet
 facet normal  0.000000e+00  0.000000e+00  1.000000e+00
   outer loop
     vertex  1.349500e+02  1.256000e+02  7.980000e+00
     vertex  1.418684e+02  1.291020e+02  7.980000e+00
     vertex  1.418219e+02  1.291048e+02  7.980000e+00
   endloop
 endfacet
 facet normal  0.000000e+00  0.000000e+00  1.000000e+00
   outer loop
     vertex  1.349500e+02  1.256000e+02  7.980000e+00
     vertex  1.419150e+02  1.291004e+02  7.980000e+00
     vertex  1.418684e+02  1.291020e+02  7.980000e+00
   endloop
 endfacet
 facet normal  0.000000e+00  0.000000e+00  1.000000e+00
   outer loop
     vertex  1.349500e+02  1.256000e+02  7.980000e+00
     vertex  1.419617e+02  1.291000e+02  7.980000e+00
     vertex  1.419150e+02  1.291004e+02  7.980000e+00
   endloop
 endfacet
 facet normal  0.000000e+00  0.000000e+00  1.000000e+00
   outer loop
     vertex  1.349500e+02  1.256000e+02  7.980000e+00
     vertex  1.489500e+02  1.256000e+02  7.980000e+00
     vertex  1.419617e+02  1.291000e+02  7.980000e+00
   endloop
 endfacet
 facet normal  0.000000e+00  0.000000e+00  1.000000e+00
   outer loop
     vertex  1.420000e+01  1.420000e+01  7.980000e+00
     vertex  4.985000e+01  1.420000e+01  7.980000e+00
     vertex  7.742500e+01  3.450000e+01  7.980000e+00
   endloop
 endfacet
 facet normal  0.000000e+00  0.000000e+00  1.000000e+00
   outer loop
     vertex  1.349500e+02  1.358000e+02  7.980000e+00
     vertex  1.404422e+02  1.315853e+02  7.980000e+00
     vertex  1.404643e+02  1.316263e+02  7.980000e+00
   endloop
 endfacet
 facet normal  0.000000e+00  0.000000e+00  1.000000e+00
   outer loop
     vertex  1.349500e+02  1.358000e+02  7.980000e+00
     vertex  1.404213e+02  1.315436e+02  7.980000e+00
     vertex  1.404422e+02  1.315853e+02  7.980000e+00
   endloop
 endfacet
 facet normal  0.000000e+00  0.000000e+00  1.000000e+00
   outer loop
     vertex  1.349500e+02  1.358000e+02  7.980000e+00
     vertex  1.404014e+02  1.315014e+02  7.980000e+00
     vertex  1.404213e+02  1.315436e+02  7.980000e+00
   endloop
 endfacet
 facet normal  0.000000e+00  0.000000e+00  1.000000e+00
   outer loop
     vertex  1.349500e+02  1.358000e+02  7.980000e+00
     vertex  1.403828e+02  1.314586e+02  7.980000e+00
     vertex  1.404014e+02  1.315014e+02  7.980000e+00
   endloop
 endfacet
 facet normal  0.000000e+00  0.000000e+00  1.000000e+00
   outer loop
     vertex  1.349500e+02  1.358000e+02  7.980000e+00
     vertex  1.403653e+02  1.314154e+02  7.980000e+00
     vertex  1.403828e+02  1.314586e+02  7.980000e+00
   endloop
 endfacet
 facet normal  0.000000e+00  0.000000e+00  1.000000e+00
   outer loop
     vertex  1.349500e+02  1.358000e+02  7.980000e+00
     vertex  1.403490e+02  1.313717e+02  7.980000e+00
     vertex  1.403653e+02  1.314154e+02  7.980000e+00
   endloop
 endfacet
 facet normal  0.000000e+00  0.000000e+00  1.000000e+00
   outer loop
     vertex  1.349500e+02  1.358000e+02  7.980000e+00
     vertex  1.403339e+02  1.313275e+02  7.980000e+00
     vertex  1.403490e+02  1.313717e+02  7.980000e+00
   endloop
 endfacet
 facet normal  0.000000e+00  0.000000e+00  1.000000e+00
   outer loop
     vertex  1.349500e+02  1.358000e+02  7.980000e+00
     vertex  1.403201e+02  1.312830e+02  7.980000e+00
     vertex  1.403339e+02  1.313275e+02  7.980000e+00
   endloop
 endfacet
 facet normal  0.000000e+00  0.000000e+00  1.000000e+00
   outer loop
     vertex  1.349500e+02  1.358000e+02  7.980000e+00
     vertex  1.403074e+02  1.312381e+02  7.980000e+00
     vertex  1.403201e+02  1.312830e+02  7.980000e+00
   endloop
 endfacet
 facet normal  0.000000e+00  0.000000e+00  1.000000e+00
   outer loop
     vertex  1.349500e+02  1.358000e+02  7.980000e+00
     vertex  1.402960e+02  1.311929e+02  7.980000e+00
     vertex  1.403074e+02  1.312381e+02  7.980000e+00
   endloop
 endfacet
 facet normal  0.000000e+00  0.000000e+00  1.000000e+00
   outer loop
     vertex  1.349500e+02  1.358000e+02  7.980000e+00
     vertex  1.402859e+02  1.311474e+02  7.980000e+00
     vertex  1.402960e+02  1.311929e+02  7.980000e+00
   endloop
 endfacet
 facet normal  0.000000e+00  0.000000e+00  1.000000e+00
   outer loop
     vertex  1.349500e+02  1.358000e+02  7.980000e+00
     vertex  1.402770e+02  1.311016e+02  7.980000e+00
     vertex  1.402859e+02  1.311474e+02  7.980000e+00
   endloop
 endfacet
 facet normal  0.000000e+00  0.000000e+00  1.000000e+00
   outer loop
     vertex  1.349500e+02  1.358000e+02  7.980000e+00
     vertex  1.402693e+02  1.310556e+02  7.980000e+00
     vertex  1.402770e+02  1.311016e+02  7.980000e+00
   endloop
 endfacet
 facet normal  0.000000e+00  0.000000e+00  1.000000e+00
   outer loop
     vertex  1.349500e+02  1.358000e+02  7.980000e+00
     vertex  1.402629e+02  1.310094e+02  7.980000e+00
     vertex  1.402693e+02  1.310556e+02  7.980000e+00
   endloop
 endfacet
 facet normal  0.000000e+00  0.000000e+00  1.000000e+00
   outer loop
     vertex  1.349500e+02  1.358000e+02  7.980000e+00
     vertex  1.402578e+02  1.309630e+02  7.980000e+00
     vertex  1.402629e+02  1.310094e+02  7.980000e+00
   endloop
 endfacet
 facet normal  0.000000e+00  0.000000e+00  1.000000e+00
   outer loop
     vertex  1.349500e+02  1.358000e+02  7.980000e+00
     vertex  1.402540e+02  1.309165e+02  7.980000e+00
     vertex  1.402578e+02  1.309630e+02  7.980000e+00
   endloop
 endfacet
 facet normal  0.000000e+00  0.000000e+00  1.000000e+00
   outer loop
     vertex  1.349500e+02  1.358000e+02  7.980000e+00
     vertex  1.402514e+02  1.308699e+02  7.980000e+00
     vertex  1.402540e+02  1.309165e+02  7.980000e+00
   endloop
 endfacet
 facet normal  0.000000e+00  0.000000e+00  1.000000e+00
   outer loop
     vertex  1.349500e+02  1.358000e+02  7.980000e+00
     vertex  1.402502e+02  1.308233e+02  7.980000e+00
     vertex  1.402514e+02  1.308699e+02  7.980000e+00
   endloop
 endfacet
 facet normal  0.000000e+00  0.000000e+00  1.000000e+00
   outer loop
     vertex  1.349500e+02  1.358000e+02  7.980000e+00
     vertex  1.402502e+02  1.307767e+02  7.980000e+00
     vertex  1.402502e+02  1.308233e+02  7.980000e+00
   endloop
 endfacet
 facet normal  0.000000e+00  0.000000e+00  1.000000e+00
   outer loop
     vertex  1.349500e+02  1.358000e+02  7.980000e+00
     vertex  1.419150e+02  1.324996e+02  7.980000e+00
     vertex  1.419617e+02  1.325000e+02  7.980000e+00
   endloop
 endfacet
 facet normal  0.000000e+00  0.000000e+00  1.000000e+00
   outer loop
     vertex  1.349500e+02  1.358000e+02  7.980000e+00
     vertex  1.418684e+02  1.324980e+02  7.980000e+00
     vertex  1.419150e+02  1.324996e+02  7.980000e+00
   endloop
 endfacet
 facet normal  0.000000e+00  0.000000e+00  1.000000e+00
   outer loop
     vertex  1.349500e+02  1.358000e+02  7.980000e+00
     vertex  1.418219e+02  1.324952e+02  7.980000e+00
     vertex  1.418684e+02  1.324980e+02  7.980000e+00
   endloop
 endfacet
 facet normal  0.000000e+00  0.000000e+00  1.000000e+00
   outer loop
     vertex  1.349500e+02  1.358000e+02  7.980000e+00
     vertex  1.417754e+02  1.324910e+02  7.980000e+00
     vertex  1.418219e+02  1.324952e+02  7.980000e+00
   endloop
 endfacet
 facet normal  0.000000e+00  0.000000e+00  1.000000e+00
   outer loop
     vertex  1.349500e+02  1.358000e+02  7.980000e+00
     vertex  1.417291e+02  1.324856e+02  7.980000e+00
     vertex  1.417754e+02  1.324910e+02  7.980000e+00
   endloop
 endfacet
 facet normal  0.000000e+00  0.000000e+00  1.000000e+00
   outer loop
     vertex  1.349500e+02  1.358000e+02  7.980000e+00
     vertex  1.416829e+02  1.324789e+02  7.980000e+00
     vertex  1.417291e+02  1.324856e+02  7.980000e+00
   endloop
 endfacet
 facet normal  0.000000e+00  0.000000e+00  1.000000e+00
   outer loop
     vertex  1.349500e+02  1.358000e+02  7.980000e+00
     vertex  1.416370e+02  1.324709e+02  7.980000e+00
     vertex  1.416829e+02  1.324789e+02  7.980000e+00
   endloop
 endfacet
 facet normal  0.000000e+00  0.000000e+00  1.000000e+00
   outer loop
     vertex  1.349500e+02  1.358000e+02  7.980000e+00
     vertex  1.415912e+02  1.324617e+02  7.980000e+00
     vertex  1.416370e+02  1.324709e+02  7.980000e+00
   endloop
 endfacet
 facet normal  0.000000e+00  0.000000e+00  1.000000e+00
   outer loop
     vertex  1.349500e+02  1.358000e+02  7.980000e+00
     vertex  1.415458e+02  1.324512e+02  7.980000e+00
     vertex  1.415912e+02  1.324617e+02  7.980000e+00
   endloop
 endfacet
 facet normal  0.000000e+00  0.000000e+00  1.000000e+00
   outer loop
     vertex  1.349500e+02  1.358000e+02  7.980000e+00
     vertex  1.415006e+02  1.324395e+02  7.980000e+00
     vertex  1.415458e+02  1.324512e+02  7.980000e+00
   endloop
 endfacet
 facet normal  0.000000e+00  0.000000e+00  1.000000e+00
   outer loop
     vertex  1.349500e+02  1.358000e+02  7.980000e+00
     vertex  1.414558e+02  1.324266e+02  7.980000e+00
     vertex  1.415006e+02  1.324395e+02  7.980000e+00
   endloop
 endfacet
 facet normal  0.000000e+00  0.000000e+00  1.000000e+00
   outer loop
     vertex  1.349500e+02  1.358000e+02  7.980000e+00
     vertex  1.414114e+02  1.324124e+02  7.980000e+00
     vertex  1.414558e+02  1.324266e+02  7.980000e+00
   endloop
 endfacet
 facet normal  0.000000e+00  0.000000e+00  1.000000e+00
   outer loop
     vertex  1.349500e+02  1.358000e+02  7.980000e+00
     vertex  1.413673e+02  1.323970e+02  7.980000e+00
     vertex  1.414114e+02  1.324124e+02  7.980000e+00
   endloop
 endfacet
 facet normal  0.000000e+00  0.000000e+00  1.000000e+00
   outer loop
     vertex  1.349500e+02  1.358000e+02  7.980000e+00
     vertex  1.413238e+02  1.323804e+02  7.980000e+00
     vertex  1.413673e+02  1.323970e+02  7.980000e+00
   endloop
 endfacet
 facet normal  0.000000e+00  0.000000e+00  1.000000e+00
   outer loop
     vertex  1.349500e+02  1.358000e+02  7.980000e+00
     vertex  1.412806e+02  1.323627e+02  7.980000e+00
     vertex  1.413238e+02  1.323804e+02  7.980000e+00
   endloop
 endfacet
 facet normal  0.000000e+00  0.000000e+00  1.000000e+00
   outer loop
     vertex  1.349500e+02  1.358000e+02  7.980000e+00
     vertex  1.412380e+02  1.323437e+02  7.980000e+00
     vertex  1.412806e+02  1.323627e+02  7.980000e+00
   endloop
 endfacet
 facet normal  0.000000e+00  0.000000e+00  1.000000e+00
   outer loop
     vertex  1.349500e+02  1.358000e+02  7.980000e+00
     vertex  1.411959e+02  1.323236e+02  7.980000e+00
     vertex  1.412380e+02  1.323437e+02  7.980000e+00
   endloop
 endfacet
 facet normal  0.000000e+00  0.000000e+00  1.000000e+00
   outer loop
     vertex  1.349500e+02  1.358000e+02  7.980000e+00
     vertex  1.411544e+02  1.323023e+02  7.980000e+00
     vertex  1.411959e+02  1.323236e+02  7.980000e+00
   endloop
 endfacet
 facet normal  0.000000e+00  0.000000e+00  1.000000e+00
   outer loop
     vertex  1.349500e+02  1.358000e+02  7.980000e+00
     vertex  1.411135e+02  1.322800e+02  7.980000e+00
     vertex  1.411544e+02  1.323023e+02  7.980000e+00
   endloop
 endfacet
 facet normal  0.000000e+00  0.000000e+00  1.000000e+00
   outer loop
     vertex  1.349500e+02  1.358000e+02  7.980000e+00
     vertex  1.410732e+02  1.322564e+02  7.980000e+00
     vertex  1.411135e+02  1.322800e+02  7.980000e+00
   endloop
 endfacet
 facet normal  0.000000e+00  0.000000e+00  1.000000e+00
   outer loop
     vertex  1.349500e+02  1.358000e+02  7.980000e+00
     vertex  1.410336e+02  1.322318e+02  7.980000e+00
     vertex  1.410732e+02  1.322564e+02  7.980000e+00
   endloop
 endfacet
 facet normal  0.000000e+00  0.000000e+00  1.000000e+00
   outer loop
     vertex  1.349500e+02  1.358000e+02  7.980000e+00
     vertex  1.409947e+02  1.322062e+02  7.980000e+00
     vertex  1.410336e+02  1.322318e+02  7.980000e+00
   endloop
 endfacet
 facet normal  0.000000e+00  0.000000e+00  1.000000e+00
   outer loop
     vertex  1.349500e+02  1.358000e+02  7.980000e+00
     vertex  1.409564e+02  1.321794e+02  7.980000e+00
     vertex  1.409947e+02  1.322062e+02  7.980000e+00
   endloop
 endfacet
 facet normal  0.000000e+00  0.000000e+00  1.000000e+00
   outer loop
     vertex  1.349500e+02  1.358000e+02  7.980000e+00
     vertex  1.409190e+02  1.321517e+02  7.980000e+00
     vertex  1.409564e+02  1.321794e+02  7.980000e+00
   endloop
 endfacet
 facet normal  0.000000e+00  0.000000e+00  1.000000e+00
   outer loop
     vertex  1.349500e+02  1.358000e+02  7.980000e+00
     vertex  1.408823e+02  1.321229e+02  7.980000e+00
     vertex  1.409190e+02  1.321517e+02  7.980000e+00
   endloop
 endfacet
 facet normal  0.000000e+00  0.000000e+00  1.000000e+00
   outer loop
     vertex  1.349500e+02  1.358000e+02  7.980000e+00
     vertex  1.408464e+02  1.320931e+02  7.980000e+00
     vertex  1.408823e+02  1.321229e+02  7.980000e+00
   endloop
 endfacet
 facet normal  0.000000e+00  0.000000e+00  1.000000e+00
   outer loop
     vertex  1.349500e+02  1.358000e+02  7.980000e+00
     vertex  1.408113e+02  1.320623e+02  7.980000e+00
     vertex  1.408464e+02  1.320931e+02  7.980000e+00
   endloop
 endfacet
 facet normal  0.000000e+00  0.000000e+00  1.000000e+00
   outer loop
     vertex  1.349500e+02  1.358000e+02  7.980000e+00
     vertex  1.407771e+02  1.320306e+02  7.980000e+00
     vertex  1.408113e+02  1.320623e+02  7.980000e+00
   endloop
 endfacet
 facet normal  0.000000e+00  0.000000e+00  1.000000e+00
   outer loop
     vertex  1.349500e+02  1.358000e+02  7.980000e+00
     vertex  1.407438e+02  1.319980e+02  7.980000e+00
     vertex  1.407771e+02  1.320306e+02  7.980000e+00
   endloop
 endfacet
 facet normal  0.000000e+00  0.000000e+00  1.000000e+00
   outer loop
     vertex  1.349500e+02  1.358000e+02  7.980000e+00
     vertex  1.407114e+02  1.319644e+02  7.980000e+00
     vertex  1.407438e+02  1.319980e+02  7.980000e+00
   endloop
 endfacet
 facet normal  0.000000e+00  0.000000e+00  1.000000e+00
   outer loop
     vertex  1.349500e+02  1.358000e+02  7.980000e+00
     vertex  1.406799e+02  1.319300e+02  7.980000e+00
     vertex  1.407114e+02  1.319644e+02  7.980000e+00
   endloop
 endfacet
 facet normal  0.000000e+00  0.000000e+00  1.000000e+00
   outer loop
     vertex  1.349500e+02  1.358000e+02  7.980000e+00
     vertex  1.406494e+02  1.318947e+02  7.980000e+00
     vertex  1.406799e+02  1.319300e+02  7.980000e+00
   endloop
 endfacet
 facet normal  0.000000e+00  0.000000e+00  1.000000e+00
   outer loop
     vertex  1.349500e+02  1.358000e+02  7.980000e+00
     vertex  1.406198e+02  1.318586e+02  7.980000e+00
     vertex  1.406494e+02  1.318947e+02  7.980000e+00
   endloop
 endfacet
 facet normal  0.000000e+00  0.000000e+00  1.000000e+00
   outer loop
     vertex  1.349500e+02  1.358000e+02  7.980000e+00
     vertex  1.405913e+02  1.318217e+02  7.980000e+00
     vertex  1.406198e+02  1.318586e+02  7.980000e+00
   endloop
 endfacet
 facet normal  0.000000e+00  0.000000e+00  1.000000e+00
   outer loop
     vertex  1.349500e+02  1.358000e+02  7.980000e+00
     vertex  1.349500e+02  1.256000e+02  7.980000e+00
     vertex  1.402502e+02  1.307767e+02  7.980000e+00
   endloop
 endfacet
 facet normal  0.000000e+00  0.000000e+00  1.000000e+00
   outer loop
     vertex  1.349500e+02  1.358000e+02  7.980000e+00
     vertex  1.405638e+02  1.317841e+02  7.980000e+00
     vertex  1.405913e+02  1.318217e+02  7.980000e+00
   endloop
 endfacet
 facet normal  0.000000e+00  0.000000e+00  1.000000e+00
   outer loop
     vertex  1.349500e+02  1.358000e+02  7.980000e+00
     vertex  1.405373e+02  1.317457e+02  7.980000e+00
     vertex  1.405638e+02  1.317841e+02  7.980000e+00
   endloop
 endfacet
 facet normal -0.000000e+00  0.000000e+00  1.000000e+00
   outer loop
     vertex  1.349500e+02  1.358000e+02  7.980000e+00
     vertex  1.419617e+02  1.325000e+02  7.980000e+00
     vertex  1.489500e+02  1.358000e+02  7.980000e+00
   endloop
 endfacet
 facet normal  0.000000e+00  0.000000e+00  1.000000e+00
   outer loop
     vertex  1.349500e+02  1.358000e+02  7.980000e+00
     vertex  1.405119e+02  1.317066e+02  7.980000e+00
     vertex  1.405373e+02  1.317457e+02  7.980000e+00
   endloop
 endfacet
 facet normal  0.000000e+00  0.000000e+00  1.000000e+00
   outer loop
     vertex  1.349500e+02  1.358000e+02  7.980000e+00
     vertex  1.404876e+02  1.316668e+02  7.980000e+00
     vertex  1.405119e+02  1.317066e+02  7.980000e+00
   endloop
 endfacet
 facet normal  0.000000e+00  0.000000e+00  1.000000e+00
   outer loop
     vertex  1.349500e+02  1.358000e+02  7.980000e+00
     vertex  1.404643e+02  1.316263e+02  7.980000e+00
     vertex  1.404876e+02  1.316668e+02  7.980000e+00
   endloop
 endfacet
 facet normal  0.000000e+00  0.000000e+00  1.000000e+00
   outer loop
     vertex  6.385000e+01  1.256000e+02  7.980000e+00
     vertex  7.742500e+01  3.450000e+01  7.980000e+00
     vertex  1.211750e+02  3.450000e+01  7.980000e+00
   endloop
 endfacet
 facet normal -0.000000e+00  0.000000e+00  1.000000e+00
   outer loop
     vertex  6.385000e+01  1.256000e+02  7.980000e+00
     vertex  1.211750e+02  3.450000e+01  7.980000e+00
     vertex  1.349500e+02  1.256000e+02  7.980000e+00
   endloop
 endfacet
 facet normal  0.000000e+00  0.000000e+00  1.000000e+00
   outer loop
     vertex  5.807252e+01  1.296187e+02  7.980000e+00
     vertex  5.803965e+01  1.295856e+02  7.980000e+00
     vertex  6.385000e+01  1.256000e+02  7.980000e+00
   endloop
 endfacet
 facet normal -0.000000e+00  0.000000e+00  1.000000e+00
   outer loop
     vertex  5.800589e+01  1.295534e+02  7.980000e+00
     vertex  6.385000e+01  1.256000e+02  7.980000e+00
     vertex  5.803965e+01  1.295856e+02  7.980000e+00
   endloop
 endfacet
 facet normal  0.000000e+00  0.000000e+00  1.000000e+00
   outer loop
     vertex  5.810447e+01  1.296527e+02  7.980000e+00
     vertex  5.807252e+01  1.296187e+02  7.980000e+00
     vertex  6.385000e+01  1.256000e+02  7.980000e+00
   endloop
 endfacet
 facet normal -0.000000e+00  0.000000e+00  1.000000e+00
   outer loop
     vertex  5.797125e+01  1.295222e+02  7.980000e+00
     vertex  6.385000e+01  1.256000e+02  7.980000e+00
     vertex  5.800589e+01  1.295534e+02  7.980000e+00
   endloop
 endfacet
 facet normal  0.000000e+00  0.000000e+00  1.000000e+00
   outer loop
     vertex  5.813547e+01  1.296875e+02  7.980000e+00
     vertex  5.810447e+01  1.296527e+02  7.980000e+00
     vertex  6.385000e+01  1.256000e+02  7.980000e+00
   endloop
 endfacet
 facet normal -0.000000e+00  0.000000e+00  1.000000e+00
   outer loop
     vertex  5.793578e+01  1.294919e+02  7.980000e+00
     vertex  6.385000e+01  1.256000e+02  7.980000e+00
     vertex  5.797125e+01  1.295222e+02  7.980000e+00
   endloop
 endfacet
 facet normal  0.000000e+00  0.000000e+00  1.000000e+00
   outer loop
     vertex  5.816550e+01  1.297232e+02  7.980000e+00
     vertex  5.813547e+01  1.296875e+02  7.980000e+00
     vertex  6.385000e+01  1.256000e+02  7.980000e+00
   endloop
 endfacet
 facet normal -0.000000e+00  0.000000e+00  1.000000e+00
   outer loop
     vertex  5.789948e+01  1.294626e+02  7.980000e+00
     vertex  6.385000e+01  1.256000e+02  7.980000e+00
     vertex  5.793578e+01  1.294919e+02  7.980000e+00
   endloop
 endfacet
 facet normal  0.000000e+00  0.000000e+00  1.000000e+00
   outer loop
     vertex  5.819455e+01  1.297597e+02  7.980000e+00
     vertex  5.816550e+01  1.297232e+02  7.980000e+00
     vertex  6.385000e+01  1.256000e+02  7.980000e+00
   endloop
 endfacet
 facet normal -0.000000e+00  0.000000e+00  1.000000e+00
   outer loop
     vertex  5.786240e+01  1.294343e+02  7.980000e+00
     vertex  6.385000e+01  1.256000e+02  7.980000e+00
     vertex  5.789948e+01  1.294626e+02  7.980000e+00
   endloop
 endfacet
 facet normal  0.000000e+00  0.000000e+00  1.000000e+00
   outer loop
     vertex  5.822258e+01  1.297970e+02  7.980000e+00
     vertex  5.819455e+01  1.297597e+02  7.980000e+00
     vertex  6.385000e+01  1.256000e+02  7.980000e+00
   endloop
 endfacet
 facet normal -0.000000e+00  0.000000e+00  1.000000e+00
   outer loop
     vertex  5.782455e+01  1.294071e+02  7.980000e+00
     vertex  6.385000e+01  1.256000e+02  7.980000e+00
     vertex  5.786240e+01  1.294343e+02  7.980000e+00
   endloop
 endfacet
 facet normal  0.000000e+00  0.000000e+00  1.000000e+00
   outer loop
     vertex  5.824958e+01  1.298350e+02  7.980000e+00
     vertex  5.822258e+01  1.297970e+02  7.980000e+00
     vertex  6.385000e+01  1.256000e+02  7.980000e+00
   endloop
 endfacet
 facet normal -0.000000e+00  0.000000e+00  1.000000e+00
   outer loop
     vertex  5.778597e+01  1.293809e+02  7.980000e+00
     vertex  6.385000e+01  1.256000e+02  7.980000e+00
     vertex  5.782455e+01  1.294071e+02  7.980000e+00
   endloop
 endfacet
 facet normal  0.000000e+00  0.000000e+00  1.000000e+00
   outer loop
     vertex  5.827553e+01  1.298738e+02  7.980000e+00
     vertex  5.824958e+01  1.298350e+02  7.980000e+00
     vertex  6.385000e+01  1.256000e+02  7.980000e+00
   endloop
 endfacet
 facet normal -0.000000e+00  0.000000e+00  1.000000e+00
   outer loop
     vertex  5.774668e+01  1.293557e+02  7.980000e+00
     vertex  6.385000e+01  1.256000e+02  7.980000e+00
     vertex  5.778597e+01  1.293809e+02  7.980000e+00
   endloop
 endfacet
 facet normal  0.000000e+00  0.000000e+00  1.000000e+00
   outer loop
     vertex  5.830040e+01  1.299132e+02  7.980000e+00
     vertex  5.827553e+01  1.298738e+02  7.980000e+00
     vertex  6.385000e+01  1.256000e+02  7.980000e+00
   endloop
 endfacet
 facet normal -0.000000e+00  0.000000e+00  1.000000e+00
   outer loop
     vertex  5.770672e+01  1.293317e+02  7.980000e+00
     vertex  6.385000e+01  1.256000e+02  7.980000e+00
     vertex  5.774668e+01  1.293557e+02  7.980000e+00
   endloop
 endfacet
 facet normal  0.000000e+00  0.000000e+00  1.000000e+00
   outer loop
     vertex  5.832418e+01  1.299534e+02  7.980000e+00
     vertex  5.830040e+01  1.299132e+02  7.980000e+00
     vertex  6.385000e+01  1.256000e+02  7.980000e+00
   endloop
 endfacet
 facet normal -0.000000e+00  0.000000e+00  1.000000e+00
   outer loop
     vertex  5.766612e+01  1.293087e+02  7.980000e+00
     vertex  6.385000e+01  1.256000e+02  7.980000e+00
     vertex  5.770672e+01  1.293317e+02  7.980000e+00
   endloop
 endfacet
 facet normal  0.000000e+00  0.000000e+00  1.000000e+00
   outer loop
     vertex  5.834685e+01  1.299941e+02  7.980000e+00
     vertex  5.832418e+01  1.299534e+02  7.980000e+00
     vertex  6.385000e+01  1.256000e+02  7.980000e+00
   endloop
 endfacet
 facet normal -0.000000e+00  0.000000e+00  1.000000e+00
   outer loop
     vertex  5.762490e+01  1.292869e+02  7.980000e+00
     vertex  6.385000e+01  1.256000e+02  7.980000e+00
     vertex  5.766612e+01  1.293087e+02  7.980000e+00
   endloop
 endfacet
 facet normal  0.000000e+00  0.000000e+00  1.000000e+00
   outer loop
     vertex  5.836840e+01  1.300355e+02  7.980000e+00
     vertex  5.834685e+01  1.299941e+02  7.980000e+00
     vertex  6.385000e+01  1.256000e+02  7.980000e+00
   endloop
 endfacet
 facet normal -0.000000e+00  0.000000e+00  1.000000e+00
   outer loop
     vertex  5.758310e+01  1.292662e+02  7.980000e+00
     vertex  6.385000e+01  1.256000e+02  7.980000e+00
     vertex  5.762490e+01  1.292869e+02  7.980000e+00
   endloop
 endfacet
 facet normal  0.000000e+00  0.000000e+00  1.000000e+00
   outer loop
     vertex  5.838880e+01  1.300774e+02  7.980000e+00
     vertex  5.836840e+01  1.300355e+02  7.980000e+00
     vertex  6.385000e+01  1.256000e+02  7.980000e+00
   endloop
 endfacet
 facet normal -0.000000e+00  0.000000e+00  1.000000e+00
   outer loop
     vertex  5.754074e+01  1.292467e+02  7.980000e+00
     vertex  6.385000e+01  1.256000e+02  7.980000e+00
     vertex  5.758310e+01  1.292662e+02  7.980000e+00
   endloop
 endfacet
 facet normal  0.000000e+00  0.000000e+00  1.000000e+00
   outer loop
     vertex  5.840804e+01  1.301199e+02  7.980000e+00
     vertex  5.838880e+01  1.300774e+02  7.980000e+00
     vertex  6.385000e+01  1.256000e+02  7.980000e+00
   endloop
 endfacet
 facet normal -0.000000e+00  0.000000e+00  1.000000e+00
   outer loop
     vertex  5.749787e+01  1.292283e+02  7.980000e+00
     vertex  6.385000e+01  1.256000e+02  7.980000e+00
     vertex  5.754074e+01  1.292467e+02  7.980000e+00
   endloop
 endfacet
 facet normal  0.000000e+00  0.000000e+00  1.000000e+00
   outer loop
     vertex  5.842612e+01  1.301629e+02  7.980000e+00
     vertex  5.840804e+01  1.301199e+02  7.980000e+00
     vertex  6.385000e+01  1.256000e+02  7.980000e+00
   endloop
 endfacet
 facet normal -0.000000e+00  0.000000e+00  1.000000e+00
   outer loop
     vertex  5.745451e+01  1.292111e+02  7.980000e+00
     vertex  6.385000e+01  1.256000e+02  7.980000e+00
     vertex  5.749787e+01  1.292283e+02  7.980000e+00
   endloop
 endfacet
 facet normal  0.000000e+00  0.000000e+00  1.000000e+00
   outer loop
     vertex  5.844300e+01  1.302064e+02  7.980000e+00
     vertex  5.842612e+01  1.301629e+02  7.980000e+00
     vertex  6.385000e+01  1.256000e+02  7.980000e+00
   endloop
 endfacet
 facet normal -0.000000e+00  0.000000e+00  1.000000e+00
   outer loop
     vertex  5.741069e+01  1.291951e+02  7.980000e+00
     vertex  6.385000e+01  1.256000e+02  7.980000e+00
     vertex  5.745451e+01  1.292111e+02  7.980000e+00
   endloop
 endfacet
 facet normal  0.000000e+00  0.000000e+00  1.000000e+00
   outer loop
     vertex  5.845868e+01  1.302503e+02  7.980000e+00
     vertex  5.844300e+01  1.302064e+02  7.980000e+00
     vertex  6.385000e+01  1.256000e+02  7.980000e+00
   endloop
 endfacet
 facet normal -0.000000e+00  0.000000e+00  1.000000e+00
   outer loop
     vertex  5.736645e+01  1.291803e+02  7.980000e+00
     vertex  6.385000e+01  1.256000e+02  7.980000e+00
     vertex  5.741069e+01  1.291951e+02  7.980000e+00
   endloop
 endfacet
 facet normal  0.000000e+00  0.000000e+00  1.000000e+00
   outer loop
     vertex  5.847316e+01  1.302947e+02  7.980000e+00
     vertex  5.845868e+01  1.302503e+02  7.980000e+00
     vertex  6.385000e+01  1.256000e+02  7.980000e+00
   endloop
 endfacet
 facet normal -0.000000e+00  0.000000e+00  1.000000e+00
   outer loop
     vertex  5.732182e+01  1.291668e+02  7.980000e+00
     vertex  6.385000e+01  1.256000e+02  7.980000e+00
     vertex  5.736645e+01  1.291803e+02  7.980000e+00
   endloop
 endfacet
 facet normal  0.000000e+00  0.000000e+00  1.000000e+00
   outer loop
     vertex  5.848641e+01  1.303394e+02  7.980000e+00
     vertex  5.847316e+01  1.302947e+02  7.980000e+00
     vertex  6.385000e+01  1.256000e+02  7.980000e+00
   endloop
 endfacet
 facet normal -0.000000e+00  0.000000e+00  1.000000e+00
   outer loop
     vertex  5.727684e+01  1.291545e+02  7.980000e+00
     vertex  6.385000e+01  1.256000e+02  7.980000e+00
     vertex  5.732182e+01  1.291668e+02  7.980000e+00
   endloop
 endfacet
 facet normal  0.000000e+00  0.000000e+00  1.000000e+00
   outer loop
     vertex  5.849843e+01  1.303845e+02  7.980000e+00
     vertex  5.848641e+01  1.303394e+02  7.980000e+00
     vertex  6.385000e+01  1.256000e+02  7.980000e+00
   endloop
 endfacet
 facet normal -0.000000e+00  0.000000e+00  1.000000e+00
   outer loop
     vertex  5.723153e+01  1.291434e+02  7.980000e+00
     vertex  6.385000e+01  1.256000e+02  7.980000e+00
     vertex  5.727684e+01  1.291545e+02  7.980000e+00
   endloop
 endfacet
 facet normal  0.000000e+00  0.000000e+00  1.000000e+00
   outer loop
     vertex  5.850921e+01  1.304298e+02  7.980000e+00
     vertex  5.849843e+01  1.303845e+02  7.980000e+00
     vertex  6.385000e+01  1.256000e+02  7.980000e+00
   endloop
 endfacet
 facet normal -0.000000e+00  0.000000e+00  1.000000e+00
   outer loop
     vertex  5.718594e+01  1.291335e+02  7.980000e+00
     vertex  6.385000e+01  1.256000e+02  7.980000e+00
     vertex  5.723153e+01  1.291434e+02  7.980000e+00
   endloop
 endfacet
 facet normal  0.000000e+00  0.000000e+00  1.000000e+00
   outer loop
     vertex  5.851874e+01  1.304755e+02  7.980000e+00
     vertex  5.850921e+01  1.304298e+02  7.980000e+00
     vertex  6.385000e+01  1.256000e+02  7.980000e+00
   endloop
 endfacet
 facet normal -0.000000e+00  0.000000e+00  1.000000e+00
   outer loop
     vertex  5.714010e+01  1.291249e+02  7.980000e+00
     vertex  6.385000e+01  1.256000e+02  7.980000e+00
     vertex  5.718594e+01  1.291335e+02  7.980000e+00
   endloop
 endfacet
 facet normal  0.000000e+00  0.000000e+00  1.000000e+00
   outer loop
     vertex  5.852702e+01  1.305214e+02  7.980000e+00
     vertex  5.851874e+01  1.304755e+02  7.980000e+00
     vertex  6.385000e+01  1.256000e+02  7.980000e+00
   endloop
 endfacet
 facet normal -0.000000e+00  0.000000e+00  1.000000e+00
   outer loop
     vertex  5.709403e+01  1.291176e+02  7.980000e+00
     vertex  6.385000e+01  1.256000e+02  7.980000e+00
     vertex  5.714010e+01  1.291249e+02  7.980000e+00
   endloop
 endfacet
 facet normal  0.000000e+00  0.000000e+00  1.000000e+00
   outer loop
     vertex  5.853403e+01  1.305675e+02  7.980000e+00
     vertex  5.852702e+01  1.305214e+02  7.980000e+00
     vertex  6.385000e+01  1.256000e+02  7.980000e+00
   endloop
 endfacet
 facet normal -0.000000e+00  0.000000e+00  1.000000e+00
   outer loop
     vertex  5.704779e+01  1.291115e+02  7.980000e+00
     vertex  6.385000e+01  1.256000e+02  7.980000e+00
     vertex  5.709403e+01  1.291176e+02  7.980000e+00
   endloop
 endfacet
 facet normal  0.000000e+00  0.000000e+00  1.000000e+00
   outer loop
     vertex  5.853977e+01  1.306138e+02  7.980000e+00
     vertex  5.853403e+01  1.305675e+02  7.980000e+00
     vertex  6.385000e+01  1.256000e+02  7.980000e+00
   endloop
 endfacet
 facet normal -0.000000e+00  0.000000e+00  1.000000e+00
   outer loop
     vertex  5.700139e+01  1.291068e+02  7.980000e+00
     vertex  6.385000e+01  1.256000e+02  7.980000e+00
     vertex  5.704779e+01  1.291115e+02  7.980000e+00
   endloop
 endfacet
 facet normal  0.000000e+00  0.000000e+00  1.000000e+00
   outer loop
     vertex  5.854424e+01  1.306602e+02  7.980000e+00
     vertex  5.853977e+01  1.306138e+02  7.980000e+00
     vertex  6.385000e+01  1.256000e+02  7.980000e+00
   endloop
 endfacet
 facet normal -0.000000e+00  0.000000e+00  1.000000e+00
   outer loop
     vertex  5.695488e+01  1.291032e+02  7.980000e+00
     vertex  6.385000e+01  1.256000e+02  7.980000e+00
     vertex  5.700139e+01  1.291068e+02  7.980000e+00
   endloop
 endfacet
 facet normal  0.000000e+00  0.000000e+00  1.000000e+00
   outer loop
     vertex  5.854744e+01  1.307068e+02  7.980000e+00
     vertex  5.854424e+01  1.306602e+02  7.980000e+00
     vertex  6.385000e+01  1.256000e+02  7.980000e+00
   endloop
 endfacet
 facet normal -0.000000e+00  0.000000e+00  1.000000e+00
   outer loop
     vertex  5.690829e+01  1.291010e+02  7.980000e+00
     vertex  6.385000e+01  1.256000e+02  7.980000e+00
     vertex  5.695488e+01  1.291032e+02  7.980000e+00
   endloop
 endfacet
 facet normal -0.000000e+00  0.000000e+00  1.000000e+00
   outer loop
     vertex  5.854936e+01  1.307534e+02  7.980000e+00
     vertex  6.385000e+01  1.256000e+02  7.980000e+00
     vertex  6.385000e+01  1.358000e+02  7.980000e+00
   endloop
 endfacet
 facet normal  0.000000e+00  0.000000e+00  1.000000e+00
   outer loop
     vertex  5.854936e+01  1.307534e+02  7.980000e+00
     vertex  5.854744e+01  1.307068e+02  7.980000e+00
     vertex  6.385000e+01  1.256000e+02  7.980000e+00
   endloop
 endfacet
 facet normal -0.000000e+00  0.000000e+00  1.000000e+00
   outer loop
     vertex  5.686166e+01  1.291000e+02  7.980000e+00
     vertex  6.385000e+01  1.256000e+02  7.980000e+00
     vertex  5.690829e+01  1.291010e+02  7.980000e+00
   endloop
 endfacet
 facet normal -0.000000e+00  0.000000e+00  1.000000e+00
   outer loop
     vertex  5.855000e+01  1.308000e+02  7.980000e+00
     vertex  5.854936e+01  1.307534e+02  7.980000e+00
     vertex  6.385000e+01  1.358000e+02  7.980000e+00
   endloop
 endfacet
 facet normal -0.000000e+00  0.000000e+00  1.000000e+00
   outer loop
     vertex  5.854936e+01  1.308466e+02  7.980000e+00
     vertex  5.855000e+01  1.308000e+02  7.980000e+00
     vertex  6.385000e+01  1.358000e+02  7.980000e+00
   endloop
 endfacet
 facet normal -0.000000e+00  0.000000e+00  1.000000e+00
   outer loop
     vertex  5.854744e+01  1.308932e+02  7.980000e+00
     vertex  5.854936e+01  1.308466e+02  7.980000e+00
     vertex  6.385000e+01  1.358000e+02  7.980000e+00
   endloop
 endfacet
 facet normal -0.000000e+00  0.000000e+00  1.000000e+00
   outer loop
     vertex  5.854424e+01  1.309398e+02  7.980000e+00
     vertex  5.854744e+01  1.308932e+02  7.980000e+00
     vertex  6.385000e+01  1.358000e+02  7.980000e+00
   endloop
 endfacet
 facet normal -0.000000e+00  0.000000e+00  1.000000e+00
   outer loop
     vertex  5.853977e+01  1.309862e+02  7.980000e+00
     vertex  5.854424e+01  1.309398e+02  7.980000e+00
     vertex  6.385000e+01  1.358000e+02  7.980000e+00
   endloop
 endfacet
 facet normal -0.000000e+00  0.000000e+00  1.000000e+00
   outer loop
     vertex  5.853403e+01  1.310325e+02  7.980000e+00
     vertex  5.853977e+01  1.309862e+02  7.980000e+00
     vertex  6.385000e+01  1.358000e+02  7.980000e+00
   endloop
 endfacet
 facet normal -0.000000e+00  0.000000e+00  1.000000e+00
   outer loop
     vertex  5.852702e+01  1.310786e+02  7.980000e+00
     vertex  5.853403e+01  1.310325e+02  7.980000e+00
     vertex  6.385000e+01  1.358000e+02  7.980000e+00
   endloop
 endfacet
 facet normal -0.000000e+00  0.000000e+00  1.000000e+00
   outer loop
     vertex  5.851874e+01  1.311245e+02  7.980000e+00
     vertex  5.852702e+01  1.310786e+02  7.980000e+00
     vertex  6.385000e+01  1.358000e+02  7.980000e+00
   endloop
 endfacet
 facet normal -0.000000e+00  0.000000e+00  1.000000e+00
   outer loop
     vertex  5.850921e+01  1.311702e+02  7.980000e+00
     vertex  5.851874e+01  1.311245e+02  7.980000e+00
     vertex  6.385000e+01  1.358000e+02  7.980000e+00
   endloop
 endfacet
 facet normal -0.000000e+00  0.000000e+00  1.000000e+00
   outer loop
     vertex  5.849843e+01  1.312155e+02  7.980000e+00
     vertex  5.850921e+01  1.311702e+02  7.980000e+00
     vertex  6.385000e+01  1.358000e+02  7.980000e+00
   endloop
 endfacet
 facet normal -0.000000e+00  0.000000e+00  1.000000e+00
   outer loop
     vertex  5.848641e+01  1.312606e+02  7.980000e+00
     vertex  5.849843e+01  1.312155e+02  7.980000e+00
     vertex  6.385000e+01  1.358000e+02  7.980000e+00
   endloop
 endfacet
 facet normal -0.000000e+00  0.000000e+00  1.000000e+00
   outer loop
     vertex  5.847316e+01  1.313053e+02  7.980000e+00
     vertex  5.848641e+01  1.312606e+02  7.980000e+00
     vertex  6.385000e+01  1.358000e+02  7.980000e+00
   endloop
 endfacet
 facet normal -0.000000e+00  0.000000e+00  1.000000e+00
   outer loop
     vertex  5.845868e+01  1.313497e+02  7.980000e+00
     vertex  5.847316e+01  1.313053e+02  7.980000e+00
     vertex  6.385000e+01  1.358000e+02  7.980000e+00
   endloop
 endfacet
 facet normal -0.000000e+00  0.000000e+00  1.000000e+00
   outer loop
     vertex  5.844300e+01  1.313936e+02  7.980000e+00
     vertex  5.845868e+01  1.313497e+02  7.980000e+00
     vertex  6.385000e+01  1.358000e+02  7.980000e+00
   endloop
 endfacet
 facet normal -0.000000e+00  0.000000e+00  1.000000e+00
   outer loop
     vertex  5.842612e+01  1.314371e+02  7.980000e+00
     vertex  5.844300e+01  1.313936e+02  7.980000e+00
     vertex  6.385000e+01  1.358000e+02  7.980000e+00
   endloop
 endfacet
 facet normal -0.000000e+00  0.000000e+00  1.000000e+00
   outer loop
     vertex  5.840804e+01  1.314801e+02  7.980000e+00
     vertex  5.842612e+01  1.314371e+02  7.980000e+00
     vertex  6.385000e+01  1.358000e+02  7.980000e+00
   endloop
 endfacet
 facet normal -0.000000e+00  0.000000e+00  1.000000e+00
   outer loop
     vertex  5.838880e+01  1.315226e+02  7.980000e+00
     vertex  5.840804e+01  1.314801e+02  7.980000e+00
     vertex  6.385000e+01  1.358000e+02  7.980000e+00
   endloop
 endfacet
 facet normal -0.000000e+00  0.000000e+00  1.000000e+00
   outer loop
     vertex  5.836840e+01  1.315645e+02  7.980000e+00
     vertex  5.838880e+01  1.315226e+02  7.980000e+00
     vertex  6.385000e+01  1.358000e+02  7.980000e+00
   endloop
 endfacet
 facet normal -0.000000e+00  0.000000e+00  1.000000e+00
   outer loop
     vertex  5.834685e+01  1.316059e+02  7.980000e+00
     vertex  5.836840e+01  1.315645e+02  7.980000e+00
     vertex  6.385000e+01  1.358000e+02  7.980000e+00
   endloop
 endfacet
 facet normal -0.000000e+00  0.000000e+00  1.000000e+00
   outer loop
     vertex  5.832418e+01  1.316466e+02  7.980000e+00
     vertex  5.834685e+01  1.316059e+02  7.980000e+00
     vertex  6.385000e+01  1.358000e+02  7.980000e+00
   endloop
 endfacet
 facet normal -0.000000e+00  0.000000e+00  1.000000e+00
   outer loop
     vertex  5.830040e+01  1.316868e+02  7.980000e+00
     vertex  5.832418e+01  1.316466e+02  7.980000e+00
     vertex  6.385000e+01  1.358000e+02  7.980000e+00
   endloop
 endfacet
 facet normal -0.000000e+00  0.000000e+00  1.000000e+00
   outer loop
     vertex  5.827553e+01  1.317262e+02  7.980000e+00
     vertex  5.830040e+01  1.316868e+02  7.980000e+00
     vertex  6.385000e+01  1.358000e+02  7.980000e+00
   endloop
 endfacet
 facet normal -0.000000e+00  0.000000e+00  1.000000e+00
   outer loop
     vertex  5.824958e+01  1.317650e+02  7.980000e+00
     vertex  5.827553e+01  1.317262e+02  7.980000e+00
     vertex  6.385000e+01  1.358000e+02  7.980000e+00
   endloop
 endfacet
 facet normal -0.000000e+00  0.000000e+00  1.000000e+00
   outer loop
     vertex  5.822258e+01  1.318030e+02  7.980000e+00
     vertex  5.824958e+01  1.317650e+02  7.980000e+00
     vertex  6.385000e+01  1.358000e+02  7.980000e+00
   endloop
 endfacet
 facet normal -0.000000e+00  0.000000e+00  1.000000e+00
   outer loop
     vertex  5.819455e+01  1.318403e+02  7.980000e+00
     vertex  5.822258e+01  1.318030e+02  7.980000e+00
     vertex  6.385000e+01  1.358000e+02  7.980000e+00
   endloop
 endfacet
 facet normal -0.000000e+00  0.000000e+00  1.000000e+00
   outer loop
     vertex  5.816550e+01  1.318768e+02  7.980000e+00
     vertex  5.819455e+01  1.318403e+02  7.980000e+00
     vertex  6.385000e+01  1.358000e+02  7.980000e+00
   endloop
 endfacet
 facet normal -0.000000e+00  0.000000e+00  1.000000e+00
   outer loop
     vertex  5.813547e+01  1.319125e+02  7.980000e+00
     vertex  5.816550e+01  1.318768e+02  7.980000e+00
     vertex  6.385000e+01  1.358000e+02  7.980000e+00
   endloop
 endfacet
 facet normal -0.000000e+00  0.000000e+00  1.000000e+00
   outer loop
     vertex  5.810447e+01  1.319473e+02  7.980000e+00
     vertex  5.813547e+01  1.319125e+02  7.980000e+00
     vertex  6.385000e+01  1.358000e+02  7.980000e+00
   endloop
 endfacet
 facet normal -0.000000e+00  0.000000e+00  1.000000e+00
   outer loop
     vertex  5.807252e+01  1.319813e+02  7.980000e+00
     vertex  5.810447e+01  1.319473e+02  7.980000e+00
     vertex  6.385000e+01  1.358000e+02  7.980000e+00
   endloop
 endfacet
 facet normal -0.000000e+00  0.000000e+00  1.000000e+00
   outer loop
     vertex  5.803965e+01  1.320144e+02  7.980000e+00
     vertex  5.807252e+01  1.319813e+02  7.980000e+00
     vertex  6.385000e+01  1.358000e+02  7.980000e+00
   endloop
 endfacet
 facet normal -0.000000e+00  0.000000e+00  1.000000e+00
   outer loop
     vertex  5.800589e+01  1.320466e+02  7.980000e+00
     vertex  5.803965e+01  1.320144e+02  7.980000e+00
     vertex  6.385000e+01  1.358000e+02  7.980000e+00
   endloop
 endfacet
 facet normal -0.000000e+00  0.000000e+00  1.000000e+00
   outer loop
     vertex  5.797125e+01  1.320778e+02  7.980000e+00
     vertex  5.800589e+01  1.320466e+02  7.980000e+00
     vertex  6.385000e+01  1.358000e+02  7.980000e+00
   endloop
 endfacet
 facet normal -0.000000e+00  0.000000e+00  1.000000e+00
   outer loop
     vertex  5.793578e+01  1.321081e+02  7.980000e+00
     vertex  5.797125e+01  1.320778e+02  7.980000e+00
     vertex  6.385000e+01  1.358000e+02  7.980000e+00
   endloop
 endfacet
 facet normal -0.000000e+00  0.000000e+00  1.000000e+00
   outer loop
     vertex  5.789948e+01  1.321374e+02  7.980000e+00
     vertex  5.793578e+01  1.321081e+02  7.980000e+00
     vertex  6.385000e+01  1.358000e+02  7.980000e+00
   endloop
 endfacet
 facet normal -0.000000e+00  0.000000e+00  1.000000e+00
   outer loop
     vertex  5.786240e+01  1.321657e+02  7.980000e+00
     vertex  5.789948e+01  1.321374e+02  7.980000e+00
     vertex  6.385000e+01  1.358000e+02  7.980000e+00
   endloop
 endfacet
 facet normal -0.000000e+00  0.000000e+00  1.000000e+00
   outer loop
     vertex  5.782455e+01  1.321929e+02  7.980000e+00
     vertex  5.786240e+01  1.321657e+02  7.980000e+00
     vertex  6.385000e+01  1.358000e+02  7.980000e+00
   endloop
 endfacet
 facet normal -0.000000e+00  0.000000e+00  1.000000e+00
   outer loop
     vertex  5.778597e+01  1.322191e+02  7.980000e+00
     vertex  5.782455e+01  1.321929e+02  7.980000e+00
     vertex  6.385000e+01  1.358000e+02  7.980000e+00
   endloop
 endfacet
 facet normal -0.000000e+00  0.000000e+00  1.000000e+00
   outer loop
     vertex  5.774668e+01  1.322443e+02  7.980000e+00
     vertex  5.778597e+01  1.322191e+02  7.980000e+00
     vertex  6.385000e+01  1.358000e+02  7.980000e+00
   endloop
 endfacet
 facet normal -0.000000e+00  0.000000e+00  1.000000e+00
   outer loop
     vertex  5.770672e+01  1.322683e+02  7.980000e+00
     vertex  5.774668e+01  1.322443e+02  7.980000e+00
     vertex  6.385000e+01  1.358000e+02  7.980000e+00
   endloop
 endfacet
 facet normal -0.000000e+00  0.000000e+00  1.000000e+00
   outer loop
     vertex  5.766612e+01  1.322913e+02  7.980000e+00
     vertex  5.770672e+01  1.322683e+02  7.980000e+00
     vertex  6.385000e+01  1.358000e+02  7.980000e+00
   endloop
 endfacet
 facet normal -0.000000e+00  0.000000e+00  1.000000e+00
   outer loop
     vertex  5.762490e+01  1.323131e+02  7.980000e+00
     vertex  5.766612e+01  1.322913e+02  7.980000e+00
     vertex  6.385000e+01  1.358000e+02  7.980000e+00
   endloop
 endfacet
 facet normal -0.000000e+00  0.000000e+00  1.000000e+00
   outer loop
     vertex  5.758310e+01  1.323338e+02  7.980000e+00
     vertex  5.762490e+01  1.323131e+02  7.980000e+00
     vertex  6.385000e+01  1.358000e+02  7.980000e+00
   endloop
 endfacet
 facet normal -0.000000e+00  0.000000e+00  1.000000e+00
   outer loop
     vertex  5.754074e+01  1.323533e+02  7.980000e+00
     vertex  5.758310e+01  1.323338e+02  7.980000e+00
     vertex  6.385000e+01  1.358000e+02  7.980000e+00
   endloop
 endfacet
 facet normal -0.000000e+00  0.000000e+00  1.000000e+00
   outer loop
     vertex  5.749787e+01  1.323717e+02  7.980000e+00
     vertex  5.754074e+01  1.323533e+02  7.980000e+00
     vertex  6.385000e+01  1.358000e+02  7.980000e+00
   endloop
 endfacet
 facet normal -0.000000e+00  0.000000e+00  1.000000e+00
   outer loop
     vertex  5.745451e+01  1.323889e+02  7.980000e+00
     vertex  5.749787e+01  1.323717e+02  7.980000e+00
     vertex  6.385000e+01  1.358000e+02  7.980000e+00
   endloop
 endfacet
 facet normal -0.000000e+00  0.000000e+00  1.000000e+00
   outer loop
     vertex  5.741069e+01  1.324049e+02  7.980000e+00
     vertex  5.745451e+01  1.323889e+02  7.980000e+00
     vertex  6.385000e+01  1.358000e+02  7.980000e+00
   endloop
 endfacet
 facet normal -0.000000e+00  0.000000e+00  1.000000e+00
   outer loop
     vertex  5.736645e+01  1.324197e+02  7.980000e+00
     vertex  5.741069e+01  1.324049e+02  7.980000e+00
     vertex  6.385000e+01  1.358000e+02  7.980000e+00
   endloop
 endfacet
 facet normal -0.000000e+00  0.000000e+00  1.000000e+00
   outer loop
     vertex  5.732182e+01  1.324332e+02  7.980000e+00
     vertex  5.736645e+01  1.324197e+02  7.980000e+00
     vertex  6.385000e+01  1.358000e+02  7.980000e+00
   endloop
 endfacet
 facet normal -0.000000e+00  0.000000e+00  1.000000e+00
   outer loop
     vertex  5.727684e+01  1.324455e+02  7.980000e+00
     vertex  5.732182e+01  1.324332e+02  7.980000e+00
     vertex  6.385000e+01  1.358000e+02  7.980000e+00
   endloop
 endfacet
 facet normal -0.000000e+00  0.000000e+00  1.000000e+00
   outer loop
     vertex  5.723153e+01  1.324566e+02  7.980000e+00
     vertex  5.727684e+01  1.324455e+02  7.980000e+00
     vertex  6.385000e+01  1.358000e+02  7.980000e+00
   endloop
 endfacet
 facet normal -0.000000e+00  0.000000e+00  1.000000e+00
   outer loop
     vertex  5.718594e+01  1.324665e+02  7.980000e+00
     vertex  5.723153e+01  1.324566e+02  7.980000e+00
     vertex  6.385000e+01  1.358000e+02  7.980000e+00
   endloop
 endfacet
 facet normal -0.000000e+00  0.000000e+00  1.000000e+00
   outer loop
     vertex  5.714010e+01  1.324751e+02  7.980000e+00
     vertex  5.718594e+01  1.324665e+02  7.980000e+00
     vertex  6.385000e+01  1.358000e+02  7.980000e+00
   endloop
 endfacet
 facet normal -0.000000e+00  0.000000e+00  1.000000e+00
   outer loop
     vertex  5.709403e+01  1.324824e+02  7.980000e+00
     vertex  5.714010e+01  1.324751e+02  7.980000e+00
     vertex  6.385000e+01  1.358000e+02  7.980000e+00
   endloop
 endfacet
 facet normal -0.000000e+00  0.000000e+00  1.000000e+00
   outer loop
     vertex  5.704779e+01  1.324885e+02  7.980000e+00
     vertex  5.709403e+01  1.324824e+02  7.980000e+00
     vertex  6.385000e+01  1.358000e+02  7.980000e+00
   endloop
 endfacet
 facet normal -0.000000e+00  0.000000e+00  1.000000e+00
   outer loop
     vertex  5.700139e+01  1.324932e+02  7.980000e+00
     vertex  5.704779e+01  1.324885e+02  7.980000e+00
     vertex  6.385000e+01  1.358000e+02  7.980000e+00
   endloop
 endfacet
 facet normal -0.000000e+00  0.000000e+00  1.000000e+00
   outer loop
     vertex  5.695488e+01  1.324968e+02  7.980000e+00
     vertex  5.700139e+01  1.324932e+02  7.980000e+00
     vertex  6.385000e+01  1.358000e+02  7.980000e+00
   endloop
 endfacet
 facet normal -0.000000e+00  0.000000e+00  1.000000e+00
   outer loop
     vertex  5.690829e+01  1.324990e+02  7.980000e+00
     vertex  5.695488e+01  1.324968e+02  7.980000e+00
     vertex  6.385000e+01  1.358000e+02  7.980000e+00
   endloop
 endfacet
 facet normal -0.000000e+00  0.000000e+00  1.000000e+00
   outer loop
     vertex  5.686166e+01  1.325000e+02  7.980000e+00
     vertex  5.690829e+01  1.324990e+02  7.980000e+00
     vertex  6.385000e+01  1.358000e+02  7.980000e+00
   endloop
 endfacet
 facet normal  0.000000e+00  0.000000e+00  1.000000e+00
   outer loop
     vertex  4.985000e+01  1.256000e+02  7.980000e+00
     vertex  5.593359e+01  1.293682e+02  7.980000e+00
     vertex  5.589465e+01  1.293938e+02  7.980000e+00
   endloop
 endfacet
 facet normal  0.000000e+00  0.000000e+00  1.000000e+00
   outer loop
     vertex  4.985000e+01  1.256000e+02  7.980000e+00
     vertex  5.597321e+01  1.293436e+02  7.980000e+00
     vertex  5.593359e+01  1.293682e+02  7.980000e+00
   endloop
 endfacet
 facet normal  0.000000e+00  0.000000e+00  1.000000e+00
   outer loop
     vertex  4.985000e+01  1.256000e+02  7.980000e+00
     vertex  5.601350e+01  1.293200e+02  7.980000e+00
     vertex  5.597321e+01  1.293436e+02  7.980000e+00
   endloop
 endfacet
 facet normal  0.000000e+00  0.000000e+00  1.000000e+00
   outer loop
     vertex  4.985000e+01  1.256000e+02  7.980000e+00
     vertex  5.605442e+01  1.292977e+02  7.980000e+00
     vertex  5.601350e+01  1.293200e+02  7.980000e+00
   endloop
 endfacet
 facet normal  0.000000e+00  0.000000e+00  1.000000e+00
   outer loop
     vertex  4.985000e+01  1.256000e+02  7.980000e+00
     vertex  5.609593e+01  1.292764e+02  7.980000e+00
     vertex  5.605442e+01  1.292977e+02  7.980000e+00
   endloop
 endfacet
 facet normal  0.000000e+00  0.000000e+00  1.000000e+00
   outer loop
     vertex  4.985000e+01  1.256000e+02  7.980000e+00
     vertex  5.613801e+01  1.292563e+02  7.980000e+00
     vertex  5.609593e+01  1.292764e+02  7.980000e+00
   endloop
 endfacet
 facet normal  0.000000e+00  0.000000e+00  1.000000e+00
   outer loop
     vertex  4.985000e+01  1.256000e+02  7.980000e+00
     vertex  5.618063e+01  1.292373e+02  7.980000e+00
     vertex  5.613801e+01  1.292563e+02  7.980000e+00
   endloop
 endfacet
 facet normal  0.000000e+00  0.000000e+00  1.000000e+00
   outer loop
     vertex  4.985000e+01  1.256000e+02  7.980000e+00
     vertex  5.622375e+01  1.292196e+02  7.980000e+00
     vertex  5.618063e+01  1.292373e+02  7.980000e+00
   endloop
 endfacet
 facet normal  0.000000e+00  0.000000e+00  1.000000e+00
   outer loop
     vertex  4.985000e+01  1.256000e+02  7.980000e+00
     vertex  5.626735e+01  1.292030e+02  7.980000e+00
     vertex  5.622375e+01  1.292196e+02  7.980000e+00
   endloop
 endfacet
 facet normal  0.000000e+00  0.000000e+00  1.000000e+00
   outer loop
     vertex  4.985000e+01  1.256000e+02  7.980000e+00
     vertex  5.631138e+01  1.291876e+02  7.980000e+00
     vertex  5.626735e+01  1.292030e+02  7.980000e+00
   endloop
 endfacet
 facet normal  0.000000e+00  0.000000e+00  1.000000e+00
   outer loop
     vertex  4.985000e+01  1.256000e+02  7.980000e+00
     vertex  5.635582e+01  1.291734e+02  7.980000e+00
     vertex  5.631138e+01  1.291876e+02  7.980000e+00
   endloop
 endfacet
 facet normal  0.000000e+00  0.000000e+00  1.000000e+00
   outer loop
     vertex  4.985000e+01  1.256000e+02  7.980000e+00
     vertex  5.640063e+01  1.291605e+02  7.980000e+00
     vertex  5.635582e+01  1.291734e+02  7.980000e+00
   endloop
 endfacet
 facet normal  0.000000e+00  0.000000e+00  1.000000e+00
   outer loop
     vertex  4.985000e+01  1.256000e+02  7.980000e+00
     vertex  5.644578e+01  1.291488e+02  7.980000e+00
     vertex  5.640063e+01  1.291605e+02  7.980000e+00
   endloop
 endfacet
 facet normal  0.000000e+00  0.000000e+00  1.000000e+00
   outer loop
     vertex  4.985000e+01  1.256000e+02  7.980000e+00
     vertex  5.649123e+01  1.291383e+02  7.980000e+00
     vertex  5.644578e+01  1.291488e+02  7.980000e+00
   endloop
 endfacet
 facet normal  0.000000e+00  0.000000e+00  1.000000e+00
   outer loop
     vertex  4.985000e+01  1.256000e+02  7.980000e+00
     vertex  5.653695e+01  1.291291e+02  7.980000e+00
     vertex  5.649123e+01  1.291383e+02  7.980000e+00
   endloop
 endfacet
 facet normal  0.000000e+00  0.000000e+00  1.000000e+00
   outer loop
     vertex  4.985000e+01  1.256000e+02  7.980000e+00
     vertex  5.658291e+01  1.291211e+02  7.980000e+00
     vertex  5.653695e+01  1.291291e+02  7.980000e+00
   endloop
 endfacet
 facet normal  0.000000e+00  0.000000e+00  1.000000e+00
   outer loop
     vertex  4.985000e+01  1.256000e+02  7.980000e+00
     vertex  5.662907e+01  1.291144e+02  7.980000e+00
     vertex  5.658291e+01  1.291211e+02  7.980000e+00
   endloop
 endfacet
 facet normal  0.000000e+00  0.000000e+00  1.000000e+00
   outer loop
     vertex  4.985000e+01  1.256000e+02  7.980000e+00
     vertex  5.667539e+01  1.291090e+02  7.980000e+00
     vertex  5.662907e+01  1.291144e+02  7.980000e+00
   endloop
 endfacet
 facet normal  0.000000e+00  0.000000e+00  1.000000e+00
   outer loop
     vertex  4.985000e+01  1.256000e+02  7.980000e+00
     vertex  5.672185e+01  1.291048e+02  7.980000e+00
     vertex  5.667539e+01  1.291090e+02  7.980000e+00
   endloop
 endfacet
 facet normal  0.000000e+00  0.000000e+00  1.000000e+00
   outer loop
     vertex  4.985000e+01  1.256000e+02  7.980000e+00
     vertex  5.676840e+01  1.291020e+02  7.980000e+00
     vertex  5.672185e+01  1.291048e+02  7.980000e+00
   endloop
 endfacet
 facet normal  0.000000e+00  0.000000e+00  1.000000e+00
   outer loop
     vertex  4.985000e+01  1.256000e+02  7.980000e+00
     vertex  5.681502e+01  1.291004e+02  7.980000e+00
     vertex  5.676840e+01  1.291020e+02  7.980000e+00
   endloop
 endfacet
 facet normal  0.000000e+00  0.000000e+00  1.000000e+00
   outer loop
     vertex  4.985000e+01  1.256000e+02  7.980000e+00
     vertex  5.686166e+01  1.291000e+02  7.980000e+00
     vertex  5.681502e+01  1.291004e+02  7.980000e+00
   endloop
 endfacet
 facet normal  0.000000e+00  0.000000e+00  1.000000e+00
   outer loop
     vertex  4.985000e+01  1.256000e+02  7.980000e+00
     vertex  6.385000e+01  1.256000e+02  7.980000e+00
     vertex  5.686166e+01  1.291000e+02  7.980000e+00
   endloop
 endfacet
 facet normal  0.000000e+00  0.000000e+00  1.000000e+00
   outer loop
     vertex  4.985000e+01  1.256000e+02  7.980000e+00
     vertex  5.515144e+01  1.307301e+02  7.980000e+00
     vertex  5.515016e+01  1.307767e+02  7.980000e+00
   endloop
 endfacet
 facet normal  0.000000e+00  0.000000e+00  1.000000e+00
   outer loop
     vertex  4.985000e+01  1.256000e+02  7.980000e+00
     vertex  5.515400e+01  1.306835e+02  7.980000e+00
     vertex  5.515144e+01  1.307301e+02  7.980000e+00
   endloop
 endfacet
 facet normal  0.000000e+00  0.000000e+00  1.000000e+00
   outer loop
     vertex  4.985000e+01  1.256000e+02  7.980000e+00
     vertex  5.515783e+01  1.306370e+02  7.980000e+00
     vertex  5.515400e+01  1.306835e+02  7.980000e+00
   endloop
 endfacet
 facet normal  0.000000e+00  0.000000e+00  1.000000e+00
   outer loop
     vertex  4.985000e+01  1.256000e+02  7.980000e+00
     vertex  5.516294e+01  1.305906e+02  7.980000e+00
     vertex  5.515783e+01  1.306370e+02  7.980000e+00
   endloop
 endfacet
 facet normal  0.000000e+00  0.000000e+00  1.000000e+00
   outer loop
     vertex  4.985000e+01  1.256000e+02  7.980000e+00
     vertex  5.516932e+01  1.305444e+02  7.980000e+00
     vertex  5.516294e+01  1.305906e+02  7.980000e+00
   endloop
 endfacet
 facet normal  0.000000e+00  0.000000e+00  1.000000e+00
   outer loop
     vertex  4.985000e+01  1.256000e+02  7.980000e+00
     vertex  5.517696e+01  1.304984e+02  7.980000e+00
     vertex  5.516932e+01  1.305444e+02  7.980000e+00
   endloop
 endfacet
 facet normal  0.000000e+00  0.000000e+00  1.000000e+00
   outer loop
     vertex  4.985000e+01  1.256000e+02  7.980000e+00
     vertex  5.518587e+01  1.304526e+02  7.980000e+00
     vertex  5.517696e+01  1.304984e+02  7.980000e+00
   endloop
 endfacet
 facet normal  0.000000e+00  0.000000e+00  1.000000e+00
   outer loop
     vertex  4.985000e+01  1.256000e+02  7.980000e+00
     vertex  5.519602e+01  1.304071e+02  7.980000e+00
     vertex  5.518587e+01  1.304526e+02  7.980000e+00
   endloop
 endfacet
 facet normal  0.000000e+00  0.000000e+00  1.000000e+00
   outer loop
     vertex  4.985000e+01  1.256000e+02  7.980000e+00
     vertex  5.520742e+01  1.303619e+02  7.980000e+00
     vertex  5.519602e+01  1.304071e+02  7.980000e+00
   endloop
 endfacet
 facet normal  0.000000e+00  0.000000e+00  1.000000e+00
   outer loop
     vertex  4.985000e+01  1.256000e+02  7.980000e+00
     vertex  5.522006e+01  1.303170e+02  7.980000e+00
     vertex  5.520742e+01  1.303619e+02  7.980000e+00
   endloop
 endfacet
 facet normal  0.000000e+00  0.000000e+00  1.000000e+00
   outer loop
     vertex  4.985000e+01  1.256000e+02  7.980000e+00
     vertex  5.523393e+01  1.302725e+02  7.980000e+00
     vertex  5.522006e+01  1.303170e+02  7.980000e+00
   endloop
 endfacet
 facet normal  0.000000e+00  0.000000e+00  1.000000e+00
   outer loop
     vertex  4.985000e+01  1.256000e+02  7.980000e+00
     vertex  5.524901e+01  1.302283e+02  7.980000e+00
     vertex  5.523393e+01  1.302725e+02  7.980000e+00
   endloop
 endfacet
 facet normal  0.000000e+00  0.000000e+00  1.000000e+00
   outer loop
     vertex  4.985000e+01  1.256000e+02  7.980000e+00
     vertex  5.526529e+01  1.301846e+02  7.980000e+00
     vertex  5.524901e+01  1.302283e+02  7.980000e+00
   endloop
 endfacet
 facet normal  0.000000e+00  0.000000e+00  1.000000e+00
   outer loop
     vertex  4.985000e+01  1.256000e+02  7.980000e+00
     vertex  5.528277e+01  1.301414e+02  7.980000e+00
     vertex  5.526529e+01  1.301846e+02  7.980000e+00
   endloop
 endfacet
 facet normal  0.000000e+00  0.000000e+00  1.000000e+00
   outer loop
     vertex  4.985000e+01  1.256000e+02  7.980000e+00
     vertex  5.530143e+01  1.300986e+02  7.980000e+00
     vertex  5.528277e+01  1.301414e+02  7.980000e+00
   endloop
 endfacet
 facet normal  0.000000e+00  0.000000e+00  1.000000e+00
   outer loop
     vertex  4.985000e+01  1.256000e+02  7.980000e+00
     vertex  5.532126e+01  1.300564e+02  7.980000e+00
     vertex  5.530143e+01  1.300986e+02  7.980000e+00
   endloop
 endfacet
 facet normal  0.000000e+00  0.000000e+00  1.000000e+00
   outer loop
     vertex  4.985000e+01  1.256000e+02  7.980000e+00
     vertex  5.534223e+01  1.300147e+02  7.980000e+00
     vertex  5.532126e+01  1.300564e+02  7.980000e+00
   endloop
 endfacet
 facet normal  0.000000e+00  0.000000e+00  1.000000e+00
   outer loop
     vertex  4.985000e+01  1.256000e+02  7.980000e+00
     vertex  5.536434e+01  1.299737e+02  7.980000e+00
     vertex  5.534223e+01  1.300147e+02  7.980000e+00
   endloop
 endfacet
 facet normal  0.000000e+00  0.000000e+00  1.000000e+00
   outer loop
     vertex  4.985000e+01  1.256000e+02  7.980000e+00
     vertex  5.538757e+01  1.299332e+02  7.980000e+00
     vertex  5.536434e+01  1.299737e+02  7.980000e+00
   endloop
 endfacet
 facet normal  0.000000e+00  0.000000e+00  1.000000e+00
   outer loop
     vertex  4.985000e+01  1.256000e+02  7.980000e+00
     vertex  5.541190e+01  1.298934e+02  7.980000e+00
     vertex  5.538757e+01  1.299332e+02  7.980000e+00
   endloop
 endfacet
 facet normal  0.000000e+00  0.000000e+00  1.000000e+00
   outer loop
     vertex  4.985000e+01  1.256000e+02  7.980000e+00
     vertex  5.543731e+01  1.298543e+02  7.980000e+00
     vertex  5.541190e+01  1.298934e+02  7.980000e+00
   endloop
 endfacet
 facet normal  0.000000e+00  0.000000e+00  1.000000e+00
   outer loop
     vertex  4.985000e+01  1.256000e+02  7.980000e+00
     vertex  5.546379e+01  1.298159e+02  7.980000e+00
     vertex  5.543731e+01  1.298543e+02  7.980000e+00
   endloop
 endfacet
 facet normal  0.000000e+00  0.000000e+00  1.000000e+00
   outer loop
     vertex  4.985000e+01  1.256000e+02  7.980000e+00
     vertex  5.549131e+01  1.297783e+02  7.980000e+00
     vertex  5.546379e+01  1.298159e+02  7.980000e+00
   endloop
 endfacet
 facet normal  0.000000e+00  0.000000e+00  1.000000e+00
   outer loop
     vertex  4.985000e+01  1.256000e+02  7.980000e+00
     vertex  5.551985e+01  1.297414e+02  7.980000e+00
     vertex  5.549131e+01  1.297783e+02  7.980000e+00
   endloop
 endfacet
 facet normal  0.000000e+00  0.000000e+00  1.000000e+00
   outer loop
     vertex  4.985000e+01  1.256000e+02  7.980000e+00
     vertex  5.554939e+01  1.297053e+02  7.980000e+00
     vertex  5.551985e+01  1.297414e+02  7.980000e+00
   endloop
 endfacet
 facet normal  0.000000e+00  0.000000e+00  1.000000e+00
   outer loop
     vertex  4.985000e+01  1.256000e+02  7.980000e+00
     vertex  5.557991e+01  1.296700e+02  7.980000e+00
     vertex  5.554939e+01  1.297053e+02  7.980000e+00
   endloop
 endfacet
 facet normal  0.000000e+00  0.000000e+00  1.000000e+00
   outer loop
     vertex  4.985000e+01  1.256000e+02  7.980000e+00
     vertex  5.561139e+01  1.296356e+02  7.980000e+00
     vertex  5.557991e+01  1.296700e+02  7.980000e+00
   endloop
 endfacet
 facet normal -0.000000e+00  0.000000e+00  1.000000e+00
   outer loop
     vertex  4.985000e+01  1.256000e+02  7.980000e+00
     vertex  7.742500e+01  3.450000e+01  7.980000e+00
     vertex  6.385000e+01  1.256000e+02  7.980000e+00
   endloop
 endfacet
 facet normal  0.000000e+00  0.000000e+00  1.000000e+00
   outer loop
     vertex  4.985000e+01  1.256000e+02  7.980000e+00
     vertex  5.564380e+01  1.296020e+02  7.980000e+00
     vertex  5.561139e+01  1.296356e+02  7.980000e+00
   endloop
 endfacet
 facet normal  0.000000e+00  0.000000e+00  1.000000e+00
   outer loop
     vertex  4.985000e+01  1.256000e+02  7.980000e+00
     vertex  5.567712e+01  1.295694e+02  7.980000e+00
     vertex  5.564380e+01  1.296020e+02  7.980000e+00
   endloop
 endfacet
 facet normal  0.000000e+00  0.000000e+00  1.000000e+00
   outer loop
     vertex  4.985000e+01  1.256000e+02  7.980000e+00
     vertex  5.571132e+01  1.295377e+02  7.980000e+00
     vertex  5.567712e+01  1.295694e+02  7.980000e+00
   endloop
 endfacet
 facet normal  0.000000e+00  0.000000e+00  1.000000e+00
   outer loop
     vertex  4.985000e+01  1.256000e+02  7.980000e+00
     vertex  5.574638e+01  1.295069e+02  7.980000e+00
     vertex  5.571132e+01  1.295377e+02  7.980000e+00
   endloop
 endfacet
 facet normal  0.000000e+00  0.000000e+00  1.000000e+00
   outer loop
     vertex  4.985000e+01  1.256000e+02  7.980000e+00
     vertex  5.578227e+01  1.294771e+02  7.980000e+00
     vertex  5.574638e+01  1.295069e+02  7.980000e+00
   endloop
 endfacet
 facet normal  0.000000e+00  0.000000e+00  1.000000e+00
   outer loop
     vertex  4.985000e+01  1.256000e+02  7.980000e+00
     vertex  5.581896e+01  1.294483e+02  7.980000e+00
     vertex  5.578227e+01  1.294771e+02  7.980000e+00
   endloop
 endfacet
 facet normal  0.000000e+00  0.000000e+00  1.000000e+00
   outer loop
     vertex  4.985000e+01  1.256000e+02  7.980000e+00
     vertex  5.585643e+01  1.294206e+02  7.980000e+00
     vertex  5.581896e+01  1.294483e+02  7.980000e+00
   endloop
 endfacet
 facet normal  0.000000e+00  0.000000e+00  1.000000e+00
   outer loop
     vertex  4.985000e+01  1.256000e+02  7.980000e+00
     vertex  5.589465e+01  1.293938e+02  7.980000e+00
     vertex  5.585643e+01  1.294206e+02  7.980000e+00
   endloop
 endfacet
 facet normal  0.000000e+00  0.000000e+00  1.000000e+00
   outer loop
     vertex  4.985000e+01  1.358000e+02  7.980000e+00
     vertex  5.681502e+01  1.324996e+02  7.980000e+00
     vertex  5.686166e+01  1.325000e+02  7.980000e+00
   endloop
 endfacet
 facet normal  0.000000e+00  0.000000e+00  1.000000e+00
   outer loop
     vertex  4.985000e+01  1.358000e+02  7.980000e+00
     vertex  5.676840e+01  1.324980e+02  7.980000e+00
     vertex  5.681502e+01  1.324996e+02  7.980000e+00
   endloop
 endfacet
 facet normal  0.000000e+00  0.000000e+00  1.000000e+00
   outer loop
     vertex  4.985000e+01  1.358000e+02  7.980000e+00
     vertex  5.672185e+01  1.324952e+02  7.980000e+00
     vertex  5.676840e+01  1.324980e+02  7.980000e+00
   endloop
 endfacet
 facet normal  0.000000e+00  0.000000e+00  1.000000e+00
   outer loop
     vertex  4.985000e+01  1.358000e+02  7.980000e+00
     vertex  5.667539e+01  1.324910e+02  7.980000e+00
     vertex  5.672185e+01  1.324952e+02  7.980000e+00
   endloop
 endfacet
 facet normal  0.000000e+00  0.000000e+00  1.000000e+00
   outer loop
     vertex  4.985000e+01  1.358000e+02  7.980000e+00
     vertex  5.662907e+01  1.324856e+02  7.980000e+00
     vertex  5.667539e+01  1.324910e+02  7.980000e+00
   endloop
 endfacet
 facet normal  0.000000e+00  0.000000e+00  1.000000e+00
   outer loop
     vertex  4.985000e+01  1.358000e+02  7.980000e+00
     vertex  5.658291e+01  1.324789e+02  7.980000e+00
     vertex  5.662907e+01  1.324856e+02  7.980000e+00
   endloop
 endfacet
 facet normal  0.000000e+00  0.000000e+00  1.000000e+00
   outer loop
     vertex  4.985000e+01  1.358000e+02  7.980000e+00
     vertex  5.653695e+01  1.324709e+02  7.980000e+00
     vertex  5.658291e+01  1.324789e+02  7.980000e+00
   endloop
 endfacet
 facet normal  0.000000e+00  0.000000e+00  1.000000e+00
   outer loop
     vertex  4.985000e+01  1.358000e+02  7.980000e+00
     vertex  5.649123e+01  1.324617e+02  7.980000e+00
     vertex  5.653695e+01  1.324709e+02  7.980000e+00
   endloop
 endfacet
 facet normal  0.000000e+00  0.000000e+00  1.000000e+00
   outer loop
     vertex  4.985000e+01  1.358000e+02  7.980000e+00
     vertex  5.644578e+01  1.324512e+02  7.980000e+00
     vertex  5.649123e+01  1.324617e+02  7.980000e+00
   endloop
 endfacet
 facet normal  0.000000e+00  0.000000e+00  1.000000e+00
   outer loop
     vertex  4.985000e+01  1.358000e+02  7.980000e+00
     vertex  5.640063e+01  1.324395e+02  7.980000e+00
     vertex  5.644578e+01  1.324512e+02  7.980000e+00
   endloop
 endfacet
 facet normal  0.000000e+00  0.000000e+00  1.000000e+00
   outer loop
     vertex  4.985000e+01  1.358000e+02  7.980000e+00
     vertex  5.635582e+01  1.324266e+02  7.980000e+00
     vertex  5.640063e+01  1.324395e+02  7.980000e+00
   endloop
 endfacet
 facet normal  0.000000e+00  0.000000e+00  1.000000e+00
   outer loop
     vertex  4.985000e+01  1.358000e+02  7.980000e+00
     vertex  5.631138e+01  1.324124e+02  7.980000e+00
     vertex  5.635582e+01  1.324266e+02  7.980000e+00
   endloop
 endfacet
 facet normal  0.000000e+00  0.000000e+00  1.000000e+00
   outer loop
     vertex  4.985000e+01  1.358000e+02  7.980000e+00
     vertex  5.626735e+01  1.323970e+02  7.980000e+00
     vertex  5.631138e+01  1.324124e+02  7.980000e+00
   endloop
 endfacet
 facet normal  0.000000e+00  0.000000e+00  1.000000e+00
   outer loop
     vertex  4.985000e+01  1.358000e+02  7.980000e+00
     vertex  5.622375e+01  1.323804e+02  7.980000e+00
     vertex  5.626735e+01  1.323970e+02  7.980000e+00
   endloop
 endfacet
 facet normal  0.000000e+00  0.000000e+00  1.000000e+00
   outer loop
     vertex  4.985000e+01  1.358000e+02  7.980000e+00
     vertex  5.618063e+01  1.323627e+02  7.980000e+00
     vertex  5.622375e+01  1.323804e+02  7.980000e+00
   endloop
 endfacet
 facet normal  0.000000e+00  0.000000e+00  1.000000e+00
   outer loop
     vertex  4.985000e+01  1.358000e+02  7.980000e+00
     vertex  5.613801e+01  1.323437e+02  7.980000e+00
     vertex  5.618063e+01  1.323627e+02  7.980000e+00
   endloop
 endfacet
 facet normal  0.000000e+00  0.000000e+00  1.000000e+00
   outer loop
     vertex  4.985000e+01  1.358000e+02  7.980000e+00
     vertex  5.609593e+01  1.323236e+02  7.980000e+00
     vertex  5.613801e+01  1.323437e+02  7.980000e+00
   endloop
 endfacet
 facet normal  0.000000e+00  0.000000e+00  1.000000e+00
   outer loop
     vertex  4.985000e+01  1.358000e+02  7.980000e+00
     vertex  5.605442e+01  1.323023e+02  7.980000e+00
     vertex  5.609593e+01  1.323236e+02  7.980000e+00
   endloop
 endfacet
 facet normal  0.000000e+00  0.000000e+00  1.000000e+00
   outer loop
     vertex  4.985000e+01  1.358000e+02  7.980000e+00
     vertex  5.601350e+01  1.322800e+02  7.980000e+00
     vertex  5.605442e+01  1.323023e+02  7.980000e+00
   endloop
 endfacet
 facet normal  0.000000e+00  0.000000e+00  1.000000e+00
   outer loop
     vertex  4.985000e+01  1.358000e+02  7.980000e+00
     vertex  5.597321e+01  1.322564e+02  7.980000e+00
     vertex  5.601350e+01  1.322800e+02  7.980000e+00
   endloop
 endfacet
 facet normal  0.000000e+00  0.000000e+00  1.000000e+00
   outer loop
     vertex  4.985000e+01  1.358000e+02  7.980000e+00
     vertex  5.593359e+01  1.322318e+02  7.980000e+00
     vertex  5.597321e+01  1.322564e+02  7.980000e+00
   endloop
 endfacet
 facet normal  0.000000e+00  0.000000e+00  1.000000e+00
   outer loop
     vertex  4.985000e+01  1.358000e+02  7.980000e+00
     vertex  5.589465e+01  1.322062e+02  7.980000e+00
     vertex  5.593359e+01  1.322318e+02  7.980000e+00
   endloop
 endfacet
 facet normal  0.000000e+00  0.000000e+00  1.000000e+00
   outer loop
     vertex  4.985000e+01  1.358000e+02  7.980000e+00
     vertex  5.585643e+01  1.321794e+02  7.980000e+00
     vertex  5.589465e+01  1.322062e+02  7.980000e+00
   endloop
 endfacet
 facet normal  0.000000e+00  0.000000e+00  1.000000e+00
   outer loop
     vertex  4.985000e+01  1.358000e+02  7.980000e+00
     vertex  5.581896e+01  1.321517e+02  7.980000e+00
     vertex  5.585643e+01  1.321794e+02  7.980000e+00
   endloop
 endfacet
 facet normal  0.000000e+00  0.000000e+00  1.000000e+00
   outer loop
     vertex  4.985000e+01  1.358000e+02  7.980000e+00
     vertex  5.578227e+01  1.321229e+02  7.980000e+00
     vertex  5.581896e+01  1.321517e+02  7.980000e+00
   endloop
 endfacet
 facet normal  0.000000e+00  0.000000e+00  1.000000e+00
   outer loop
     vertex  4.985000e+01  1.358000e+02  7.980000e+00
     vertex  5.574638e+01  1.320931e+02  7.980000e+00
     vertex  5.578227e+01  1.321229e+02  7.980000e+00
   endloop
 endfacet
 facet normal  0.000000e+00  0.000000e+00  1.000000e+00
   outer loop
     vertex  4.985000e+01  1.358000e+02  7.980000e+00
     vertex  5.571132e+01  1.320623e+02  7.980000e+00
     vertex  5.574638e+01  1.320931e+02  7.980000e+00
   endloop
 endfacet
 facet normal  0.000000e+00  0.000000e+00  1.000000e+00
   outer loop
     vertex  4.985000e+01  1.358000e+02  7.980000e+00
     vertex  5.567712e+01  1.320306e+02  7.980000e+00
     vertex  5.571132e+01  1.320623e+02  7.980000e+00
   endloop
 endfacet
 facet normal  0.000000e+00  0.000000e+00  1.000000e+00
   outer loop
     vertex  4.985000e+01  1.358000e+02  7.980000e+00
     vertex  5.564380e+01  1.319980e+02  7.980000e+00
     vertex  5.567712e+01  1.320306e+02  7.980000e+00
   endloop
 endfacet
 facet normal  0.000000e+00  0.000000e+00  1.000000e+00
   outer loop
     vertex  4.985000e+01  1.358000e+02  7.980000e+00
     vertex  5.561139e+01  1.319644e+02  7.980000e+00
     vertex  5.564380e+01  1.319980e+02  7.980000e+00
   endloop
 endfacet
 facet normal  0.000000e+00  0.000000e+00  1.000000e+00
   outer loop
     vertex  4.985000e+01  1.358000e+02  7.980000e+00
     vertex  5.557991e+01  1.319300e+02  7.980000e+00
     vertex  5.561139e+01  1.319644e+02  7.980000e+00
   endloop
 endfacet
 facet normal  0.000000e+00  0.000000e+00  1.000000e+00
   outer loop
     vertex  4.985000e+01  1.358000e+02  7.980000e+00
     vertex  5.554939e+01  1.318947e+02  7.980000e+00
     vertex  5.557991e+01  1.319300e+02  7.980000e+00
   endloop
 endfacet
 facet normal  0.000000e+00  0.000000e+00  1.000000e+00
   outer loop
     vertex  4.985000e+01  1.358000e+02  7.980000e+00
     vertex  5.551985e+01  1.318586e+02  7.980000e+00
     vertex  5.554939e+01  1.318947e+02  7.980000e+00
   endloop
 endfacet
 facet normal  0.000000e+00  0.000000e+00  1.000000e+00
   outer loop
     vertex  4.985000e+01  1.358000e+02  7.980000e+00
     vertex  5.549131e+01  1.318217e+02  7.980000e+00
     vertex  5.551985e+01  1.318586e+02  7.980000e+00
   endloop
 endfacet
 facet normal  0.000000e+00  0.000000e+00  1.000000e+00
   outer loop
     vertex  4.985000e+01  1.358000e+02  7.980000e+00
     vertex  5.546379e+01  1.317841e+02  7.980000e+00
     vertex  5.549131e+01  1.318217e+02  7.980000e+00
   endloop
 endfacet
 facet normal  0.000000e+00  0.000000e+00  1.000000e+00
   outer loop
     vertex  4.985000e+01  1.358000e+02  7.980000e+00
     vertex  5.543731e+01  1.317457e+02  7.980000e+00
     vertex  5.546379e+01  1.317841e+02  7.980000e+00
   endloop
 endfacet
 facet normal  0.000000e+00  0.000000e+00  1.000000e+00
   outer loop
     vertex  4.985000e+01  1.358000e+02  7.980000e+00
     vertex  5.541190e+01  1.317066e+02  7.980000e+00
     vertex  5.543731e+01  1.317457e+02  7.980000e+00
   endloop
 endfacet
 facet normal  0.000000e+00  0.000000e+00  1.000000e+00
   outer loop
     vertex  4.985000e+01  1.358000e+02  7.980000e+00
     vertex  5.538757e+01  1.316668e+02  7.980000e+00
     vertex  5.541190e+01  1.317066e+02  7.980000e+00
   endloop
 endfacet
 facet normal  0.000000e+00  0.000000e+00  1.000000e+00
   outer loop
     vertex  4.985000e+01  1.358000e+02  7.980000e+00
     vertex  5.536434e+01  1.316263e+02  7.980000e+00
     vertex  5.538757e+01  1.316668e+02  7.980000e+00
   endloop
 endfacet
 facet normal  0.000000e+00  0.000000e+00  1.000000e+00
   outer loop
     vertex  4.985000e+01  1.358000e+02  7.980000e+00
     vertex  5.534223e+01  1.315853e+02  7.980000e+00
     vertex  5.536434e+01  1.316263e+02  7.980000e+00
   endloop
 endfacet
 facet normal  0.000000e+00  0.000000e+00  1.000000e+00
   outer loop
     vertex  4.985000e+01  1.358000e+02  7.980000e+00
     vertex  5.532126e+01  1.315436e+02  7.980000e+00
     vertex  5.534223e+01  1.315853e+02  7.980000e+00
   endloop
 endfacet
 facet normal  0.000000e+00  0.000000e+00  1.000000e+00
   outer loop
     vertex  4.985000e+01  1.358000e+02  7.980000e+00
     vertex  5.530143e+01  1.315014e+02  7.980000e+00
     vertex  5.532126e+01  1.315436e+02  7.980000e+00
   endloop
 endfacet
 facet normal  0.000000e+00  0.000000e+00  1.000000e+00
   outer loop
     vertex  4.985000e+01  1.358000e+02  7.980000e+00
     vertex  5.528277e+01  1.314586e+02  7.980000e+00
     vertex  5.530143e+01  1.315014e+02  7.980000e+00
   endloop
 endfacet
 facet normal  0.000000e+00  0.000000e+00  1.000000e+00
   outer loop
     vertex  4.985000e+01  1.358000e+02  7.980000e+00
     vertex  5.526529e+01  1.314154e+02  7.980000e+00
     vertex  5.528277e+01  1.314586e+02  7.980000e+00
   endloop
 endfacet
 facet normal  0.000000e+00  0.000000e+00  1.000000e+00
   outer loop
     vertex  4.985000e+01  1.358000e+02  7.980000e+00
     vertex  5.524901e+01  1.313717e+02  7.980000e+00
     vertex  5.526529e+01  1.314154e+02  7.980000e+00
   endloop
 endfacet
 facet normal  0.000000e+00  0.000000e+00  1.000000e+00
   outer loop
     vertex  4.985000e+01  1.358000e+02  7.980000e+00
     vertex  5.523393e+01  1.313275e+02  7.980000e+00
     vertex  5.524901e+01  1.313717e+02  7.980000e+00
   endloop
 endfacet
 facet normal  0.000000e+00  0.000000e+00  1.000000e+00
   outer loop
     vertex  4.985000e+01  1.358000e+02  7.980000e+00
     vertex  5.522006e+01  1.312830e+02  7.980000e+00
     vertex  5.523393e+01  1.313275e+02  7.980000e+00
   endloop
 endfacet
 facet normal  0.000000e+00  0.000000e+00  1.000000e+00
   outer loop
     vertex  4.985000e+01  1.358000e+02  7.980000e+00
     vertex  5.520742e+01  1.312381e+02  7.980000e+00
     vertex  5.522006e+01  1.312830e+02  7.980000e+00
   endloop
 endfacet
 facet normal  0.000000e+00  0.000000e+00  1.000000e+00
   outer loop
     vertex  4.985000e+01  1.358000e+02  7.980000e+00
     vertex  5.519602e+01  1.311929e+02  7.980000e+00
     vertex  5.520742e+01  1.312381e+02  7.980000e+00
   endloop
 endfacet
 facet normal  0.000000e+00  0.000000e+00  1.000000e+00
   outer loop
     vertex  4.985000e+01  1.358000e+02  7.980000e+00
     vertex  5.518587e+01  1.311474e+02  7.980000e+00
     vertex  5.519602e+01  1.311929e+02  7.980000e+00
   endloop
 endfacet
 facet normal  0.000000e+00  0.000000e+00  1.000000e+00
   outer loop
     vertex  4.985000e+01  1.358000e+02  7.980000e+00
     vertex  5.517696e+01  1.311016e+02  7.980000e+00
     vertex  5.518587e+01  1.311474e+02  7.980000e+00
   endloop
 endfacet
 facet normal  0.000000e+00  0.000000e+00  1.000000e+00
   outer loop
     vertex  4.985000e+01  1.358000e+02  7.980000e+00
     vertex  5.516932e+01  1.310556e+02  7.980000e+00
     vertex  5.517696e+01  1.311016e+02  7.980000e+00
   endloop
 endfacet
 facet normal  0.000000e+00  0.000000e+00  1.000000e+00
   outer loop
     vertex  4.985000e+01  1.358000e+02  7.980000e+00
     vertex  5.516294e+01  1.310094e+02  7.980000e+00
     vertex  5.516932e+01  1.310556e+02  7.980000e+00
   endloop
 endfacet
 facet normal  0.000000e+00  0.000000e+00  1.000000e+00
   outer loop
     vertex  4.985000e+01  1.358000e+02  7.980000e+00
     vertex  5.515783e+01  1.309630e+02  7.980000e+00
     vertex  5.516294e+01  1.310094e+02  7.980000e+00
   endloop
 endfacet
 facet normal  0.000000e+00  0.000000e+00  1.000000e+00
   outer loop
     vertex  4.985000e+01  1.358000e+02  7.980000e+00
     vertex  5.515400e+01  1.309165e+02  7.980000e+00
     vertex  5.515783e+01  1.309630e+02  7.980000e+00
   endloop
 endfacet
 facet normal  0.000000e+00  0.000000e+00  1.000000e+00
   outer loop
     vertex  4.985000e+01  1.358000e+02  7.980000e+00
     vertex  5.515144e+01  1.308699e+02  7.980000e+00
     vertex  5.515400e+01  1.309165e+02  7.980000e+00
   endloop
 endfacet
 facet normal  0.000000e+00  0.000000e+00  1.000000e+00
   outer loop
     vertex  4.985000e+01  1.358000e+02  7.980000e+00
     vertex  5.515016e+01  1.308233e+02  7.980000e+00
     vertex  5.515144e+01  1.308699e+02  7.980000e+00
   endloop
 endfacet
 facet normal  0.000000e+00  0.000000e+00  1.000000e+00
   outer loop
     vertex  4.985000e+01  1.358000e+02  7.980000e+00
     vertex  5.515016e+01  1.307767e+02  7.980000e+00
     vertex  5.515016e+01  1.308233e+02  7.980000e+00
   endloop
 endfacet
 facet normal -0.000000e+00  0.000000e+00  1.000000e+00
   outer loop
     vertex  4.985000e+01  1.358000e+02  7.980000e+00
     vertex  5.686166e+01  1.325000e+02  7.980000e+00
     vertex  6.385000e+01  1.358000e+02  7.980000e+00
   endloop
 endfacet
 facet normal  0.000000e+00  0.000000e+00  1.000000e+00
   outer loop
     vertex  4.985000e+01  1.358000e+02  7.980000e+00
     vertex  4.985000e+01  1.256000e+02  7.980000e+00
     vertex  5.515016e+01  1.307767e+02  7.980000e+00
   endloop
 endfacet
 facet normal -0.000000e+00  0.000000e+00  1.000000e+00
   outer loop
     vertex  1.420000e+01  1.256000e+02  7.980000e+00
     vertex  7.742500e+01  3.450000e+01  7.980000e+00
     vertex  4.985000e+01  1.256000e+02  7.980000e+00
   endloop
 endfacet
 facet normal  0.000000e+00  0.000000e+00  1.000000e+00
   outer loop
     vertex  1.420000e+01  1.256000e+02  7.980000e+00
     vertex  1.420000e+01  1.420000e+01  7.980000e+00
     vertex  7.742500e+01  3.450000e+01  7.980000e+00
   endloop
 endfacet
 facet normal  0.000000e+00  0.000000e+00  1.000000e+00
   outer loop
     vertex  6.385000e+01  1.420000e+01  7.980000e+00
     vertex  1.349500e+02  1.420000e+01  7.980000e+00
     vertex  1.211750e+02  1.600000e+01  7.980000e+00
   endloop
 endfacet
 facet normal  0.000000e+00  0.000000e+00  1.000000e+00
   outer loop
     vertex  6.385000e+01  1.420000e+01  7.980000e+00
     vertex  1.211750e+02  1.600000e+01  7.980000e+00
     vertex  7.742500e+01  1.600000e+01  7.980000e+00
   endloop
 endfacet
 facet normal  0.000000e+00  1.000000e+00  0.000000e+00
   outer loop
     vertex  1.211750e+02  1.600000e+01  6.780000e+00
     vertex  7.742500e+01  1.600000e+01  6.780000e+00
     vertex  7.742500e+01  1.600000e+01  7.980000e+00
   endloop
 endfacet
 facet normal  0.000000e+00  1.000000e+00  0.000000e+00
   outer loop
     vertex  1.211750e+02  1.600000e+01  7.980000e+00
     vertex  1.211750e+02  1.600000e+01  6.780000e+00
     vertex  7.742500e+01  1.600000e+01  7.980000e+00
   endloop
 endfacet
 facet normal -1.000000e+00  0.000000e+00  0.000000e+00
   outer loop
     vertex  1.211750e+02  1.600000e+01  7.980000e+00
     vertex  1.211750e+02  3.450000e+01  6.780000e+00
     vertex  1.211750e+02  1.600000e+01  6.780000e+00
   endloop
 endfacet
 facet normal -1.000000e+00  0.000000e+00  0.000000e+00
   outer loop
     vertex  1.211750e+02  1.600000e+01  7.980000e+00
     vertex  1.211750e+02  3.450000e+01  7.980000e+00
     vertex  1.211750e+02  3.450000e+01  6.780000e+00
   endloop
 endfacet
 facet normal  0.000000e+00 -1.000000e+00  0.000000e+00
   outer loop
     vertex  1.211750e+02  3.450000e+01  6.780000e+00
     vertex  7.742500e+01  3.450000e+01  7.980000e+00
     vertex  7.742500e+01  3.450000e+01  6.780000e+00
   endloop
 endfacet
 facet normal -0.000000e+00 -1.000000e+00 -0.000000e+00
   outer loop
     vertex  1.211750e+02  3.450000e+01  7.980000e+00
     vertex  7.742500e+01  3.450000e+01  7.980000e+00
     vertex  1.211750e+02  3.450000e+01  6.780000e+00
   endloop
 endfacet
 facet normal  1.000000e+00  0.000000e+00  0.000000e+00
   outer loop
     vertex  7.742500e+01  1.600000e+01  7.980000e+00
     vertex  7.742500e+01  1.600000e+01  6.780000e+00
     vertex  7.742500e+01  3.450000e+01  6.780000e+00
   endloop
 endfacet
 facet normal  1.000000e+00 -0.000000e+00  0.000000e+00
   outer loop
     vertex  7.742500e+01  1.600000e+01  7.980000e+00
     vertex  7.742500e+01  3.450000e+01  6.780000e+00
     vertex  7.742500e+01  3.450000e+01  7.980000e+00
   endloop
 endfacet
 facet normal  0.000000e+00  0.000000e+00  1.000000e+00
   outer loop
     vertex  1.211750e+02  3.450000e+01  6.780000e+00
     vertex  7.742500e+01  3.450000e+01  6.780000e+00
     vertex  7.742500e+01  1.600000e+01  6.780000e+00
   endloop
 endfacet
 facet normal  0.000000e+00  0.000000e+00  1.000000e+00
   outer loop
     vertex  1.211750e+02  3.450000e+01  6.780000e+00
     vertex  7.742500e+01  1.600000e+01  6.780000e+00
     vertex  1.211750e+02  1.600000e+01  6.780000e+00
   endloop
 endfacet
endsolid
