solid 
 facet normal -1.477922e-14 -9.396926e-01  3.420201e-01
   outer loop
     vertex  2.607966e+01  1.093457e+01  5.354250e+01
     vertex  2.604392e+01  1.092222e+01  5.350855e+01
     vertex  3.500000e+01  0.000000e+00  2.350000e+01
   endloop
 endfacet
 facet normal -1.461568e-14 -9.396926e-01  3.420201e-01
   outer loop
     vertex  2.600804e+01  1.091028e+01  5.347575e+01
     vertex  3.500000e+01  0.000000e+00  2.350000e+01
     vertex  2.604392e+01  1.092222e+01  5.350855e+01
   endloop
 endfacet
 facet normal  1.241547e-14 -9.396926e-01  3.420201e-01
   outer loop
     vertex  2.611525e+01  1.094734e+01  5.357758e+01
     vertex  2.607966e+01  1.093457e+01  5.354250e+01
     vertex  3.500000e+01  0.000000e+00  2.350000e+01
   endloop
 endfacet
 facet normal  5.758320e-14 -9.396926e-01  3.420201e-01
   outer loop
     vertex  2.597202e+01  1.089876e+01  5.344410e+01
     vertex  3.500000e+01  0.000000e+00  2.350000e+01
     vertex  2.600804e+01  1.091028e+01  5.347575e+01
   endloop
 endfacet
 facet normal  2.544582e-14 -9.396926e-01  3.420201e-01
   outer loop
     vertex  2.615070e+01  1.096053e+01  5.361380e+01
     vertex  2.611525e+01  1.094734e+01  5.357758e+01
     vertex  3.500000e+01  0.000000e+00  2.350000e+01
   endloop
 endfacet
 facet normal -1.705766e-14 -9.396926e-01  3.420201e-01
   outer loop
     vertex  2.593587e+01  1.088766e+01  5.341361e+01
     vertex  3.500000e+01  0.000000e+00  2.350000e+01
     vertex  2.597202e+01  1.089876e+01  5.344410e+01
   endloop
 endfacet
 facet normal -1.168215e-14 -9.396926e-01  3.420201e-01
   outer loop
     vertex  2.618598e+01  1.097412e+01  5.365115e+01
     vertex  2.615070e+01  1.096053e+01  5.361380e+01
     vertex  3.500000e+01  0.000000e+00  2.350000e+01
   endloop
 endfacet
 facet normal -4.517225e-14 -9.396926e-01  3.420201e-01
   outer loop
     vertex  2.589960e+01  1.087698e+01  5.338427e+01
     vertex  3.500000e+01  0.000000e+00  2.350000e+01
     vertex  2.593587e+01  1.088766e+01  5.341361e+01
   endloop
 endfacet
 facet normal  1.108011e-14 -9.396926e-01  3.420201e-01
   outer loop
     vertex  2.622111e+01  1.098813e+01  5.368963e+01
     vertex  2.618598e+01  1.097412e+01  5.365115e+01
     vertex  3.500000e+01  0.000000e+00  2.350000e+01
   endloop
 endfacet
 facet normal  2.607889e-14 -9.396926e-01  3.420201e-01
   outer loop
     vertex  2.586320e+01  1.086673e+01  5.335609e+01
     vertex  3.500000e+01  0.000000e+00  2.350000e+01
     vertex  2.589960e+01  1.087698e+01  5.338427e+01
   endloop
 endfacet
 facet normal -2.386826e-14 -9.396926e-01  3.420201e-01
   outer loop
     vertex  2.625607e+01  1.100254e+01  5.372922e+01
     vertex  2.622111e+01  1.098813e+01  5.368963e+01
     vertex  3.500000e+01  0.000000e+00  2.350000e+01
   endloop
 endfacet
 facet normal -3.093496e-14 -9.396926e-01  3.420201e-01
   outer loop
     vertex  2.583075e+01  1.085797e+01  5.333202e+01
     vertex  3.500000e+01  0.000000e+00  2.350000e+01
     vertex  2.586320e+01  1.086673e+01  5.335609e+01
   endloop
 endfacet
 facet normal  6.022584e-14 -9.396926e-01  3.420201e-01
   outer loop
     vertex  2.580635e+01  1.085162e+01  5.331458e+01
     vertex  3.500000e+01  0.000000e+00  2.350000e+01
     vertex  2.583075e+01  1.085797e+01  5.333202e+01
   endloop
 endfacet
 facet normal -1.126511e-14 -9.396926e-01  3.420201e-01
   outer loop
     vertex  2.629086e+01  1.101735e+01  5.376993e+01
     vertex  2.625607e+01  1.100254e+01  5.372922e+01
     vertex  3.500000e+01  0.000000e+00  2.350000e+01
   endloop
 endfacet
 facet normal -1.150085e-15 -9.396926e-01  3.420201e-01
   outer loop
     vertex  2.578190e+01  1.084546e+01  5.329765e+01
     vertex  3.500000e+01  0.000000e+00  2.350000e+01
     vertex  2.580635e+01  1.085162e+01  5.331458e+01
   endloop
 endfacet
 facet normal  1.847077e-14 -9.396926e-01  3.420201e-01
   outer loop
     vertex  2.632548e+01  1.103258e+01  5.381175e+01
     vertex  2.629086e+01  1.101735e+01  5.376993e+01
     vertex  3.500000e+01  0.000000e+00  2.350000e+01
   endloop
 endfacet
 facet normal -1.811724e-14 -9.396926e-01  3.420201e-01
   outer loop
     vertex  2.575741e+01  1.083949e+01  5.328125e+01
     vertex  3.500000e+01  0.000000e+00  2.350000e+01
     vertex  2.578190e+01  1.084546e+01  5.329765e+01
   endloop
 endfacet
 facet normal -1.667318e-14 -9.396926e-01  3.420201e-01
   outer loop
     vertex  2.573287e+01  1.083371e+01  5.326537e+01
     vertex  3.500000e+01  0.000000e+00  2.350000e+01
     vertex  2.575741e+01  1.083949e+01  5.328125e+01
   endloop
 endfacet
 facet normal  1.524199e-14 -9.396926e-01  3.420201e-01
   outer loop
     vertex  2.637135e+01  1.105350e+01  5.386923e+01
     vertex  2.632548e+01  1.103258e+01  5.381175e+01
     vertex  3.500000e+01  0.000000e+00  2.350000e+01
   endloop
 endfacet
 facet normal  2.927380e-14 -9.396926e-01  3.420201e-01
   outer loop
     vertex  2.570829e+01  1.082812e+01  5.325001e+01
     vertex  3.500000e+01  0.000000e+00  2.350000e+01
     vertex  2.573287e+01  1.083371e+01  5.326537e+01
   endloop
 endfacet
 facet normal -3.296077e-15 -9.396926e-01  3.420201e-01
   outer loop
     vertex  2.568366e+01  1.082272e+01  5.323518e+01
     vertex  3.500000e+01  0.000000e+00  2.350000e+01
     vertex  2.570829e+01  1.082812e+01  5.325001e+01
   endloop
 endfacet
 facet normal -1.687130e-14 -9.396926e-01  3.420201e-01
   outer loop
     vertex  2.642257e+01  1.107788e+01  5.393622e+01
     vertex  2.637135e+01  1.105350e+01  5.386923e+01
     vertex  3.500000e+01  0.000000e+00  2.350000e+01
   endloop
 endfacet
 facet normal -2.049212e-14 -9.396926e-01  3.420201e-01
   outer loop
     vertex  2.565900e+01  1.081751e+01  5.322087e+01
     vertex  3.500000e+01  0.000000e+00  2.350000e+01
     vertex  2.568366e+01  1.082272e+01  5.323518e+01
   endloop
 endfacet
 facet normal -5.243428e-14 -9.396926e-01  3.420201e-01
   outer loop
     vertex  2.563429e+01  1.081250e+01  5.320709e+01
     vertex  3.500000e+01  0.000000e+00  2.350000e+01
     vertex  2.565900e+01  1.081751e+01  5.322087e+01
   endloop
 endfacet
 facet normal  5.861589e-14 -9.396926e-01  3.420201e-01
   outer loop
     vertex  2.560955e+01  1.080767e+01  5.319384e+01
     vertex  3.500000e+01  0.000000e+00  2.350000e+01
     vertex  2.563429e+01  1.081250e+01  5.320709e+01
   endloop
 endfacet
 facet normal  1.296071e-14 -9.396926e-01  3.420201e-01
   outer loop
     vertex  2.647335e+01  1.110315e+01  5.400565e+01
     vertex  2.642257e+01  1.107788e+01  5.393622e+01
     vertex  3.500000e+01  0.000000e+00  2.350000e+01
   endloop
 endfacet
 facet normal  2.433295e-14 -9.396926e-01  3.420201e-01
   outer loop
     vertex  2.558477e+01  1.080304e+01  5.318111e+01
     vertex  3.500000e+01  0.000000e+00  2.350000e+01
     vertex  2.560955e+01  1.080767e+01  5.319384e+01
   endloop
 endfacet
 facet normal -6.874097e-14 -9.396926e-01  3.420201e-01
   outer loop
     vertex  2.555995e+01  1.079860e+01  5.316891e+01
     vertex  3.500000e+01  0.000000e+00  2.350000e+01
     vertex  2.558477e+01  1.080304e+01  5.318111e+01
   endloop
 endfacet
 facet normal  4.710914e-15 -9.396926e-01  3.420201e-01
   outer loop
     vertex  2.652368e+01  1.112930e+01  5.407751e+01
     vertex  2.647335e+01  1.110315e+01  5.400565e+01
     vertex  3.500000e+01  0.000000e+00  2.350000e+01
   endloop
 endfacet
 facet normal  9.694975e-15 -9.396926e-01  3.420201e-01
   outer loop
     vertex  2.553510e+01  1.079435e+01  5.315724e+01
     vertex  3.500000e+01  0.000000e+00  2.350000e+01
     vertex  2.555995e+01  1.079860e+01  5.316891e+01
   endloop
 endfacet
 facet normal  4.921857e-14 -9.396926e-01  3.420201e-01
   outer loop
     vertex  2.551022e+01  1.079030e+01  5.314610e+01
     vertex  3.500000e+01  0.000000e+00  2.350000e+01
     vertex  2.553510e+01  1.079435e+01  5.315724e+01
   endloop
 endfacet
 facet normal -1.728843e-14 -9.396926e-01  3.420201e-01
   outer loop
     vertex  2.657355e+01  1.115633e+01  5.415177e+01
     vertex  2.652368e+01  1.112930e+01  5.407751e+01
     vertex  3.500000e+01  0.000000e+00  2.350000e+01
   endloop
 endfacet
 facet normal -7.769480e-17 -9.396926e-01  3.420201e-01
   outer loop
     vertex  2.548530e+01  1.078644e+01  5.313550e+01
     vertex  3.500000e+01  0.000000e+00  2.350000e+01
     vertex  2.551022e+01  1.079030e+01  5.314610e+01
   endloop
 endfacet
 facet normal  3.007818e-14 -9.396926e-01  3.420201e-01
   outer loop
     vertex  2.546036e+01  1.078277e+01  5.312542e+01
     vertex  3.500000e+01  0.000000e+00  2.350000e+01
     vertex  2.548530e+01  1.078644e+01  5.313550e+01
   endloop
 endfacet
 facet normal  3.767925e-15 -9.396926e-01  3.420201e-01
   outer loop
     vertex  2.662294e+01  1.118423e+01  5.422842e+01
     vertex  2.657355e+01  1.115633e+01  5.415177e+01
     vertex  3.500000e+01  0.000000e+00  2.350000e+01
   endloop
 endfacet
 facet normal -1.137395e-13 -9.396926e-01  3.420201e-01
   outer loop
     vertex  2.543539e+01  1.077930e+01  5.311587e+01
     vertex  3.500000e+01  0.000000e+00  2.350000e+01
     vertex  2.546036e+01  1.078277e+01  5.312542e+01
   endloop
 endfacet
 facet normal  3.176283e-14 -9.396926e-01  3.420201e-01
   outer loop
     vertex  2.541040e+01  1.077602e+01  5.310686e+01
     vertex  3.500000e+01  0.000000e+00  2.350000e+01
     vertex  2.543539e+01  1.077930e+01  5.311587e+01
   endloop
 endfacet
 facet normal  6.705256e-14 -9.396926e-01  3.420201e-01
   outer loop
     vertex  2.538538e+01  1.077293e+01  5.309838e+01
     vertex  3.500000e+01  0.000000e+00  2.350000e+01
     vertex  2.541040e+01  1.077602e+01  5.310686e+01
   endloop
 endfacet
 facet normal -1.720925e-14 -9.396926e-01  3.420201e-01
   outer loop
     vertex  2.667183e+01  1.121298e+01  5.430741e+01
     vertex  2.662294e+01  1.118423e+01  5.422842e+01
     vertex  3.500000e+01  0.000000e+00  2.350000e+01
   endloop
 endfacet
 facet normal  5.151564e-15 -9.396926e-01  3.420201e-01
   outer loop
     vertex  2.536033e+01  1.077004e+01  5.309043e+01
     vertex  3.500000e+01  0.000000e+00  2.350000e+01
     vertex  2.538538e+01  1.077293e+01  5.309838e+01
   endloop
 endfacet
 facet normal  1.687144e-14 -9.396926e-01  3.420201e-01
   outer loop
     vertex  2.533527e+01  1.076734e+01  5.308302e+01
     vertex  3.500000e+01  0.000000e+00  2.350000e+01
     vertex  2.536033e+01  1.077004e+01  5.309043e+01
   endloop
 endfacet
 facet normal  8.902589e-15 -9.396926e-01  3.420201e-01
   outer loop
     vertex  2.672022e+01  1.124258e+01  5.438874e+01
     vertex  2.667183e+01  1.121298e+01  5.430741e+01
     vertex  3.500000e+01  0.000000e+00  2.350000e+01
   endloop
 endfacet
 facet normal -1.091227e-13 -9.396926e-01  3.420201e-01
   outer loop
     vertex  2.531018e+01  1.076484e+01  5.307614e+01
     vertex  3.500000e+01  0.000000e+00  2.350000e+01
     vertex  2.533527e+01  1.076734e+01  5.308302e+01
   endloop
 endfacet
 facet normal -5.125832e-15 -9.396926e-01  3.420201e-01
   outer loop
     vertex  2.528508e+01  1.076253e+01  5.306980e+01
     vertex  3.500000e+01  0.000000e+00  2.350000e+01
     vertex  2.531018e+01  1.076484e+01  5.307614e+01
   endloop
 endfacet
 facet normal  4.805734e-17 -9.396926e-01  3.420201e-01
   outer loop
     vertex  2.676808e+01  1.127303e+01  5.447238e+01
     vertex  2.672022e+01  1.124258e+01  5.438874e+01
     vertex  3.500000e+01  0.000000e+00  2.350000e+01
   endloop
 endfacet
 facet normal  7.852179e-14 -9.396926e-01  3.420201e-01
   outer loop
     vertex  2.525996e+01  1.076041e+01  5.306399e+01
     vertex  3.500000e+01  0.000000e+00  2.350000e+01
     vertex  2.528508e+01  1.076253e+01  5.306980e+01
   endloop
 endfacet
 facet normal  7.566783e-15 -9.396926e-01  3.420201e-01
   outer loop
     vertex  2.523482e+01  1.075849e+01  5.305872e+01
     vertex  3.500000e+01  0.000000e+00  2.350000e+01
     vertex  2.525996e+01  1.076041e+01  5.306399e+01
   endloop
 endfacet
 facet normal  1.968441e-15 -9.396926e-01  3.420201e-01
   outer loop
     vertex  2.681540e+01  1.130430e+01  5.455830e+01
     vertex  2.676808e+01  1.127303e+01  5.447238e+01
     vertex  3.500000e+01  0.000000e+00  2.350000e+01
   endloop
 endfacet
 facet normal  2.241766e-14 -9.396926e-01  3.420201e-01
   outer loop
     vertex  2.520967e+01  1.075677e+01  5.305398e+01
     vertex  3.500000e+01  0.000000e+00  2.350000e+01
     vertex  2.523482e+01  1.075849e+01  5.305872e+01
   endloop
 endfacet
 facet normal -6.772071e-14 -9.396926e-01  3.420201e-01
   outer loop
     vertex  2.518450e+01  1.075524e+01  5.304978e+01
     vertex  3.500000e+01  0.000000e+00  2.350000e+01
     vertex  2.520967e+01  1.075677e+01  5.305398e+01
   endloop
 endfacet
 facet normal -1.819325e-14 -9.396926e-01  3.420201e-01
   outer loop
     vertex  2.515933e+01  1.075391e+01  5.304612e+01
     vertex  3.500000e+01  0.000000e+00  2.350000e+01
     vertex  2.518450e+01  1.075524e+01  5.304978e+01
   endloop
 endfacet
 facet normal  3.382549e-15 -9.396926e-01  3.420201e-01
   outer loop
     vertex  2.687764e+01  1.134727e+01  5.467637e+01
     vertex  2.681540e+01  1.130430e+01  5.455830e+01
     vertex  3.500000e+01  0.000000e+00  2.350000e+01
   endloop
 endfacet
 facet normal -2.072563e-14 -9.396926e-01  3.420201e-01
   outer loop
     vertex  2.513415e+01  1.075277e+01  5.304299e+01
     vertex  3.500000e+01  0.000000e+00  2.350000e+01
     vertex  2.515933e+01  1.075391e+01  5.304612e+01
   endloop
 endfacet
 facet normal  2.309790e-14 -9.396926e-01  3.420201e-01
   outer loop
     vertex  2.510895e+01  1.075183e+01  5.304040e+01
     vertex  3.500000e+01  0.000000e+00  2.350000e+01
     vertex  2.513415e+01  1.075277e+01  5.304299e+01
   endloop
 endfacet
 facet normal  2.950259e-14 -9.396926e-01  3.420201e-01
   outer loop
     vertex  2.508375e+01  1.075108e+01  5.303835e+01
     vertex  3.500000e+01  0.000000e+00  2.350000e+01
     vertex  2.510895e+01  1.075183e+01  5.304040e+01
   endloop
 endfacet
 facet normal -5.399461e-14 -9.396926e-01  3.420201e-01
   outer loop
     vertex  2.505855e+01  1.075053e+01  5.303683e+01
     vertex  3.500000e+01  0.000000e+00  2.350000e+01
     vertex  2.508375e+01  1.075108e+01  5.303835e+01
   endloop
 endfacet
 facet normal  9.658823e-15 -9.396926e-01  3.420201e-01
   outer loop
     vertex  2.694643e+01  1.139733e+01  5.481391e+01
     vertex  2.687764e+01  1.134727e+01  5.467637e+01
     vertex  3.500000e+01  0.000000e+00  2.350000e+01
   endloop
 endfacet
 facet normal -1.017887e-14 -9.396926e-01  3.420201e-01
   outer loop
     vertex  2.503334e+01  1.075017e+01  5.303585e+01
     vertex  3.500000e+01  0.000000e+00  2.350000e+01
     vertex  2.505855e+01  1.075053e+01  5.303683e+01
   endloop
 endfacet
 facet normal  0.000000e+00 -9.396926e-01  3.420201e-01
   outer loop
     vertex  2.500813e+01  1.075001e+01  5.303541e+01
     vertex  1.500000e+01  0.000000e+00  2.350000e+01
     vertex  3.500000e+01  0.000000e+00  2.350000e+01
   endloop
 endfacet
 facet normal  1.306917e-13 -9.396926e-01  3.420201e-01
   outer loop
     vertex  2.500813e+01  1.075001e+01  5.303541e+01
     vertex  3.500000e+01  0.000000e+00  2.350000e+01
     vertex  2.503334e+01  1.075017e+01  5.303585e+01
   endloop
 endfacet
 facet normal -1.105938e-13 -9.396926e-01  3.420201e-01
   outer loop
     vertex  2.498292e+01  1.075004e+01  5.303551e+01
     vertex  1.500000e+01  0.000000e+00  2.350000e+01
     vertex  2.500813e+01  1.075001e+01  5.303541e+01
   endloop
 endfacet
 facet normal  8.769496e-15 -9.396926e-01  3.420201e-01
   outer loop
     vertex  2.701390e+01  1.144917e+01  5.495634e+01
     vertex  2.694643e+01  1.139733e+01  5.481391e+01
     vertex  3.500000e+01  0.000000e+00  2.350000e+01
   endloop
 endfacet
 facet normal  3.142426e-15 -9.396926e-01  3.420201e-01
   outer loop
     vertex  2.495771e+01  1.075028e+01  5.303614e+01
     vertex  1.500000e+01  0.000000e+00  2.350000e+01
     vertex  2.498292e+01  1.075004e+01  5.303551e+01
   endloop
 endfacet
 facet normal  3.643501e-14 -9.396926e-01  3.420201e-01
   outer loop
     vertex  2.493251e+01  1.075070e+01  5.303731e+01
     vertex  1.500000e+01  0.000000e+00  2.350000e+01
     vertex  2.495771e+01  1.075028e+01  5.303614e+01
   endloop
 endfacet
 facet normal -6.044536e-14 -9.396926e-01  3.420201e-01
   outer loop
     vertex  2.490730e+01  1.075132e+01  5.303901e+01
     vertex  1.500000e+01  0.000000e+00  2.350000e+01
     vertex  2.493251e+01  1.075070e+01  5.303731e+01
   endloop
 endfacet
 facet normal -1.654048e-14 -9.396926e-01  3.420201e-01
   outer loop
     vertex  2.707998e+01  1.150276e+01  5.510359e+01
     vertex  2.701390e+01  1.144917e+01  5.495634e+01
     vertex  3.500000e+01  0.000000e+00  2.350000e+01
   endloop
 endfacet
 facet normal  4.332778e-14 -9.396926e-01  3.420201e-01
   outer loop
     vertex  2.488211e+01  1.075214e+01  5.304126e+01
     vertex  1.500000e+01  0.000000e+00  2.350000e+01
     vertex  2.490730e+01  1.075132e+01  5.303901e+01
   endloop
 endfacet
 facet normal  4.341027e-14 -9.396926e-01  3.420201e-01
   outer loop
     vertex  2.485412e+01  1.075328e+01  5.304438e+01
     vertex  1.500000e+01  0.000000e+00  2.350000e+01
     vertex  2.488211e+01  1.075214e+01  5.304126e+01
   endloop
 endfacet
 facet normal -2.523303e-14 -9.396926e-01  3.420201e-01
   outer loop
     vertex  2.482303e+01  1.075482e+01  5.304863e+01
     vertex  1.500000e+01  0.000000e+00  2.350000e+01
     vertex  2.485412e+01  1.075328e+01  5.304438e+01
   endloop
 endfacet
 facet normal -1.053940e-14 -9.396926e-01  3.420201e-01
   outer loop
     vertex  2.714464e+01  1.155807e+01  5.525553e+01
     vertex  2.707998e+01  1.150276e+01  5.510359e+01
     vertex  3.500000e+01  0.000000e+00  2.350000e+01
   endloop
 endfacet
 facet normal  4.508657e-14 -9.396926e-01  3.420201e-01
   outer loop
     vertex  2.479197e+01  1.075667e+01  5.305369e+01
     vertex  1.500000e+01  0.000000e+00  2.350000e+01
     vertex  2.482303e+01  1.075482e+01  5.304863e+01
   endloop
 endfacet
 facet normal -5.071997e-14 -9.396926e-01  3.420201e-01
   outer loop
     vertex  2.476092e+01  1.075881e+01  5.305958e+01
     vertex  1.500000e+01  0.000000e+00  2.350000e+01
     vertex  2.479197e+01  1.075667e+01  5.305369e+01
   endloop
 endfacet
 facet normal -1.246271e-14 -9.396926e-01  3.420201e-01
   outer loop
     vertex  2.472989e+01  1.076124e+01  5.306628e+01
     vertex  1.500000e+01  0.000000e+00  2.350000e+01
     vertex  2.476092e+01  1.075881e+01  5.305958e+01
   endloop
 endfacet
 facet normal -9.090863e-15 -9.396926e-01  3.420201e-01
   outer loop
     vertex  2.720782e+01  1.161504e+01  5.541207e+01
     vertex  2.714464e+01  1.155807e+01  5.525553e+01
     vertex  3.500000e+01  0.000000e+00  2.350000e+01
   endloop
 endfacet
 facet normal  3.610134e-15 -9.396926e-01  3.420201e-01
   outer loop
     vertex  2.469888e+01  1.076398e+01  5.307379e+01
     vertex  1.500000e+01  0.000000e+00  2.350000e+01
     vertex  2.472989e+01  1.076124e+01  5.306628e+01
   endloop
 endfacet
 facet normal  2.354750e-14 -9.396926e-01  3.420201e-01
   outer loop
     vertex  2.466791e+01  1.076701e+01  5.308212e+01
     vertex  1.500000e+01  0.000000e+00  2.350000e+01
     vertex  2.469888e+01  1.076398e+01  5.307379e+01
   endloop
 endfacet
 facet normal -2.987941e-16 -9.396926e-01  3.420201e-01
   outer loop
     vertex  2.463696e+01  1.077034e+01  5.309127e+01
     vertex  1.500000e+01  0.000000e+00  2.350000e+01
     vertex  2.466791e+01  1.076701e+01  5.308212e+01
   endloop
 endfacet
 facet normal  2.971573e-14 -9.396926e-01  3.420201e-01
   outer loop
     vertex  2.726950e+01  1.167366e+01  5.557310e+01
     vertex  2.720782e+01  1.161504e+01  5.541207e+01
     vertex  3.500000e+01  0.000000e+00  2.350000e+01
   endloop
 endfacet
 facet normal -4.384409e-14 -9.396926e-01  3.420201e-01
   outer loop
     vertex  2.460605e+01  1.077396e+01  5.310122e+01
     vertex  1.500000e+01  0.000000e+00  2.350000e+01
     vertex  2.463696e+01  1.077034e+01  5.309127e+01
   endloop
 endfacet
 facet normal -1.298407e-14 -9.396926e-01  3.420201e-01
   outer loop
     vertex  2.457518e+01  1.077789e+01  5.311200e+01
     vertex  1.500000e+01  0.000000e+00  2.350000e+01
     vertex  2.460605e+01  1.077396e+01  5.310122e+01
   endloop
 endfacet
 facet normal -1.581046e-14 -9.396926e-01  3.420201e-01
   outer loop
     vertex  2.732962e+01  1.173386e+01  5.573852e+01
     vertex  2.726950e+01  1.167366e+01  5.557310e+01
     vertex  3.500000e+01  0.000000e+00  2.350000e+01
   endloop
 endfacet
 facet normal  1.360054e-14 -9.396926e-01  3.420201e-01
   outer loop
     vertex  2.454434e+01  1.078210e+01  5.312358e+01
     vertex  1.500000e+01  0.000000e+00  2.350000e+01
     vertex  2.457518e+01  1.077789e+01  5.311200e+01
   endloop
 endfacet
 facet normal  5.213554e-14 -9.396926e-01  3.420201e-01
   outer loop
     vertex  2.451354e+01  1.078661e+01  5.313597e+01
     vertex  1.500000e+01  0.000000e+00  2.350000e+01
     vertex  2.454434e+01  1.078210e+01  5.312358e+01
   endloop
 endfacet
 facet normal -1.856275e-14 -9.396926e-01  3.420201e-01
   outer loop
     vertex  2.448279e+01  1.079142e+01  5.314918e+01
     vertex  1.500000e+01  0.000000e+00  2.350000e+01
     vertex  2.451354e+01  1.078661e+01  5.313597e+01
   endloop
 endfacet
 facet normal  1.570706e-15 -9.396926e-01  3.420201e-01
   outer loop
     vertex  2.738814e+01  1.179562e+01  5.590820e+01
     vertex  2.732962e+01  1.173386e+01  5.573852e+01
     vertex  3.500000e+01  0.000000e+00  2.350000e+01
   endloop
 endfacet
 facet normal -2.550188e-14 -9.396926e-01  3.420201e-01
   outer loop
     vertex  2.445209e+01  1.079652e+01  5.316319e+01
     vertex  1.500000e+01  0.000000e+00  2.350000e+01
     vertex  2.448279e+01  1.079142e+01  5.314918e+01
   endloop
 endfacet
 facet normal  9.793094e-15 -9.396926e-01  3.420201e-01
   outer loop
     vertex  2.442144e+01  1.080191e+01  5.317801e+01
     vertex  1.500000e+01  0.000000e+00  2.350000e+01
     vertex  2.445209e+01  1.079652e+01  5.316319e+01
   endloop
 endfacet
 facet normal -1.763275e-14 -9.396926e-01  3.420201e-01
   outer loop
     vertex  2.438744e+01  1.080825e+01  5.319542e+01
     vertex  1.500000e+01  0.000000e+00  2.350000e+01
     vertex  2.442144e+01  1.080191e+01  5.317801e+01
   endloop
 endfacet
 facet normal  9.742243e-15 -9.396926e-01  3.420201e-01
   outer loop
     vertex  2.434975e+01  1.081571e+01  5.321593e+01
     vertex  1.500000e+01  0.000000e+00  2.350000e+01
     vertex  2.438744e+01  1.080825e+01  5.319542e+01
   endloop
 endfacet
 facet normal  7.031231e-15 -9.396926e-01  3.420201e-01
   outer loop
     vertex  2.431215e+01  1.082362e+01  5.323766e+01
     vertex  1.500000e+01  0.000000e+00  2.350000e+01
     vertex  2.434975e+01  1.081571e+01  5.321593e+01
   endloop
 endfacet
 facet normal -1.055789e-14 -9.396926e-01  3.420201e-01
   outer loop
     vertex  2.427464e+01  1.083198e+01  5.326062e+01
     vertex  1.500000e+01  0.000000e+00  2.350000e+01
     vertex  2.431215e+01  1.082362e+01  5.323766e+01
   endloop
 endfacet
 facet normal  5.538858e-15 -9.396926e-01  3.420201e-01
   outer loop
     vertex  2.423724e+01  1.084078e+01  5.328479e+01
     vertex  1.500000e+01  0.000000e+00  2.350000e+01
     vertex  2.427464e+01  1.083198e+01  5.326062e+01
   endloop
 endfacet
 facet normal  4.625640e-14 -9.396926e-01  3.420201e-01
   outer loop
     vertex  2.419994e+01  1.085001e+01  5.331017e+01
     vertex  1.500000e+01  0.000000e+00  2.350000e+01
     vertex  2.423724e+01  1.084078e+01  5.328479e+01
   endloop
 endfacet
 facet normal -1.646077e-14 -9.396926e-01  3.420201e-01
   outer loop
     vertex  2.416276e+01  1.085969e+01  5.333676e+01
     vertex  1.500000e+01  0.000000e+00  2.350000e+01
     vertex  2.419994e+01  1.085001e+01  5.331017e+01
   endloop
 endfacet
 facet normal  1.365869e-14 -9.396926e-01  3.420201e-01
   outer loop
     vertex  2.412158e+01  1.087096e+01  5.336772e+01
     vertex  1.500000e+01  0.000000e+00  2.350000e+01
     vertex  2.416276e+01  1.085969e+01  5.333676e+01
   endloop
 endfacet
 facet normal -2.939891e-14 -9.396926e-01  3.420201e-01
   outer loop
     vertex  2.407600e+01  1.088412e+01  5.340386e+01
     vertex  1.500000e+01  0.000000e+00  2.350000e+01
     vertex  2.412158e+01  1.087096e+01  5.336772e+01
   endloop
 endfacet
 facet normal  9.717771e-15 -9.396926e-01  3.420201e-01
   outer loop
     vertex  2.403062e+01  1.089793e+01  5.344183e+01
     vertex  1.500000e+01  0.000000e+00  2.350000e+01
     vertex  2.407600e+01  1.088412e+01  5.340386e+01
   endloop
 endfacet
 facet normal -1.386500e-14 -9.396926e-01  3.420201e-01
   outer loop
     vertex  2.398545e+01  1.091241e+01  5.348161e+01
     vertex  1.500000e+01  0.000000e+00  2.350000e+01
     vertex  2.403062e+01  1.089793e+01  5.344183e+01
   endloop
 endfacet
 facet normal -2.584572e-14 -9.396926e-01  3.420201e-01
   outer loop
     vertex  2.394049e+01  1.092755e+01  5.352320e+01
     vertex  1.500000e+01  0.000000e+00  2.350000e+01
     vertex  2.398545e+01  1.091241e+01  5.348161e+01
   endloop
 endfacet
 facet normal  2.004108e-14 -9.396926e-01  3.420201e-01
   outer loop
     vertex  2.389576e+01  1.094334e+01  5.356659e+01
     vertex  1.500000e+01  0.000000e+00  2.350000e+01
     vertex  2.394049e+01  1.092755e+01  5.352320e+01
   endloop
 endfacet
 facet normal  1.726592e-14 -9.396926e-01  3.420201e-01
   outer loop
     vertex  2.384634e+01  1.096165e+01  5.361689e+01
     vertex  1.500000e+01  0.000000e+00  2.350000e+01
     vertex  2.389576e+01  1.094334e+01  5.356659e+01
   endloop
 endfacet
 facet normal -7.871235e-15 -9.396926e-01  3.420201e-01
   outer loop
     vertex  2.379178e+01  1.098293e+01  5.367536e+01
     vertex  1.500000e+01  0.000000e+00  2.350000e+01
     vertex  2.384634e+01  1.096165e+01  5.361689e+01
   endloop
 endfacet
 facet normal  1.445610e-14 -9.396926e-01  3.420201e-01
   outer loop
     vertex  2.373761e+01  1.100519e+01  5.373652e+01
     vertex  1.500000e+01  0.000000e+00  2.350000e+01
     vertex  2.379178e+01  1.098293e+01  5.367536e+01
   endloop
 endfacet
 facet normal -2.556551e-14 -9.396926e-01  3.420201e-01
   outer loop
     vertex  2.368385e+01  1.102843e+01  5.380035e+01
     vertex  1.500000e+01  0.000000e+00  2.350000e+01
     vertex  2.373761e+01  1.100519e+01  5.373652e+01
   endloop
 endfacet
 facet normal  1.228347e-14 -9.396926e-01  3.420201e-01
   outer loop
     vertex  2.362462e+01  1.105537e+01  5.387439e+01
     vertex  1.500000e+01  0.000000e+00  2.350000e+01
     vertex  2.368385e+01  1.102843e+01  5.380035e+01
   endloop
 endfacet
 facet normal  1.115515e-14 -9.396926e-01  3.420201e-01
   outer loop
     vertex  2.355946e+01  1.108670e+01  5.396045e+01
     vertex  1.500000e+01  0.000000e+00  2.350000e+01
     vertex  2.362462e+01  1.105537e+01  5.387439e+01
   endloop
 endfacet
 facet normal -1.060929e-14 -9.396926e-01  3.420201e-01
   outer loop
     vertex  2.349501e+01  1.111946e+01  5.405047e+01
     vertex  1.500000e+01  0.000000e+00  2.350000e+01
     vertex  2.355946e+01  1.108670e+01  5.396045e+01
   endloop
 endfacet
 facet normal  1.672732e-14 -9.396926e-01  3.420201e-01
   outer loop
     vertex  2.343130e+01  1.115365e+01  5.414441e+01
     vertex  1.500000e+01  0.000000e+00  2.350000e+01
     vertex  2.349501e+01  1.111946e+01  5.405047e+01
   endloop
 endfacet
 facet normal -6.342542e-15 -9.396926e-01  3.420201e-01
   outer loop
     vertex  2.336143e+01  1.119330e+01  5.425333e+01
     vertex  1.500000e+01  0.000000e+00  2.350000e+01
     vertex  2.343130e+01  1.115365e+01  5.414441e+01
   endloop
 endfacet
 facet normal -6.303516e-15 -9.396926e-01  3.420201e-01
   outer loop
     vertex  2.328497e+01  1.123935e+01  5.437987e+01
     vertex  1.500000e+01  0.000000e+00  2.350000e+01
     vertex  2.336143e+01  1.119330e+01  5.425333e+01
   endloop
 endfacet
 facet normal -7.450016e-15 -9.396926e-01  3.420201e-01
   outer loop
     vertex  2.320981e+01  1.128749e+01  5.451213e+01
     vertex  1.500000e+01  0.000000e+00  2.350000e+01
     vertex  2.328497e+01  1.123935e+01  5.437987e+01
   endloop
 endfacet
 facet normal  7.318729e-16 -9.396926e-01  3.420201e-01
   outer loop
     vertex  2.313599e+01  1.133768e+01  5.465001e+01
     vertex  1.500000e+01  0.000000e+00  2.350000e+01
     vertex  2.320981e+01  1.128749e+01  5.451213e+01
   endloop
 endfacet
 facet normal  1.591334e-14 -9.396926e-01  3.420201e-01
   outer loop
     vertex  2.305563e+01  1.139579e+01  5.480968e+01
     vertex  1.500000e+01  0.000000e+00  2.350000e+01
     vertex  2.313599e+01  1.133768e+01  5.465001e+01
   endloop
 endfacet
 facet normal -9.095015e-15 -9.396926e-01  3.420201e-01
   outer loop
     vertex  2.296846e+01  1.146320e+01  5.499489e+01
     vertex  1.500000e+01  0.000000e+00  2.350000e+01
     vertex  2.305563e+01  1.139579e+01  5.480968e+01
   endloop
 endfacet
 facet normal -1.559418e-16 -9.396926e-01  3.420201e-01
   outer loop
     vertex  3.500000e+01  1.637866e+01  6.850000e+01
     vertex  2.738814e+01  1.179562e+01  5.590820e+01
     vertex  3.500000e+01  0.000000e+00  2.350000e+01
   endloop
 endfacet
 facet normal -1.627100e-14 -9.396926e-01  3.420201e-01
   outer loop
     vertex  3.500000e+01  1.637866e+01  6.850000e+01
     vertex  2.746362e+01  1.188031e+01  5.614087e+01
     vertex  2.738814e+01  1.179562e+01  5.590820e+01
   endloop
 endfacet
 facet normal  0.000000e+00 -9.396926e-01  3.420201e-01
   outer loop
     vertex  3.500000e+01  1.637866e+01  6.850000e+01
     vertex  2.754493e+01  1.197866e+01  5.641110e+01
     vertex  2.746362e+01  1.188031e+01  5.614087e+01
   endloop
 endfacet
 facet normal  2.337071e-14 -9.396926e-01  3.420201e-01
   outer loop
     vertex  3.500000e+01  1.637866e+01  6.850000e+01
     vertex  2.762233e+01  1.208013e+01  5.668989e+01
     vertex  2.754493e+01  1.197866e+01  5.641110e+01
   endloop
 endfacet
 facet normal -2.135688e-14 -9.396926e-01  3.420201e-01
   outer loop
     vertex  3.500000e+01  1.637866e+01  6.850000e+01
     vertex  2.769568e+01  1.218456e+01  5.697682e+01
     vertex  2.762233e+01  1.208013e+01  5.668989e+01
   endloop
 endfacet
 facet normal  1.971607e-14 -9.396926e-01  3.420201e-01
   outer loop
     vertex  3.500000e+01  1.637866e+01  6.850000e+01
     vertex  2.776488e+01  1.229180e+01  5.727143e+01
     vertex  2.769568e+01  1.218456e+01  5.697682e+01
   endloop
 endfacet
 facet normal -9.178892e-15 -9.396926e-01  3.420201e-01
   outer loop
     vertex  3.500000e+01  1.637866e+01  6.850000e+01
     vertex  2.782981e+01  1.240166e+01  5.757328e+01
     vertex  2.776488e+01  1.229180e+01  5.727143e+01
   endloop
 endfacet
 facet normal -4.304720e-15 -9.396926e-01  3.420201e-01
   outer loop
     vertex  3.500000e+01  1.637866e+01  6.850000e+01
     vertex  2.789038e+01  1.251399e+01  5.788191e+01
     vertex  2.782981e+01  1.240166e+01  5.757328e+01
   endloop
 endfacet
 facet normal  1.219047e-14 -9.396926e-01  3.420201e-01
   outer loop
     vertex  3.500000e+01  1.637866e+01  6.850000e+01
     vertex  2.794649e+01  1.262861e+01  5.819682e+01
     vertex  2.789038e+01  1.251399e+01  5.788191e+01
   endloop
 endfacet
 facet normal -3.857402e-15 -9.396926e-01  3.420201e-01
   outer loop
     vertex  3.500000e+01  1.637866e+01  6.850000e+01
     vertex  2.799806e+01  1.274535e+01  5.851755e+01
     vertex  2.794649e+01  1.262861e+01  5.819682e+01
   endloop
 endfacet
 facet normal -3.680163e-15 -9.396926e-01  3.420201e-01
   outer loop
     vertex  3.500000e+01  1.637866e+01  6.850000e+01
     vertex  2.804500e+01  1.286402e+01  5.884359e+01
     vertex  2.799806e+01  1.274535e+01  5.851755e+01
   endloop
 endfacet
 facet normal -5.255023e-15 -9.396926e-01  3.420201e-01
   outer loop
     vertex  3.500000e+01  1.637866e+01  6.850000e+01
     vertex  2.810028e+01  1.302494e+01  5.928572e+01
     vertex  2.804500e+01  1.286402e+01  5.884359e+01
   endloop
 endfacet
 facet normal  1.108169e-15 -9.396926e-01  3.420201e-01
   outer loop
     vertex  3.500000e+01  1.637866e+01  6.850000e+01
     vertex  2.815231e+01  1.320914e+01  5.979182e+01
     vertex  2.810028e+01  1.302494e+01  5.928572e+01
   endloop
 endfacet
 facet normal -2.113335e-15 -9.396926e-01  3.420201e-01
   outer loop
     vertex  3.500000e+01  1.637866e+01  6.850000e+01
     vertex  2.819340e+01  1.339609e+01  6.030546e+01
     vertex  2.815231e+01  1.320914e+01  5.979182e+01
   endloop
 endfacet
 facet normal -1.014924e-15 -9.396926e-01  3.420201e-01
   outer loop
     vertex  3.500000e+01  1.637866e+01  6.850000e+01
     vertex  2.822341e+01  1.358514e+01  6.082486e+01
     vertex  2.819340e+01  1.339609e+01  6.030546e+01
   endloop
 endfacet
 facet normal  2.943985e-15 -9.396926e-01  3.420201e-01
   outer loop
     vertex  3.500000e+01  1.637866e+01  6.850000e+01
     vertex  2.824225e+01  1.377562e+01  6.134820e+01
     vertex  2.822341e+01  1.358514e+01  6.082486e+01
   endloop
 endfacet
 facet normal  0.000000e+00 -9.396926e-01  3.420201e-01
   outer loop
     vertex  3.500000e+01  1.637866e+01  6.850000e+01
     vertex  2.824806e+01  1.388774e+01  6.165626e+01
     vertex  2.824225e+01  1.377562e+01  6.134820e+01
   endloop
 endfacet
 facet normal  4.840252e-15 -9.396926e-01  3.420201e-01
   outer loop
     vertex  3.500000e+01  1.637866e+01  6.850000e+01
     vertex  2.825000e+01  1.400000e+01  6.196468e+01
     vertex  2.824806e+01  1.388774e+01  6.165626e+01
   endloop
 endfacet
 facet normal -1.738981e-15 -9.396926e-01  3.420201e-01
   outer loop
     vertex  2.824139e+01  1.423635e+01  6.261405e+01
     vertex  2.825000e+01  1.400000e+01  6.196468e+01
     vertex  3.500000e+01  1.637866e+01  6.850000e+01
   endloop
 endfacet
 facet normal  9.699921e-16 -9.396926e-01  3.420201e-01
   outer loop
     vertex  2.821562e+01  1.447145e+01  6.325999e+01
     vertex  2.824139e+01  1.423635e+01  6.261405e+01
     vertex  3.500000e+01  1.637866e+01  6.850000e+01
   endloop
 endfacet
 facet normal -1.967578e-15 -9.396926e-01  3.420201e-01
   outer loop
     vertex  2.817282e+01  1.470405e+01  6.389906e+01
     vertex  2.821562e+01  1.447145e+01  6.325999e+01
     vertex  3.500000e+01  1.637866e+01  6.850000e+01
   endloop
 endfacet
 facet normal  2.352715e-15 -9.396926e-01  3.420201e-01
   outer loop
     vertex  2.811322e+01  1.493293e+01  6.452788e+01
     vertex  2.817282e+01  1.470405e+01  6.389906e+01
     vertex  3.500000e+01  1.637866e+01  6.850000e+01
   endloop
 endfacet
 facet normal -9.882587e-16 -9.396926e-01  3.420201e-01
   outer loop
     vertex  2.803713e+01  1.515686e+01  6.514314e+01
     vertex  2.811322e+01  1.493293e+01  6.452788e+01
     vertex  3.500000e+01  1.637866e+01  6.850000e+01
   endloop
 endfacet
 facet normal -7.503570e-16 -9.396926e-01  3.420201e-01
   outer loop
     vertex  2.795489e+01  1.535320e+01  6.568257e+01
     vertex  2.803713e+01  1.515686e+01  6.514314e+01
     vertex  3.500000e+01  1.637866e+01  6.850000e+01
   endloop
 endfacet
 facet normal -9.660443e-16 -9.396926e-01  3.420201e-01
   outer loop
     vertex  2.787002e+01  1.552496e+01  6.615448e+01
     vertex  2.795489e+01  1.535320e+01  6.568257e+01
     vertex  3.500000e+01  1.637866e+01  6.850000e+01
   endloop
 endfacet
 facet normal  2.216292e-15 -9.396926e-01  3.420201e-01
   outer loop
     vertex  2.777517e+01  1.569142e+01  6.661183e+01
     vertex  2.787002e+01  1.552496e+01  6.615448e+01
     vertex  3.500000e+01  1.637866e+01  6.850000e+01
   endloop
 endfacet
 facet normal -1.733688e-15 -9.396926e-01  3.420201e-01
   outer loop
     vertex  2.767069e+01  1.585201e+01  6.705304e+01
     vertex  2.777517e+01  1.569142e+01  6.661183e+01
     vertex  3.500000e+01  1.637866e+01  6.850000e+01
   endloop
 endfacet
 facet normal -8.229555e-16 -9.396926e-01  3.420201e-01
   outer loop
     vertex  2.756870e+01  1.599105e+01  6.743505e+01
     vertex  2.767069e+01  1.585201e+01  6.705304e+01
     vertex  3.500000e+01  1.637866e+01  6.850000e+01
   endloop
 endfacet
 facet normal  2.901751e-16 -9.396926e-01  3.420201e-01
   outer loop
     vertex  2.747072e+01  1.611140e+01  6.776572e+01
     vertex  2.756870e+01  1.599105e+01  6.743505e+01
     vertex  3.500000e+01  1.637866e+01  6.850000e+01
   endloop
 endfacet
 facet normal -4.547539e-16 -9.396926e-01  3.420201e-01
   outer loop
     vertex  2.736711e+01  1.622694e+01  6.808316e+01
     vertex  2.747072e+01  1.611140e+01  6.776572e+01
     vertex  3.500000e+01  1.637866e+01  6.850000e+01
   endloop
 endfacet
 facet normal -3.045486e-16 -9.396926e-01  3.420201e-01
   outer loop
     vertex  2.729211e+01  1.630406e+01  6.829505e+01
     vertex  2.736711e+01  1.622694e+01  6.808316e+01
     vertex  3.500000e+01  1.637866e+01  6.850000e+01
   endloop
 endfacet
 facet normal  0.000000e+00 -9.396926e-01  3.420201e-01
   outer loop
     vertex  2.721460e+01  1.637866e+01  6.850000e+01
     vertex  2.729211e+01  1.630406e+01  6.829505e+01
     vertex  3.500000e+01  1.637866e+01  6.850000e+01
   endloop
 endfacet
 facet normal  0.000000e+00 -9.396926e-01  3.420201e-01
   outer loop
     vertex  1.500000e+01  1.637866e+01  6.850000e+01
     vertex  2.268625e+01  1.628234e+01  6.823536e+01
     vertex  2.278540e+01  1.637866e+01  6.850000e+01
   endloop
 endfacet
 facet normal  6.409738e-16 -9.396926e-01  3.420201e-01
   outer loop
     vertex  1.500000e+01  1.637866e+01  6.850000e+01
     vertex  2.259129e+01  1.618189e+01  6.795937e+01
     vertex  2.268625e+01  1.628234e+01  6.823536e+01
   endloop
 endfacet
 facet normal  1.183187e-15 -9.396926e-01  3.420201e-01
   outer loop
     vertex  1.500000e+01  1.637866e+01  6.850000e+01
     vertex  2.250069e+01  1.607749e+01  6.767254e+01
     vertex  2.259129e+01  1.618189e+01  6.795937e+01
   endloop
 endfacet
 facet normal  1.133932e-16 -9.396926e-01  3.420201e-01
   outer loop
     vertex  1.500000e+01  1.637866e+01  6.850000e+01
     vertex  2.241461e+01  1.596933e+01  6.737538e+01
     vertex  2.250069e+01  1.607749e+01  6.767254e+01
   endloop
 endfacet
 facet normal -1.806773e-15 -9.396926e-01  3.420201e-01
   outer loop
     vertex  1.500000e+01  1.637866e+01  6.850000e+01
     vertex  2.233321e+01  1.585761e+01  6.706844e+01
     vertex  2.241461e+01  1.596933e+01  6.737538e+01
   endloop
 endfacet
 facet normal  1.589677e-15 -9.396926e-01  3.420201e-01
   outer loop
     vertex  1.500000e+01  1.637866e+01  6.850000e+01
     vertex  2.225663e+01  1.574253e+01  6.675226e+01
     vertex  2.233321e+01  1.585761e+01  6.706844e+01
   endloop
 endfacet
 facet normal  0.000000e+00 -9.396926e-01  3.420201e-01
   outer loop
     vertex  1.500000e+01  1.637866e+01  6.850000e+01
     vertex  2.218502e+01  1.562430e+01  6.642742e+01
     vertex  2.225663e+01  1.574253e+01  6.675226e+01
   endloop
 endfacet
 facet normal  1.814488e-15 -9.396926e-01  3.420201e-01
   outer loop
     vertex  1.500000e+01  1.637866e+01  6.850000e+01
     vertex  2.211849e+01  1.550313e+01  6.609451e+01
     vertex  2.218502e+01  1.562430e+01  6.642742e+01
   endloop
 endfacet
 facet normal -3.733943e-15 -9.396926e-01  3.420201e-01
   outer loop
     vertex  1.500000e+01  1.637866e+01  6.850000e+01
     vertex  2.205718e+01  1.537924e+01  6.575413e+01
     vertex  2.211849e+01  1.550313e+01  6.609451e+01
   endloop
 endfacet
 facet normal  3.845780e-15 -9.396926e-01  3.420201e-01
   outer loop
     vertex  1.500000e+01  1.637866e+01  6.850000e+01
     vertex  2.200119e+01  1.525286e+01  6.540689e+01
     vertex  2.205718e+01  1.537924e+01  6.575413e+01
   endloop
 endfacet
 facet normal -1.586076e-15 -9.396926e-01  3.420201e-01
   outer loop
     vertex  1.500000e+01  1.637866e+01  6.850000e+01
     vertex  2.195063e+01  1.512421e+01  6.505342e+01
     vertex  2.200119e+01  1.525286e+01  6.540689e+01
   endloop
 endfacet
 facet normal  1.889058e-15 -9.396926e-01  3.420201e-01
   outer loop
     vertex  1.500000e+01  1.637866e+01  6.850000e+01
     vertex  2.190558e+01  1.499353e+01  6.469437e+01
     vertex  2.195063e+01  1.512421e+01  6.505342e+01
   endloop
 endfacet
 facet normal  6.266609e-16 -9.396926e-01  3.420201e-01
   outer loop
     vertex  1.500000e+01  1.637866e+01  6.850000e+01
     vertex  2.186614e+01  1.486104e+01  6.433038e+01
     vertex  2.190558e+01  1.499353e+01  6.469437e+01
   endloop
 endfacet
 facet normal -1.563280e-15 -9.396926e-01  3.420201e-01
   outer loop
     vertex  1.500000e+01  1.637866e+01  6.850000e+01
     vertex  2.183236e+01  1.472700e+01  6.396211e+01
     vertex  2.186614e+01  1.486104e+01  6.433038e+01
   endloop
 endfacet
 facet normal  1.408092e-15 -9.396926e-01  3.420201e-01
   outer loop
     vertex  1.500000e+01  1.637866e+01  6.850000e+01
     vertex  2.179624e+01  1.454628e+01  6.346558e+01
     vertex  2.183236e+01  1.472700e+01  6.396211e+01
   endloop
 endfacet
 facet normal  2.098311e-15 -9.396926e-01  3.420201e-01
   outer loop
     vertex  1.500000e+01  1.637866e+01  6.850000e+01
     vertex  2.176793e+01  1.434090e+01  6.290130e+01
     vertex  2.179624e+01  1.454628e+01  6.346558e+01
   endloop
 endfacet
 facet normal -1.699085e-15 -9.396926e-01  3.420201e-01
   outer loop
     vertex  1.500000e+01  1.637866e+01  6.850000e+01
     vertex  2.175277e+01  1.413413e+01  6.233320e+01
     vertex  2.176793e+01  1.434090e+01  6.290130e+01
   endloop
 endfacet
 facet normal  0.000000e+00 -9.396926e-01  3.420201e-01
   outer loop
     vertex  1.500000e+01  1.637866e+01  6.850000e+01
     vertex  2.175082e+01  1.392681e+01  6.176360e+01
     vertex  2.175277e+01  1.413413e+01  6.233320e+01
   endloop
 endfacet
 facet normal  0.000000e+00 -9.396926e-01  3.420201e-01
   outer loop
     vertex  1.500000e+01  1.637866e+01  6.850000e+01
     vertex  2.176210e+01  1.371979e+01  6.119482e+01
     vertex  2.175082e+01  1.392681e+01  6.176360e+01
   endloop
 endfacet
 facet normal  3.662287e-15 -9.396926e-01  3.420201e-01
   outer loop
     vertex  1.500000e+01  1.637866e+01  6.850000e+01
     vertex  2.178656e+01  1.351392e+01  6.062918e+01
     vertex  2.176210e+01  1.371979e+01  6.119482e+01
   endloop
 endfacet
 facet normal -4.760386e-15 -9.396926e-01  3.420201e-01
   outer loop
     vertex  1.500000e+01  1.637866e+01  6.850000e+01
     vertex  2.182409e+01  1.331002e+01  6.006897e+01
     vertex  2.178656e+01  1.351392e+01  6.062918e+01
   endloop
 endfacet
 facet normal  7.984618e-15 -9.396926e-01  3.420201e-01
   outer loop
     vertex  1.500000e+01  1.637866e+01  6.850000e+01
     vertex  2.187454e+01  1.310892e+01  5.951647e+01
     vertex  2.182409e+01  1.331002e+01  6.006897e+01
   endloop
 endfacet
 facet normal -2.111520e-15 -9.396926e-01  3.420201e-01
   outer loop
     vertex  1.500000e+01  1.637866e+01  6.850000e+01
     vertex  2.193772e+01  1.291146e+01  5.897394e+01
     vertex  2.187454e+01  1.310892e+01  5.951647e+01
   endloop
 endfacet
 facet normal -4.512973e-15 -9.396926e-01  3.420201e-01
   outer loop
     vertex  1.500000e+01  1.637866e+01  6.850000e+01
     vertex  2.201335e+01  1.271842e+01  5.844358e+01
     vertex  2.193772e+01  1.291146e+01  5.897394e+01
   endloop
 endfacet
 facet normal -2.440156e-15 -9.396926e-01  3.420201e-01
   outer loop
     vertex  1.500000e+01  1.637866e+01  6.850000e+01
     vertex  2.210114e+01  1.253060e+01  5.792754e+01
     vertex  2.201335e+01  1.271842e+01  5.844358e+01
   endloop
 endfacet
 facet normal  5.352495e-15 -9.396926e-01  3.420201e-01
   outer loop
     vertex  1.500000e+01  1.637866e+01  6.850000e+01
     vertex  2.220073e+01  1.234876e+01  5.742794e+01
     vertex  2.210114e+01  1.253060e+01  5.792754e+01
   endloop
 endfacet
 facet normal -3.298618e-15 -9.396926e-01  3.420201e-01
   outer loop
     vertex  1.500000e+01  1.637866e+01  6.850000e+01
     vertex  2.230011e+01  1.219083e+01  5.699402e+01
     vertex  2.220073e+01  1.234876e+01  5.742794e+01
   endloop
 endfacet
 facet normal -4.091031e-15 -9.396926e-01  3.420201e-01
   outer loop
     vertex  1.500000e+01  1.637866e+01  6.850000e+01
     vertex  2.239717e+01  1.205377e+01  5.661747e+01
     vertex  2.230011e+01  1.219083e+01  5.699402e+01
   endloop
 endfacet
 facet normal  3.209354e-16 -9.396926e-01  3.420201e-01
   outer loop
     vertex  1.500000e+01  1.637866e+01  6.850000e+01
     vertex  1.500000e+01  0.000000e+00  2.350000e+01
     vertex  2.239717e+01  1.205377e+01  5.661747e+01
   endloop
 endfacet
 facet normal  1.090208e-15 -9.396926e-01  3.420201e-01
   outer loop
     vertex  2.239717e+01  1.205377e+01  5.661747e+01
     vertex  1.500000e+01  0.000000e+00  2.350000e+01
     vertex  2.250119e+01  1.192192e+01  5.625519e+01
   endloop
 endfacet
 facet normal -8.865308e-15 -9.396926e-01  3.420201e-01
   outer loop
     vertex  2.250119e+01  1.192192e+01  5.625519e+01
     vertex  1.500000e+01  0.000000e+00  2.350000e+01
     vertex  2.260051e+01  1.180798e+01  5.594216e+01
   endloop
 endfacet
 facet normal  7.035478e-15 -9.396926e-01  3.420201e-01
   outer loop
     vertex  2.260051e+01  1.180798e+01  5.594216e+01
     vertex  1.500000e+01  0.000000e+00  2.350000e+01
     vertex  2.269435e+01  1.170948e+01  5.567154e+01
   endloop
 endfacet
 facet normal -1.183922e-14 -9.396926e-01  3.420201e-01
   outer loop
     vertex  2.269435e+01  1.170948e+01  5.567154e+01
     vertex  1.500000e+01  0.000000e+00  2.350000e+01
     vertex  2.279222e+01  1.161500e+01  5.541195e+01
   endloop
 endfacet
 facet normal  3.849961e-15 -9.396926e-01  3.420201e-01
   outer loop
     vertex  2.279222e+01  1.161500e+01  5.541195e+01
     vertex  1.500000e+01  0.000000e+00  2.350000e+01
     vertex  2.288362e+01  1.153353e+01  5.518812e+01
   endloop
 endfacet
 facet normal  7.332419e-15 -9.396926e-01  3.420201e-01
   outer loop
     vertex  2.288362e+01  1.153353e+01  5.518812e+01
     vertex  1.500000e+01  0.000000e+00  2.350000e+01
     vertex  2.296846e+01  1.146320e+01  5.499489e+01
   endloop
 endfacet
 facet normal -1.000000e+00  0.000000e+00 -0.000000e+00
   outer loop
     vertex  1.500000e+01  1.637866e+01  6.850000e+01
     vertex  1.500000e+01  3.400000e+01  2.350000e+01
     vertex  1.500000e+01  0.000000e+00  2.350000e+01
   endloop
 endfacet
 facet normal  0.000000e+00  9.311540e-01  3.646262e-01
   outer loop
     vertex  2.712156e+01  1.646200e+01  6.828716e+01
     vertex  2.721460e+01  1.637866e+01  6.850000e+01
     vertex  3.500000e+01  1.637866e+01  6.850000e+01
   endloop
 endfacet
 facet normal  7.916717e-16  9.311540e-01  3.646262e-01
   outer loop
     vertex  2.703514e+01  1.653391e+01  6.810354e+01
     vertex  2.712156e+01  1.646200e+01  6.828716e+01
     vertex  3.500000e+01  1.637866e+01  6.850000e+01
   endloop
 endfacet
 facet normal -2.045472e-16  9.311540e-01  3.646262e-01
   outer loop
     vertex  2.695528e+01  1.659603e+01  6.794490e+01
     vertex  2.703514e+01  1.653391e+01  6.810354e+01
     vertex  3.500000e+01  1.637866e+01  6.850000e+01
   endloop
 endfacet
 facet normal  2.087649e-15  9.311540e-01  3.646262e-01
   outer loop
     vertex  2.687352e+01  1.665564e+01  6.779268e+01
     vertex  2.695528e+01  1.659603e+01  6.794490e+01
     vertex  3.500000e+01  1.637866e+01  6.850000e+01
   endloop
 endfacet
 facet normal -8.342977e-16  9.311540e-01  3.646262e-01
   outer loop
     vertex  2.679839e+01  1.670708e+01  6.766130e+01
     vertex  2.687352e+01  1.665564e+01  6.779268e+01
     vertex  3.500000e+01  1.637866e+01  6.850000e+01
   endloop
 endfacet
 facet normal -2.372982e-15  9.311540e-01  3.646262e-01
   outer loop
     vertex  2.672955e+01  1.675157e+01  6.754769e+01
     vertex  2.679839e+01  1.670708e+01  6.766130e+01
     vertex  3.500000e+01  1.637866e+01  6.850000e+01
   endloop
 endfacet
 facet normal  2.913650e-15  9.311540e-01  3.646262e-01
   outer loop
     vertex  2.665962e+01  1.679431e+01  6.743855e+01
     vertex  2.672955e+01  1.675157e+01  6.754769e+01
     vertex  3.500000e+01  1.637866e+01  6.850000e+01
   endloop
 endfacet
 facet normal  1.702335e-16  9.311540e-01  3.646262e-01
   outer loop
     vertex  2.658863e+01  1.683527e+01  6.733395e+01
     vertex  2.665962e+01  1.679431e+01  6.743855e+01
     vertex  3.500000e+01  1.637866e+01  6.850000e+01
   endloop
 endfacet
 facet normal -1.314480e-15  9.311540e-01  3.646262e-01
   outer loop
     vertex  2.652388e+01  1.687059e+01  6.724375e+01
     vertex  2.658863e+01  1.683527e+01  6.733395e+01
     vertex  3.500000e+01  1.637866e+01  6.850000e+01
   endloop
 endfacet
 facet normal -4.966610e-15  9.311540e-01  3.646262e-01
   outer loop
     vertex  2.646493e+01  1.690112e+01  6.716579e+01
     vertex  2.652388e+01  1.687059e+01  6.724375e+01
     vertex  3.500000e+01  1.637866e+01  6.850000e+01
   endloop
 endfacet
 facet normal -2.910037e-15  9.311540e-01  3.646262e-01
   outer loop
     vertex  2.640537e+01  1.693043e+01  6.709093e+01
     vertex  2.646493e+01  1.690112e+01  6.716579e+01
     vertex  3.500000e+01  1.637866e+01  6.850000e+01
   endloop
 endfacet
 facet normal  1.208762e-14  9.311540e-01  3.646262e-01
   outer loop
     vertex  2.634522e+01  1.695853e+01  6.701918e+01
     vertex  2.640537e+01  1.693043e+01  6.709093e+01
     vertex  3.500000e+01  1.637866e+01  6.850000e+01
   endloop
 endfacet
 facet normal  9.234982e-16  9.311540e-01  3.646262e-01
   outer loop
     vertex  2.628451e+01  1.698539e+01  6.695059e+01
     vertex  2.634522e+01  1.695853e+01  6.701918e+01
     vertex  3.500000e+01  1.637866e+01  6.850000e+01
   endloop
 endfacet
 facet normal -5.618285e-15  9.311540e-01  3.646262e-01
   outer loop
     vertex  2.622941e+01  1.700849e+01  6.689158e+01
     vertex  2.628451e+01  1.698539e+01  6.695059e+01
     vertex  3.500000e+01  1.637866e+01  6.850000e+01
   endloop
 endfacet
 facet normal -1.129744e-15  9.311540e-01  3.646262e-01
   outer loop
     vertex  2.617947e+01  1.702842e+01  6.684069e+01
     vertex  2.622941e+01  1.700849e+01  6.689158e+01
     vertex  3.500000e+01  1.637866e+01  6.850000e+01
   endloop
 endfacet
 facet normal -3.111210e-15  9.311540e-01  3.646262e-01
   outer loop
     vertex  2.612920e+01  1.704752e+01  6.679191e+01
     vertex  2.617947e+01  1.702842e+01  6.684069e+01
     vertex  3.500000e+01  1.637866e+01  6.850000e+01
   endloop
 endfacet
 facet normal  9.946688e-15  9.311540e-01  3.646262e-01
   outer loop
     vertex  2.607863e+01  1.706579e+01  6.674527e+01
     vertex  2.612920e+01  1.704752e+01  6.679191e+01
     vertex  3.500000e+01  1.637866e+01  6.850000e+01
   endloop
 endfacet
 facet normal -7.285229e-15  9.311540e-01  3.646262e-01
   outer loop
     vertex  2.602776e+01  1.708321e+01  6.670076e+01
     vertex  2.607863e+01  1.706579e+01  6.674527e+01
     vertex  3.500000e+01  1.637866e+01  6.850000e+01
   endloop
 endfacet
 facet normal -1.192789e-15  9.311540e-01  3.646262e-01
   outer loop
     vertex  2.598173e+01  1.709818e+01  6.666256e+01
     vertex  2.602776e+01  1.708321e+01  6.670076e+01
     vertex  3.500000e+01  1.637866e+01  6.850000e+01
   endloop
 endfacet
 facet normal -1.386797e-14  9.311540e-01  3.646262e-01
   outer loop
     vertex  2.594013e+01  1.711106e+01  6.662967e+01
     vertex  2.598173e+01  1.709818e+01  6.666256e+01
     vertex  3.500000e+01  1.637866e+01  6.850000e+01
   endloop
 endfacet
 facet normal  8.261903e-17  9.311540e-01  3.646262e-01
   outer loop
     vertex  1.500000e+01  1.637866e+01  6.850000e+01
     vertex  2.334720e+01  1.679835e+01  6.742823e+01
     vertex  2.340289e+01  1.683050e+01  6.734613e+01
   endloop
 endfacet
 facet normal  1.352550e-15  9.311540e-01  3.646262e-01
   outer loop
     vertex  1.500000e+01  1.637866e+01  6.850000e+01
     vertex  2.329217e+01  1.676511e+01  6.751313e+01
     vertex  2.334720e+01  1.679835e+01  6.742823e+01
   endloop
 endfacet
 facet normal -6.833014e-15  9.311540e-01  3.646262e-01
   outer loop
     vertex  1.500000e+01  1.637866e+01  6.850000e+01
     vertex  2.323780e+01  1.673078e+01  6.760079e+01
     vertex  2.329217e+01  1.676511e+01  6.751313e+01
   endloop
 endfacet
 facet normal  7.571257e-15  9.311540e-01  3.646262e-01
   outer loop
     vertex  1.500000e+01  1.637866e+01  6.850000e+01
     vertex  2.318412e+01  1.669538e+01  6.769118e+01
     vertex  2.323780e+01  1.673078e+01  6.760079e+01
   endloop
 endfacet
 facet normal -5.248137e-15  9.311540e-01  3.646262e-01
   outer loop
     vertex  1.500000e+01  1.637866e+01  6.850000e+01
     vertex  2.313115e+01  1.665893e+01  6.778427e+01
     vertex  2.318412e+01  1.669538e+01  6.769118e+01
   endloop
 endfacet
 facet normal  7.323246e-16  9.311540e-01  3.646262e-01
   outer loop
     vertex  1.500000e+01  1.637866e+01  6.850000e+01
     vertex  2.307892e+01  1.662144e+01  6.788001e+01
     vertex  2.313115e+01  1.665893e+01  6.778427e+01
   endloop
 endfacet
 facet normal  2.270192e-15  9.311540e-01  3.646262e-01
   outer loop
     vertex  1.500000e+01  1.637866e+01  6.850000e+01
     vertex  2.302743e+01  1.658292e+01  6.797837e+01
     vertex  2.307892e+01  1.662144e+01  6.788001e+01
   endloop
 endfacet
 facet normal -4.780683e-16  9.311540e-01  3.646262e-01
   outer loop
     vertex  1.500000e+01  1.637866e+01  6.850000e+01
     vertex  2.297672e+01  1.654339e+01  6.807932e+01
     vertex  2.302743e+01  1.658292e+01  6.797837e+01
   endloop
 endfacet
 facet normal  7.677724e-16  9.311540e-01  3.646262e-01
   outer loop
     vertex  1.500000e+01  1.637866e+01  6.850000e+01
     vertex  2.291034e+01  1.648914e+01  6.821786e+01
     vertex  2.297672e+01  1.654339e+01  6.807932e+01
   endloop
 endfacet
 facet normal -1.194427e-16  9.311540e-01  3.646262e-01
   outer loop
     vertex  1.500000e+01  1.637866e+01  6.850000e+01
     vertex  2.284716e+01  1.643470e+01  6.835688e+01
     vertex  2.291034e+01  1.648914e+01  6.821786e+01
   endloop
 endfacet
 facet normal -0.000000e+00  9.311540e-01  3.646262e-01
   outer loop
     vertex  1.500000e+01  1.637866e+01  6.850000e+01
     vertex  2.278540e+01  1.637866e+01  6.850000e+01
     vertex  2.284716e+01  1.643470e+01  6.835688e+01
   endloop
 endfacet
 facet normal  2.512434e-14  9.311540e-01  3.646262e-01
   outer loop
     vertex  1.500000e+01  1.637866e+01  6.850000e+01
     vertex  2.404715e+01  1.710718e+01  6.663956e+01
     vertex  2.407450e+01  1.711544e+01  6.661847e+01
   endloop
 endfacet
 facet normal -2.840334e-15  9.311540e-01  3.646262e-01
   outer loop
     vertex  1.500000e+01  1.637866e+01  6.850000e+01
     vertex  2.401986e+01  1.709868e+01  6.666127e+01
     vertex  2.404715e+01  1.710718e+01  6.663956e+01
   endloop
 endfacet
 facet normal  1.324619e-14  9.311540e-01  3.646262e-01
   outer loop
     vertex  1.500000e+01  1.637866e+01  6.850000e+01
     vertex  2.398360e+01  1.708698e+01  6.669115e+01
     vertex  2.401986e+01  1.709868e+01  6.666127e+01
   endloop
 endfacet
 facet normal -2.840368e-14  9.311540e-01  3.646262e-01
   outer loop
     vertex  1.500000e+01  1.637866e+01  6.850000e+01
     vertex  2.394298e+01  1.707330e+01  6.672607e+01
     vertex  2.398360e+01  1.708698e+01  6.669115e+01
   endloop
 endfacet
 facet normal  7.362243e-15  9.311540e-01  3.646262e-01
   outer loop
     vertex  1.500000e+01  1.637866e+01  6.850000e+01
     vertex  2.390253e+01  1.705910e+01  6.676236e+01
     vertex  2.394298e+01  1.707330e+01  6.672607e+01
   endloop
 endfacet
 facet normal  7.796824e-16  9.311540e-01  3.646262e-01
   outer loop
     vertex  1.500000e+01  1.637866e+01  6.850000e+01
     vertex  2.386228e+01  1.704436e+01  6.680000e+01
     vertex  2.390253e+01  1.705910e+01  6.676236e+01
   endloop
 endfacet
 facet normal  1.490123e-14  9.311540e-01  3.646262e-01
   outer loop
     vertex  1.500000e+01  1.637866e+01  6.850000e+01
     vertex  2.382223e+01  1.702908e+01  6.683900e+01
     vertex  2.386228e+01  1.704436e+01  6.680000e+01
   endloop
 endfacet
 facet normal  4.995591e-15  9.311540e-01  3.646262e-01
   outer loop
     vertex  1.500000e+01  1.637866e+01  6.850000e+01
     vertex  2.378238e+01  1.701329e+01  6.687934e+01
     vertex  2.382223e+01  1.702908e+01  6.683900e+01
   endloop
 endfacet
 facet normal -1.301586e-14  9.311540e-01  3.646262e-01
   outer loop
     vertex  1.500000e+01  1.637866e+01  6.850000e+01
     vertex  2.374274e+01  1.699697e+01  6.692102e+01
     vertex  2.378238e+01  1.701329e+01  6.687934e+01
   endloop
 endfacet
 facet normal -1.317761e-15  9.311540e-01  3.646262e-01
   outer loop
     vertex  1.500000e+01  1.637866e+01  6.850000e+01
     vertex  2.370333e+01  1.698012e+01  6.696403e+01
     vertex  2.374274e+01  1.699697e+01  6.692102e+01
   endloop
 endfacet
 facet normal  1.555426e-14  9.311540e-01  3.646262e-01
   outer loop
     vertex  1.500000e+01  1.637866e+01  6.850000e+01
     vertex  2.366413e+01  1.696276e+01  6.700837e+01
     vertex  2.370333e+01  1.698012e+01  6.696403e+01
   endloop
 endfacet
 facet normal -8.885009e-15  9.311540e-01  3.646262e-01
   outer loop
     vertex  1.500000e+01  1.637866e+01  6.850000e+01
     vertex  2.362517e+01  1.694489e+01  6.705402e+01
     vertex  2.366413e+01  1.696276e+01  6.700837e+01
   endloop
 endfacet
 facet normal  7.108117e-15  9.311540e-01  3.646262e-01
   outer loop
     vertex  1.500000e+01  1.637866e+01  6.850000e+01
     vertex  2.358645e+01  1.692650e+01  6.710098e+01
     vertex  2.362517e+01  1.694489e+01  6.705402e+01
   endloop
 endfacet
 facet normal -1.777659e-14  9.311540e-01  3.646262e-01
   outer loop
     vertex  1.500000e+01  1.637866e+01  6.850000e+01
     vertex  2.354798e+01  1.690760e+01  6.714924e+01
     vertex  2.358645e+01  1.692650e+01  6.710098e+01
   endloop
 endfacet
 facet normal  3.057392e-15  9.311540e-01  3.646262e-01
   outer loop
     vertex  1.500000e+01  1.637866e+01  6.850000e+01
     vertex  2.350975e+01  1.688819e+01  6.719879e+01
     vertex  2.354798e+01  1.690760e+01  6.714924e+01
   endloop
 endfacet
 facet normal  1.026906e-14  9.311540e-01  3.646262e-01
   outer loop
     vertex  1.500000e+01  1.637866e+01  6.850000e+01
     vertex  2.345920e+01  1.686154e+01  6.726686e+01
     vertex  2.350975e+01  1.688819e+01  6.719879e+01
   endloop
 endfacet
 facet normal -3.095479e-15  9.311540e-01  3.646262e-01
   outer loop
     vertex  1.500000e+01  1.637866e+01  6.850000e+01
     vertex  2.340289e+01  1.683050e+01  6.734613e+01
     vertex  2.345920e+01  1.686154e+01  6.726686e+01
   endloop
 endfacet
 facet normal  5.887263e-14  9.311540e-01  3.646262e-01
   outer loop
     vertex  2.614006e+01  2.295652e+01  5.170197e+01
     vertex  2.610208e+01  2.294256e+01  5.173762e+01
     vertex  3.500000e+01  1.637866e+01  6.850000e+01
   endloop
 endfacet
 facet normal -1.453385e-14  9.311540e-01  3.646262e-01
   outer loop
     vertex  2.606392e+01  2.292908e+01  5.177206e+01
     vertex  3.500000e+01  1.637866e+01  6.850000e+01
     vertex  2.610208e+01  2.294256e+01  5.173762e+01
   endloop
 endfacet
 facet normal -5.109058e-14  9.311540e-01  3.646262e-01
   outer loop
     vertex  2.617787e+01  2.297095e+01  5.166512e+01
     vertex  2.614006e+01  2.295652e+01  5.170197e+01
     vertex  3.500000e+01  1.637866e+01  6.850000e+01
   endloop
 endfacet
 facet normal -2.510295e-14  9.311540e-01  3.646262e-01
   outer loop
     vertex  2.602560e+01  2.291607e+01  5.180528e+01
     vertex  3.500000e+01  1.637866e+01  6.850000e+01
     vertex  2.606392e+01  2.292908e+01  5.177206e+01
   endloop
 endfacet
 facet normal -1.221370e-14  9.311540e-01  3.646262e-01
   outer loop
     vertex  2.621550e+01  2.298586e+01  5.162706e+01
     vertex  2.617787e+01  2.297095e+01  5.166512e+01
     vertex  3.500000e+01  1.637866e+01  6.850000e+01
   endloop
 endfacet
 facet normal  2.249144e-14  9.311540e-01  3.646262e-01
   outer loop
     vertex  2.598712e+01  2.290354e+01  5.183728e+01
     vertex  3.500000e+01  1.637866e+01  6.850000e+01
     vertex  2.602560e+01  2.291607e+01  5.180528e+01
   endloop
 endfacet
 facet normal  3.933142e-14  9.311540e-01  3.646262e-01
   outer loop
     vertex  2.625294e+01  2.300122e+01  5.158781e+01
     vertex  2.621550e+01  2.298586e+01  5.162706e+01
     vertex  3.500000e+01  1.637866e+01  6.850000e+01
   endloop
 endfacet
 facet normal  2.967948e-16  9.311540e-01  3.646262e-01
   outer loop
     vertex  2.594849e+01  2.289148e+01  5.186806e+01
     vertex  2.594013e+01  1.711106e+01  6.662967e+01
     vertex  3.500000e+01  1.637866e+01  6.850000e+01
   endloop
 endfacet
 facet normal -1.753631e-14  9.311540e-01  3.646262e-01
   outer loop
     vertex  2.594849e+01  2.289148e+01  5.186806e+01
     vertex  3.500000e+01  1.637866e+01  6.850000e+01
     vertex  2.598712e+01  2.290354e+01  5.183728e+01
   endloop
 endfacet
 facet normal  1.045820e-14  9.311540e-01  3.646262e-01
   outer loop
     vertex  2.629018e+01  2.301706e+01  5.154738e+01
     vertex  2.625294e+01  2.300122e+01  5.158781e+01
     vertex  3.500000e+01  1.637866e+01  6.850000e+01
   endloop
 endfacet
 facet normal  0.000000e+00  9.311540e-01  3.646262e-01
   outer loop
     vertex  2.591402e+01  2.288118e+01  5.189438e+01
     vertex  2.589835e+01  1.712337e+01  6.659821e+01
     vertex  2.594013e+01  1.711106e+01  6.662967e+01
   endloop
 endfacet
 facet normal  2.846063e-15  9.311540e-01  3.646262e-01
   outer loop
     vertex  2.591402e+01  2.288118e+01  5.189438e+01
     vertex  2.594013e+01  1.711106e+01  6.662967e+01
     vertex  2.594849e+01  2.289148e+01  5.186806e+01
   endloop
 endfacet
 facet normal -9.028502e-15  9.311540e-01  3.646262e-01
   outer loop
     vertex  2.632722e+01  2.303335e+01  5.150576e+01
     vertex  2.629018e+01  2.301706e+01  5.154738e+01
     vertex  3.500000e+01  1.637866e+01  6.850000e+01
   endloop
 endfacet
 facet normal  0.000000e+00  9.311540e-01  3.646262e-01
   outer loop
     vertex  2.588810e+01  2.287370e+01  5.191349e+01
     vertex  2.585641e+01  1.713513e+01  6.656818e+01
     vertex  2.589835e+01  1.712337e+01  6.659821e+01
   endloop
 endfacet
 facet normal  5.985271e-14  9.311540e-01  3.646262e-01
   outer loop
     vertex  2.588810e+01  2.287370e+01  5.191349e+01
     vertex  2.589835e+01  1.712337e+01  6.659821e+01
     vertex  2.591402e+01  2.288118e+01  5.189438e+01
   endloop
 endfacet
 facet normal -2.691966e-14  9.311540e-01  3.646262e-01
   outer loop
     vertex  2.586212e+01  2.286643e+01  5.193204e+01
     vertex  2.585641e+01  1.713513e+01  6.656818e+01
     vertex  2.588810e+01  2.287370e+01  5.191349e+01
   endloop
 endfacet
 facet normal -4.831274e-14  9.311540e-01  3.646262e-01
   outer loop
     vertex  2.636406e+01  2.305011e+01  5.146297e+01
     vertex  2.632722e+01  2.303335e+01  5.150576e+01
     vertex  3.500000e+01  1.637866e+01  6.850000e+01
   endloop
 endfacet
 facet normal -1.291535e-13  9.311540e-01  3.646262e-01
   outer loop
     vertex  2.583608e+01  2.285938e+01  5.195004e+01
     vertex  2.581432e+01  1.714633e+01  6.653959e+01
     vertex  2.585641e+01  1.713513e+01  6.656818e+01
   endloop
 endfacet
 facet normal  3.197867e-14  9.311540e-01  3.646262e-01
   outer loop
     vertex  2.583608e+01  2.285938e+01  5.195004e+01
     vertex  2.585641e+01  1.713513e+01  6.656818e+01
     vertex  2.586212e+01  2.286643e+01  5.193204e+01
   endloop
 endfacet
 facet normal  7.416405e-14  9.311540e-01  3.646262e-01
   outer loop
     vertex  2.640068e+01  2.306732e+01  5.141901e+01
     vertex  2.636406e+01  2.305011e+01  5.146297e+01
     vertex  3.500000e+01  1.637866e+01  6.850000e+01
   endloop
 endfacet
 facet normal -7.731467e-14  9.311540e-01  3.646262e-01
   outer loop
     vertex  2.580998e+01  2.285255e+01  5.196749e+01
     vertex  2.581432e+01  1.714633e+01  6.653959e+01
     vertex  2.583608e+01  2.285938e+01  5.195004e+01
   endloop
 endfacet
 facet normal -3.067703e-14  9.311540e-01  3.646262e-01
   outer loop
     vertex  2.578382e+01  2.284593e+01  5.198438e+01
     vertex  2.581432e+01  1.714633e+01  6.653959e+01
     vertex  2.580998e+01  2.285255e+01  5.196749e+01
   endloop
 endfacet
 facet normal  8.620984e-14  9.311540e-01  3.646262e-01
   outer loop
     vertex  2.578382e+01  2.284593e+01  5.198438e+01
     vertex  2.577208e+01  1.715696e+01  6.651244e+01
     vertex  2.581432e+01  1.714633e+01  6.653959e+01
   endloop
 endfacet
 facet normal -4.161157e-14  9.311540e-01  3.646262e-01
   outer loop
     vertex  2.643709e+01  2.308499e+01  5.137389e+01
     vertex  2.640068e+01  2.306732e+01  5.141901e+01
     vertex  3.500000e+01  1.637866e+01  6.850000e+01
   endloop
 endfacet
 facet normal  6.459093e-14  9.311540e-01  3.646262e-01
   outer loop
     vertex  2.575761e+01  2.283954e+01  5.200072e+01
     vertex  2.572970e+01  1.716702e+01  6.648674e+01
     vertex  2.577208e+01  1.715696e+01  6.651244e+01
   endloop
 endfacet
 facet normal  8.590261e-14  9.311540e-01  3.646262e-01
   outer loop
     vertex  2.575761e+01  2.283954e+01  5.200072e+01
     vertex  2.577208e+01  1.715696e+01  6.651244e+01
     vertex  2.578382e+01  2.284593e+01  5.198438e+01
   endloop
 endfacet
 facet normal -1.044005e-14  9.311540e-01  3.646262e-01
   outer loop
     vertex  2.573135e+01  2.283336e+01  5.201650e+01
     vertex  2.572970e+01  1.716702e+01  6.648674e+01
     vertex  2.575761e+01  2.283954e+01  5.200072e+01
   endloop
 endfacet
 facet normal  7.547883e-15  9.311540e-01  3.646262e-01
   outer loop
     vertex  2.648529e+01  2.310925e+01  5.131194e+01
     vertex  2.643709e+01  2.308499e+01  5.137389e+01
     vertex  3.500000e+01  1.637866e+01  6.850000e+01
   endloop
 endfacet
 facet normal -1.437290e-13  9.311540e-01  3.646262e-01
   outer loop
     vertex  2.570503e+01  2.282739e+01  5.203173e+01
     vertex  2.569145e+01  1.717559e+01  6.646485e+01
     vertex  2.572970e+01  1.716702e+01  6.648674e+01
   endloop
 endfacet
 facet normal -8.892664e-15  9.311540e-01  3.646262e-01
   outer loop
     vertex  2.570503e+01  2.282739e+01  5.203173e+01
     vertex  2.572970e+01  1.716702e+01  6.648674e+01
     vertex  2.573135e+01  2.283336e+01  5.201650e+01
   endloop
 endfacet
 facet normal -8.699286e-15  9.311540e-01  3.646262e-01
   outer loop
     vertex  2.567867e+01  2.282165e+01  5.204639e+01
     vertex  2.569145e+01  1.717559e+01  6.646485e+01
     vertex  2.570503e+01  2.282739e+01  5.203173e+01
   endloop
 endfacet
 facet normal  1.330206e-13  9.311540e-01  3.646262e-01
   outer loop
     vertex  2.567867e+01  2.282165e+01  5.204639e+01
     vertex  2.565694e+01  1.718291e+01  6.644616e+01
     vertex  2.569145e+01  1.717559e+01  6.646485e+01
   endloop
 endfacet
 facet normal -9.243958e-15  9.311540e-01  3.646262e-01
   outer loop
     vertex  2.653902e+01  2.313750e+01  5.123981e+01
     vertex  2.648529e+01  2.310925e+01  5.131194e+01
     vertex  3.500000e+01  1.637866e+01  6.850000e+01
   endloop
 endfacet
 facet normal -7.979027e-14  9.311540e-01  3.646262e-01
   outer loop
     vertex  2.565227e+01  2.281613e+01  5.206050e+01
     vertex  2.562235e+01  1.718986e+01  6.642843e+01
     vertex  2.565694e+01  1.718291e+01  6.644616e+01
   endloop
 endfacet
 facet normal  5.740821e-14  9.311540e-01  3.646262e-01
   outer loop
     vertex  2.565227e+01  2.281613e+01  5.206050e+01
     vertex  2.565694e+01  1.718291e+01  6.644616e+01
     vertex  2.567867e+01  2.282165e+01  5.204639e+01
   endloop
 endfacet
 facet normal -6.517876e-14  9.311540e-01  3.646262e-01
   outer loop
     vertex  2.562581e+01  2.281082e+01  5.207405e+01
     vertex  2.562235e+01  1.718986e+01  6.642843e+01
     vertex  2.565227e+01  2.281613e+01  5.206050e+01
   endloop
 endfacet
 facet normal  1.687380e-14  9.311540e-01  3.646262e-01
   outer loop
     vertex  2.659222e+01  2.316674e+01  5.116512e+01
     vertex  2.653902e+01  2.313750e+01  5.123981e+01
     vertex  3.500000e+01  1.637866e+01  6.850000e+01
   endloop
 endfacet
 facet normal  2.663867e-14  9.311540e-01  3.646262e-01
   outer loop
     vertex  2.559932e+01  2.280574e+01  5.208704e+01
     vertex  2.558768e+01  1.719642e+01  6.641166e+01
     vertex  2.562235e+01  1.718986e+01  6.642843e+01
   endloop
 endfacet
 facet normal -2.269886e-14  9.311540e-01  3.646262e-01
   outer loop
     vertex  2.559932e+01  2.280574e+01  5.208704e+01
     vertex  2.562235e+01  1.718986e+01  6.642843e+01
     vertex  2.562581e+01  2.281082e+01  5.207405e+01
   endloop
 endfacet
 facet normal  1.065269e-13  9.311540e-01  3.646262e-01
   outer loop
     vertex  2.557278e+01  2.280087e+01  5.209946e+01
     vertex  2.555295e+01  1.720262e+01  6.639585e+01
     vertex  2.558768e+01  1.719642e+01  6.641166e+01
   endloop
 endfacet
 facet normal -2.717146e-14  9.311540e-01  3.646262e-01
   outer loop
     vertex  2.557278e+01  2.280087e+01  5.209946e+01
     vertex  2.558768e+01  1.719642e+01  6.641166e+01
     vertex  2.559932e+01  2.280574e+01  5.208704e+01
   endloop
 endfacet
 facet normal  2.035085e-14  9.311540e-01  3.646262e-01
   outer loop
     vertex  2.554620e+01  2.279623e+01  5.211132e+01
     vertex  2.555295e+01  1.720262e+01  6.639585e+01
     vertex  2.557278e+01  2.280087e+01  5.209946e+01
   endloop
 endfacet
 facet normal -1.331304e-13  9.311540e-01  3.646262e-01
   outer loop
     vertex  2.554620e+01  2.279623e+01  5.211132e+01
     vertex  2.551815e+01  1.720843e+01  6.638100e+01
     vertex  2.555295e+01  1.720262e+01  6.639585e+01
   endloop
 endfacet
 facet normal  3.905783e-15  9.311540e-01  3.646262e-01
   outer loop
     vertex  2.664486e+01  2.319698e+01  5.108792e+01
     vertex  2.659222e+01  2.316674e+01  5.116512e+01
     vertex  3.500000e+01  1.637866e+01  6.850000e+01
   endloop
 endfacet
 facet normal  2.577913e-14  9.311540e-01  3.646262e-01
   outer loop
     vertex  2.551959e+01  2.279180e+01  5.212262e+01
     vertex  2.551815e+01  1.720843e+01  6.638100e+01
     vertex  2.554620e+01  2.279623e+01  5.211132e+01
   endloop
 endfacet
 facet normal  7.998497e-14  9.311540e-01  3.646262e-01
   outer loop
     vertex  2.549294e+01  2.278760e+01  5.213335e+01
     vertex  2.548329e+01  1.721387e+01  6.636712e+01
     vertex  2.551815e+01  1.720843e+01  6.638100e+01
   endloop
 endfacet
 facet normal  9.675418e-14  9.311540e-01  3.646262e-01
   outer loop
     vertex  2.549294e+01  2.278760e+01  5.213335e+01
     vertex  2.551815e+01  1.720843e+01  6.638100e+01
     vertex  2.551959e+01  2.279180e+01  5.212262e+01
   endloop
 endfacet
 facet normal -3.714421e-14  9.311540e-01  3.646262e-01
   outer loop
     vertex  2.669692e+01  2.322819e+01  5.100822e+01
     vertex  2.664486e+01  2.319698e+01  5.108792e+01
     vertex  3.500000e+01  1.637866e+01  6.850000e+01
   endloop
 endfacet
 facet normal  0.000000e+00  9.311540e-01  3.646262e-01
   outer loop
     vertex  2.546625e+01  2.278362e+01  5.214352e+01
     vertex  2.544837e+01  1.721892e+01  6.635421e+01
     vertex  2.548329e+01  1.721387e+01  6.636712e+01
   endloop
 endfacet
 facet normal -1.192288e-13  9.311540e-01  3.646262e-01
   outer loop
     vertex  2.546625e+01  2.278362e+01  5.214352e+01
     vertex  2.548329e+01  1.721387e+01  6.636712e+01
     vertex  2.549294e+01  2.278760e+01  5.213335e+01
   endloop
 endfacet
 facet normal  0.000000e+00  9.311540e-01  3.646262e-01
   outer loop
     vertex  2.543954e+01  2.277986e+01  5.215312e+01
     vertex  2.541341e+01  1.722360e+01  6.634226e+01
     vertex  2.544837e+01  1.721892e+01  6.635421e+01
   endloop
 endfacet
 facet normal  7.523840e-14  9.311540e-01  3.646262e-01
   outer loop
     vertex  2.543954e+01  2.277986e+01  5.215312e+01
     vertex  2.544837e+01  1.721892e+01  6.635421e+01
     vertex  2.546625e+01  2.278362e+01  5.214352e+01
   endloop
 endfacet
 facet normal  2.077188e-14  9.311540e-01  3.646262e-01
   outer loop
     vertex  2.674840e+01  2.326036e+01  5.092605e+01
     vertex  2.669692e+01  2.322819e+01  5.100822e+01
     vertex  3.500000e+01  1.637866e+01  6.850000e+01
   endloop
 endfacet
 facet normal -3.407111e-15  9.311540e-01  3.646262e-01
   outer loop
     vertex  2.541279e+01  2.277632e+01  5.216215e+01
     vertex  2.541341e+01  1.722360e+01  6.634226e+01
     vertex  2.543954e+01  2.277986e+01  5.215312e+01
   endloop
 endfacet
 facet normal  7.998212e-16  9.311540e-01  3.646262e-01
   outer loop
     vertex  2.538601e+01  2.277301e+01  5.217062e+01
     vertex  2.541341e+01  1.722360e+01  6.634226e+01
     vertex  2.541279e+01  2.277632e+01  5.216215e+01
   endloop
 endfacet
 facet normal  5.336138e-14  9.311540e-01  3.646262e-01
   outer loop
     vertex  2.538601e+01  2.277301e+01  5.217062e+01
     vertex  2.537839e+01  1.722790e+01  6.633128e+01
     vertex  2.541341e+01  1.722360e+01  6.634226e+01
   endloop
 endfacet
 facet normal  7.986865e-15  9.311540e-01  3.646262e-01
   outer loop
     vertex  2.679926e+01  2.329350e+01  5.084143e+01
     vertex  2.674840e+01  2.326036e+01  5.092605e+01
     vertex  3.500000e+01  1.637866e+01  6.850000e+01
   endloop
 endfacet
 facet normal -2.450165e-14  9.311540e-01  3.646262e-01
   outer loop
     vertex  2.535921e+01  2.276991e+01  5.217852e+01
     vertex  2.537839e+01  1.722790e+01  6.633128e+01
     vertex  2.538601e+01  2.277301e+01  5.217062e+01
   endloop
 endfacet
 facet normal  5.928464e-14  9.311540e-01  3.646262e-01
   outer loop
     vertex  2.535921e+01  2.276991e+01  5.217852e+01
     vertex  2.534683e+01  1.723144e+01  6.632224e+01
     vertex  2.537839e+01  1.722790e+01  6.633128e+01
   endloop
 endfacet
 facet normal -1.297907e-14  9.311540e-01  3.646262e-01
   outer loop
     vertex  2.533239e+01  2.276704e+01  5.218585e+01
     vertex  2.534683e+01  1.723144e+01  6.632224e+01
     vertex  2.535921e+01  2.276991e+01  5.217852e+01
   endloop
 endfacet
 facet normal -9.881156e-14  9.311540e-01  3.646262e-01
   outer loop
     vertex  2.533239e+01  2.276704e+01  5.218585e+01
     vertex  2.531841e+01  1.723437e+01  6.631477e+01
     vertex  2.534683e+01  1.723144e+01  6.632224e+01
   endloop
 endfacet
 facet normal -6.588042e-14  9.311540e-01  3.646262e-01
   outer loop
     vertex  2.530554e+01  2.276439e+01  5.219261e+01
     vertex  2.528996e+01  1.723704e+01  6.630794e+01
     vertex  2.531841e+01  1.723437e+01  6.631477e+01
   endloop
 endfacet
 facet normal -3.708817e-14  9.311540e-01  3.646262e-01
   outer loop
     vertex  2.530554e+01  2.276439e+01  5.219261e+01
     vertex  2.531841e+01  1.723437e+01  6.631477e+01
     vertex  2.533239e+01  2.276704e+01  5.218585e+01
   endloop
 endfacet
 facet normal  3.874882e-15  9.311540e-01  3.646262e-01
   outer loop
     vertex  2.684950e+01  2.332757e+01  5.075441e+01
     vertex  2.679926e+01  2.329350e+01  5.084143e+01
     vertex  3.500000e+01  1.637866e+01  6.850000e+01
   endloop
 endfacet
 facet normal -3.336334e-14  9.311540e-01  3.646262e-01
   outer loop
     vertex  2.527867e+01  2.276197e+01  5.219881e+01
     vertex  2.528996e+01  1.723704e+01  6.630794e+01
     vertex  2.530554e+01  2.276439e+01  5.219261e+01
   endloop
 endfacet
 facet normal  9.882954e-14  9.311540e-01  3.646262e-01
   outer loop
     vertex  2.527867e+01  2.276197e+01  5.219881e+01
     vertex  2.526148e+01  1.723946e+01  6.630175e+01
     vertex  2.528996e+01  1.723704e+01  6.630794e+01
   endloop
 endfacet
 facet normal -1.647304e-13  9.311540e-01  3.646262e-01
   outer loop
     vertex  2.525178e+01  2.275977e+01  5.220443e+01
     vertex  2.523299e+01  1.724164e+01  6.629620e+01
     vertex  2.526148e+01  1.723946e+01  6.630175e+01
   endloop
 endfacet
 facet normal  6.930246e-14  9.311540e-01  3.646262e-01
   outer loop
     vertex  2.525178e+01  2.275977e+01  5.220443e+01
     vertex  2.526148e+01  1.723946e+01  6.630175e+01
     vertex  2.527867e+01  2.276197e+01  5.219881e+01
   endloop
 endfacet
 facet normal -3.662934e-14  9.311540e-01  3.646262e-01
   outer loop
     vertex  2.689909e+01  2.336258e+01  5.066501e+01
     vertex  2.684950e+01  2.332757e+01  5.075441e+01
     vertex  3.500000e+01  1.637866e+01  6.850000e+01
   endloop
 endfacet
 facet normal  2.306423e-13  9.311540e-01  3.646262e-01
   outer loop
     vertex  2.522487e+01  2.275779e+01  5.220948e+01
     vertex  2.520447e+01  1.724356e+01  6.629128e+01
     vertex  2.523299e+01  1.724164e+01  6.629620e+01
   endloop
 endfacet
 facet normal  7.388889e-15  9.311540e-01  3.646262e-01
   outer loop
     vertex  2.522487e+01  2.275779e+01  5.220948e+01
     vertex  2.523299e+01  1.724164e+01  6.629620e+01
     vertex  2.525178e+01  2.275977e+01  5.220443e+01
   endloop
 endfacet
 facet normal  6.082302e-14  9.311540e-01  3.646262e-01
   outer loop
     vertex  2.519795e+01  2.275603e+01  5.221396e+01
     vertex  2.520447e+01  1.724356e+01  6.629128e+01
     vertex  2.522487e+01  2.275779e+01  5.220948e+01
   endloop
 endfacet
 facet normal -3.295163e-14  9.311540e-01  3.646262e-01
   outer loop
     vertex  2.519795e+01  2.275603e+01  5.221396e+01
     vertex  2.517595e+01  1.724523e+01  6.628701e+01
     vertex  2.520447e+01  1.724356e+01  6.629128e+01
   endloop
 endfacet
 facet normal  9.660215e-15  9.311540e-01  3.646262e-01
   outer loop
     vertex  2.694801e+01  2.339851e+01  5.057325e+01
     vertex  2.689909e+01  2.336258e+01  5.066501e+01
     vertex  3.500000e+01  1.637866e+01  6.850000e+01
   endloop
 endfacet
 facet normal -1.977256e-13  9.311540e-01  3.646262e-01
   outer loop
     vertex  2.517101e+01  2.275450e+01  5.221787e+01
     vertex  2.514740e+01  1.724666e+01  6.628338e+01
     vertex  2.517595e+01  1.724523e+01  6.628701e+01
   endloop
 endfacet
 facet normal -6.974556e-14  9.311540e-01  3.646262e-01
   outer loop
     vertex  2.517101e+01  2.275450e+01  5.221787e+01
     vertex  2.517595e+01  1.724523e+01  6.628701e+01
     vertex  2.519795e+01  2.275603e+01  5.221396e+01
   endloop
 endfacet
 facet normal  3.628217e-14  9.311540e-01  3.646262e-01
   outer loop
     vertex  2.514406e+01  2.275319e+01  5.222121e+01
     vertex  2.514740e+01  1.724666e+01  6.628338e+01
     vertex  2.517101e+01  2.275450e+01  5.221787e+01
   endloop
 endfacet
 facet normal  1.318272e-13  9.311540e-01  3.646262e-01
   outer loop
     vertex  2.514406e+01  2.275319e+01  5.222121e+01
     vertex  2.511885e+01  1.724783e+01  6.628039e+01
     vertex  2.514740e+01  1.724666e+01  6.628338e+01
   endloop
 endfacet
 facet normal -4.078570e-14  9.311540e-01  3.646262e-01
   outer loop
     vertex  2.511711e+01  2.275211e+01  5.222398e+01
     vertex  2.511885e+01  1.724783e+01  6.628039e+01
     vertex  2.514406e+01  2.275319e+01  5.222121e+01
   endloop
 endfacet
 facet normal -3.295920e-14  9.311540e-01  3.646262e-01
   outer loop
     vertex  2.511711e+01  2.275211e+01  5.222398e+01
     vertex  2.509029e+01  1.724875e+01  6.627804e+01
     vertex  2.511885e+01  1.724783e+01  6.628039e+01
   endloop
 endfacet
 facet normal  2.025022e-14  9.311540e-01  3.646262e-01
   outer loop
     vertex  2.701219e+01  2.344783e+01  5.044731e+01
     vertex  2.694801e+01  2.339851e+01  5.057325e+01
     vertex  3.500000e+01  1.637866e+01  6.850000e+01
   endloop
 endfacet
 facet normal -4.267988e-14  9.311540e-01  3.646262e-01
   outer loop
     vertex  2.509014e+01  2.275125e+01  5.222618e+01
     vertex  2.509029e+01  1.724875e+01  6.627804e+01
     vertex  2.511711e+01  2.275211e+01  5.222398e+01
   endloop
 endfacet
 facet normal  2.662404e-14  9.311540e-01  3.646262e-01
   outer loop
     vertex  2.506317e+01  2.275061e+01  5.222780e+01
     vertex  2.509029e+01  1.724875e+01  6.627804e+01
     vertex  2.509014e+01  2.275125e+01  5.222618e+01
   endloop
 endfacet
 facet normal  0.000000e+00  9.311540e-01  3.646262e-01
   outer loop
     vertex  2.506317e+01  2.275061e+01  5.222780e+01
     vertex  2.506172e+01  1.724941e+01  6.627634e+01
     vertex  2.509029e+01  1.724875e+01  6.627804e+01
   endloop
 endfacet
 facet normal  1.342604e-14  9.311540e-01  3.646262e-01
   outer loop
     vertex  2.503619e+01  2.275020e+01  5.222886e+01
     vertex  2.506172e+01  1.724941e+01  6.627634e+01
     vertex  2.506317e+01  2.275061e+01  5.222780e+01
   endloop
 endfacet
 facet normal  1.318739e-13  9.311540e-01  3.646262e-01
   outer loop
     vertex  2.503619e+01  2.275020e+01  5.222886e+01
     vertex  2.503314e+01  1.724983e+01  6.627527e+01
     vertex  2.506172e+01  1.724941e+01  6.627634e+01
   endloop
 endfacet
 facet normal -1.588677e-14  9.311540e-01  3.646262e-01
   outer loop
     vertex  2.708290e+01  2.350520e+01  5.030080e+01
     vertex  2.701219e+01  2.344783e+01  5.044731e+01
     vertex  3.500000e+01  1.637866e+01  6.850000e+01
   endloop
 endfacet
 facet normal  3.661153e-14  9.311540e-01  3.646262e-01
   outer loop
     vertex  2.500921e+01  2.275001e+01  5.222934e+01
     vertex  2.503314e+01  1.724983e+01  6.627527e+01
     vertex  2.503619e+01  2.275020e+01  5.222886e+01
   endloop
 endfacet
 facet normal -1.318710e-13  9.311540e-01  3.646262e-01
   outer loop
     vertex  2.500921e+01  2.275001e+01  5.222934e+01
     vertex  2.500457e+01  1.725000e+01  6.627485e+01
     vertex  2.503314e+01  1.724983e+01  6.627527e+01
   endloop
 endfacet
 facet normal -3.275836e-15  9.311540e-01  3.646262e-01
   outer loop
     vertex  2.498223e+01  2.275005e+01  5.222925e+01
     vertex  2.500457e+01  1.725000e+01  6.627485e+01
     vertex  2.500921e+01  2.275001e+01  5.222934e+01
   endloop
 endfacet
 facet normal  6.593379e-14  9.311540e-01  3.646262e-01
   outer loop
     vertex  2.498223e+01  2.275005e+01  5.222925e+01
     vertex  2.497599e+01  1.724991e+01  6.627507e+01
     vertex  2.500457e+01  1.725000e+01  6.627485e+01
   endloop
 endfacet
 facet normal -1.805571e-14  9.311540e-01  3.646262e-01
   outer loop
     vertex  2.495525e+01  2.275031e+01  5.222858e+01
     vertex  2.497599e+01  1.724991e+01  6.627507e+01
     vertex  2.498223e+01  2.275005e+01  5.222925e+01
   endloop
 endfacet
 facet normal -6.593181e-14  9.311540e-01  3.646262e-01
   outer loop
     vertex  2.495525e+01  2.275031e+01  5.222858e+01
     vertex  2.494742e+01  1.724957e+01  6.627593e+01
     vertex  2.497599e+01  1.724991e+01  6.627507e+01
   endloop
 endfacet
 facet normal -5.723469e-14  9.311540e-01  3.646262e-01
   outer loop
     vertex  2.492828e+01  2.275079e+01  5.222735e+01
     vertex  2.494742e+01  1.724957e+01  6.627593e+01
     vertex  2.495525e+01  2.275031e+01  5.222858e+01
   endloop
 endfacet
 facet normal  0.000000e+00  9.311540e-01  3.646262e-01
   outer loop
     vertex  2.492828e+01  2.275079e+01  5.222735e+01
     vertex  2.491884e+01  1.724899e+01  6.627743e+01
     vertex  2.494742e+01  1.724957e+01  6.627593e+01
   endloop
 endfacet
 facet normal  2.945800e-15  9.311540e-01  3.646262e-01
   outer loop
     vertex  2.715197e+01  2.356453e+01  5.014929e+01
     vertex  2.708290e+01  2.350520e+01  5.030080e+01
     vertex  3.500000e+01  1.637866e+01  6.850000e+01
   endloop
 endfacet
 facet normal -6.592708e-14  9.311540e-01  3.646262e-01
   outer loop
     vertex  2.490131e+01  2.275150e+01  5.222554e+01
     vertex  2.489028e+01  1.724815e+01  6.627957e+01
     vertex  2.491884e+01  1.724899e+01  6.627743e+01
   endloop
 endfacet
 facet normal  2.859302e-14  9.311540e-01  3.646262e-01
   outer loop
     vertex  2.490131e+01  2.275150e+01  5.222554e+01
     vertex  2.491884e+01  1.724899e+01  6.627743e+01
     vertex  2.492828e+01  2.275079e+01  5.222735e+01
   endloop
 endfacet
 facet normal  1.648108e-13  9.311540e-01  3.646262e-01
   outer loop
     vertex  2.487435e+01  2.275243e+01  5.222317e+01
     vertex  2.486172e+01  1.724706e+01  6.628236e+01
     vertex  2.489028e+01  1.724815e+01  6.627957e+01
   endloop
 endfacet
 facet normal -1.995608e-14  9.311540e-01  3.646262e-01
   outer loop
     vertex  2.487435e+01  2.275243e+01  5.222317e+01
     vertex  2.489028e+01  1.724815e+01  6.627957e+01
     vertex  2.490131e+01  2.275150e+01  5.222554e+01
   endloop
 endfacet
 facet normal  7.310145e-14  9.311540e-01  3.646262e-01
   outer loop
     vertex  2.484739e+01  2.275359e+01  5.222022e+01
     vertex  2.486172e+01  1.724706e+01  6.628236e+01
     vertex  2.487435e+01  2.275243e+01  5.222317e+01
   endloop
 endfacet
 facet normal -9.888204e-14  9.311540e-01  3.646262e-01
   outer loop
     vertex  2.484739e+01  2.275359e+01  5.222022e+01
     vertex  2.483318e+01  1.724572e+01  6.628578e+01
     vertex  2.486172e+01  1.724706e+01  6.628236e+01
   endloop
 endfacet
 facet normal  2.937053e-15  9.311540e-01  3.646262e-01
   outer loop
     vertex  2.721935e+01  2.362577e+01  4.999290e+01
     vertex  2.715197e+01  2.356453e+01  5.014929e+01
     vertex  3.500000e+01  1.637866e+01  6.850000e+01
   endloop
 endfacet
 facet normal -1.641593e-14  9.311540e-01  3.646262e-01
   outer loop
     vertex  2.481745e+01  2.275513e+01  5.221627e+01
     vertex  2.483318e+01  1.724572e+01  6.628578e+01
     vertex  2.484739e+01  2.275359e+01  5.222022e+01
   endloop
 endfacet
 facet normal  3.295708e-14  9.311540e-01  3.646262e-01
   outer loop
     vertex  2.481745e+01  2.275513e+01  5.221627e+01
     vertex  2.480464e+01  1.724412e+01  6.628985e+01
     vertex  2.483318e+01  1.724572e+01  6.628578e+01
   endloop
 endfacet
 facet normal -3.380743e-14  9.311540e-01  3.646262e-01
   outer loop
     vertex  2.478421e+01  2.275717e+01  5.221106e+01
     vertex  2.480464e+01  1.724412e+01  6.628985e+01
     vertex  2.481745e+01  2.275513e+01  5.221627e+01
   endloop
 endfacet
 facet normal -3.295016e-14  9.311540e-01  3.646262e-01
   outer loop
     vertex  2.478421e+01  2.275717e+01  5.221106e+01
     vertex  2.477613e+01  1.724228e+01  6.629456e+01
     vertex  2.480464e+01  1.724412e+01  6.628985e+01
   endloop
 endfacet
 facet normal -3.374581e-14  9.311540e-01  3.646262e-01
   outer loop
     vertex  2.475098e+01  2.275955e+01  5.220497e+01
     vertex  2.477613e+01  1.724228e+01  6.629456e+01
     vertex  2.478421e+01  2.275717e+01  5.221106e+01
   endloop
 endfacet
 facet normal  6.588357e-14  9.311540e-01  3.646262e-01
   outer loop
     vertex  2.475098e+01  2.275955e+01  5.220497e+01
     vertex  2.474763e+01  1.724019e+01  6.629990e+01
     vertex  2.477613e+01  1.724228e+01  6.629456e+01
   endloop
 endfacet
 facet normal -6.365228e-15  9.311540e-01  3.646262e-01
   outer loop
     vertex  2.728499e+01  2.368887e+01  4.983175e+01
     vertex  2.721935e+01  2.362577e+01  4.999290e+01
     vertex  3.500000e+01  1.637866e+01  6.850000e+01
   endloop
 endfacet
 facet normal  0.000000e+00  9.311540e-01  3.646262e-01
   outer loop
     vertex  2.471779e+01  2.276228e+01  5.219802e+01
     vertex  2.471915e+01  1.723784e+01  6.630589e+01
     vertex  2.474763e+01  1.724019e+01  6.629990e+01
   endloop
 endfacet
 facet normal -9.887112e-14  9.311540e-01  3.646262e-01
   outer loop
     vertex  2.471779e+01  2.276228e+01  5.219802e+01
     vertex  2.469069e+01  1.723525e+01  6.631252e+01
     vertex  2.471915e+01  1.723784e+01  6.630589e+01
   endloop
 endfacet
 facet normal  5.606068e-14  9.311540e-01  3.646262e-01
   outer loop
     vertex  2.471779e+01  2.276228e+01  5.219802e+01
     vertex  2.474763e+01  1.724019e+01  6.629990e+01
     vertex  2.475098e+01  2.275955e+01  5.220497e+01
   endloop
 endfacet
 facet normal  6.589628e-14  9.311540e-01  3.646262e-01
   outer loop
     vertex  2.468462e+01  2.276534e+01  5.219020e+01
     vertex  2.466225e+01  1.723240e+01  6.631978e+01
     vertex  2.469069e+01  1.723525e+01  6.631252e+01
   endloop
 endfacet
 facet normal  4.984377e-14  9.311540e-01  3.646262e-01
   outer loop
     vertex  2.468462e+01  2.276534e+01  5.219020e+01
     vertex  2.469069e+01  1.723525e+01  6.631252e+01
     vertex  2.471779e+01  2.276228e+01  5.219802e+01
   endloop
 endfacet
 facet normal -1.572658e-15  9.311540e-01  3.646262e-01
   outer loop
     vertex  2.465149e+01  2.276874e+01  5.218151e+01
     vertex  2.466225e+01  1.723240e+01  6.631978e+01
     vertex  2.468462e+01  2.276534e+01  5.219020e+01
   endloop
 endfacet
 facet normal  3.293785e-14  9.311540e-01  3.646262e-01
   outer loop
     vertex  2.465149e+01  2.276874e+01  5.218151e+01
     vertex  2.463384e+01  1.722931e+01  6.632768e+01
     vertex  2.466225e+01  1.723240e+01  6.631978e+01
   endloop
 endfacet
 facet normal  1.757206e-14  9.311540e-01  3.646262e-01
   outer loop
     vertex  2.734884e+01  2.375379e+01  4.966597e+01
     vertex  2.728499e+01  2.368887e+01  4.983175e+01
     vertex  3.500000e+01  1.637866e+01  6.850000e+01
   endloop
 endfacet
 facet normal -6.496095e-14  9.311540e-01  3.646262e-01
   outer loop
     vertex  2.461839e+01  2.277248e+01  5.217196e+01
     vertex  2.463384e+01  1.722931e+01  6.632768e+01
     vertex  2.465149e+01  2.276874e+01  5.218151e+01
   endloop
 endfacet
 facet normal -3.292620e-14  9.311540e-01  3.646262e-01
   outer loop
     vertex  2.461839e+01  2.277248e+01  5.217196e+01
     vertex  2.460546e+01  1.722596e+01  6.633622e+01
     vertex  2.463384e+01  1.722931e+01  6.632768e+01
   endloop
 endfacet
 facet normal  9.284130e-15  9.311540e-01  3.646262e-01
   outer loop
     vertex  2.458533e+01  2.277656e+01  5.216154e+01
     vertex  2.460546e+01  1.722596e+01  6.633622e+01
     vertex  2.461839e+01  2.277248e+01  5.217196e+01
   endloop
 endfacet
 facet normal -3.291322e-14  9.311540e-01  3.646262e-01
   outer loop
     vertex  2.458533e+01  2.277656e+01  5.216154e+01
     vertex  2.457711e+01  1.722237e+01  6.634540e+01
     vertex  2.460546e+01  1.722596e+01  6.633622e+01
   endloop
 endfacet
 facet normal  9.623862e-15  9.311540e-01  3.646262e-01
   outer loop
     vertex  2.741084e+01  2.382047e+01  4.949569e+01
     vertex  2.734884e+01  2.375379e+01  4.966597e+01
     vertex  3.500000e+01  1.637866e+01  6.850000e+01
   endloop
 endfacet
 facet normal -1.950682e-14  9.311540e-01  3.646262e-01
   outer loop
     vertex  2.455232e+01  2.278098e+01  5.215025e+01
     vertex  2.457711e+01  1.722237e+01  6.634540e+01
     vertex  2.458533e+01  2.277656e+01  5.216154e+01
   endloop
 endfacet
 facet normal  3.289894e-14  9.311540e-01  3.646262e-01
   outer loop
     vertex  2.455232e+01  2.278098e+01  5.215025e+01
     vertex  2.454879e+01  1.721853e+01  6.635522e+01
     vertex  2.457711e+01  1.722237e+01  6.634540e+01
   endloop
 endfacet
 facet normal -5.270118e-15  9.311540e-01  3.646262e-01
   outer loop
     vertex  2.451935e+01  2.278574e+01  5.213811e+01
     vertex  2.454879e+01  1.721853e+01  6.635522e+01
     vertex  2.455232e+01  2.278098e+01  5.215025e+01
   endloop
 endfacet
 facet normal -1.315335e-13  9.311540e-01  3.646262e-01
   outer loop
     vertex  2.451935e+01  2.278574e+01  5.213811e+01
     vertex  2.452051e+01  1.721443e+01  6.636567e+01
     vertex  2.454879e+01  1.721853e+01  6.635522e+01
   endloop
 endfacet
 facet normal  9.877944e-14  9.311540e-01  3.646262e-01
   outer loop
     vertex  2.451935e+01  2.278574e+01  5.213811e+01
     vertex  2.449226e+01  1.721009e+01  6.637675e+01
     vertex  2.452051e+01  1.721443e+01  6.636567e+01
   endloop
 endfacet
 facet normal -1.316481e-13  9.311540e-01  3.646262e-01
   outer loop
     vertex  2.448644e+01  2.279083e+01  5.212509e+01
     vertex  2.446406e+01  1.720551e+01  6.638847e+01
     vertex  2.449226e+01  1.721009e+01  6.637675e+01
   endloop
 endfacet
 facet normal  2.606324e-14  9.311540e-01  3.646262e-01
   outer loop
     vertex  2.448644e+01  2.279083e+01  5.212509e+01
     vertex  2.449226e+01  1.721009e+01  6.637675e+01
     vertex  2.451935e+01  2.278574e+01  5.213811e+01
   endloop
 endfacet
 facet normal -2.278841e-14  9.311540e-01  3.646262e-01
   outer loop
     vertex  2.747095e+01  2.388886e+01  4.932103e+01
     vertex  2.741084e+01  2.382047e+01  4.949569e+01
     vertex  3.500000e+01  1.637866e+01  6.850000e+01
   endloop
 endfacet
 facet normal  1.315855e-13  9.311540e-01  3.646262e-01
   outer loop
     vertex  2.445357e+01  2.279626e+01  5.211122e+01
     vertex  2.443589e+01  1.720067e+01  6.640082e+01
     vertex  2.446406e+01  1.720551e+01  6.638847e+01
   endloop
 endfacet
 facet normal -4.667113e-14  9.311540e-01  3.646262e-01
   outer loop
     vertex  2.445357e+01  2.279626e+01  5.211122e+01
     vertex  2.446406e+01  1.720551e+01  6.638847e+01
     vertex  2.448644e+01  2.279083e+01  5.212509e+01
   endloop
 endfacet
 facet normal  9.863864e-14  9.311540e-01  3.646262e-01
   outer loop
     vertex  2.442077e+01  2.280203e+01  5.209649e+01
     vertex  2.440777e+01  1.719559e+01  6.641380e+01
     vertex  2.443589e+01  1.720067e+01  6.640082e+01
   endloop
 endfacet
 facet normal  5.331183e-14  9.311540e-01  3.646262e-01
   outer loop
     vertex  2.442077e+01  2.280203e+01  5.209649e+01
     vertex  2.443589e+01  1.720067e+01  6.640082e+01
     vertex  2.445357e+01  2.279626e+01  5.211122e+01
   endloop
 endfacet
 facet normal -6.572322e-14  9.311540e-01  3.646262e-01
   outer loop
     vertex  2.438802e+01  2.280814e+01  5.208090e+01
     vertex  2.437970e+01  1.719025e+01  6.642741e+01
     vertex  2.440777e+01  1.719559e+01  6.641380e+01
   endloop
 endfacet
 facet normal  2.713921e-14  9.311540e-01  3.646262e-01
   outer loop
     vertex  2.438802e+01  2.280814e+01  5.208090e+01
     vertex  2.440777e+01  1.719559e+01  6.641380e+01
     vertex  2.442077e+01  2.280203e+01  5.209649e+01
   endloop
 endfacet
 facet normal  6.045301e-15  9.311540e-01  3.646262e-01
   outer loop
     vertex  2.752912e+01  2.395891e+01  4.914215e+01
     vertex  2.747095e+01  2.388886e+01  4.932103e+01
     vertex  3.500000e+01  1.637866e+01  6.850000e+01
   endloop
 endfacet
 facet normal -1.197923e-14  9.311540e-01  3.646262e-01
   outer loop
     vertex  2.435172e+01  2.281531e+01  5.206258e+01
     vertex  2.437970e+01  1.719025e+01  6.642741e+01
     vertex  2.438802e+01  2.280814e+01  5.208090e+01
   endloop
 endfacet
 facet normal -3.283410e-14  9.311540e-01  3.646262e-01
   outer loop
     vertex  2.435172e+01  2.281531e+01  5.206258e+01
     vertex  2.435167e+01  1.718468e+01  6.644166e+01
     vertex  2.437970e+01  1.719025e+01  6.642741e+01
   endloop
 endfacet
 facet normal  6.578586e-14  9.311540e-01  3.646262e-01
   outer loop
     vertex  2.435172e+01  2.281531e+01  5.206258e+01
     vertex  2.432369e+01  1.717885e+01  6.645653e+01
     vertex  2.435167e+01  1.718468e+01  6.644166e+01
   endloop
 endfacet
 facet normal -1.724924e-14  9.311540e-01  3.646262e-01
   outer loop
     vertex  2.431148e+01  2.282377e+01  5.204098e+01
     vertex  2.432369e+01  1.717885e+01  6.645653e+01
     vertex  2.435172e+01  2.281531e+01  5.206258e+01
   endloop
 endfacet
 facet normal  0.000000e+00  9.311540e-01  3.646262e-01
   outer loop
     vertex  2.431148e+01  2.282377e+01  5.204098e+01
     vertex  2.429577e+01  1.717278e+01  6.647203e+01
     vertex  2.432369e+01  1.717885e+01  6.645653e+01
   endloop
 endfacet
 facet normal  4.716962e-15  9.311540e-01  3.646262e-01
   outer loop
     vertex  2.758531e+01  2.403056e+01  4.895917e+01
     vertex  2.752912e+01  2.395891e+01  4.914215e+01
     vertex  3.500000e+01  1.637866e+01  6.850000e+01
   endloop
 endfacet
 facet normal -1.312629e-13  9.311540e-01  3.646262e-01
   outer loop
     vertex  2.427134e+01  2.283274e+01  5.201809e+01
     vertex  2.426790e+01  1.716647e+01  6.648816e+01
     vertex  2.429577e+01  1.717278e+01  6.647203e+01
   endloop
 endfacet
 facet normal  0.000000e+00  9.311540e-01  3.646262e-01
   outer loop
     vertex  2.427134e+01  2.283274e+01  5.201809e+01
     vertex  2.424008e+01  1.715991e+01  6.650491e+01
     vertex  2.426790e+01  1.716647e+01  6.648816e+01
   endloop
 endfacet
 facet normal  2.006914e-15  9.311540e-01  3.646262e-01
   outer loop
     vertex  2.427134e+01  2.283274e+01  5.201809e+01
     vertex  2.429577e+01  1.717278e+01  6.647203e+01
     vertex  2.431148e+01  2.282377e+01  5.204098e+01
   endloop
 endfacet
 facet normal -1.277881e-14  9.311540e-01  3.646262e-01
   outer loop
     vertex  2.423133e+01  2.284221e+01  5.199390e+01
     vertex  2.424008e+01  1.715991e+01  6.650491e+01
     vertex  2.427134e+01  2.283274e+01  5.201809e+01
   endloop
 endfacet
 facet normal -3.284222e-14  9.311540e-01  3.646262e-01
   outer loop
     vertex  2.423133e+01  2.284221e+01  5.199390e+01
     vertex  2.421233e+01  1.715310e+01  6.652229e+01
     vertex  2.424008e+01  1.715991e+01  6.650491e+01
   endloop
 endfacet
 facet normal  5.030363e-14  9.311540e-01  3.646262e-01
   outer loop
     vertex  2.419144e+01  2.285219e+01  5.196841e+01
     vertex  2.421233e+01  1.715310e+01  6.652229e+01
     vertex  2.423133e+01  2.284221e+01  5.199390e+01
   endloop
 endfacet
 facet normal -6.559862e-14  9.311540e-01  3.646262e-01
   outer loop
     vertex  2.419144e+01  2.285219e+01  5.196841e+01
     vertex  2.418463e+01  1.714606e+01  6.654028e+01
     vertex  2.421233e+01  1.715310e+01  6.652229e+01
   endloop
 endfacet
 facet normal -1.542889e-14  9.311540e-01  3.646262e-01
   outer loop
     vertex  2.765706e+01  2.412849e+01  4.870908e+01
     vertex  2.758531e+01  2.403056e+01  4.895917e+01
     vertex  3.500000e+01  1.637866e+01  6.850000e+01
   endloop
 endfacet
 facet normal  1.965245e-13  9.311540e-01  3.646262e-01
   outer loop
     vertex  2.415167e+01  2.286267e+01  5.194165e+01
     vertex  2.415700e+01  1.713877e+01  6.655890e+01
     vertex  2.418463e+01  1.714606e+01  6.654028e+01
   endloop
 endfacet
 facet normal -3.283123e-14  9.311540e-01  3.646262e-01
   outer loop
     vertex  2.415167e+01  2.286267e+01  5.194165e+01
     vertex  2.412943e+01  1.713123e+01  6.657814e+01
     vertex  2.415700e+01  1.713877e+01  6.655890e+01
   endloop
 endfacet
 facet normal -6.367566e-14  9.311540e-01  3.646262e-01
   outer loop
     vertex  2.415167e+01  2.286267e+01  5.194165e+01
     vertex  2.418463e+01  1.714606e+01  6.654028e+01
     vertex  2.419144e+01  2.285219e+01  5.196841e+01
   endloop
 endfacet
 facet normal  4.446767e-14  9.311540e-01  3.646262e-01
   outer loop
     vertex  2.411205e+01  2.287365e+01  5.191359e+01
     vertex  2.412943e+01  1.713123e+01  6.657814e+01
     vertex  2.415167e+01  2.286267e+01  5.194165e+01
   endloop
 endfacet
 facet normal  0.000000e+00  9.311540e-01  3.646262e-01
   outer loop
     vertex  2.411205e+01  2.287365e+01  5.191359e+01
     vertex  2.410193e+01  1.712346e+01  6.659800e+01
     vertex  2.412943e+01  1.713123e+01  6.657814e+01
   endloop
 endfacet
 facet normal -3.957446e-16  9.311540e-01  3.646262e-01
   outer loop
     vertex  2.406819e+01  2.288645e+01  5.188093e+01
     vertex  1.500000e+01  1.637866e+01  6.850000e+01
     vertex  2.407450e+01  1.711544e+01  6.661847e+01
   endloop
 endfacet
 facet normal  1.042726e-14  9.311540e-01  3.646262e-01
   outer loop
     vertex  2.406819e+01  2.288645e+01  5.188093e+01
     vertex  2.410193e+01  1.712346e+01  6.659800e+01
     vertex  2.411205e+01  2.287365e+01  5.191359e+01
   endloop
 endfacet
 facet normal  0.000000e+00  9.311540e-01  3.646262e-01
   outer loop
     vertex  2.406819e+01  2.288645e+01  5.188093e+01
     vertex  2.407450e+01  1.711544e+01  6.661847e+01
     vertex  2.410193e+01  1.712346e+01  6.659800e+01
   endloop
 endfacet
 facet normal  5.803302e-15  9.311540e-01  3.646262e-01
   outer loop
     vertex  2.773334e+01  2.424178e+01  4.841978e+01
     vertex  2.765706e+01  2.412849e+01  4.870908e+01
     vertex  3.500000e+01  1.637866e+01  6.850000e+01
   endloop
 endfacet
 facet normal -3.916367e-14  9.311540e-01  3.646262e-01
   outer loop
     vertex  2.401967e+01  2.290138e+01  5.184279e+01
     vertex  1.500000e+01  1.637866e+01  6.850000e+01
     vertex  2.406819e+01  2.288645e+01  5.188093e+01
   endloop
 endfacet
 facet normal -5.676049e-15  9.311540e-01  3.646262e-01
   outer loop
     vertex  2.397138e+01  2.291707e+01  5.180272e+01
     vertex  1.500000e+01  1.637866e+01  6.850000e+01
     vertex  2.401967e+01  2.290138e+01  5.184279e+01
   endloop
 endfacet
 facet normal  2.547884e-14  9.311540e-01  3.646262e-01
   outer loop
     vertex  2.392335e+01  2.293351e+01  5.176073e+01
     vertex  1.500000e+01  1.637866e+01  6.850000e+01
     vertex  2.397138e+01  2.291707e+01  5.180272e+01
   endloop
 endfacet
 facet normal  5.061519e-15  9.311540e-01  3.646262e-01
   outer loop
     vertex  2.780480e+01  2.435817e+01  4.812256e+01
     vertex  2.773334e+01  2.424178e+01  4.841978e+01
     vertex  3.500000e+01  1.637866e+01  6.850000e+01
   endloop
 endfacet
 facet normal -2.776811e-14  9.311540e-01  3.646262e-01
   outer loop
     vertex  2.387559e+01  2.295071e+01  5.171682e+01
     vertex  1.500000e+01  1.637866e+01  6.850000e+01
     vertex  2.392335e+01  2.293351e+01  5.176073e+01
   endloop
 endfacet
 facet normal  3.920946e-14  9.311540e-01  3.646262e-01
   outer loop
     vertex  2.382809e+01  2.296864e+01  5.167102e+01
     vertex  1.500000e+01  1.637866e+01  6.850000e+01
     vertex  2.387559e+01  2.295071e+01  5.171682e+01
   endloop
 endfacet
 facet normal -9.442986e-15  9.311540e-01  3.646262e-01
   outer loop
     vertex  2.787130e+01  2.447746e+01  4.781792e+01
     vertex  2.780480e+01  2.435817e+01  4.812256e+01
     vertex  3.500000e+01  1.637866e+01  6.850000e+01
   endloop
 endfacet
 facet normal -9.639896e-15  9.311540e-01  3.646262e-01
   outer loop
     vertex  2.377566e+01  2.298944e+01  5.161792e+01
     vertex  1.500000e+01  1.637866e+01  6.850000e+01
     vertex  2.382809e+01  2.296864e+01  5.167102e+01
   endloop
 endfacet
 facet normal  1.695869e-14  9.311540e-01  3.646262e-01
   outer loop
     vertex  2.371783e+01  2.301361e+01  5.155620e+01
     vertex  1.500000e+01  1.637866e+01  6.850000e+01
     vertex  2.377566e+01  2.298944e+01  5.161792e+01
   endloop
 endfacet
 facet normal -5.355785e-15  9.311540e-01  3.646262e-01
   outer loop
     vertex  2.366048e+01  2.303889e+01  5.149164e+01
     vertex  1.500000e+01  1.637866e+01  6.850000e+01
     vertex  2.371783e+01  2.301361e+01  5.155620e+01
   endloop
 endfacet
 facet normal  1.800402e-14  9.311540e-01  3.646262e-01
   outer loop
     vertex  2.793273e+01  2.459944e+01  4.750642e+01
     vertex  2.787130e+01  2.447746e+01  4.781792e+01
     vertex  3.500000e+01  1.637866e+01  6.850000e+01
   endloop
 endfacet
 facet normal  4.000696e-15  9.311540e-01  3.646262e-01
   outer loop
     vertex  2.360363e+01  2.306527e+01  5.142427e+01
     vertex  1.500000e+01  1.637866e+01  6.850000e+01
     vertex  2.366048e+01  2.303889e+01  5.149164e+01
   endloop
 endfacet
 facet normal -1.817645e-14  9.311540e-01  3.646262e-01
   outer loop
     vertex  2.354107e+01  2.309586e+01  5.134614e+01
     vertex  1.500000e+01  1.637866e+01  6.850000e+01
     vertex  2.360363e+01  2.306527e+01  5.142427e+01
   endloop
 endfacet
 facet normal -5.671139e-15  9.311540e-01  3.646262e-01
   outer loop
     vertex  2.798899e+01  2.472389e+01  4.718861e+01
     vertex  2.793273e+01  2.459944e+01  4.750642e+01
     vertex  3.500000e+01  1.637866e+01  6.850000e+01
   endloop
 endfacet
 facet normal  2.962215e-15  9.311540e-01  3.646262e-01
   outer loop
     vertex  2.347235e+01  2.313141e+01  5.125535e+01
     vertex  1.500000e+01  1.637866e+01  6.850000e+01
     vertex  2.354107e+01  2.309586e+01  5.134614e+01
   endloop
 endfacet
 facet normal -1.590018e-14  9.311540e-01  3.646262e-01
   outer loop
     vertex  2.803996e+01  2.485059e+01  4.686504e+01
     vertex  2.798899e+01  2.472389e+01  4.718861e+01
     vertex  3.500000e+01  1.637866e+01  6.850000e+01
   endloop
 endfacet
 facet normal  1.371683e-14  9.311540e-01  3.646262e-01
   outer loop
     vertex  2.340449e+01  2.316859e+01  5.116040e+01
     vertex  1.500000e+01  1.637866e+01  6.850000e+01
     vertex  2.347235e+01  2.313141e+01  5.125535e+01
   endloop
 endfacet
 facet normal -1.659568e-15  9.311540e-01  3.646262e-01
   outer loop
     vertex  2.333754e+01  2.320738e+01  5.106135e+01
     vertex  1.500000e+01  1.637866e+01  6.850000e+01
     vertex  2.340449e+01  2.316859e+01  5.116040e+01
   endloop
 endfacet
 facet normal  7.197431e-15  9.311540e-01  3.646262e-01
   outer loop
     vertex  2.808557e+01  2.497933e+01  4.653629e+01
     vertex  2.803996e+01  2.485059e+01  4.686504e+01
     vertex  3.500000e+01  1.637866e+01  6.850000e+01
   endloop
 endfacet
 facet normal -1.902393e-14  9.311540e-01  3.646262e-01
   outer loop
     vertex  2.327153e+01  2.324775e+01  5.095826e+01
     vertex  1.500000e+01  1.637866e+01  6.850000e+01
     vertex  2.333754e+01  2.320738e+01  5.106135e+01
   endloop
 endfacet
 facet normal  1.119852e-14  9.311540e-01  3.646262e-01
   outer loop
     vertex  2.319934e+01  2.329443e+01  5.083905e+01
     vertex  1.500000e+01  1.637866e+01  6.850000e+01
     vertex  2.327153e+01  2.324775e+01  5.095826e+01
   endloop
 endfacet
 facet normal  2.076023e-15  9.311540e-01  3.646262e-01
   outer loop
     vertex  2.812573e+01  2.510987e+01  4.620293e+01
     vertex  2.808557e+01  2.497933e+01  4.653629e+01
     vertex  3.500000e+01  1.637866e+01  6.850000e+01
   endloop
 endfacet
 facet normal -1.872478e-14  9.311540e-01  3.646262e-01
   outer loop
     vertex  2.312060e+01  2.334852e+01  5.070093e+01
     vertex  1.500000e+01  1.637866e+01  6.850000e+01
     vertex  2.319934e+01  2.329443e+01  5.083905e+01
   endloop
 endfacet
 facet normal  2.247148e-14  9.311540e-01  3.646262e-01
   outer loop
     vertex  2.816036e+01  2.524197e+01  4.586556e+01
     vertex  2.812573e+01  2.510987e+01  4.620293e+01
     vertex  3.500000e+01  1.637866e+01  6.850000e+01
   endloop
 endfacet
 facet normal  1.504915e-14  9.311540e-01  3.646262e-01
   outer loop
     vertex  2.304349e+01  2.340490e+01  5.055695e+01
     vertex  1.500000e+01  1.637866e+01  6.850000e+01
     vertex  2.312060e+01  2.334852e+01  5.070093e+01
   endloop
 endfacet
 facet normal -1.950963e-14  9.311540e-01  3.646262e-01
   outer loop
     vertex  2.818942e+01  2.537542e+01  4.552477e+01
     vertex  2.816036e+01  2.524197e+01  4.586556e+01
     vertex  3.500000e+01  1.637866e+01  6.850000e+01
   endloop
 endfacet
 facet normal  6.328343e-15  9.311540e-01  3.646262e-01
   outer loop
     vertex  2.295980e+01  2.347017e+01  5.039027e+01
     vertex  1.500000e+01  1.637866e+01  6.850000e+01
     vertex  2.304349e+01  2.340490e+01  5.055695e+01
   endloop
 endfacet
 facet normal -1.842192e-14  9.311540e-01  3.646262e-01
   outer loop
     vertex  2.286936e+01  2.354585e+01  5.019700e+01
     vertex  1.500000e+01  1.637866e+01  6.850000e+01
     vertex  2.295980e+01  2.347017e+01  5.039027e+01
   endloop
 endfacet
 facet normal  3.160622e-15  9.311540e-01  3.646262e-01
   outer loop
     vertex  2.821285e+01  2.550997e+01  4.518117e+01
     vertex  2.818942e+01  2.537542e+01  4.552477e+01
     vertex  3.500000e+01  1.637866e+01  6.850000e+01
   endloop
 endfacet
 facet normal  7.713316e-15  9.311540e-01  3.646262e-01
   outer loop
     vertex  2.278172e+01  2.362476e+01  4.999547e+01
     vertex  1.500000e+01  1.637866e+01  6.850000e+01
     vertex  2.286936e+01  2.354585e+01  5.019700e+01
   endloop
 endfacet
 facet normal  1.797220e-15  9.311540e-01  3.646262e-01
   outer loop
     vertex  2.823060e+01  2.564539e+01  4.483535e+01
     vertex  2.821285e+01  2.550997e+01  4.518117e+01
     vertex  3.500000e+01  1.637866e+01  6.850000e+01
   endloop
 endfacet
 facet normal  1.034457e-14  9.311540e-01  3.646262e-01
   outer loop
     vertex  2.269701e+01  2.370681e+01  4.978596e+01
     vertex  1.500000e+01  1.637866e+01  6.850000e+01
     vertex  2.278172e+01  2.362476e+01  4.999547e+01
   endloop
 endfacet
 facet normal -1.097751e-15  9.311540e-01  3.646262e-01
   outer loop
     vertex  2.824264e+01  2.578143e+01  4.448794e+01
     vertex  2.823060e+01  2.564539e+01  4.483535e+01
     vertex  3.500000e+01  1.637866e+01  6.850000e+01
   endloop
 endfacet
 facet normal -1.250037e-14  9.311540e-01  3.646262e-01
   outer loop
     vertex  2.260645e+01  2.380150e+01  4.954413e+01
     vertex  1.500000e+01  1.637866e+01  6.850000e+01
     vertex  2.269701e+01  2.370681e+01  4.978596e+01
   endloop
 endfacet
 facet normal  2.934281e-15  9.311540e-01  3.646262e-01
   outer loop
     vertex  2.251039e+01  2.391090e+01  4.926476e+01
     vertex  1.500000e+01  1.637866e+01  6.850000e+01
     vertex  2.260645e+01  2.380150e+01  4.954413e+01
   endloop
 endfacet
 facet normal  1.094227e-14  9.311540e-01  3.646262e-01
   outer loop
     vertex  2.241933e+01  2.402449e+01  4.897467e+01
     vertex  1.500000e+01  1.637866e+01  6.850000e+01
     vertex  2.251039e+01  2.391090e+01  4.926476e+01
   endloop
 endfacet
 facet normal -5.295747e-15  9.311540e-01  3.646262e-01
   outer loop
     vertex  2.233345e+01  2.414205e+01  4.867447e+01
     vertex  1.500000e+01  1.637866e+01  6.850000e+01
     vertex  2.241933e+01  2.402449e+01  4.897467e+01
   endloop
 endfacet
 facet normal -7.269737e-15  9.311540e-01  3.646262e-01
   outer loop
     vertex  2.225291e+01  2.426333e+01  4.836474e+01
     vertex  1.500000e+01  1.637866e+01  6.850000e+01
     vertex  2.233345e+01  2.414205e+01  4.867447e+01
   endloop
 endfacet
 facet normal  1.731317e-15  9.311540e-01  3.646262e-01
   outer loop
     vertex  2.217789e+01  2.438810e+01  4.804611e+01
     vertex  1.500000e+01  1.637866e+01  6.850000e+01
     vertex  2.225291e+01  2.426333e+01  4.836474e+01
   endloop
 endfacet
 facet normal  3.294969e-15  9.311540e-01  3.646262e-01
   outer loop
     vertex  2.210854e+01  2.451611e+01  4.771923e+01
     vertex  1.500000e+01  1.637866e+01  6.850000e+01
     vertex  2.217789e+01  2.438810e+01  4.804611e+01
   endloop
 endfacet
 facet normal -4.919540e-15  9.311540e-01  3.646262e-01
   outer loop
     vertex  2.204498e+01  2.464709e+01  4.738474e+01
     vertex  1.500000e+01  1.637866e+01  6.850000e+01
     vertex  2.210854e+01  2.451611e+01  4.771923e+01
   endloop
 endfacet
 facet normal  1.255815e-15  9.311540e-01  3.646262e-01
   outer loop
     vertex  2.198736e+01  2.478078e+01  4.704331e+01
     vertex  1.500000e+01  1.637866e+01  6.850000e+01
     vertex  2.204498e+01  2.464709e+01  4.738474e+01
   endloop
 endfacet
 facet normal  6.227136e-15  9.311540e-01  3.646262e-01
   outer loop
     vertex  3.500000e+01  3.400000e+01  2.350000e+01
     vertex  2.824139e+01  2.623635e+01  4.332620e+01
     vertex  2.825000e+01  2.600000e+01  4.392977e+01
   endloop
 endfacet
 facet normal  0.000000e+00  9.311540e-01  3.646262e-01
   outer loop
     vertex  3.500000e+01  3.400000e+01  2.350000e+01
     vertex  2.821562e+01  2.647145e+01  4.272582e+01
     vertex  2.824139e+01  2.623635e+01  4.332620e+01
   endloop
 endfacet
 facet normal -1.090708e-14  9.311540e-01  3.646262e-01
   outer loop
     vertex  3.500000e+01  3.400000e+01  2.350000e+01
     vertex  2.817282e+01  2.670405e+01  4.213182e+01
     vertex  2.821562e+01  2.647145e+01  4.272582e+01
   endloop
 endfacet
 facet normal  0.000000e+00  9.311540e-01  3.646262e-01
   outer loop
     vertex  3.500000e+01  3.400000e+01  2.350000e+01
     vertex  2.811993e+01  2.691024e+01  4.160527e+01
     vertex  2.817282e+01  2.670405e+01  4.213182e+01
   endloop
 endfacet
 facet normal  9.293696e-15  9.311540e-01  3.646262e-01
   outer loop
     vertex  3.500000e+01  3.400000e+01  2.350000e+01
     vertex  2.806087e+01  2.709250e+01  4.113983e+01
     vertex  2.811993e+01  2.691024e+01  4.160527e+01
   endloop
 endfacet
 facet normal  3.013004e-15  9.311540e-01  3.646262e-01
   outer loop
     vertex  3.500000e+01  3.400000e+01  2.350000e+01
     vertex  2.799118e+01  2.727096e+01  4.068409e+01
     vertex  2.806087e+01  2.709250e+01  4.113983e+01
   endloop
 endfacet
 facet normal -5.892418e-15  9.311540e-01  3.646262e-01
   outer loop
     vertex  3.500000e+01  3.400000e+01  2.350000e+01
     vertex  2.791109e+01  2.744500e+01  4.023963e+01
     vertex  2.799118e+01  2.727096e+01  4.068409e+01
   endloop
 endfacet
 facet normal  5.791279e-15  9.311540e-01  3.646262e-01
   outer loop
     vertex  3.500000e+01  3.400000e+01  2.350000e+01
     vertex  2.782089e+01  2.761403e+01  3.980800e+01
     vertex  2.791109e+01  2.744500e+01  4.023963e+01
   endloop
 endfacet
 facet normal -6.358656e-15  9.311540e-01  3.646262e-01
   outer loop
     vertex  3.500000e+01  3.400000e+01  2.350000e+01
     vertex  2.773132e+01  2.776137e+01  3.943173e+01
     vertex  2.782089e+01  2.761403e+01  3.980800e+01
   endloop
 endfacet
 facet normal  7.015771e-15  9.311540e-01  3.646262e-01
   outer loop
     vertex  3.500000e+01  3.400000e+01  2.350000e+01
     vertex  2.764412e+01  2.788975e+01  3.910389e+01
     vertex  2.773132e+01  2.776137e+01  3.943173e+01
   endloop
 endfacet
 facet normal  0.000000e+00  9.311540e-01  3.646262e-01
   outer loop
     vertex  3.500000e+01  3.400000e+01  2.350000e+01
     vertex  2.755089e+01  2.801382e+01  3.878705e+01
     vertex  2.764412e+01  2.788975e+01  3.910389e+01
   endloop
 endfacet
 facet normal -1.048281e-14  9.311540e-01  3.646262e-01
   outer loop
     vertex  3.500000e+01  3.400000e+01  2.350000e+01
     vertex  2.745185e+01  2.813330e+01  3.848193e+01
     vertex  2.755089e+01  2.801382e+01  3.878705e+01
   endloop
 endfacet
 facet normal  1.167603e-14  9.311540e-01  3.646262e-01
   outer loop
     vertex  3.500000e+01  3.400000e+01  2.350000e+01
     vertex  2.735792e+01  2.823667e+01  3.821793e+01
     vertex  2.745185e+01  2.813330e+01  3.848193e+01
   endloop
 endfacet
 facet normal -8.688521e-15  9.311540e-01  3.646262e-01
   outer loop
     vertex  3.500000e+01  3.400000e+01  2.350000e+01
     vertex  2.726966e+01  2.832619e+01  3.798934e+01
     vertex  2.735792e+01  2.823667e+01  3.821793e+01
   endloop
 endfacet
 facet normal -4.372256e-15  9.311540e-01  3.646262e-01
   outer loop
     vertex  3.500000e+01  3.400000e+01  2.350000e+01
     vertex  2.717800e+01  2.841222e+01  3.776963e+01
     vertex  2.726966e+01  2.832619e+01  3.798934e+01
   endloop
 endfacet
 facet normal  1.469152e-14  9.311540e-01  3.646262e-01
   outer loop
     vertex  3.500000e+01  3.400000e+01  2.350000e+01
     vertex  2.709272e+01  2.848657e+01  3.757977e+01
     vertex  2.717800e+01  2.841222e+01  3.776963e+01
   endloop
 endfacet
 facet normal -5.489619e-15  9.311540e-01  3.646262e-01
   outer loop
     vertex  3.500000e+01  3.400000e+01  2.350000e+01
     vertex  2.701379e+01  2.855091e+01  3.741546e+01
     vertex  2.709272e+01  2.848657e+01  3.757977e+01
   endloop
 endfacet
 facet normal -5.543809e-15  9.311540e-01  3.646262e-01
   outer loop
     vertex  3.500000e+01  3.400000e+01  2.350000e+01
     vertex  2.693289e+01  2.861275e+01  3.725755e+01
     vertex  2.701379e+01  2.855091e+01  3.741546e+01
   endloop
 endfacet
 facet normal  5.606605e-15  9.311540e-01  3.646262e-01
   outer loop
     vertex  3.500000e+01  3.400000e+01  2.350000e+01
     vertex  2.685009e+01  2.867202e+01  3.710619e+01
     vertex  2.693289e+01  2.861275e+01  3.725755e+01
   endloop
 endfacet
 facet normal  0.000000e+00  9.311540e-01  3.646262e-01
   outer loop
     vertex  3.500000e+01  3.400000e+01  2.350000e+01
     vertex  2.677402e+01  2.872312e+01  3.697569e+01
     vertex  2.685009e+01  2.867202e+01  3.710619e+01
   endloop
 endfacet
 facet normal -7.090587e-15  9.311540e-01  3.646262e-01
   outer loop
     vertex  3.500000e+01  3.400000e+01  2.350000e+01
     vertex  2.670434e+01  2.876726e+01  3.686296e+01
     vertex  2.677402e+01  2.872312e+01  3.697569e+01
   endloop
 endfacet
 facet normal  0.000000e+00  9.311540e-01  3.646262e-01
   outer loop
     vertex  3.500000e+01  3.400000e+01  2.350000e+01
     vertex  2.663357e+01  2.880962e+01  3.675479e+01
     vertex  2.670434e+01  2.876726e+01  3.686296e+01
   endloop
 endfacet
 facet normal  2.183102e-14  9.311540e-01  3.646262e-01
   outer loop
     vertex  3.500000e+01  3.400000e+01  2.350000e+01
     vertex  2.656174e+01  2.885017e+01  3.665124e+01
     vertex  2.663357e+01  2.880962e+01  3.675479e+01
   endloop
 endfacet
 facet normal  0.000000e+00  9.311540e-01  3.646262e-01
   outer loop
     vertex  3.500000e+01  3.400000e+01  2.350000e+01
     vertex  2.649624e+01  2.888510e+01  3.656204e+01
     vertex  2.656174e+01  2.885017e+01  3.665124e+01
   endloop
 endfacet
 facet normal -1.846224e-14  9.311540e-01  3.646262e-01
   outer loop
     vertex  3.500000e+01  3.400000e+01  2.350000e+01
     vertex  2.643662e+01  2.891524e+01  3.648506e+01
     vertex  2.649624e+01  2.888510e+01  3.656204e+01
   endloop
 endfacet
 facet normal  9.355502e-15  9.311540e-01  3.646262e-01
   outer loop
     vertex  3.500000e+01  3.400000e+01  2.350000e+01
     vertex  2.637639e+01  2.894416e+01  3.641122e+01
     vertex  2.643662e+01  2.891524e+01  3.648506e+01
   endloop
 endfacet
 facet normal -9.488938e-15  9.311540e-01  3.646262e-01
   outer loop
     vertex  3.500000e+01  3.400000e+01  2.350000e+01
     vertex  2.631558e+01  2.897183e+01  3.634055e+01
     vertex  2.637639e+01  2.894416e+01  3.641122e+01
   endloop
 endfacet
 facet normal -1.069402e-14  9.311540e-01  3.646262e-01
   outer loop
     vertex  3.500000e+01  3.400000e+01  2.350000e+01
     vertex  2.626037e+01  2.899566e+01  3.627970e+01
     vertex  2.631558e+01  2.897183e+01  3.634055e+01
   endloop
 endfacet
 facet normal -6.021372e-15  9.311540e-01  3.646262e-01
   outer loop
     vertex  3.500000e+01  3.400000e+01  2.350000e+01
     vertex  2.621031e+01  2.901623e+01  3.622716e+01
     vertex  2.626037e+01  2.899566e+01  3.627970e+01
   endloop
 endfacet
 facet normal -1.220380e-14  9.311540e-01  3.646262e-01
   outer loop
     vertex  3.500000e+01  3.400000e+01  2.350000e+01
     vertex  2.615992e+01  2.903596e+01  3.617677e+01
     vertex  2.621031e+01  2.901623e+01  3.622716e+01
   endloop
 endfacet
 facet normal  0.000000e+00  9.311540e-01  3.646262e-01
   outer loop
     vertex  3.500000e+01  3.400000e+01  2.350000e+01
     vertex  2.610921e+01  2.905486e+01  3.612852e+01
     vertex  2.615992e+01  2.903596e+01  3.617677e+01
   endloop
 endfacet
 facet normal  1.883147e-14  9.311540e-01  3.646262e-01
   outer loop
     vertex  3.500000e+01  3.400000e+01  2.350000e+01
     vertex  2.605819e+01  2.907290e+01  3.608244e+01
     vertex  2.610921e+01  2.905486e+01  3.612852e+01
   endloop
 endfacet
 facet normal  7.075081e-15  9.311540e-01  3.646262e-01
   outer loop
     vertex  3.500000e+01  3.400000e+01  2.350000e+01
     vertex  2.601202e+01  2.908841e+01  3.604282e+01
     vertex  2.605819e+01  2.907290e+01  3.608244e+01
   endloop
 endfacet
 facet normal  7.966923e-15  9.311540e-01  3.646262e-01
   outer loop
     vertex  3.500000e+01  3.400000e+01  2.350000e+01
     vertex  2.597028e+01  2.910178e+01  3.600868e+01
     vertex  2.601202e+01  2.908841e+01  3.604282e+01
   endloop
 endfacet
 facet normal -8.071932e-15  9.311540e-01  3.646262e-01
   outer loop
     vertex  3.500000e+01  3.400000e+01  2.350000e+01
     vertex  2.592836e+01  2.911459e+01  3.597598e+01
     vertex  2.597028e+01  2.910178e+01  3.600868e+01
   endloop
 endfacet
 facet normal -8.181925e-15  9.311540e-01  3.646262e-01
   outer loop
     vertex  3.500000e+01  3.400000e+01  2.350000e+01
     vertex  2.588626e+01  2.912683e+01  3.594473e+01
     vertex  2.592836e+01  2.911459e+01  3.597598e+01
   endloop
 endfacet
 facet normal -1.659435e-14  9.311540e-01  3.646262e-01
   outer loop
     vertex  3.500000e+01  3.400000e+01  2.350000e+01
     vertex  2.584401e+01  2.913849e+01  3.591493e+01
     vertex  2.588626e+01  2.912683e+01  3.594473e+01
   endloop
 endfacet
 facet normal  1.683596e-14  9.311540e-01  3.646262e-01
   outer loop
     vertex  3.500000e+01  3.400000e+01  2.350000e+01
     vertex  2.580160e+01  2.914959e+01  3.588659e+01
     vertex  2.584401e+01  2.913849e+01  3.591493e+01
   endloop
 endfacet
 facet normal  2.563399e-14  9.311540e-01  3.646262e-01
   outer loop
     vertex  3.500000e+01  3.400000e+01  2.350000e+01
     vertex  2.575905e+01  2.916012e+01  3.585971e+01
     vertex  2.580160e+01  2.914959e+01  3.588659e+01
   endloop
 endfacet
 facet normal -4.817099e-14  9.311540e-01  3.646262e-01
   outer loop
     vertex  3.500000e+01  3.400000e+01  2.350000e+01
     vertex  2.572064e+01  2.916910e+01  3.583678e+01
     vertex  2.575905e+01  2.916012e+01  3.585971e+01
   endloop
 endfacet
 facet normal  5.425527e-14  9.311540e-01  3.646262e-01
   outer loop
     vertex  3.500000e+01  3.400000e+01  2.350000e+01
     vertex  2.568597e+01  2.917678e+01  3.581716e+01
     vertex  2.572064e+01  2.916910e+01  3.583678e+01
   endloop
 endfacet
 facet normal -5.497752e-14  9.311540e-01  3.646262e-01
   outer loop
     vertex  3.500000e+01  3.400000e+01  2.350000e+01
     vertex  2.565122e+01  2.918409e+01  3.579850e+01
     vertex  2.568597e+01  2.917678e+01  3.581716e+01
   endloop
 endfacet
 facet normal  0.000000e+00  9.311540e-01  3.646262e-01
   outer loop
     vertex  3.500000e+01  3.400000e+01  2.350000e+01
     vertex  2.561640e+01  2.919101e+01  3.578082e+01
     vertex  2.565122e+01  2.918409e+01  3.579850e+01
   endloop
 endfacet
 facet normal  3.390730e-14  9.311540e-01  3.646262e-01
   outer loop
     vertex  3.500000e+01  3.400000e+01  2.350000e+01
     vertex  2.558150e+01  2.919755e+01  3.576411e+01
     vertex  2.561640e+01  2.919101e+01  3.578082e+01
   endloop
 endfacet
 facet normal  3.439666e-14  9.311540e-01  3.646262e-01
   outer loop
     vertex  3.500000e+01  3.400000e+01  2.350000e+01
     vertex  2.554653e+01  2.920372e+01  3.574837e+01
     vertex  2.558150e+01  2.919755e+01  3.576411e+01
   endloop
 endfacet
 facet normal -8.144906e-14  9.311540e-01  3.646262e-01
   outer loop
     vertex  3.500000e+01  3.400000e+01  2.350000e+01
     vertex  2.551150e+01  2.920950e+01  3.573361e+01
     vertex  2.554653e+01  2.920372e+01  3.574837e+01
   endloop
 endfacet
 facet normal  3.543870e-14  9.311540e-01  3.646262e-01
   outer loop
     vertex  3.500000e+01  3.400000e+01  2.350000e+01
     vertex  2.547641e+01  2.921489e+01  3.571983e+01
     vertex  2.551150e+01  2.920950e+01  3.573361e+01
   endloop
 endfacet
 facet normal  3.599377e-14  9.311540e-01  3.646262e-01
   outer loop
     vertex  3.500000e+01  3.400000e+01  2.350000e+01
     vertex  2.544126e+01  2.921991e+01  3.570703e+01
     vertex  2.547641e+01  2.921489e+01  3.571983e+01
   endloop
 endfacet
 facet normal -7.314663e-14  9.311540e-01  3.646262e-01
   outer loop
     vertex  3.500000e+01  3.400000e+01  2.350000e+01
     vertex  2.540605e+01  2.922453e+01  3.569521e+01
     vertex  2.544126e+01  2.921991e+01  3.570703e+01
   endloop
 endfacet
 facet normal  2.478586e-14  9.311540e-01  3.646262e-01
   outer loop
     vertex  3.500000e+01  3.400000e+01  2.350000e+01
     vertex  2.537080e+01  2.922878e+01  3.568437e+01
     vertex  2.540605e+01  2.922453e+01  3.569521e+01
   endloop
 endfacet
 facet normal  1.399239e-14  9.311540e-01  3.646262e-01
   outer loop
     vertex  3.500000e+01  3.400000e+01  2.350000e+01
     vertex  2.533904e+01  2.923227e+01  3.567546e+01
     vertex  2.537080e+01  2.922878e+01  3.568437e+01
   endloop
 endfacet
 facet normal  0.000000e+00  9.311540e-01  3.646262e-01
   outer loop
     vertex  3.500000e+01  3.400000e+01  2.350000e+01
     vertex  2.531042e+01  2.923514e+01  3.566812e+01
     vertex  2.533904e+01  2.923227e+01  3.567546e+01
   endloop
 endfacet
 facet normal -4.802047e-14  9.311540e-01  3.646262e-01
   outer loop
     vertex  3.500000e+01  3.400000e+01  2.350000e+01
     vertex  2.528178e+01  2.923776e+01  3.566143e+01
     vertex  2.531042e+01  2.923514e+01  3.566812e+01
   endloop
 endfacet
 facet normal  1.624356e-14  9.311540e-01  3.646262e-01
   outer loop
     vertex  3.500000e+01  3.400000e+01  2.350000e+01
     vertex  2.525312e+01  2.924013e+01  3.565539e+01
     vertex  2.528178e+01  2.923776e+01  3.566143e+01
   endloop
 endfacet
 facet normal -1.648948e-14  9.311540e-01  3.646262e-01
   outer loop
     vertex  3.500000e+01  3.400000e+01  2.350000e+01
     vertex  2.522444e+01  2.924224e+01  3.564999e+01
     vertex  2.525312e+01  2.924013e+01  3.565539e+01
   endloop
 endfacet
 facet normal  3.349019e-14  9.311540e-01  3.646262e-01
   outer loop
     vertex  3.500000e+01  3.400000e+01  2.350000e+01
     vertex  2.519574e+01  2.924410e+01  3.564524e+01
     vertex  2.522444e+01  2.924224e+01  3.564999e+01
   endloop
 endfacet
 facet normal -6.804368e-14  9.311540e-01  3.646262e-01
   outer loop
     vertex  3.500000e+01  3.400000e+01  2.350000e+01
     vertex  2.516702e+01  2.924571e+01  3.564115e+01
     vertex  2.519574e+01  2.924410e+01  3.564524e+01
   endloop
 endfacet
 facet normal  5.186263e-14  9.311540e-01  3.646262e-01
   outer loop
     vertex  3.500000e+01  3.400000e+01  2.350000e+01
     vertex  2.513829e+01  2.924706e+01  3.563770e+01
     vertex  2.516702e+01  2.924571e+01  3.564115e+01
   endloop
 endfacet
 facet normal -5.272675e-14  9.311540e-01  3.646262e-01
   outer loop
     vertex  3.500000e+01  3.400000e+01  2.350000e+01
     vertex  2.510955e+01  2.924815e+01  3.563490e+01
     vertex  2.513829e+01  2.924706e+01  3.563770e+01
   endloop
 endfacet
 facet normal  7.150285e-14  9.311540e-01  3.646262e-01
   outer loop
     vertex  3.500000e+01  3.400000e+01  2.350000e+01
     vertex  2.508081e+01  2.924900e+01  3.563274e+01
     vertex  2.510955e+01  2.924815e+01  3.563490e+01
   endloop
 endfacet
 facet normal -1.091319e-13  9.311540e-01  3.646262e-01
   outer loop
     vertex  3.500000e+01  3.400000e+01  2.350000e+01
     vertex  2.505205e+01  2.924958e+01  3.563124e+01
     vertex  2.508081e+01  2.924900e+01  3.563274e+01
   endloop
 endfacet
 facet normal  3.703038e-14  9.311540e-01  3.646262e-01
   outer loop
     vertex  3.500000e+01  3.400000e+01  2.350000e+01
     vertex  2.502329e+01  2.924992e+01  3.563039e+01
     vertex  2.505205e+01  2.924958e+01  3.563124e+01
   endloop
 endfacet
 facet normal  7.542469e-14  9.311540e-01  3.646262e-01
   outer loop
     vertex  3.500000e+01  3.400000e+01  2.350000e+01
     vertex  2.499453e+01  2.925000e+01  3.563019e+01
     vertex  2.502329e+01  2.924992e+01  3.563039e+01
   endloop
 endfacet
 facet normal  2.992132e-14  9.311540e-01  3.646262e-01
   outer loop
     vertex  3.500000e+01  3.400000e+01  2.350000e+01
     vertex  2.824816e+01  2.589065e+01  4.420901e+01
     vertex  2.824264e+01  2.578143e+01  4.448794e+01
   endloop
 endfacet
 facet normal -2.865305e-14  9.311540e-01  3.646262e-01
   outer loop
     vertex  3.500000e+01  3.400000e+01  2.350000e+01
     vertex  2.825000e+01  2.600000e+01  4.392977e+01
     vertex  2.824816e+01  2.589065e+01  4.420901e+01
   endloop
 endfacet
 facet normal -1.740653e-16  9.311540e-01  3.646262e-01
   outer loop
     vertex  3.500000e+01  3.400000e+01  2.350000e+01
     vertex  2.824264e+01  2.578143e+01  4.448794e+01
     vertex  3.500000e+01  1.637866e+01  6.850000e+01
   endloop
 endfacet
 facet normal -2.678124e-14  9.311540e-01  3.646262e-01
   outer loop
     vertex  1.500000e+01  3.400000e+01  2.350000e+01
     vertex  2.428151e+01  2.916959e+01  3.583553e+01
     vertex  2.430959e+01  2.917582e+01  3.581961e+01
   endloop
 endfacet
 facet normal  0.000000e+00  9.311540e-01  3.646262e-01
   outer loop
     vertex  1.500000e+01  3.400000e+01  2.350000e+01
     vertex  2.425349e+01  2.916310e+01  3.585209e+01
     vertex  2.428151e+01  2.916959e+01  3.583553e+01
   endloop
 endfacet
 facet normal -5.246659e-14  9.311540e-01  3.646262e-01
   outer loop
     vertex  1.500000e+01  3.400000e+01  2.350000e+01
     vertex  2.422553e+01  2.915637e+01  3.586927e+01
     vertex  2.425349e+01  2.916310e+01  3.585209e+01
   endloop
 endfacet
 facet normal  7.791626e-14  9.311540e-01  3.646262e-01
   outer loop
     vertex  1.500000e+01  3.400000e+01  2.350000e+01
     vertex  2.419763e+01  2.914940e+01  3.588709e+01
     vertex  2.422553e+01  2.915637e+01  3.586927e+01
   endloop
 endfacet
 facet normal -2.571895e-14  9.311540e-01  3.646262e-01
   outer loop
     vertex  1.500000e+01  3.400000e+01  2.350000e+01
     vertex  2.416979e+01  2.914217e+01  3.590554e+01
     vertex  2.419763e+01  2.914940e+01  3.588709e+01
   endloop
 endfacet
 facet normal -3.821040e-14  9.311540e-01  3.646262e-01
   outer loop
     vertex  1.500000e+01  3.400000e+01  2.350000e+01
     vertex  2.414202e+01  2.913470e+01  3.592461e+01
     vertex  2.416979e+01  2.914217e+01  3.590554e+01
   endloop
 endfacet
 facet normal  2.523574e-14  9.311540e-01  3.646262e-01
   outer loop
     vertex  1.500000e+01  3.400000e+01  2.350000e+01
     vertex  2.411431e+01  2.912699e+01  3.594432e+01
     vertex  2.414202e+01  2.913470e+01  3.592461e+01
   endloop
 endfacet
 facet normal -2.500510e-14  9.311540e-01  3.646262e-01
   outer loop
     vertex  1.500000e+01  3.400000e+01  2.350000e+01
     vertex  2.408668e+01  2.911903e+01  3.596464e+01
     vertex  2.411431e+01  2.912699e+01  3.594432e+01
   endloop
 endfacet
 facet normal -1.239072e-14  9.311540e-01  3.646262e-01
   outer loop
     vertex  1.500000e+01  3.400000e+01  2.350000e+01
     vertex  2.405911e+01  2.911082e+01  3.598559e+01
     vertex  2.408668e+01  2.911903e+01  3.596464e+01
   endloop
 endfacet
 facet normal  2.456449e-14  9.311540e-01  3.646262e-01
   outer loop
     vertex  1.500000e+01  3.400000e+01  2.350000e+01
     vertex  2.403162e+01  2.910238e+01  3.600717e+01
     vertex  2.405911e+01  2.911082e+01  3.598559e+01
   endloop
 endfacet
 facet normal  8.523916e-14  9.311540e-01  3.646262e-01
   outer loop
     vertex  1.500000e+01  3.400000e+01  2.350000e+01
     vertex  2.400420e+01  2.909369e+01  3.602936e+01
     vertex  2.403162e+01  2.910238e+01  3.600717e+01
   endloop
 endfacet
 facet normal -4.521828e-14  9.311540e-01  3.646262e-01
   outer loop
     vertex  1.500000e+01  3.400000e+01  2.350000e+01
     vertex  2.396777e+01  2.908172e+01  3.605992e+01
     vertex  2.400420e+01  2.909369e+01  3.602936e+01
   endloop
 endfacet
 facet normal -1.589259e-14  9.311540e-01  3.646262e-01
   outer loop
     vertex  1.500000e+01  3.400000e+01  2.350000e+01
     vertex  2.392696e+01  2.906775e+01  3.609560e+01
     vertex  2.396777e+01  2.908172e+01  3.605992e+01
   endloop
 endfacet
 facet normal  3.926272e-14  9.311540e-01  3.646262e-01
   outer loop
     vertex  1.500000e+01  3.400000e+01  2.350000e+01
     vertex  2.388633e+01  2.905324e+01  3.613266e+01
     vertex  2.392696e+01  2.906775e+01  3.609560e+01
   endloop
 endfacet
 facet normal -4.657741e-14  9.311540e-01  3.646262e-01
   outer loop
     vertex  1.500000e+01  3.400000e+01  2.350000e+01
     vertex  2.384590e+01  2.903818e+01  3.617110e+01
     vertex  2.388633e+01  2.905324e+01  3.613266e+01
   endloop
 endfacet
 facet normal  3.070874e-14  9.311540e-01  3.646262e-01
   outer loop
     vertex  1.500000e+01  3.400000e+01  2.350000e+01
     vertex  2.380568e+01  2.902260e+01  3.621090e+01
     vertex  2.384590e+01  2.903818e+01  3.617110e+01
   endloop
 endfacet
 facet normal  7.595212e-15  9.311540e-01  3.646262e-01
   outer loop
     vertex  1.500000e+01  3.400000e+01  2.350000e+01
     vertex  2.376566e+01  2.900648e+01  3.625207e+01
     vertex  2.380568e+01  2.902260e+01  3.621090e+01
   endloop
 endfacet
 facet normal -3.758410e-14  9.311540e-01  3.646262e-01
   outer loop
     vertex  1.500000e+01  3.400000e+01  2.350000e+01
     vertex  2.372586e+01  2.898983e+01  3.629458e+01
     vertex  2.376566e+01  2.900648e+01  3.625207e+01
   endloop
 endfacet
 facet normal  1.488371e-14  9.311540e-01  3.646262e-01
   outer loop
     vertex  1.500000e+01  3.400000e+01  2.350000e+01
     vertex  2.368629e+01  2.897265e+01  3.633844e+01
     vertex  2.372586e+01  2.898983e+01  3.629458e+01
   endloop
 endfacet
 facet normal -2.948071e-14  9.311540e-01  3.646262e-01
   outer loop
     vertex  1.500000e+01  3.400000e+01  2.350000e+01
     vertex  2.364695e+01  2.895495e+01  3.638364e+01
     vertex  2.368629e+01  2.897265e+01  3.633844e+01
   endloop
 endfacet
 facet normal  1.460330e-14  9.311540e-01  3.646262e-01
   outer loop
     vertex  1.500000e+01  3.400000e+01  2.350000e+01
     vertex  2.360785e+01  2.893673e+01  3.643017e+01
     vertex  2.364695e+01  2.895495e+01  3.638364e+01
   endloop
 endfacet
 facet normal  0.000000e+00  9.311540e-01  3.646262e-01
   outer loop
     vertex  1.500000e+01  3.400000e+01  2.350000e+01
     vertex  2.356899e+01  2.891800e+01  3.647802e+01
     vertex  2.360785e+01  2.893673e+01  3.643017e+01
   endloop
 endfacet
 facet normal -1.434709e-14  9.311540e-01  3.646262e-01
   outer loop
     vertex  1.500000e+01  3.400000e+01  2.350000e+01
     vertex  2.353038e+01  2.889874e+01  3.652719e+01
     vertex  2.356899e+01  2.891800e+01  3.647802e+01
   endloop
 endfacet
 facet normal  0.000000e+00  9.311540e-01  3.646262e-01
   outer loop
     vertex  1.500000e+01  3.400000e+01  2.350000e+01
     vertex  2.349203e+01  2.887898e+01  3.657766e+01
     vertex  2.353038e+01  2.889874e+01  3.652719e+01
   endloop
 endfacet
 facet normal  2.114214e-14  9.311540e-01  3.646262e-01
   outer loop
     vertex  1.500000e+01  3.400000e+01  2.350000e+01
     vertex  2.344132e+01  2.885184e+01  3.664696e+01
     vertex  2.349203e+01  2.887898e+01  3.657766e+01
   endloop
 endfacet
 facet normal -9.295348e-15  9.311540e-01  3.646262e-01
   outer loop
     vertex  1.500000e+01  3.400000e+01  2.350000e+01
     vertex  2.338485e+01  2.882025e+01  3.672765e+01
     vertex  2.344132e+01  2.885184e+01  3.664696e+01
   endloop
 endfacet
 facet normal  0.000000e+00  9.311540e-01  3.646262e-01
   outer loop
     vertex  1.500000e+01  3.400000e+01  2.350000e+01
     vertex  2.332902e+01  2.878753e+01  3.681120e+01
     vertex  2.338485e+01  2.882025e+01  3.672765e+01
   endloop
 endfacet
 facet normal  0.000000e+00  9.311540e-01  3.646262e-01
   outer loop
     vertex  1.500000e+01  3.400000e+01  2.350000e+01
     vertex  2.327385e+01  2.875371e+01  3.689757e+01
     vertex  2.332902e+01  2.878753e+01  3.681120e+01
   endloop
 endfacet
 facet normal -9.016319e-15  9.311540e-01  3.646262e-01
   outer loop
     vertex  1.500000e+01  3.400000e+01  2.350000e+01
     vertex  2.321937e+01  2.871880e+01  3.698673e+01
     vertex  2.327385e+01  2.875371e+01  3.689757e+01
   endloop
 endfacet
 facet normal  0.000000e+00  9.311540e-01  3.646262e-01
   outer loop
     vertex  1.500000e+01  3.400000e+01  2.350000e+01
     vertex  2.316559e+01  2.868281e+01  3.707864e+01
     vertex  2.321937e+01  2.871880e+01  3.698673e+01
   endloop
 endfacet
 facet normal -1.772578e-14  9.311540e-01  3.646262e-01
   outer loop
     vertex  1.500000e+01  3.400000e+01  2.350000e+01
     vertex  2.311254e+01  2.864575e+01  3.717326e+01
     vertex  2.316559e+01  2.868281e+01  3.707864e+01
   endloop
 endfacet
 facet normal  1.759031e-14  9.311540e-01  3.646262e-01
   outer loop
     vertex  1.500000e+01  3.400000e+01  2.350000e+01
     vertex  2.306024e+01  2.860765e+01  3.727057e+01
     vertex  2.311254e+01  2.864575e+01  3.717326e+01
   endloop
 endfacet
 facet normal  0.000000e+00  9.311540e-01  3.646262e-01
   outer loop
     vertex  1.500000e+01  3.400000e+01  2.350000e+01
     vertex  2.300871e+01  2.856851e+01  3.737051e+01
     vertex  2.306024e+01  2.860765e+01  3.727057e+01
   endloop
 endfacet
 facet normal  0.000000e+00  9.311540e-01  3.646262e-01
   outer loop
     vertex  1.500000e+01  3.400000e+01  2.350000e+01
     vertex  2.295796e+01  2.852836e+01  3.747306e+01
     vertex  2.300871e+01  2.856851e+01  3.737051e+01
   endloop
 endfacet
 facet normal  6.462971e-15  9.311540e-01  3.646262e-01
   outer loop
     vertex  1.500000e+01  3.400000e+01  2.350000e+01
     vertex  2.289157e+01  2.847326e+01  3.761376e+01
     vertex  2.295796e+01  2.852836e+01  3.747306e+01
   endloop
 endfacet
 facet normal -5.703148e-15  9.311540e-01  3.646262e-01
   outer loop
     vertex  1.500000e+01  3.400000e+01  2.350000e+01
     vertex  2.281865e+01  2.840920e+01  3.777736e+01
     vertex  2.289157e+01  2.847326e+01  3.761376e+01
   endloop
 endfacet
 facet normal -1.133241e-14  9.311540e-01  3.646262e-01
   outer loop
     vertex  1.500000e+01  3.400000e+01  2.350000e+01
     vertex  2.274768e+01  2.834298e+01  3.794645e+01
     vertex  2.281865e+01  2.840920e+01  3.777736e+01
   endloop
 endfacet
 facet normal -5.636458e-15  9.311540e-01  3.646262e-01
   outer loop
     vertex  1.500000e+01  3.400000e+01  2.350000e+01
     vertex  2.267872e+01  2.827468e+01  3.812088e+01
     vertex  2.274768e+01  2.834298e+01  3.794645e+01
   endloop
 endfacet
 facet normal  1.122742e-14  9.311540e-01  3.646262e-01
   outer loop
     vertex  1.500000e+01  3.400000e+01  2.350000e+01
     vertex  2.261183e+01  2.820435e+01  3.830049e+01
     vertex  2.267872e+01  2.827468e+01  3.812088e+01
   endloop
 endfacet
 facet normal -5.597818e-15  9.311540e-01  3.646262e-01
   outer loop
     vertex  1.500000e+01  3.400000e+01  2.350000e+01
     vertex  2.254707e+01  2.813205e+01  3.848512e+01
     vertex  2.261183e+01  2.820435e+01  3.830049e+01
   endloop
 endfacet
 facet normal  5.588679e-15  9.311540e-01  3.646262e-01
   outer loop
     vertex  1.500000e+01  3.400000e+01  2.350000e+01
     vertex  2.248450e+01  2.805785e+01  3.867460e+01
     vertex  2.254707e+01  2.813205e+01  3.848512e+01
   endloop
 endfacet
 facet normal -1.675871e-14  9.311540e-01  3.646262e-01
   outer loop
     vertex  1.500000e+01  3.400000e+01  2.350000e+01
     vertex  2.242417e+01  2.798181e+01  3.886878e+01
     vertex  2.248450e+01  2.805785e+01  3.867460e+01
   endloop
 endfacet
 facet normal  1.677143e-14  9.311540e-01  3.646262e-01
   outer loop
     vertex  1.500000e+01  3.400000e+01  2.350000e+01
     vertex  2.236613e+01  2.790401e+01  3.906747e+01
     vertex  2.242417e+01  2.798181e+01  3.886878e+01
   endloop
 endfacet
 facet normal -1.680427e-14  9.311540e-01  3.646262e-01
   outer loop
     vertex  1.500000e+01  3.400000e+01  2.350000e+01
     vertex  2.231045e+01  2.782451e+01  3.927049e+01
     vertex  2.236613e+01  2.790401e+01  3.906747e+01
   endloop
 endfacet
 facet normal  4.217072e-15  9.311540e-01  3.646262e-01
   outer loop
     vertex  1.500000e+01  3.400000e+01  2.350000e+01
     vertex  2.223995e+01  2.771599e+01  3.954762e+01
     vertex  2.231045e+01  2.782451e+01  3.927049e+01
   endloop
 endfacet
 facet normal -3.774234e-15  9.311540e-01  3.646262e-01
   outer loop
     vertex  1.500000e+01  3.400000e+01  2.350000e+01
     vertex  2.216587e+01  2.759066e+01  3.986768e+01
     vertex  2.223995e+01  2.771599e+01  3.954762e+01
   endloop
 endfacet
 facet normal -7.623869e-15  9.311540e-01  3.646262e-01
   outer loop
     vertex  1.500000e+01  3.400000e+01  2.350000e+01
     vertex  2.209747e+01  2.746214e+01  4.019589e+01
     vertex  2.216587e+01  2.759066e+01  3.986768e+01
   endloop
 endfacet
 facet normal  1.930472e-14  9.311540e-01  3.646262e-01
   outer loop
     vertex  1.500000e+01  3.400000e+01  2.350000e+01
     vertex  2.203490e+01  2.733068e+01  4.053159e+01
     vertex  2.209747e+01  2.746214e+01  4.019589e+01
   endloop
 endfacet
 facet normal  0.000000e+00  9.311540e-01  3.646262e-01
   outer loop
     vertex  1.500000e+01  3.400000e+01  2.350000e+01
     vertex  2.197829e+01  2.719656e+01  4.087411e+01
     vertex  2.203490e+01  2.733068e+01  4.053159e+01
   endloop
 endfacet
 facet normal -1.598445e-14  9.311540e-01  3.646262e-01
   outer loop
     vertex  1.500000e+01  3.400000e+01  2.350000e+01
     vertex  2.192773e+01  2.706003e+01  4.122276e+01
     vertex  2.197829e+01  2.719656e+01  4.087411e+01
   endloop
 endfacet
 facet normal  0.000000e+00  9.311540e-01  3.646262e-01
   outer loop
     vertex  1.500000e+01  3.400000e+01  2.350000e+01
     vertex  2.188334e+01  2.692137e+01  4.157684e+01
     vertex  2.192773e+01  2.706003e+01  4.122276e+01
   endloop
 endfacet
 facet normal  8.377225e-15  9.311540e-01  3.646262e-01
   outer loop
     vertex  1.500000e+01  3.400000e+01  2.350000e+01
     vertex  2.184520e+01  2.678087e+01  4.193565e+01
     vertex  2.188334e+01  2.692137e+01  4.157684e+01
   endloop
 endfacet
 facet normal -1.724192e-14  9.311540e-01  3.646262e-01
   outer loop
     vertex  1.500000e+01  3.400000e+01  2.350000e+01
     vertex  2.181340e+01  2.663880e+01  4.229845e+01
     vertex  2.184520e+01  2.678087e+01  4.193565e+01
   endloop
 endfacet
 facet normal -0.000000e+00  9.311540e-01  3.646262e-01
   outer loop
     vertex  1.500000e+01  3.400000e+01  2.350000e+01
     vertex  2.499453e+01  2.925000e+01  3.563019e+01
     vertex  3.500000e+01  3.400000e+01  2.350000e+01
   endloop
 endfacet
 facet normal  3.744957e-14  9.311540e-01  3.646262e-01
   outer loop
     vertex  1.500000e+01  3.400000e+01  2.350000e+01
     vertex  2.496577e+01  2.924982e+01  3.563064e+01
     vertex  2.499453e+01  2.925000e+01  3.563019e+01
   endloop
 endfacet
 facet normal -3.677880e-14  9.311540e-01  3.646262e-01
   outer loop
     vertex  1.500000e+01  3.400000e+01  2.350000e+01
     vertex  2.493702e+01  2.924939e+01  3.563174e+01
     vertex  2.496577e+01  2.924982e+01  3.563064e+01
   endloop
 endfacet
 facet normal  1.806813e-14  9.311540e-01  3.646262e-01
   outer loop
     vertex  1.500000e+01  3.400000e+01  2.350000e+01
     vertex  2.490826e+01  2.924871e+01  3.563349e+01
     vertex  2.493702e+01  2.924939e+01  3.563174e+01
   endloop
 endfacet
 facet normal -7.104059e-14  9.311540e-01  3.646262e-01
   outer loop
     vertex  1.500000e+01  3.400000e+01  2.350000e+01
     vertex  2.487952e+01  2.924777e+01  3.563588e+01
     vertex  2.490826e+01  2.924871e+01  3.563349e+01
   endloop
 endfacet
 facet normal  3.492939e-14  9.311540e-01  3.646262e-01
   outer loop
     vertex  1.500000e+01  3.400000e+01  2.350000e+01
     vertex  2.485078e+01  2.924657e+01  3.563893e+01
     vertex  2.487952e+01  2.924777e+01  3.563588e+01
   endloop
 endfacet
 facet normal -1.718107e-14  9.311540e-01  3.646262e-01
   outer loop
     vertex  1.500000e+01  3.400000e+01  2.350000e+01
     vertex  2.482206e+01  2.924513e+01  3.564263e+01
     vertex  2.485078e+01  2.924657e+01  3.563893e+01
   endloop
 endfacet
 facet normal  0.000000e+00  9.311540e-01  3.646262e-01
   outer loop
     vertex  1.500000e+01  3.400000e+01  2.350000e+01
     vertex  2.479335e+01  2.924342e+01  3.564697e+01
     vertex  2.482206e+01  2.924513e+01  3.564263e+01
   endloop
 endfacet
 facet normal  6.658699e-14  9.311540e-01  3.646262e-01
   outer loop
     vertex  1.500000e+01  3.400000e+01  2.350000e+01
     vertex  2.476466e+01  2.924147e+01  3.565197e+01
     vertex  2.479335e+01  2.924342e+01  3.564697e+01
   endloop
 endfacet
 facet normal -4.918464e-14  9.311540e-01  3.646262e-01
   outer loop
     vertex  1.500000e+01  3.400000e+01  2.350000e+01
     vertex  2.473598e+01  2.923926e+01  3.565761e+01
     vertex  2.476466e+01  2.924147e+01  3.565197e+01
   endloop
 endfacet
 facet normal -1.615251e-14  9.311540e-01  3.646262e-01
   outer loop
     vertex  1.500000e+01  3.400000e+01  2.350000e+01
     vertex  2.470733e+01  2.923680e+01  3.566390e+01
     vertex  2.473598e+01  2.923926e+01  3.565761e+01
   endloop
 endfacet
 facet normal  7.959570e-14  9.311540e-01  3.646262e-01
   outer loop
     vertex  1.500000e+01  3.400000e+01  2.350000e+01
     vertex  2.467870e+01  2.923408e+01  3.567084e+01
     vertex  2.470733e+01  2.923680e+01  3.566390e+01
   endloop
 endfacet
 facet normal  1.569433e-14  9.311540e-01  3.646262e-01
   outer loop
     vertex  1.500000e+01  3.400000e+01  2.350000e+01
     vertex  2.465009e+01  2.923111e+01  3.567842e+01
     vertex  2.467870e+01  2.923408e+01  3.567084e+01
   endloop
 endfacet
 facet normal -9.286587e-14  9.311540e-01  3.646262e-01
   outer loop
     vertex  1.500000e+01  3.400000e+01  2.350000e+01
     vertex  2.462151e+01  2.922789e+01  3.568665e+01
     vertex  2.465009e+01  2.923111e+01  3.567842e+01
   endloop
 endfacet
 facet normal -3.053741e-14  9.311540e-01  3.646262e-01
   outer loop
     vertex  1.500000e+01  3.400000e+01  2.350000e+01
     vertex  2.459296e+01  2.922441e+01  3.569553e+01
     vertex  2.462151e+01  2.922789e+01  3.568665e+01
   endloop
 endfacet
 facet normal  4.520141e-14  9.311540e-01  3.646262e-01
   outer loop
     vertex  1.500000e+01  3.400000e+01  2.350000e+01
     vertex  2.456444e+01  2.922068e+01  3.570505e+01
     vertex  2.459296e+01  2.922441e+01  3.569553e+01
   endloop
 endfacet
 facet normal  4.461778e-14  9.311540e-01  3.646262e-01
   outer loop
     vertex  1.500000e+01  3.400000e+01  2.350000e+01
     vertex  2.453596e+01  2.921670e+01  3.571521e+01
     vertex  2.456444e+01  2.922068e+01  3.570505e+01
   endloop
 endfacet
 facet normal  0.000000e+00  9.311540e-01  3.646262e-01
   outer loop
     vertex  1.500000e+01  3.400000e+01  2.350000e+01
     vertex  2.450751e+01  2.921247e+01  3.572602e+01
     vertex  2.453596e+01  2.921670e+01  3.571521e+01
   endloop
 endfacet
 facet normal -2.900664e-14  9.311540e-01  3.646262e-01
   outer loop
     vertex  1.500000e+01  3.400000e+01  2.350000e+01
     vertex  2.447911e+01  2.920799e+01  3.573747e+01
     vertex  2.450751e+01  2.921247e+01  3.572602e+01
   endloop
 endfacet
 facet normal -2.865600e-14  9.311540e-01  3.646262e-01
   outer loop
     vertex  1.500000e+01  3.400000e+01  2.350000e+01
     vertex  2.445074e+01  2.920325e+01  3.574956e+01
     vertex  2.447911e+01  2.920799e+01  3.573747e+01
   endloop
 endfacet
 facet normal  0.000000e+00  9.311540e-01  3.646262e-01
   outer loop
     vertex  1.500000e+01  3.400000e+01  2.350000e+01
     vertex  2.442241e+01  2.919826e+01  3.576230e+01
     vertex  2.445074e+01  2.920325e+01  3.574956e+01
   endloop
 endfacet
 facet normal  9.796260e-14  9.311540e-01  3.646262e-01
   outer loop
     vertex  1.500000e+01  3.400000e+01  2.350000e+01
     vertex  2.439413e+01  2.919303e+01  3.577567e+01
     vertex  2.442241e+01  2.919826e+01  3.576230e+01
   endloop
 endfacet
 facet normal -4.150844e-14  9.311540e-01  3.646262e-01
   outer loop
     vertex  1.500000e+01  3.400000e+01  2.350000e+01
     vertex  2.436590e+01  2.918754e+01  3.578968e+01
     vertex  2.439413e+01  2.919303e+01  3.577567e+01
   endloop
 endfacet
 facet normal -2.736555e-14  9.311540e-01  3.646262e-01
   outer loop
     vertex  1.500000e+01  3.400000e+01  2.350000e+01
     vertex  2.433772e+01  2.918181e+01  3.580433e+01
     vertex  2.436590e+01  2.918754e+01  3.578968e+01
   endloop
 endfacet
 facet normal  2.706867e-14  9.311540e-01  3.646262e-01
   outer loop
     vertex  1.500000e+01  3.400000e+01  2.350000e+01
     vertex  2.430959e+01  2.917582e+01  3.581961e+01
     vertex  2.433772e+01  2.918181e+01  3.580433e+01
   endloop
 endfacet
 facet normal  3.484810e-16  9.311540e-01  3.646262e-01
   outer loop
     vertex  1.500000e+01  3.400000e+01  2.350000e+01
     vertex  1.500000e+01  1.637866e+01  6.850000e+01
     vertex  2.175056e+01  2.606059e+01  4.377504e+01
   endloop
 endfacet
 facet normal -1.212717e-14  9.311540e-01  3.646262e-01
   outer loop
     vertex  2.175056e+01  2.606059e+01  4.377504e+01
     vertex  1.500000e+01  1.637866e+01  6.850000e+01
     vertex  2.175111e+01  2.591501e+01  4.414683e+01
   endloop
 endfacet
 facet normal -2.160881e-14  9.311540e-01  3.646262e-01
   outer loop
     vertex  2.175111e+01  2.591501e+01  4.414683e+01
     vertex  1.500000e+01  1.637866e+01  6.850000e+01
     vertex  2.175818e+01  2.576959e+01  4.451818e+01
   endloop
 endfacet
 facet normal -9.507351e-15  9.311540e-01  3.646262e-01
   outer loop
     vertex  2.175818e+01  2.576959e+01  4.451818e+01
     vertex  1.500000e+01  1.637866e+01  6.850000e+01
     vertex  2.177175e+01  2.562464e+01  4.488834e+01
   endloop
 endfacet
 facet normal  2.843123e-14  9.311540e-01  3.646262e-01
   outer loop
     vertex  2.177175e+01  2.562464e+01  4.488834e+01
     vertex  1.500000e+01  1.637866e+01  6.850000e+01
     vertex  2.179180e+01  2.548044e+01  4.525659e+01
   endloop
 endfacet
 facet normal -1.387899e-14  9.311540e-01  3.646262e-01
   outer loop
     vertex  2.179180e+01  2.548044e+01  4.525659e+01
     vertex  1.500000e+01  1.637866e+01  6.850000e+01
     vertex  2.181829e+01  2.533728e+01  4.562217e+01
   endloop
 endfacet
 facet normal  7.444892e-15  9.311540e-01  3.646262e-01
   outer loop
     vertex  2.181829e+01  2.533728e+01  4.562217e+01
     vertex  1.500000e+01  1.637866e+01  6.850000e+01
     vertex  2.185116e+01  2.519546e+01  4.598436e+01
   endloop
 endfacet
 facet normal  4.463004e-15  9.311540e-01  3.646262e-01
   outer loop
     vertex  2.185116e+01  2.519546e+01  4.598436e+01
     vertex  1.500000e+01  1.637866e+01  6.850000e+01
     vertex  2.189035e+01  2.505524e+01  4.634242e+01
   endloop
 endfacet
 facet normal -1.081730e-15  9.311540e-01  3.646262e-01
   outer loop
     vertex  2.189035e+01  2.505524e+01  4.634242e+01
     vertex  1.500000e+01  1.637866e+01  6.850000e+01
     vertex  2.193578e+01  2.491693e+01  4.669564e+01
   endloop
 endfacet
 facet normal  2.806643e-15  9.311540e-01  3.646262e-01
   outer loop
     vertex  2.193578e+01  2.491693e+01  4.669564e+01
     vertex  1.500000e+01  1.637866e+01  6.850000e+01
     vertex  2.198736e+01  2.478078e+01  4.704331e+01
   endloop
 endfacet
 facet normal -1.006741e-14  9.311540e-01  3.646262e-01
   outer loop
     vertex  1.500000e+01  3.400000e+01  2.350000e+01
     vertex  2.175056e+01  2.606059e+01  4.377504e+01
     vertex  2.175654e+01  2.620605e+01  4.340357e+01
   endloop
 endfacet
 facet normal -9.619481e-15  9.311540e-01  3.646262e-01
   outer loop
     vertex  1.500000e+01  3.400000e+01  2.350000e+01
     vertex  2.175654e+01  2.620605e+01  4.340357e+01
     vertex  2.176902e+01  2.635111e+01  4.303315e+01
   endloop
 endfacet
 facet normal  1.847049e-14  9.311540e-01  3.646262e-01
   outer loop
     vertex  1.500000e+01  3.400000e+01  2.350000e+01
     vertex  2.176902e+01  2.635111e+01  4.303315e+01
     vertex  2.178799e+01  2.649545e+01  4.266453e+01
   endloop
 endfacet
 facet normal  0.000000e+00  9.311540e-01  3.646262e-01
   outer loop
     vertex  1.500000e+01  3.400000e+01  2.350000e+01
     vertex  2.178799e+01  2.649545e+01  4.266453e+01
     vertex  2.181340e+01  2.663880e+01  4.229845e+01
   endloop
 endfacet
 facet normal -9.999059e-01 -1.371831e-02 -0.000000e+00
   outer loop
     vertex  2.825000e+01  1.400000e+01  6.196468e+01
     vertex  2.824878e+01  1.408916e+01  2.750000e+01
     vertex  2.825000e+01  1.400000e+01  2.750000e+01
   endloop
 endfacet
 facet normal -9.991532e-01 -4.114462e-02 -3.758999e-05
   outer loop
     vertex  2.824139e+01  1.423635e+01  6.261405e+01
     vertex  2.824511e+01  1.417825e+01  2.750000e+01
     vertex  2.824878e+01  1.408916e+01  2.750000e+01
   endloop
 endfacet
 facet normal -9.976484e-01 -6.853995e-02  7.895502e-06
   outer loop
     vertex  2.824139e+01  1.423635e+01  6.261405e+01
     vertex  2.823900e+01  1.426721e+01  2.750000e+01
     vertex  2.824511e+01  1.417825e+01  2.750000e+01
   endloop
 endfacet
 facet normal -9.953925e-01 -9.588368e-02 -1.629130e-05
   outer loop
     vertex  2.824139e+01  1.423635e+01  6.261405e+01
     vertex  2.823045e+01  1.435597e+01  2.750000e+01
     vertex  2.823900e+01  1.426721e+01  2.750000e+01
   endloop
 endfacet
 facet normal -9.993436e-01 -3.622602e-02 -5.824774e-05
   outer loop
     vertex  2.824139e+01  1.423635e+01  6.261405e+01
     vertex  2.824878e+01  1.408916e+01  2.750000e+01
     vertex  2.825000e+01  1.400000e+01  6.196468e+01
   endloop
 endfacet
 facet normal -9.923874e-01 -1.231552e-01 -1.365483e-05
   outer loop
     vertex  2.821562e+01  1.447145e+01  6.325999e+01
     vertex  2.821946e+01  1.444446e+01  2.750000e+01
     vertex  2.823045e+01  1.435597e+01  2.750000e+01
   endloop
 endfacet
 facet normal -9.886353e-01 -1.503341e-01  7.260925e-06
   outer loop
     vertex  2.821562e+01  1.447145e+01  6.325999e+01
     vertex  2.820606e+01  1.453262e+01  2.750000e+01
     vertex  2.821946e+01  1.444446e+01  2.750000e+01
   endloop
 endfacet
 facet normal -9.841389e-01 -1.773998e-01 -4.023675e-05
   outer loop
     vertex  2.821562e+01  1.447145e+01  6.325999e+01
     vertex  2.819024e+01  1.462037e+01  2.750000e+01
     vertex  2.820606e+01  1.453262e+01  2.750000e+01
   endloop
 endfacet
 facet normal -9.940637e-01 -1.088000e-01 -6.070678e-05
   outer loop
     vertex  2.821562e+01  1.447145e+01  6.325999e+01
     vertex  2.823045e+01  1.435597e+01  2.750000e+01
     vertex  2.824139e+01  1.423635e+01  6.261405e+01
   endloop
 endfacet
 facet normal -9.789017e-01 -2.043319e-01  1.334581e-06
   outer loop
     vertex  2.817282e+01  1.470405e+01  6.389906e+01
     vertex  2.817202e+01  1.470766e+01  2.750000e+01
     vertex  2.819024e+01  1.462037e+01  2.750000e+01
   endloop
 endfacet
 facet normal -9.729276e-01 -2.311102e-01 -1.449927e-06
   outer loop
     vertex  2.817282e+01  1.470405e+01  6.389906e+01
     vertex  2.815141e+01  1.479442e+01  2.750000e+01
     vertex  2.817202e+01  1.470766e+01  2.750000e+01
   endloop
 endfacet
 facet normal -9.835161e-01 -1.808208e-01 -5.492573e-05
   outer loop
     vertex  2.817282e+01  1.470405e+01  6.389906e+01
     vertex  2.819024e+01  1.462037e+01  2.750000e+01
     vertex  2.821562e+01  1.447145e+01  6.325999e+01
   endloop
 endfacet
 facet normal -9.662211e-01 -2.577146e-01 -3.254858e-05
   outer loop
     vertex  2.811322e+01  1.493293e+01  6.452788e+01
     vertex  2.812843e+01  1.488057e+01  2.750000e+01
     vertex  2.815141e+01  1.479442e+01  2.750000e+01
   endloop
 endfacet
 facet normal -9.587873e-01 -2.841250e-01  7.849132e-06
   outer loop
     vertex  2.811322e+01  1.493293e+01  6.452788e+01
     vertex  2.810310e+01  1.496607e+01  2.750000e+01
     vertex  2.812843e+01  1.488057e+01  2.750000e+01
   endloop
 endfacet
 facet normal -9.506317e-01 -3.103214e-01 -1.782462e-05
   outer loop
     vertex  2.811322e+01  1.493293e+01  6.452788e+01
     vertex  2.807543e+01  1.505083e+01  2.750000e+01
     vertex  2.810310e+01  1.496607e+01  2.750000e+01
   endloop
 endfacet
 facet normal -9.677620e-01 -2.518663e-01 -5.601535e-05
   outer loop
     vertex  2.811322e+01  1.493293e+01  6.452788e+01
     vertex  2.815141e+01  1.479442e+01  2.750000e+01
     vertex  2.817282e+01  1.470405e+01  6.389906e+01
   endloop
 endfacet
 facet normal -9.417605e-01 -3.362843e-01 -1.085822e-05
   outer loop
     vertex  2.803713e+01  1.515686e+01  6.514314e+01
     vertex  2.804544e+01  1.513481e+01  2.750000e+01
     vertex  2.807543e+01  1.505083e+01  2.750000e+01
   endloop
 endfacet
 facet normal -9.321804e-01 -3.619940e-01  6.318794e-06
   outer loop
     vertex  2.803713e+01  1.515686e+01  6.514314e+01
     vertex  2.801316e+01  1.521793e+01  2.750000e+01
     vertex  2.804544e+01  1.513481e+01  2.750000e+01
   endloop
 endfacet
 facet normal -9.468831e-01 -3.215778e-01 -5.749341e-05
   outer loop
     vertex  2.803713e+01  1.515686e+01  6.514314e+01
     vertex  2.807543e+01  1.505083e+01  2.750000e+01
     vertex  2.811322e+01  1.493293e+01  6.452788e+01
   endloop
 endfacet
 facet normal -9.218986e-01 -3.874313e-01 -3.449550e-05
   outer loop
     vertex  2.795489e+01  1.535320e+01  6.568257e+01
     vertex  2.797862e+01  1.530014e+01  2.750000e+01
     vertex  2.801316e+01  1.521793e+01  2.750000e+01
   endloop
 endfacet
 facet normal -9.109228e-01 -4.125769e-01  7.270719e-06
   outer loop
     vertex  2.795489e+01  1.535320e+01  6.568257e+01
     vertex  2.794183e+01  1.538136e+01  2.750000e+01
     vertex  2.797862e+01  1.530014e+01  2.750000e+01
   endloop
 endfacet
 facet normal -8.992613e-01 -4.374119e-01 -1.503620e-05
   outer loop
     vertex  2.795489e+01  1.535320e+01  6.568257e+01
     vertex  2.790282e+01  1.546155e+01  2.750000e+01
     vertex  2.794183e+01  1.538136e+01  2.750000e+01
   endloop
 endfacet
 facet normal -9.223821e-01 -3.862786e-01 -3.931690e-05
   outer loop
     vertex  2.795489e+01  1.535320e+01  6.568257e+01
     vertex  2.801316e+01  1.521793e+01  2.750000e+01
     vertex  2.803713e+01  1.515686e+01  6.514314e+01
   endloop
 endfacet
 facet normal -8.869228e-01 -4.619176e-01  5.050682e-06
   outer loop
     vertex  2.787002e+01  1.552496e+01  6.615448e+01
     vertex  2.786163e+01  1.554063e+01  2.750000e+01
     vertex  2.790282e+01  1.546155e+01  2.750000e+01
   endloop
 endfacet
 facet normal -8.739167e-01 -4.860756e-01 -7.565178e-06
   outer loop
     vertex  2.787002e+01  1.552496e+01  6.615448e+01
     vertex  2.781829e+01  1.561856e+01  2.750000e+01
     vertex  2.786163e+01  1.554063e+01  2.750000e+01
   endloop
 endfacet
 facet normal -8.965659e-01 -4.429105e-01 -3.431470e-05
   outer loop
     vertex  2.787002e+01  1.552496e+01  6.615448e+01
     vertex  2.790282e+01  1.546155e+01  2.750000e+01
     vertex  2.795489e+01  1.535320e+01  6.568257e+01
   endloop
 endfacet
 facet normal -8.602528e-01 -5.098678e-01  1.499981e-06
   outer loop
     vertex  2.777517e+01  1.569142e+01  6.661183e+01
     vertex  2.777283e+01  1.569527e+01  2.750000e+01
     vertex  2.781829e+01  1.561856e+01  2.750000e+01
   endloop
 endfacet
 facet normal -8.459413e-01 -5.332761e-01 -1.659558e-06
   outer loop
     vertex  2.777517e+01  1.569142e+01  6.661183e+01
     vertex  2.772527e+01  1.577070e+01  2.750000e+01
     vertex  2.777283e+01  1.569527e+01  2.750000e+01
   endloop
 endfacet
 facet normal -8.689105e-01 -4.949693e-01 -3.579968e-05
   outer loop
     vertex  2.777517e+01  1.569142e+01  6.661183e+01
     vertex  2.781829e+01  1.561856e+01  2.750000e+01
     vertex  2.787002e+01  1.552496e+01  6.615448e+01
   endloop
 endfacet
 facet normal -8.309929e-01 -5.562829e-01 -3.339224e-06
   outer loop
     vertex  2.767069e+01  1.585201e+01  6.705304e+01
     vertex  2.767567e+01  1.584480e+01  2.750000e+01
     vertex  2.772527e+01  1.577070e+01  2.750000e+01
   endloop
 endfacet
 facet normal -8.154191e-01 -5.788711e-01  2.741494e-06
   outer loop
     vertex  2.767069e+01  1.585201e+01  6.705304e+01
     vertex  2.762405e+01  1.591751e+01  2.750000e+01
     vertex  2.767567e+01  1.584480e+01  2.750000e+01
   endloop
 endfacet
 facet normal -8.382337e-01 -5.453112e-01 -3.588699e-05
   outer loop
     vertex  2.767069e+01  1.585201e+01  6.705304e+01
     vertex  2.772527e+01  1.577070e+01  2.750000e+01
     vertex  2.777517e+01  1.569142e+01  6.661183e+01
   endloop
 endfacet
 facet normal -7.992314e-01 -6.010234e-01 -1.019364e-06
   outer loop
     vertex  2.756870e+01  1.599105e+01  6.743505e+01
     vertex  2.757046e+01  1.598878e+01  2.750000e+01
     vertex  2.762405e+01  1.591751e+01  2.750000e+01
   endloop
 endfacet
 facet normal -7.824421e-01 -6.227234e-01  9.556948e-07
   outer loop
     vertex  2.756870e+01  1.599105e+01  6.743505e+01
     vertex  2.751493e+01  1.605855e+01  2.750000e+01
     vertex  2.757046e+01  1.598878e+01  2.750000e+01
   endloop
 endfacet
 facet normal -8.063808e-01 -5.913966e-01 -2.865663e-05
   outer loop
     vertex  2.756870e+01  1.599105e+01  6.743505e+01
     vertex  2.762405e+01  1.591751e+01  2.750000e+01
     vertex  2.767069e+01  1.585201e+01  6.705304e+01
   endloop
 endfacet
 facet normal -7.650637e-01 -6.439545e-01  5.334605e-06
   outer loop
     vertex  2.747072e+01  1.611140e+01  6.776572e+01
     vertex  2.745751e+01  1.612677e+01  2.750000e+01
     vertex  2.751493e+01  1.605855e+01  2.750000e+01
   endloop
 endfacet
 facet normal -7.471095e-01 -6.647010e-01 -8.471450e-06
   outer loop
     vertex  2.747072e+01  1.611140e+01  6.776572e+01
     vertex  2.739824e+01  1.619338e+01  2.750000e+01
     vertex  2.745751e+01  1.612677e+01  2.750000e+01
   endloop
 endfacet
 facet normal -7.755479e-01 -6.312887e-01 -2.280319e-05
   outer loop
     vertex  2.747072e+01  1.611140e+01  6.776572e+01
     vertex  2.751493e+01  1.605855e+01  2.750000e+01
     vertex  2.756870e+01  1.599105e+01  6.743505e+01
   endloop
 endfacet
 facet normal -7.285929e-01 -6.849470e-01  7.530455e-06
   outer loop
     vertex  2.736711e+01  1.622694e+01  6.808316e+01
     vertex  2.733717e+01  1.625835e+01  2.750000e+01
     vertex  2.739824e+01  1.619338e+01  2.750000e+01
   endloop
 endfacet
 facet normal -7.445209e-01 -6.675992e-01 -1.903203e-05
   outer loop
     vertex  2.736711e+01  1.622694e+01  6.808316e+01
     vertex  2.739824e+01  1.619338e+01  2.750000e+01
     vertex  2.747072e+01  1.611140e+01  6.776572e+01
   endloop
 endfacet
 facet normal -7.095278e-01 -7.046775e-01  6.048520e-06
   outer loop
     vertex  2.729211e+01  1.630406e+01  6.829505e+01
     vertex  2.727433e+01  1.632162e+01  2.750000e+01
     vertex  2.733717e+01  1.625835e+01  2.750000e+01
   endloop
 endfacet
 facet normal -7.169169e-01 -6.971586e-01 -1.053663e-05
   outer loop
     vertex  2.729211e+01  1.630406e+01  6.829505e+01
     vertex  2.733717e+01  1.625835e+01  2.750000e+01
     vertex  2.736711e+01  1.622694e+01  6.808316e+01
   endloop
 endfacet
 facet normal -6.934471e-01 -7.205076e-01 -7.774171e-06
   outer loop
     vertex  2.721460e+01  1.637866e+01  6.850000e+01
     vertex  2.727433e+01  1.632162e+01  2.750000e+01
     vertex  2.729211e+01  1.630406e+01  6.829505e+01
   endloop
 endfacet
 facet normal -6.899286e-01 -7.238775e-01  2.039643e-06
   outer loop
     vertex  2.721460e+01  1.637866e+01  6.850000e+01
     vertex  2.720978e+01  1.638314e+01  2.750000e+01
     vertex  2.727433e+01  1.632162e+01  2.750000e+01
   endloop
 endfacet
 facet normal -6.698100e-01 -7.425325e-01 -2.364701e-06
   outer loop
     vertex  2.721460e+01  1.637866e+01  6.850000e+01
     vertex  2.714357e+01  1.644287e+01  2.750000e+01
     vertex  2.720978e+01  1.638314e+01  2.750000e+01
   endloop
 endfacet
 facet normal -6.672128e-01 -7.448672e-01 -1.052038e-05
   outer loop
     vertex  2.712156e+01  1.646200e+01  6.828716e+01
     vertex  2.714357e+01  1.644287e+01  2.750000e+01
     vertex  2.721460e+01  1.637866e+01  6.850000e+01
   endloop
 endfacet
 facet normal -6.491872e-01 -7.606287e-01  6.601113e-06
   outer loop
     vertex  2.712156e+01  1.646200e+01  6.828716e+01
     vertex  2.707575e+01  1.650075e+01  2.750000e+01
     vertex  2.714357e+01  1.644287e+01  2.750000e+01
   endloop
 endfacet
 facet normal -6.395744e-01 -7.687292e-01 -1.189301e-05
   outer loop
     vertex  2.703514e+01  1.653391e+01  6.810354e+01
     vertex  2.707575e+01  1.650075e+01  2.750000e+01
     vertex  2.712156e+01  1.646200e+01  6.828716e+01
   endloop
 endfacet
 facet normal -6.280757e-01 -7.781522e-01  7.299507e-06
   outer loop
     vertex  2.703514e+01  1.653391e+01  6.810354e+01
     vertex  2.700636e+01  1.655676e+01  2.750000e+01
     vertex  2.707575e+01  1.650075e+01  2.750000e+01
   endloop
 endfacet
 facet normal -6.139750e-01 -7.893255e-01 -8.984902e-06
   outer loop
     vertex  2.695528e+01  1.659603e+01  6.794490e+01
     vertex  2.700636e+01  1.655676e+01  2.750000e+01
     vertex  2.703514e+01  1.653391e+01  6.810354e+01
   endloop
 endfacet
 facet normal -6.064915e-01 -7.950900e-01  6.063430e-06
   outer loop
     vertex  2.695528e+01  1.659603e+01  6.794490e+01
     vertex  2.693546e+01  1.661084e+01  2.750000e+01
     vertex  2.700636e+01  1.655676e+01  2.750000e+01
   endloop
 endfacet
 facet normal -5.891096e-01 -8.080531e-01 -7.200417e-06
   outer loop
     vertex  2.687352e+01  1.665564e+01  6.779268e+01
     vertex  2.693546e+01  1.661084e+01  2.750000e+01
     vertex  2.695528e+01  1.659603e+01  6.794490e+01
   endloop
 endfacet
 facet normal -5.844507e-01 -8.114292e-01  3.715021e-06
   outer loop
     vertex  2.687352e+01  1.665564e+01  6.779268e+01
     vertex  2.686311e+01  1.666295e+01  2.750000e+01
     vertex  2.693546e+01  1.661084e+01  2.750000e+01
   endloop
 endfacet
 facet normal -5.649602e-01 -8.251182e-01 -3.808780e-06
   outer loop
     vertex  2.679839e+01  1.670708e+01  6.766130e+01
     vertex  2.686311e+01  1.666295e+01  2.750000e+01
     vertex  2.687352e+01  1.665564e+01  6.779268e+01
   endloop
 endfacet
 facet normal -5.619699e-01 -8.271577e-01  3.251260e-06
   outer loop
     vertex  2.679839e+01  1.670708e+01  6.766130e+01
     vertex  2.678935e+01  1.671306e+01  2.750000e+01
     vertex  2.686311e+01  1.666295e+01  2.750000e+01
   endloop
 endfacet
 facet normal -5.427999e-01 -8.398621e-01 -2.953016e-06
   outer loop
     vertex  2.672955e+01  1.675157e+01  6.754769e+01
     vertex  2.678935e+01  1.671306e+01  2.750000e+01
     vertex  2.679839e+01  1.670708e+01  6.766130e+01
   endloop
 endfacet
 facet normal -5.390661e-01 -8.422635e-01  4.931020e-06
   outer loop
     vertex  2.672955e+01  1.675157e+01  6.754769e+01
     vertex  2.671425e+01  1.676113e+01  2.750000e+01
     vertex  2.678935e+01  1.671306e+01  2.750000e+01
   endloop
 endfacet
 facet normal -5.214482e-01 -8.532829e-01 -4.433629e-06
   outer loop
     vertex  2.665962e+01  1.679431e+01  6.743855e+01
     vertex  2.671425e+01  1.676113e+01  2.750000e+01
     vertex  2.672955e+01  1.675157e+01  6.754769e+01
   endloop
 endfacet
 facet normal -5.157565e-01 -8.567352e-01  6.218794e-06
   outer loop
     vertex  2.665962e+01  1.679431e+01  6.743855e+01
     vertex  2.663785e+01  1.680712e+01  2.750000e+01
     vertex  2.671425e+01  1.676113e+01  2.750000e+01
   endloop
 endfacet
 facet normal -4.997655e-01 -8.661607e-01 -5.521428e-06
   outer loop
     vertex  2.658863e+01  1.683527e+01  6.733395e+01
     vertex  2.663785e+01  1.680712e+01  2.750000e+01
     vertex  2.665962e+01  1.679431e+01  6.743855e+01
   endloop
 endfacet
 facet normal -4.920587e-01 -8.705620e-01  7.110906e-06
   outer loop
     vertex  2.658863e+01  1.683527e+01  6.733395e+01
     vertex  2.656023e+01  1.685100e+01  2.750000e+01
     vertex  2.663785e+01  1.680712e+01  2.750000e+01
   endloop
 endfacet
 facet normal -4.788739e-01 -8.778837e-01 -5.183589e-06
   outer loop
     vertex  2.652388e+01  1.687059e+01  6.724375e+01
     vertex  2.656023e+01  1.685100e+01  2.750000e+01
     vertex  2.658863e+01  1.683527e+01  6.733395e+01
   endloop
 endfacet
 facet normal -4.679904e-01 -8.837335e-01  7.652902e-06
   outer loop
     vertex  2.652388e+01  1.687059e+01  6.724375e+01
     vertex  2.648142e+01  1.689273e+01  2.750000e+01
     vertex  2.656023e+01  1.685100e+01  2.750000e+01
   endloop
 endfacet
 facet normal -4.598376e-01 -8.880030e-01 -3.434629e-06
   outer loop
     vertex  2.646493e+01  1.690112e+01  6.716579e+01
     vertex  2.648142e+01  1.689273e+01  2.750000e+01
     vertex  2.652388e+01  1.687059e+01  6.724375e+01
   endloop
 endfacet
 facet normal -4.435699e-01 -8.962398e-01  5.071745e-06
   outer loop
     vertex  2.646493e+01  1.690112e+01  6.716579e+01
     vertex  2.640151e+01  1.693228e+01  2.750000e+01
     vertex  2.648142e+01  1.689273e+01  2.750000e+01
   endloop
 endfacet
 facet normal -4.416088e-01 -8.972077e-01  1.175603e-06
   outer loop
     vertex  2.640537e+01  1.693043e+01  6.709093e+01
     vertex  2.640151e+01  1.693228e+01  2.750000e+01
     vertex  2.646493e+01  1.690112e+01  6.716579e+01
   endloop
 endfacet
 facet normal -4.231888e-01 -9.060415e-01 -1.033180e-06
   outer loop
     vertex  2.634522e+01  1.695853e+01  6.701918e+01
     vertex  2.640151e+01  1.693228e+01  2.750000e+01
     vertex  2.640537e+01  1.693043e+01  6.709093e+01
   endloop
 endfacet
 facet normal -4.188155e-01 -9.080714e-01  6.543724e-06
   outer loop
     vertex  2.634522e+01  1.695853e+01  6.701918e+01
     vertex  2.632054e+01  1.696963e+01  2.750000e+01
     vertex  2.640151e+01  1.693228e+01  2.750000e+01
   endloop
 endfacet
 facet normal -3.937458e-01 -9.192194e-01  7.644046e-06
   outer loop
     vertex  2.628451e+01  1.698539e+01  6.695059e+01
     vertex  2.623857e+01  1.700474e+01  2.750000e+01
     vertex  2.632054e+01  1.696963e+01  2.750000e+01
   endloop
 endfacet
 facet normal -4.045914e-01 -9.144976e-01 -4.145973e-06
   outer loop
     vertex  2.628451e+01  1.698539e+01  6.695059e+01
     vertex  2.632054e+01  1.696963e+01  2.750000e+01
     vertex  2.634522e+01  1.695853e+01  6.701918e+01
   endloop
 endfacet
 facet normal -3.867724e-01 -9.221752e-01 -1.926444e-06
   outer loop
     vertex  2.622941e+01  1.700849e+01  6.689158e+01
     vertex  2.623857e+01  1.700474e+01  2.750000e+01
     vertex  2.628451e+01  1.698539e+01  6.695059e+01
   endloop
 endfacet
 facet normal -3.683796e-01 -9.296754e-01  6.349483e-06
   outer loop
     vertex  2.617947e+01  1.702842e+01  6.684069e+01
     vertex  2.615567e+01  1.703758e+01  2.750000e+01
     vertex  2.623857e+01  1.700474e+01  2.750000e+01
   endloop
 endfacet
 facet normal -3.706126e-01 -9.287876e-01  2.460502e-06
   outer loop
     vertex  2.617947e+01  1.702842e+01  6.684069e+01
     vertex  2.623857e+01  1.700474e+01  2.750000e+01
     vertex  2.622941e+01  1.700849e+01  6.689158e+01
   endloop
 endfacet
 facet normal -3.427362e-01 -9.394317e-01  6.741358e-06
   outer loop
     vertex  2.612920e+01  1.704752e+01  6.679191e+01
     vertex  2.607190e+01  1.706815e+01  2.750000e+01
     vertex  2.615567e+01  1.703758e+01  2.750000e+01
   endloop
 endfacet
 facet normal -3.551906e-01 -9.347939e-01 -2.821083e-06
   outer loop
     vertex  2.612920e+01  1.704752e+01  6.679191e+01
     vertex  2.615567e+01  1.703758e+01  2.750000e+01
     vertex  2.617947e+01  1.702842e+01  6.684069e+01
   endloop
 endfacet
 facet normal -3.396797e-01 -9.405412e-01  1.701643e-06
   outer loop
     vertex  2.607863e+01  1.706579e+01  6.674527e+01
     vertex  2.607190e+01  1.706815e+01  2.750000e+01
     vertex  2.612920e+01  1.704752e+01  6.679191e+01
   endloop
 endfacet
 facet normal -3.168348e-01 -9.484807e-01  7.784884e-06
   outer loop
     vertex  2.602776e+01  1.708321e+01  6.670076e+01
     vertex  2.598733e+01  1.709640e+01  2.750000e+01
     vertex  2.607190e+01  1.706815e+01  2.750000e+01
   endloop
 endfacet
 facet normal -3.240697e-01 -9.460332e-01 -1.303377e-06
   outer loop
     vertex  2.602776e+01  1.708321e+01  6.670076e+01
     vertex  2.607190e+01  1.706815e+01  2.750000e+01
     vertex  2.607863e+01  1.706579e+01  6.674527e+01
   endloop
 endfacet
 facet normal -3.091605e-01 -9.510099e-01 -9.805997e-07
   outer loop
     vertex  2.598173e+01  1.709818e+01  6.666256e+01
     vertex  2.598733e+01  1.709640e+01  2.750000e+01
     vertex  2.602776e+01  1.708321e+01  6.670076e+01
   endloop
 endfacet
 facet normal -2.906949e-01 -9.568158e-01  7.723582e-06
   outer loop
     vertex  2.594013e+01  1.711106e+01  6.662967e+01
     vertex  2.590201e+01  1.712232e+01  2.750000e+01
     vertex  2.598733e+01  1.709640e+01  2.750000e+01
   endloop
 endfacet
 facet normal -2.956781e-01 -9.552876e-01  1.139749e-06
   outer loop
     vertex  2.594013e+01  1.711106e+01  6.662967e+01
     vertex  2.598733e+01  1.709640e+01  2.750000e+01
     vertex  2.598173e+01  1.709818e+01  6.666256e+01
   endloop
 endfacet
 facet normal -2.828480e-01 -9.591647e-01 -5.960271e-07
   outer loop
     vertex  2.589835e+01  1.712337e+01  6.659821e+01
     vertex  2.590201e+01  1.712232e+01  2.750000e+01
     vertex  2.594013e+01  1.711106e+01  6.662967e+01
   endloop
 endfacet
 facet normal -2.643362e-01 -9.644306e-01  7.797551e-06
   outer loop
     vertex  2.585641e+01  1.713513e+01  6.656818e+01
     vertex  2.581601e+01  1.714589e+01  2.750000e+01
     vertex  2.590201e+01  1.712232e+01  2.750000e+01
   endloop
 endfacet
 facet normal -2.699692e-01 -9.628690e-01  7.103424e-07
   outer loop
     vertex  2.585641e+01  1.713513e+01  6.656818e+01
     vertex  2.590201e+01  1.712232e+01  2.750000e+01
     vertex  2.589835e+01  1.712337e+01  6.659821e+01
   endloop
 endfacet
 facet normal -2.570404e-01 -9.664007e-01 -2.886565e-07
   outer loop
     vertex  2.581432e+01  1.714633e+01  6.653959e+01
     vertex  2.581601e+01  1.714589e+01  2.750000e+01
     vertex  2.585641e+01  1.713513e+01  6.656818e+01
   endloop
 endfacet
 facet normal -2.377784e-01 -9.713194e-01  7.837149e-06
   outer loop
     vertex  2.577208e+01  1.715696e+01  6.651244e+01
     vertex  2.572940e+01  1.716709e+01  2.750000e+01
     vertex  2.581601e+01  1.714589e+01  2.750000e+01
   endloop
 endfacet
 facet normal -2.440664e-01 -9.697585e-01  3.128552e-07
   outer loop
     vertex  2.577208e+01  1.715696e+01  6.651244e+01
     vertex  2.581601e+01  1.714589e+01  2.750000e+01
     vertex  2.581432e+01  1.714633e+01  6.653959e+01
   endloop
 endfacet
 facet normal -2.310480e-01 -9.729423e-01  5.312497e-08
   outer loop
     vertex  2.572970e+01  1.716702e+01  6.648674e+01
     vertex  2.572940e+01  1.716709e+01  2.750000e+01
     vertex  2.577208e+01  1.715696e+01  6.651244e+01
   endloop
 endfacet
 facet normal -2.110417e-01 -9.774771e-01  7.720855e-06
   outer loop
     vertex  2.569145e+01  1.717559e+01  6.646485e+01
     vertex  2.564224e+01  1.718591e+01  2.750000e+01
     vertex  2.572940e+01  1.716709e+01  2.750000e+01
   endloop
 endfacet
 facet normal -2.186422e-01 -9.758051e-01 -4.710625e-08
   outer loop
     vertex  2.569145e+01  1.717559e+01  6.646485e+01
     vertex  2.572940e+01  1.716709e+01  2.750000e+01
     vertex  2.572970e+01  1.716702e+01  6.648674e+01
   endloop
 endfacet
 facet normal -2.074483e-01 -9.782460e-01  2.979212e-06
   outer loop
     vertex  2.565694e+01  1.718291e+01  6.644616e+01
     vertex  2.564224e+01  1.718591e+01  2.750000e+01
     vertex  2.569145e+01  1.717559e+01  6.646485e+01
   endloop
 endfacet
 facet normal -1.968147e-01 -9.804407e-01 -1.201872e-06
   outer loop
     vertex  2.562235e+01  1.718986e+01  6.642843e+01
     vertex  2.564224e+01  1.718591e+01  2.750000e+01
     vertex  2.565694e+01  1.718291e+01  6.644616e+01
   endloop
 endfacet
 facet normal -1.861627e-01 -9.825189e-01  4.452815e-06
   outer loop
     vertex  2.558768e+01  1.719642e+01  6.641166e+01
     vertex  2.564224e+01  1.718591e+01  2.750000e+01
     vertex  2.562235e+01  1.718986e+01  6.642843e+01
   endloop
 endfacet
 facet normal -1.841461e-01 -9.828989e-01  7.383032e-06
   outer loop
     vertex  2.558768e+01  1.719642e+01  6.641166e+01
     vertex  2.555460e+01  1.720233e+01  2.750000e+01
     vertex  2.564224e+01  1.718591e+01  2.750000e+01
   endloop
 endfacet
 facet normal -1.754840e-01 -9.844823e-01 -2.223364e-07
   outer loop
     vertex  2.555295e+01  1.720262e+01  6.639585e+01
     vertex  2.555460e+01  1.720233e+01  2.750000e+01
     vertex  2.558768e+01  1.719642e+01  6.641166e+01
   endloop
 endfacet
 facet normal -1.647869e-01 -9.863292e-01  2.444670e-07
   outer loop
     vertex  2.551815e+01  1.720843e+01  6.638100e+01
     vertex  2.555460e+01  1.720233e+01  2.750000e+01
     vertex  2.555295e+01  1.720262e+01  6.639585e+01
   endloop
 endfacet
 facet normal -1.571119e-01 -9.875808e-01  7.635192e-06
   outer loop
     vertex  2.551815e+01  1.720843e+01  6.638100e+01
     vertex  2.546653e+01  1.721634e+01  2.750000e+01
     vertex  2.555460e+01  1.720233e+01  2.750000e+01
   endloop
 endfacet
 facet normal -1.540715e-01 -9.880597e-01  3.501550e-06
   outer loop
     vertex  2.548329e+01  1.721387e+01  6.636712e+01
     vertex  2.546653e+01  1.721634e+01  2.750000e+01
     vertex  2.551815e+01  1.720843e+01  6.638100e+01
   endloop
 endfacet
 facet normal -1.433349e-01 -9.896742e-01 -1.229975e-06
   outer loop
     vertex  2.544837e+01  1.721892e+01  6.635421e+01
     vertex  2.546653e+01  1.721634e+01  2.750000e+01
     vertex  2.548329e+01  1.721387e+01  6.636712e+01
   endloop
 endfacet
 facet normal -1.325849e-01 -9.911717e-01  3.893941e-06
   outer loop
     vertex  2.541341e+01  1.722360e+01  6.634226e+01
     vertex  2.546653e+01  1.721634e+01  2.750000e+01
     vertex  2.544837e+01  1.721892e+01  6.635421e+01
   endloop
 endfacet
 facet normal -1.299594e-01 -9.915193e-01  7.550061e-06
   outer loop
     vertex  2.541341e+01  1.722360e+01  6.634226e+01
     vertex  2.537812e+01  1.722793e+01  2.750000e+01
     vertex  2.546653e+01  1.721634e+01  2.750000e+01
   endloop
 endfacet
 facet normal -1.218163e-01 -9.925527e-01  3.773501e-08
   outer loop
     vertex  2.537839e+01  1.722790e+01  6.633128e+01
     vertex  2.537812e+01  1.722793e+01  2.750000e+01
     vertex  2.541341e+01  1.722360e+01  6.634226e+01
   endloop
 endfacet
 facet normal -1.115740e-01 -9.937561e-01 -3.342117e-08
   outer loop
     vertex  2.534683e+01  1.723144e+01  6.632224e+01
     vertex  2.537812e+01  1.722793e+01  2.750000e+01
     vertex  2.537839e+01  1.722790e+01  6.633128e+01
   endloop
 endfacet
 facet normal -1.027091e-01 -9.947114e-01  7.197421e-06
   outer loop
     vertex  2.534683e+01  1.723144e+01  6.632224e+01
     vertex  2.528942e+01  1.723709e+01  2.750000e+01
     vertex  2.537812e+01  1.722793e+01  2.750000e+01
   endloop
 endfacet
 facet normal -1.023475e-01 -9.947487e-01  6.657141e-06
   outer loop
     vertex  2.531841e+01  1.723437e+01  6.631477e+01
     vertex  2.528942e+01  1.723709e+01  2.750000e+01
     vertex  2.534683e+01  1.723144e+01  6.632224e+01
   endloop
 endfacet
 facet normal -9.359505e-02 -9.956103e-01  6.146040e-08
   outer loop
     vertex  2.528996e+01  1.723704e+01  6.630794e+01
     vertex  2.528942e+01  1.723709e+01  2.750000e+01
     vertex  2.531841e+01  1.723437e+01  6.631477e+01
   endloop
 endfacet
 facet normal -8.483710e-02 -9.963948e-01 -5.921148e-08
   outer loop
     vertex  2.526148e+01  1.723946e+01  6.630175e+01
     vertex  2.528942e+01  1.723709e+01  2.750000e+01
     vertex  2.528996e+01  1.723704e+01  6.630794e+01
   endloop
 endfacet
 facet normal -7.607384e-02 -9.971022e-01  6.295123e-06
   outer loop
     vertex  2.523299e+01  1.724164e+01  6.629620e+01
     vertex  2.528942e+01  1.723709e+01  2.750000e+01
     vertex  2.526148e+01  1.723946e+01  6.630175e+01
   endloop
 endfacet
 facet normal -7.538152e-02 -9.971548e-01  7.308430e-06
   outer loop
     vertex  2.523299e+01  1.724164e+01  6.629620e+01
     vertex  2.520051e+01  1.724381e+01  2.750000e+01
     vertex  2.528942e+01  1.723709e+01  2.750000e+01
   endloop
 endfacet
 facet normal -6.730235e-02 -9.977326e-01  5.128264e-07
   outer loop
     vertex  2.520447e+01  1.724356e+01  6.629128e+01
     vertex  2.520051e+01  1.724381e+01  2.750000e+01
     vertex  2.523299e+01  1.724164e+01  6.629620e+01
   endloop
 endfacet
 facet normal -5.852663e-02 -9.982858e-01 -3.876518e-07
   outer loop
     vertex  2.517595e+01  1.724523e+01  6.628701e+01
     vertex  2.520051e+01  1.724381e+01  2.750000e+01
     vertex  2.520447e+01  1.724356e+01  6.629128e+01
   endloop
 endfacet
 facet normal -4.974725e-02 -9.987618e-01  5.189735e-06
   outer loop
     vertex  2.514740e+01  1.724666e+01  6.628338e+01
     vertex  2.520051e+01  1.724381e+01  2.750000e+01
     vertex  2.517595e+01  1.724523e+01  6.628701e+01
   endloop
 endfacet
 facet normal -4.799716e-02 -9.988475e-01  7.592382e-06
   outer loop
     vertex  2.514740e+01  1.724666e+01  6.628338e+01
     vertex  2.511144e+01  1.724809e+01  2.750000e+01
     vertex  2.520051e+01  1.724381e+01  2.750000e+01
   endloop
 endfacet
 facet normal -4.096276e-02 -9.991607e-01  1.058324e-06
   outer loop
     vertex  2.511885e+01  1.724783e+01  6.628039e+01
     vertex  2.511144e+01  1.724809e+01  2.750000e+01
     vertex  2.514740e+01  1.724666e+01  6.628338e+01
   endloop
 endfacet
 facet normal -3.217549e-02 -9.994822e-01 -6.223807e-07
   outer loop
     vertex  2.509029e+01  1.724875e+01  6.627804e+01
     vertex  2.511144e+01  1.724809e+01  2.750000e+01
     vertex  2.511885e+01  1.724783e+01  6.628039e+01
   endloop
 endfacet
 facet normal -2.338619e-02 -9.997265e-01  4.176600e-06
   outer loop
     vertex  2.506172e+01  1.724941e+01  6.627634e+01
     vertex  2.511144e+01  1.724809e+01  2.750000e+01
     vertex  2.509029e+01  1.724875e+01  6.627804e+01
   endloop
 endfacet
 facet normal -2.057667e-02 -9.997883e-01  7.781454e-06
   outer loop
     vertex  2.506172e+01  1.724941e+01  6.627634e+01
     vertex  2.502229e+01  1.724992e+01  2.750000e+01
     vertex  2.511144e+01  1.724809e+01  2.750000e+01
   endloop
 endfacet
 facet normal -1.459460e-02 -9.998935e-01  1.697770e-06
   outer loop
     vertex  2.503314e+01  1.724983e+01  6.627527e+01
     vertex  2.502229e+01  1.724992e+01  2.750000e+01
     vertex  2.506172e+01  1.724941e+01  6.627634e+01
   endloop
 endfacet
 facet normal -5.801996e-03 -9.999832e-01 -7.632055e-07
   outer loop
     vertex  2.500457e+01  1.725000e+01  6.627485e+01
     vertex  2.502229e+01  1.724992e+01  2.750000e+01
     vertex  2.503314e+01  1.724983e+01  6.627527e+01
   endloop
 endfacet
 facet normal  2.990999e-03 -9.999955e-01  3.256284e-06
   outer loop
     vertex  2.497599e+01  1.724991e+01  6.627507e+01
     vertex  2.502229e+01  1.724992e+01  2.750000e+01
     vertex  2.500457e+01  1.725000e+01  6.627485e+01
   endloop
 endfacet
 facet normal  6.859319e-03 -9.999765e-01  7.875510e-06
   outer loop
     vertex  2.497599e+01  1.724991e+01  6.627507e+01
     vertex  2.493313e+01  1.724931e+01  2.750000e+01
     vertex  2.502229e+01  1.724992e+01  2.750000e+01
   endloop
 endfacet
 facet normal  1.178380e-02 -9.999306e-01  2.430890e-06
   outer loop
     vertex  2.494742e+01  1.724957e+01  6.627593e+01
     vertex  2.493313e+01  1.724931e+01  2.750000e+01
     vertex  2.497599e+01  1.724991e+01  6.627507e+01
   endloop
 endfacet
 facet normal  2.057552e-02 -9.997883e-01 -8.100242e-07
   outer loop
     vertex  2.491884e+01  1.724899e+01  6.627743e+01
     vertex  2.493313e+01  1.724931e+01  2.750000e+01
     vertex  2.494742e+01  1.724957e+01  6.627593e+01
   endloop
 endfacet
 facet normal  2.936599e-02 -9.995687e-01  2.429265e-06
   outer loop
     vertex  2.489028e+01  1.724815e+01  6.627957e+01
     vertex  2.493313e+01  1.724931e+01  2.750000e+01
     vertex  2.491884e+01  1.724899e+01  6.627743e+01
   endloop
 endfacet
 facet normal  3.429014e-02 -9.994119e-01  7.874497e-06
   outer loop
     vertex  2.489028e+01  1.724815e+01  6.627957e+01
     vertex  2.484401e+01  1.724625e+01  2.750000e+01
     vertex  2.493313e+01  1.724931e+01  2.750000e+01
   endloop
 endfacet
 facet normal  3.815411e-02 -9.992719e-01  3.257317e-06
   outer loop
     vertex  2.486172e+01  1.724706e+01  6.628236e+01
     vertex  2.484401e+01  1.724625e+01  2.750000e+01
     vertex  2.489028e+01  1.724815e+01  6.627957e+01
   endloop
 endfacet
 facet normal  4.693873e-02 -9.988978e-01 -7.628256e-07
   outer loop
     vertex  2.483318e+01  1.724572e+01  6.628578e+01
     vertex  2.484401e+01  1.724625e+01  2.750000e+01
     vertex  2.486172e+01  1.724706e+01  6.628236e+01
   endloop
 endfacet
 facet normal  5.572046e-02 -9.984464e-01  1.695932e-06
   outer loop
     vertex  2.480464e+01  1.724412e+01  6.628985e+01
     vertex  2.484401e+01  1.724625e+01  2.750000e+01
     vertex  2.483318e+01  1.724572e+01  6.628578e+01
   endloop
 endfacet
 facet normal  6.169515e-02 -9.980950e-01  7.778451e-06
   outer loop
     vertex  2.480464e+01  1.724412e+01  6.628985e+01
     vertex  2.475501e+01  1.724075e+01  2.750000e+01
     vertex  2.484401e+01  1.724625e+01  2.750000e+01
   endloop
 endfacet
 facet normal  6.449799e-02 -9.979178e-01  4.176597e-06
   outer loop
     vertex  2.477613e+01  1.724228e+01  6.629456e+01
     vertex  2.475501e+01  1.724075e+01  2.750000e+01
     vertex  2.480464e+01  1.724412e+01  6.628985e+01
   endloop
 endfacet
 facet normal  7.326930e-02 -9.973122e-01 -6.216893e-07
   outer loop
     vertex  2.474763e+01  1.724019e+01  6.629990e+01
     vertex  2.475501e+01  1.724075e+01  2.750000e+01
     vertex  2.477613e+01  1.724228e+01  6.629456e+01
   endloop
 endfacet
 facet normal  8.905371e-02 -9.960268e-01  7.587490e-06
   outer loop
     vertex  2.471915e+01  1.723784e+01  6.630589e+01
     vertex  2.466620e+01  1.723281e+01  2.750000e+01
     vertex  2.475501e+01  1.724075e+01  2.750000e+01
   endloop
 endfacet
 facet normal  8.203607e-02 -9.966294e-01  1.056581e-06
   outer loop
     vertex  2.471915e+01  1.723784e+01  6.630589e+01
     vertex  2.475501e+01  1.724075e+01  2.750000e+01
     vertex  2.474763e+01  1.724019e+01  6.629990e+01
   endloop
 endfacet
 facet normal  9.079714e-02 -9.958694e-01  5.188189e-06
   outer loop
     vertex  2.469069e+01  1.723525e+01  6.631252e+01
     vertex  2.466620e+01  1.723281e+01  2.750000e+01
     vertex  2.471915e+01  1.723784e+01  6.630589e+01
   endloop
 endfacet
 facet normal  9.954893e-02 -9.950327e-01 -3.867854e-07
   outer loop
     vertex  2.466225e+01  1.723240e+01  6.631978e+01
     vertex  2.466620e+01  1.723281e+01  2.750000e+01
     vertex  2.469069e+01  1.723525e+01  6.631252e+01
   endloop
 endfacet
 facet normal  1.163452e-01 -9.932088e-01  7.301820e-06
   outer loop
     vertex  2.463384e+01  1.722931e+01  6.632768e+01
     vertex  2.457763e+01  1.722244e+01  2.750000e+01
     vertex  2.466620e+01  1.723281e+01  2.750000e+01
   endloop
 endfacet
 facet normal  1.082945e-01 -9.941189e-01  5.114188e-07
   outer loop
     vertex  2.463384e+01  1.722931e+01  6.632768e+01
     vertex  2.466620e+01  1.723281e+01  2.750000e+01
     vertex  2.466225e+01  1.723240e+01  6.631978e+01
   endloop
 endfacet
 facet normal  1.170333e-01 -9.931280e-01  6.291462e-06
   outer loop
     vertex  2.460546e+01  1.722596e+01  6.633622e+01
     vertex  2.457763e+01  1.722244e+01  2.750000e+01
     vertex  2.463384e+01  1.722931e+01  6.632768e+01
   endloop
 endfacet
 facet normal  1.257593e-01 -9.920608e-01 -5.837376e-08
   outer loop
     vertex  2.457711e+01  1.722237e+01  6.634540e+01
     vertex  2.457763e+01  1.722244e+01  2.750000e+01
     vertex  2.460546e+01  1.722596e+01  6.633622e+01
   endloop
 endfacet
 facet normal  1.344776e-01 -9.909166e-01  6.056049e-08
   outer loop
     vertex  2.454879e+01  1.721853e+01  6.635522e+01
     vertex  2.457763e+01  1.722244e+01  2.750000e+01
     vertex  2.457711e+01  1.722237e+01  6.634540e+01
   endloop
 endfacet
 facet normal  1.431878e-01 -9.896955e-01  6.648267e-06
   outer loop
     vertex  2.452051e+01  1.721443e+01  6.636567e+01
     vertex  2.457763e+01  1.722244e+01  2.750000e+01
     vertex  2.454879e+01  1.721853e+01  6.635522e+01
   endloop
 endfacet
 facet normal  1.435492e-01 -9.896432e-01  7.190121e-06
   outer loop
     vertex  2.452051e+01  1.721443e+01  6.636567e+01
     vertex  2.448939e+01  1.720964e+01  2.750000e+01
     vertex  2.457763e+01  1.722244e+01  2.750000e+01
   endloop
 endfacet
 facet normal  1.518823e-01 -9.883986e-01  3.631973e-07
   outer loop
     vertex  2.449226e+01  1.721009e+01  6.637675e+01
     vertex  2.448939e+01  1.720964e+01  2.750000e+01
     vertex  2.452051e+01  1.721443e+01  6.636567e+01
   endloop
 endfacet
 facet normal  1.605671e-01 -9.870249e-01 -2.959711e-07
   outer loop
     vertex  2.446406e+01  1.720551e+01  6.638847e+01
     vertex  2.448939e+01  1.720964e+01  2.750000e+01
     vertex  2.449226e+01  1.721009e+01  6.637675e+01
   endloop
 endfacet
 facet normal  1.706451e-01 -9.853326e-01  7.493098e-06
   outer loop
     vertex  2.443589e+01  1.720067e+01  6.640082e+01
     vertex  2.440153e+01  1.719442e+01  2.750000e+01
     vertex  2.448939e+01  1.720964e+01  2.750000e+01
   endloop
 endfacet
 facet normal  1.692422e-01 -9.855745e-01  5.508186e-06
   outer loop
     vertex  2.443589e+01  1.720067e+01  6.640082e+01
     vertex  2.448939e+01  1.720964e+01  2.750000e+01
     vertex  2.446406e+01  1.720551e+01  6.638847e+01
   endloop
 endfacet
 facet normal  1.778998e-01 -9.840486e-01  8.774924e-07
   outer loop
     vertex  2.440777e+01  1.719559e+01  6.641380e+01
     vertex  2.440153e+01  1.719442e+01  2.750000e+01
     vertex  2.443589e+01  1.720067e+01  6.640082e+01
   endloop
 endfacet
 facet normal  1.865449e-01 -9.824464e-01 -5.582439e-07
   outer loop
     vertex  2.437970e+01  1.719025e+01  6.642741e+01
     vertex  2.440153e+01  1.719442e+01  2.750000e+01
     vertex  2.440777e+01  1.719559e+01  6.641380e+01
   endloop
 endfacet
 facet normal  1.951787e-01 -9.807677e-01  4.462886e-06
   outer loop
     vertex  2.435167e+01  1.718468e+01  6.644166e+01
     vertex  2.440153e+01  1.719442e+01  2.750000e+01
     vertex  2.437970e+01  1.719025e+01  6.642741e+01
   endloop
 endfacet
 facet normal  1.976125e-01 -9.802802e-01  7.700892e-06
   outer loop
     vertex  2.435167e+01  1.718468e+01  6.644166e+01
     vertex  2.431411e+01  1.717680e+01  2.750000e+01
     vertex  2.440153e+01  1.719442e+01  2.750000e+01
   endloop
 endfacet
 facet normal  2.037935e-01 -9.790139e-01  1.483991e-06
   outer loop
     vertex  2.432369e+01  1.717885e+01  6.645653e+01
     vertex  2.431411e+01  1.717680e+01  2.750000e+01
     vertex  2.435167e+01  1.718468e+01  6.644166e+01
   endloop
 endfacet
 facet normal  2.123929e-01 -9.771844e-01 -7.264159e-07
   outer loop
     vertex  2.429577e+01  1.717278e+01  6.647203e+01
     vertex  2.431411e+01  1.717680e+01  2.750000e+01
     vertex  2.432369e+01  1.717885e+01  6.645653e+01
   endloop
 endfacet
 facet normal  2.209792e-01 -9.752785e-01  3.512583e-06
   outer loop
     vertex  2.426790e+01  1.716647e+01  6.648816e+01
     vertex  2.431411e+01  1.717680e+01  2.750000e+01
     vertex  2.429577e+01  1.717278e+01  6.647203e+01
   endloop
 endfacet
 facet normal  2.244312e-01 -9.744899e-01  7.813718e-06
   outer loop
     vertex  2.426790e+01  1.716647e+01  6.648816e+01
     vertex  2.422722e+01  1.715679e+01  2.750000e+01
     vertex  2.431411e+01  1.717680e+01  2.750000e+01
   endloop
 endfacet
 facet normal  2.295456e-01 -9.732979e-01  2.182090e-06
   outer loop
     vertex  2.424008e+01  1.715991e+01  6.650491e+01
     vertex  2.422722e+01  1.715679e+01  2.750000e+01
     vertex  2.426790e+01  1.716647e+01  6.648816e+01
   endloop
 endfacet
 facet normal  2.380931e-01 -9.712423e-01 -8.007341e-07
   outer loop
     vertex  2.421233e+01  1.715310e+01  6.652229e+01
     vertex  2.422722e+01  1.715679e+01  2.750000e+01
     vertex  2.424008e+01  1.715991e+01  6.650491e+01
   endloop
 endfacet
 facet normal  2.466260e-01 -9.691107e-01  2.657398e-06
   outer loop
     vertex  2.418463e+01  1.714606e+01  6.654028e+01
     vertex  2.422722e+01  1.715679e+01  2.750000e+01
     vertex  2.421233e+01  1.715310e+01  6.652229e+01
   endloop
 endfacet
 facet normal  2.510809e-01 -9.679661e-01  7.831872e-06
   outer loop
     vertex  2.418463e+01  1.714606e+01  6.654028e+01
     vertex  2.414091e+01  1.713440e+01  2.750000e+01
     vertex  2.422722e+01  1.715679e+01  2.750000e+01
   endloop
 endfacet
 facet normal  2.551380e-01 -9.669046e-01  2.971104e-06
   outer loop
     vertex  2.415700e+01  1.713877e+01  6.655890e+01
     vertex  2.414091e+01  1.713440e+01  2.750000e+01
     vertex  2.418463e+01  1.714606e+01  6.654028e+01
   endloop
 endfacet
 facet normal  2.636277e-01 -9.646245e-01 -7.815327e-07
   outer loop
     vertex  2.412943e+01  1.713123e+01  6.657814e+01
     vertex  2.414091e+01  1.713440e+01  2.750000e+01
     vertex  2.415700e+01  1.713877e+01  6.655890e+01
   endloop
 endfacet
 facet normal  2.721011e-01 -9.622687e-01  1.897360e-06
   outer loop
     vertex  2.410193e+01  1.712346e+01  6.659800e+01
     vertex  2.414091e+01  1.713440e+01  2.750000e+01
     vertex  2.412943e+01  1.713123e+01  6.657814e+01
   endloop
 endfacet
 facet normal  2.775416e-01 -9.607136e-01  7.755733e-06
   outer loop
     vertex  2.410193e+01  1.712346e+01  6.659800e+01
     vertex  2.405524e+01  1.710965e+01  2.750000e+01
     vertex  2.414091e+01  1.713440e+01  2.750000e+01
   endloop
 endfacet
 facet normal  2.805531e-01 -9.598385e-01  3.850274e-06
   outer loop
     vertex  2.407450e+01  1.711544e+01  6.661847e+01
     vertex  2.405524e+01  1.710965e+01  2.750000e+01
     vertex  2.410193e+01  1.712346e+01  6.659800e+01
   endloop
 endfacet
 facet normal  2.889789e-01 -9.573355e-01 -6.692312e-07
   outer loop
     vertex  2.404715e+01  1.710718e+01  6.663956e+01
     vertex  2.405524e+01  1.710965e+01  2.750000e+01
     vertex  2.407450e+01  1.711544e+01  6.661847e+01
   endloop
 endfacet
 facet normal  2.973869e-01 -9.547571e-01  1.232408e-06
   outer loop
     vertex  2.401986e+01  1.709868e+01  6.666127e+01
     vertex  2.405524e+01  1.710965e+01  2.750000e+01
     vertex  2.404715e+01  1.710718e+01  6.663956e+01
   endloop
 endfacet
 facet normal  3.037934e-01 -9.527379e-01  7.585757e-06
   outer loop
     vertex  2.401986e+01  1.709868e+01  6.666127e+01
     vertex  2.397029e+01  1.708256e+01  2.750000e+01
     vertex  2.405524e+01  1.710965e+01  2.750000e+01
   endloop
 endfacet
 facet normal  3.071667e-01 -9.516557e-01  2.869935e-06
   outer loop
     vertex  2.398360e+01  1.708698e+01  6.669115e+01
     vertex  2.397029e+01  1.708256e+01  2.750000e+01
     vertex  2.401986e+01  1.709868e+01  6.666127e+01
   endloop
 endfacet
 facet normal  3.189938e-01 -9.477568e-01 -1.587573e-06
   outer loop
     vertex  2.394298e+01  1.707330e+01  6.672607e+01
     vertex  2.397029e+01  1.708256e+01  2.750000e+01
     vertex  2.398360e+01  1.708698e+01  6.669115e+01
   endloop
 endfacet
 facet normal  3.298166e-01 -9.440450e-01  6.823834e-06
   outer loop
     vertex  2.394298e+01  1.707330e+01  6.672607e+01
     vertex  2.388611e+01  1.705315e+01  2.750000e+01
     vertex  2.397029e+01  1.708256e+01  2.750000e+01
   endloop
 endfacet
 facet normal  3.314707e-01 -9.434655e-01  4.128085e-06
   outer loop
     vertex  2.390253e+01  1.705910e+01  6.676236e+01
     vertex  2.388611e+01  1.705315e+01  2.750000e+01
     vertex  2.394298e+01  1.707330e+01  6.672607e+01
   endloop
 endfacet
 facet normal  3.438806e-01 -9.390134e-01 -1.737729e-06
   outer loop
     vertex  2.386228e+01  1.704436e+01  6.680000e+01
     vertex  2.388611e+01  1.705315e+01  2.750000e+01
     vertex  2.390253e+01  1.705910e+01  6.676236e+01
   endloop
 endfacet
 facet normal  3.555914e-01 -9.346415e-01  6.340545e-06
   outer loop
     vertex  2.386228e+01  1.704436e+01  6.680000e+01
     vertex  2.380277e+01  1.702145e+01  2.750000e+01
     vertex  2.388611e+01  1.705315e+01  2.750000e+01
   endloop
 endfacet
 facet normal  3.562413e-01 -9.343940e-01  5.211975e-06
   outer loop
     vertex  2.382223e+01  1.702908e+01  6.683900e+01
     vertex  2.380277e+01  1.702145e+01  2.750000e+01
     vertex  2.386228e+01  1.704436e+01  6.680000e+01
   endloop
 endfacet
 facet normal  3.685282e-01 -9.296166e-01 -1.794524e-06
   outer loop
     vertex  2.378238e+01  1.701329e+01  6.687934e+01
     vertex  2.380277e+01  1.702145e+01  2.750000e+01
     vertex  2.382223e+01  1.702908e+01  6.683900e+01
   endloop
 endfacet
 facet normal  3.807636e-01 -9.246724e-01  5.563813e-06
   outer loop
     vertex  2.374274e+01  1.699697e+01  6.692102e+01
     vertex  2.380277e+01  1.702145e+01  2.750000e+01
     vertex  2.378238e+01  1.701329e+01  6.687934e+01
   endloop
 endfacet
 facet normal  3.810986e-01 -9.245344e-01  6.159535e-06
   outer loop
     vertex  2.374274e+01  1.699697e+01  6.692102e+01
     vertex  2.372033e+01  1.698746e+01  2.750000e+01
     vertex  2.380277e+01  1.702145e+01  2.750000e+01
   endloop
 endfacet
 facet normal  3.929195e-01 -9.195729e-01 -1.758511e-06
   outer loop
     vertex  2.370333e+01  1.698012e+01  6.696403e+01
     vertex  2.372033e+01  1.698746e+01  2.750000e+01
     vertex  2.374274e+01  1.699697e+01  6.692102e+01
   endloop
 endfacet
 facet normal  4.050195e-01 -9.143080e-01  4.433419e-06
   outer loop
     vertex  2.366413e+01  1.696276e+01  6.700837e+01
     vertex  2.372033e+01  1.698746e+01  2.750000e+01
     vertex  2.370333e+01  1.698012e+01  6.696403e+01
   endloop
 endfacet
 facet normal  4.063188e-01 -9.137314e-01  6.642015e-06
   outer loop
     vertex  2.366413e+01  1.696276e+01  6.700837e+01
     vertex  2.363885e+01  1.695123e+01  2.750000e+01
     vertex  2.372033e+01  1.698746e+01  2.750000e+01
   endloop
 endfacet
 facet normal  4.170375e-01 -9.088893e-01 -1.630319e-06
   outer loop
     vertex  2.362517e+01  1.694489e+01  6.705402e+01
     vertex  2.363885e+01  1.695123e+01  2.750000e+01
     vertex  2.366413e+01  1.696276e+01  6.700837e+01
   endloop
 endfacet
 facet normal  4.289936e-01 -9.033075e-01  3.399597e-06
   outer loop
     vertex  2.358645e+01  1.692650e+01  6.710098e+01
     vertex  2.363885e+01  1.695123e+01  2.750000e+01
     vertex  2.362517e+01  1.694489e+01  6.705402e+01
   endloop
 endfacet
 facet normal  4.312333e-01 -9.022405e-01  7.029481e-06
   outer loop
     vertex  2.358645e+01  1.692650e+01  6.710098e+01
     vertex  2.355840e+01  1.691278e+01  2.750000e+01
     vertex  2.363885e+01  1.695123e+01  2.750000e+01
   endloop
 endfacet
 facet normal  4.408654e-01 -8.975732e-01 -1.410653e-06
   outer loop
     vertex  2.354798e+01  1.690760e+01  6.714924e+01
     vertex  2.355840e+01  1.691278e+01  2.750000e+01
     vertex  2.358645e+01  1.692650e+01  6.710098e+01
   endloop
 endfacet
 facet normal  4.526692e-01 -8.916785e-01  2.462121e-06
   outer loop
     vertex  2.350975e+01  1.688819e+01  6.719879e+01
     vertex  2.355840e+01  1.691278e+01  2.750000e+01
     vertex  2.354798e+01  1.690760e+01  6.714924e+01
   endloop
 endfacet
 facet normal  4.558231e-01 -8.900704e-01  7.322454e-06
   outer loop
     vertex  2.350975e+01  1.688819e+01  6.719879e+01
     vertex  2.347903e+01  1.687213e+01  2.750000e+01
     vertex  2.355840e+01  1.691278e+01  2.750000e+01
   endloop
 endfacet
 facet normal  4.663304e-01 -8.846106e-01 -3.017937e-06
   outer loop
     vertex  2.345920e+01  1.686154e+01  6.726686e+01
     vertex  2.347903e+01  1.687213e+01  2.750000e+01
     vertex  2.350975e+01  1.688819e+01  6.719879e+01
   endloop
 endfacet
 facet normal  4.800697e-01 -8.772303e-01  5.801160e-06
   outer loop
     vertex  2.345920e+01  1.686154e+01  6.726686e+01
     vertex  2.340081e+01  1.682933e+01  2.750000e+01
     vertex  2.347903e+01  1.687213e+01  2.750000e+01
   endloop
 endfacet
 facet normal  4.827809e-01 -8.757412e-01  6.142569e-07
   outer loop
     vertex  2.340289e+01  1.683050e+01  6.734613e+01
     vertex  2.340081e+01  1.682933e+01  2.750000e+01
     vertex  2.345920e+01  1.686154e+01  6.726686e+01
   endloop
 endfacet
 facet normal  5.039550e-01 -8.637299e-01  6.502615e-06
   outer loop
     vertex  2.334720e+01  1.679835e+01  6.742823e+01
     vertex  2.332379e+01  1.678439e+01  2.750000e+01
     vertex  2.340081e+01  1.682933e+01  2.750000e+01
   endloop
 endfacet
 facet normal  5.000099e-01 -8.660197e-01 -5.703012e-07
   outer loop
     vertex  2.334720e+01  1.679835e+01  6.742823e+01
     vertex  2.340081e+01  1.682933e+01  2.750000e+01
     vertex  2.340289e+01  1.683050e+01  6.734613e+01
   endloop
 endfacet
 facet normal  5.274609e-01 -8.495793e-01  7.424232e-06
   outer loop
     vertex  2.329217e+01  1.676511e+01  6.751313e+01
     vertex  2.324804e+01  1.673736e+01  2.750000e+01
     vertex  2.332379e+01  1.678439e+01  2.750000e+01
   endloop
 endfacet
 facet normal  5.170408e-01 -8.559608e-01 -3.886792e-06
   outer loop
     vertex  2.329217e+01  1.676511e+01  6.751313e+01
     vertex  2.332379e+01  1.678439e+01  2.750000e+01
     vertex  2.334720e+01  1.679835e+01  6.742823e+01
   endloop
 endfacet
 facet normal  5.338746e-01 -8.455637e-01 -2.434454e-06
   outer loop
     vertex  2.323780e+01  1.673078e+01  6.760079e+01
     vertex  2.324804e+01  1.673736e+01  2.750000e+01
     vertex  2.329217e+01  1.676511e+01  6.751313e+01
   endloop
 endfacet
 facet normal  5.505698e-01 -8.347891e-01  3.594438e-06
   outer loop
     vertex  2.323780e+01  1.673078e+01  6.760079e+01
     vertex  2.317360e+01  1.668826e+01  2.750000e+01
     vertex  2.324804e+01  1.673736e+01  2.750000e+01
   endloop
 endfacet
 facet normal  5.505051e-01 -8.348318e-01  3.743412e-06
   outer loop
     vertex  2.318412e+01  1.669538e+01  6.769118e+01
     vertex  2.317360e+01  1.668826e+01  2.750000e+01
     vertex  2.323780e+01  1.673078e+01  6.760079e+01
   endloop
 endfacet
 facet normal  5.669055e-01 -8.237829e-01 -2.508093e-06
   outer loop
     vertex  2.313115e+01  1.665893e+01  6.778427e+01
     vertex  2.317360e+01  1.668826e+01  2.750000e+01
     vertex  2.318412e+01  1.669538e+01  6.769118e+01
   endloop
 endfacet
 facet normal  5.732642e-01 -8.193706e-01  7.404191e-06
   outer loop
     vertex  2.313115e+01  1.665893e+01  6.778427e+01
     vertex  2.310054e+01  1.663715e+01  2.750000e+01
     vertex  2.317360e+01  1.668826e+01  2.750000e+01
   endloop
 endfacet
 facet normal  5.830897e-01 -8.124078e-01 -3.829371e-06
   outer loop
     vertex  2.307892e+01  1.662144e+01  6.788001e+01
     vertex  2.310054e+01  1.663715e+01  2.750000e+01
     vertex  2.313115e+01  1.665893e+01  6.778427e+01
   endloop
 endfacet
 facet normal  5.955271e-01 -8.033352e-01  6.357661e-06
   outer loop
     vertex  2.307892e+01  1.662144e+01  6.788001e+01
     vertex  2.302890e+01  1.658404e+01  2.750000e+01
     vertex  2.310054e+01  1.663715e+01  2.750000e+01
   endloop
 endfacet
 facet normal  5.990515e-01 -8.007105e-01 -4.385371e-07
   outer loop
     vertex  2.302743e+01  1.658292e+01  6.797837e+01
     vertex  2.302890e+01  1.658404e+01  2.750000e+01
     vertex  2.307892e+01  1.662144e+01  6.788001e+01
   endloop
 endfacet
 facet normal  6.147758e-01 -7.887019e-01  4.644831e-07
   outer loop
     vertex  2.297672e+01  1.654339e+01  6.807932e+01
     vertex  2.302890e+01  1.658404e+01  2.750000e+01
     vertex  2.302743e+01  1.658292e+01  6.797837e+01
   endloop
 endfacet
 facet normal  6.173417e-01 -7.866951e-01  5.774143e-06
   outer loop
     vertex  2.297672e+01  1.654339e+01  6.807932e+01
     vertex  2.295875e+01  1.652899e+01  2.750000e+01
     vertex  2.302890e+01  1.658404e+01  2.750000e+01
   endloop
 endfacet
 facet normal  6.328076e-01 -7.743091e-01 -5.468856e-06
   outer loop
     vertex  2.291034e+01  1.648914e+01  6.821786e+01
     vertex  2.295875e+01  1.652899e+01  2.750000e+01
     vertex  2.297672e+01  1.654339e+01  6.807932e+01
   endloop
 endfacet
 facet normal  6.386916e-01 -7.694628e-01  6.270235e-06
   outer loop
     vertex  2.291034e+01  1.648914e+01  6.821786e+01
     vertex  2.289014e+01  1.647204e+01  2.750000e+01
     vertex  2.295875e+01  1.652899e+01  2.750000e+01
   endloop
 endfacet
 facet normal  6.527387e-01 -7.575831e-01 -5.687181e-06
   outer loop
     vertex  2.284716e+01  1.643470e+01  6.835688e+01
     vertex  2.289014e+01  1.647204e+01  2.750000e+01
     vertex  2.291034e+01  1.648914e+01  6.821786e+01
   endloop
 endfacet
 facet normal  6.595607e-01 -7.516513e-01  6.910891e-06
   outer loop
     vertex  2.284716e+01  1.643470e+01  6.835688e+01
     vertex  2.282312e+01  1.641323e+01  2.750000e+01
     vertex  2.289014e+01  1.647204e+01  2.750000e+01
   endloop
 endfacet
 facet normal  6.719621e-01 -7.405856e-01 -6.202224e-06
   outer loop
     vertex  2.278540e+01  1.637866e+01  6.850000e+01
     vertex  2.282312e+01  1.641323e+01  2.750000e+01
     vertex  2.284716e+01  1.643470e+01  6.835688e+01
   endloop
 endfacet
 facet normal  6.799333e-01 -7.332740e-01  7.296642e-06
   outer loop
     vertex  2.278540e+01  1.637866e+01  6.850000e+01
     vertex  2.275773e+01  1.635260e+01  2.750000e+01
     vertex  2.282312e+01  1.641323e+01  2.750000e+01
   endloop
 endfacet
 facet normal  6.997940e-01 -7.143447e-01 -4.188359e-06
   outer loop
     vertex  2.268625e+01  1.628234e+01  6.823536e+01
     vertex  2.269403e+01  1.629020e+01  2.750000e+01
     vertex  2.275773e+01  1.635260e+01  2.750000e+01
   endloop
 endfacet
 facet normal  7.191280e-01 -6.948776e-01  3.263772e-06
   outer loop
     vertex  2.268625e+01  1.628234e+01  6.823536e+01
     vertex  2.263207e+01  1.622608e+01  2.750000e+01
     vertex  2.269403e+01  1.629020e+01  2.750000e+01
   endloop
 endfacet
 facet normal  6.968470e-01 -7.172198e-01 -1.431894e-05
   outer loop
     vertex  2.268625e+01  1.628234e+01  6.823536e+01
     vertex  2.275773e+01  1.635260e+01  2.750000e+01
     vertex  2.278540e+01  1.637866e+01  6.850000e+01
   endloop
 endfacet
 facet normal  7.379206e-01 -6.748875e-01  6.639782e-06
   outer loop
     vertex  2.259129e+01  1.618189e+01  6.795937e+01
     vertex  2.257189e+01  1.616028e+01  2.750000e+01
     vertex  2.263207e+01  1.622608e+01  2.750000e+01
   endloop
 endfacet
 facet normal  7.267204e-01 -6.869334e-01 -1.780610e-05
   outer loop
     vertex  2.259129e+01  1.618189e+01  6.795937e+01
     vertex  2.263207e+01  1.622608e+01  2.750000e+01
     vertex  2.268625e+01  1.628234e+01  6.823536e+01
   endloop
 endfacet
 facet normal  7.561578e-01 -6.543893e-01 -8.375937e-06
   outer loop
     vertex  2.250069e+01  1.607749e+01  6.767254e+01
     vertex  2.251354e+01  1.609285e+01  2.750000e+01
     vertex  2.257189e+01  1.616028e+01  2.750000e+01
   endloop
 endfacet
 facet normal  7.738257e-01 -6.333986e-01  5.303495e-06
   outer loop
     vertex  2.250069e+01  1.607749e+01  6.767254e+01
     vertex  2.245706e+01  1.602385e+01  2.750000e+01
     vertex  2.251354e+01  1.609285e+01  2.750000e+01
   endloop
 endfacet
 facet normal  7.552664e-01 -6.554179e-01 -1.207545e-05
   outer loop
     vertex  2.250069e+01  1.607749e+01  6.767254e+01
     vertex  2.257189e+01  1.616028e+01  2.750000e+01
     vertex  2.259129e+01  1.618189e+01  6.795937e+01
   endloop
 endfacet
 facet normal  7.909112e-01 -6.119310e-01  5.351421e-06
   outer loop
     vertex  2.241461e+01  1.596933e+01  6.737538e+01
     vertex  2.240250e+01  1.595333e+01  2.750000e+01
     vertex  2.245706e+01  1.602385e+01  2.750000e+01
   endloop
 endfacet
 facet normal  8.074012e-01 -5.900028e-01 -8.460495e-06
   outer loop
     vertex  2.241461e+01  1.596933e+01  6.737538e+01
     vertex  2.234989e+01  1.588133e+01  2.750000e+01
     vertex  2.240250e+01  1.595333e+01  2.750000e+01
   endloop
 endfacet
 facet normal  7.824624e-01 -6.226978e-01 -1.836371e-05
   outer loop
     vertex  2.241461e+01  1.596933e+01  6.737538e+01
     vertex  2.245706e+01  1.602385e+01  2.750000e+01
     vertex  2.250069e+01  1.607749e+01  6.767254e+01
   endloop
 endfacet
 facet normal  8.232835e-01 -5.676304e-01  6.783910e-06
   outer loop
     vertex  2.233321e+01  1.585761e+01  6.706844e+01
     vertex  2.229927e+01  1.580792e+01  2.750000e+01
     vertex  2.234989e+01  1.588133e+01  2.750000e+01
   endloop
 endfacet
 facet normal  8.082263e-01 -5.888721e-01 -1.229511e-05
   outer loop
     vertex  2.233321e+01  1.585761e+01  6.706844e+01
     vertex  2.234989e+01  1.588133e+01  2.750000e+01
     vertex  2.241461e+01  1.596933e+01  6.737538e+01
   endloop
 endfacet
 facet normal  8.385460e-01 -5.448308e-01  3.398746e-06
   outer loop
     vertex  2.225663e+01  1.574253e+01  6.675226e+01
     vertex  2.225069e+01  1.573315e+01  2.750000e+01
     vertex  2.229927e+01  1.580792e+01  2.750000e+01
   endloop
 endfacet
 facet normal  8.531773e-01 -5.216210e-01 -4.365983e-06
   outer loop
     vertex  2.225663e+01  1.574253e+01  6.675226e+01
     vertex  2.220418e+01  1.565707e+01  2.750000e+01
     vertex  2.225069e+01  1.573315e+01  2.750000e+01
   endloop
 endfacet
 facet normal  8.325437e-01 -5.539593e-01 -1.832789e-05
   outer loop
     vertex  2.225663e+01  1.574253e+01  6.675226e+01
     vertex  2.229927e+01  1.580792e+01  2.750000e+01
     vertex  2.233321e+01  1.585761e+01  6.706844e+01
   endloop
 endfacet
 facet normal  8.671664e-01 -4.980186e-01  7.682814e-06
   outer loop
     vertex  2.218502e+01  1.562430e+01  6.642742e+01
     vertex  2.215977e+01  1.557975e+01  2.750000e+01
     vertex  2.220418e+01  1.565707e+01  2.750000e+01
   endloop
 endfacet
 facet normal  8.553431e-01 -5.180620e-01 -1.500924e-05
   outer loop
     vertex  2.218502e+01  1.562430e+01  6.642742e+01
     vertex  2.220418e+01  1.565707e+01  2.750000e+01
     vertex  2.225663e+01  1.574253e+01  6.675226e+01
   endloop
 endfacet
 facet normal  8.805026e-01 -4.740412e-01  7.435657e-07
   outer loop
     vertex  2.211849e+01  1.550313e+01  6.609451e+01
     vertex  2.211750e+01  1.550123e+01  2.750000e+01
     vertex  2.215977e+01  1.557975e+01  2.750000e+01
   endloop
 endfacet
 facet normal  8.931761e-01 -4.497071e-01 -7.801902e-07
   outer loop
     vertex  2.211849e+01  1.550313e+01  6.609451e+01
     vertex  2.207740e+01  1.542159e+01  2.750000e+01
     vertex  2.211750e+01  1.550123e+01  2.750000e+01
   endloop
 endfacet
 facet normal  8.766023e-01 -4.812155e-01 -1.766949e-05
   outer loop
     vertex  2.211849e+01  1.550313e+01  6.609451e+01
     vertex  2.215977e+01  1.557975e+01  2.750000e+01
     vertex  2.218502e+01  1.562430e+01  6.642742e+01
   endloop
 endfacet
 facet normal  9.051772e-01 -4.250344e-01  7.972600e-06
   outer loop
     vertex  2.205718e+01  1.537924e+01  6.575413e+01
     vertex  2.203950e+01  1.534087e+01  2.750000e+01
     vertex  2.207740e+01  1.542159e+01  2.750000e+01
   endloop
 endfacet
 facet normal  8.962719e-01 -4.435050e-01 -1.718024e-05
   outer loop
     vertex  2.205718e+01  1.537924e+01  6.575413e+01
     vertex  2.207740e+01  1.542159e+01  2.750000e+01
     vertex  2.211849e+01  1.550313e+01  6.609451e+01
   endloop
 endfacet
 facet normal  9.164969e-01 -4.000417e-01 -2.657617e-06
   outer loop
     vertex  2.200119e+01  1.525286e+01  6.540689e+01
     vertex  2.200383e+01  1.525915e+01  2.750000e+01
     vertex  2.203950e+01  1.534087e+01  2.750000e+01
   endloop
 endfacet
 facet normal  9.271267e-01 -3.747479e-01  2.279913e-06
   outer loop
     vertex  2.200119e+01  1.525286e+01  6.540689e+01
     vertex  2.197041e+01  1.517648e+01  2.750000e+01
     vertex  2.200383e+01  1.525915e+01  2.750000e+01
   endloop
 endfacet
 facet normal  9.143197e-01 -4.049931e-01 -1.635429e-05
   outer loop
     vertex  2.200119e+01  1.525286e+01  6.540689e+01
     vertex  2.203950e+01  1.534087e+01  2.750000e+01
     vertex  2.205718e+01  1.537924e+01  6.575413e+01
   endloop
 endfacet
 facet normal  9.370586e-01 -3.491720e-01  7.620259e-06
   outer loop
     vertex  2.195063e+01  1.512421e+01  6.505342e+01
     vertex  2.193928e+01  1.509292e+01  2.750000e+01
     vertex  2.197041e+01  1.517648e+01  2.750000e+01
   endloop
 endfacet
 facet normal  9.307167e-01 -3.657410e-01 -1.878326e-05
   outer loop
     vertex  2.195063e+01  1.512421e+01  6.505342e+01
     vertex  2.197041e+01  1.517648e+01  2.750000e+01
     vertex  2.200119e+01  1.525286e+01  6.540689e+01
   endloop
 endfacet
 facet normal  9.462851e-01 -3.233333e-01 -6.853435e-06
   outer loop
     vertex  2.190558e+01  1.499353e+01  6.469437e+01
     vertex  2.191045e+01  1.500854e+01  2.750000e+01
     vertex  2.193928e+01  1.509292e+01  2.750000e+01
   endloop
 endfacet
 facet normal  9.547993e-01 -2.972512e-01  4.791874e-06
   outer loop
     vertex  2.190558e+01  1.499353e+01  6.469437e+01
     vertex  2.188394e+01  1.492341e+01  2.750000e+01
     vertex  2.191045e+01  1.500854e+01  2.750000e+01
   endloop
 endfacet
 facet normal  9.454236e-01 -3.258438e-01 -1.434298e-05
   outer loop
     vertex  2.190558e+01  1.499353e+01  6.469437e+01
     vertex  2.193928e+01  1.509292e+01  2.750000e+01
     vertex  2.195063e+01  1.512421e+01  6.505342e+01
   endloop
 endfacet
 facet normal  9.625948e-01 -2.709453e-01  6.587447e-06
   outer loop
     vertex  2.186614e+01  1.486104e+01  6.433038e+01
     vertex  2.185978e+01  1.483757e+01  2.750000e+01
     vertex  2.188394e+01  1.492341e+01  2.750000e+01
   endloop
 endfacet
 facet normal  9.584285e-01 -2.853329e-01 -1.978830e-05
   outer loop
     vertex  2.186614e+01  1.486104e+01  6.433038e+01
     vertex  2.188394e+01  1.492341e+01  2.750000e+01
     vertex  2.190558e+01  1.499353e+01  6.469437e+01
   endloop
 endfacet
 facet normal  9.696656e-01 -2.444354e-01 -1.189736e-05
   outer loop
     vertex  2.183236e+01  1.472700e+01  6.396211e+01
     vertex  2.183799e+01  1.475111e+01  2.750000e+01
     vertex  2.185978e+01  1.483757e+01  2.750000e+01
   endloop
 endfacet
 facet normal  9.760065e-01 -2.177416e-01  6.727733e-06
   outer loop
     vertex  2.183236e+01  1.472700e+01  6.396211e+01
     vertex  2.181857e+01  1.466408e+01  2.750000e+01
     vertex  2.183799e+01  1.475111e+01  2.750000e+01
   endloop
 endfacet
 facet normal  9.696895e-01 -2.443405e-01 -1.159138e-05
   outer loop
     vertex  2.183236e+01  1.472700e+01  6.396211e+01
     vertex  2.185978e+01  1.483757e+01  2.750000e+01
     vertex  2.186614e+01  1.486104e+01  6.433038e+01
   endloop
 endfacet
 facet normal  9.806274e-01 -1.958826e-01 -3.274353e-05
   outer loop
     vertex  2.179624e+01  1.454628e+01  6.346558e+01
     vertex  2.181857e+01  1.466408e+01  2.750000e+01
     vertex  2.183236e+01  1.472700e+01  6.396211e+01
   endloop
 endfacet
 facet normal  9.816126e-01 -1.908838e-01 -1.575956e-05
   outer loop
     vertex  2.179624e+01  1.454628e+01  6.346558e+01
     vertex  2.180155e+01  1.457655e+01  2.750000e+01
     vertex  2.181857e+01  1.466408e+01  2.750000e+01
   endloop
 endfacet
 facet normal  9.864799e-01 -1.638824e-01  7.681957e-06
   outer loop
     vertex  2.179624e+01  1.454628e+01  6.346558e+01
     vertex  2.178694e+01  1.448859e+01  2.750000e+01
     vertex  2.180155e+01  1.457655e+01  2.750000e+01
   endloop
 endfacet
 facet normal  9.906046e-01 -1.367575e-01 -3.689923e-05
   outer loop
     vertex  2.179624e+01  1.454628e+01  6.346558e+01
     vertex  2.177474e+01  1.440025e+01  2.750000e+01
     vertex  2.178694e+01  1.448859e+01  2.750000e+01
   endloop
 endfacet
 facet normal  9.906461e-01 -1.364561e-01 -3.814799e-05
   outer loop
     vertex  2.176793e+01  1.434090e+01  6.290130e+01
     vertex  2.177474e+01  1.440025e+01  2.750000e+01
     vertex  2.179624e+01  1.454628e+01  6.346558e+01
   endloop
 endfacet
 facet normal  9.939835e-01 -1.095298e-01  7.640092e-06
   outer loop
     vertex  2.176793e+01  1.434090e+01  6.290130e+01
     vertex  2.176497e+01  1.431162e+01  2.750000e+01
     vertex  2.177474e+01  1.440025e+01  2.750000e+01
   endloop
 endfacet
 facet normal  9.966142e-01 -8.221955e-02 -1.516524e-05
   outer loop
     vertex  2.176793e+01  1.434090e+01  6.290130e+01
     vertex  2.175764e+01  1.422275e+01  2.750000e+01
     vertex  2.176497e+01  1.431162e+01  2.750000e+01
   endloop
 endfacet
 facet normal  9.973325e-01 -7.299226e-02 -4.616807e-05
   outer loop
     vertex  2.175277e+01  1.413413e+01  6.233320e+01
     vertex  2.175764e+01  1.422275e+01  2.750000e+01
     vertex  2.176793e+01  1.434090e+01  6.290130e+01
   endloop
 endfacet
 facet normal  9.984947e-01 -5.484744e-02  1.603781e-07
   outer loop
     vertex  2.175277e+01  1.413413e+01  6.233320e+01
     vertex  2.175275e+01  1.413372e+01  2.750000e+01
     vertex  2.175764e+01  1.422275e+01  2.750000e+01
   endloop
 endfacet
 facet normal  9.996236e-01 -2.743405e-02 -1.618564e-07
   outer loop
     vertex  2.175277e+01  1.413413e+01  6.233320e+01
     vertex  2.175031e+01  1.404458e+01  2.750000e+01
     vertex  2.175275e+01  1.413372e+01  2.750000e+01
   endloop
 endfacet
 facet normal  9.999572e-01 -9.251434e-03 -4.692673e-05
   outer loop
     vertex  2.175082e+01  1.392681e+01  6.176360e+01
     vertex  2.175031e+01  1.404458e+01  2.750000e+01
     vertex  2.175277e+01  1.413413e+01  6.233320e+01
   endloop
 endfacet
 facet normal  1.000000e+00  3.984253e-14 -1.512803e-05
   outer loop
     vertex  2.175082e+01  1.392681e+01  6.176360e+01
     vertex  2.175031e+01  1.395542e+01  2.750000e+01
     vertex  2.175031e+01  1.404458e+01  2.750000e+01
   endloop
 endfacet
 facet normal  9.996236e-01  2.743405e-02  7.779380e-06
   outer loop
     vertex  2.175082e+01  1.392681e+01  6.176360e+01
     vertex  2.175275e+01  1.386628e+01  2.750000e+01
     vertex  2.175031e+01  1.395542e+01  2.750000e+01
   endloop
 endfacet
 facet normal  9.985135e-01  5.450577e-02 -4.010991e-05
   outer loop
     vertex  2.176210e+01  1.371979e+01  6.119482e+01
     vertex  2.175275e+01  1.386628e+01  2.750000e+01
     vertex  2.175082e+01  1.392681e+01  6.176360e+01
   endloop
 endfacet
 facet normal  9.984947e-01  5.484744e-02 -3.861932e-05
   outer loop
     vertex  2.176210e+01  1.371979e+01  6.119482e+01
     vertex  2.175764e+01  1.377725e+01  2.750000e+01
     vertex  2.175275e+01  1.386628e+01  2.750000e+01
   endloop
 endfacet
 facet normal  9.966142e-01  8.221955e-02  8.300136e-06
   outer loop
     vertex  2.176210e+01  1.371979e+01  6.119482e+01
     vertex  2.176497e+01  1.368838e+01  2.750000e+01
     vertex  2.175764e+01  1.377725e+01  2.750000e+01
   endloop
 endfacet
 facet normal  9.939835e-01  1.095298e-01 -1.738736e-05
   outer loop
     vertex  2.176210e+01  1.371979e+01  6.119482e+01
     vertex  2.177474e+01  1.359975e+01  2.750000e+01
     vertex  2.176497e+01  1.368838e+01  2.750000e+01
   endloop
 endfacet
 facet normal  9.906046e-01  1.367575e-01  1.018049e-06
   outer loop
     vertex  2.178656e+01  1.351392e+01  6.062918e+01
     vertex  2.178694e+01  1.351141e+01  2.750000e+01
     vertex  2.177474e+01  1.359975e+01  2.750000e+01
   endloop
 endfacet
 facet normal  9.864799e-01  1.638824e-01 -1.077509e-06
   outer loop
     vertex  2.178656e+01  1.351392e+01  6.062918e+01
     vertex  2.180155e+01  1.342345e+01  2.750000e+01
     vertex  2.178694e+01  1.351141e+01  2.750000e+01
   endloop
 endfacet
 facet normal  9.930039e-01  1.180814e-01 -4.822284e-05
   outer loop
     vertex  2.178656e+01  1.351392e+01  6.062918e+01
     vertex  2.177474e+01  1.359975e+01  2.750000e+01
     vertex  2.176210e+01  1.371979e+01  6.119482e+01
   endloop
 endfacet
 facet normal  9.816126e-01  1.908838e-01 -1.446973e-05
   outer loop
     vertex  2.182409e+01  1.331002e+01  6.006897e+01
     vertex  2.181857e+01  1.333592e+01  2.750000e+01
     vertex  2.180155e+01  1.342345e+01  2.750000e+01
   endloop
 endfacet
 facet normal  9.760065e-01  2.177416e-01  7.842699e-06
   outer loop
     vertex  2.182409e+01  1.331002e+01  6.006897e+01
     vertex  2.183799e+01  1.324889e+01  2.750000e+01
     vertex  2.181857e+01  1.333592e+01  2.750000e+01
   endloop
 endfacet
 facet normal  9.834541e-01  1.811575e-01 -4.961983e-05
   outer loop
     vertex  2.182409e+01  1.331002e+01  6.006897e+01
     vertex  2.180155e+01  1.342345e+01  2.750000e+01
     vertex  2.178656e+01  1.351392e+01  6.062918e+01
   endloop
 endfacet
 facet normal  9.696656e-01  2.444354e-01 -3.858209e-05
   outer loop
     vertex  2.187454e+01  1.310892e+01  5.951647e+01
     vertex  2.185978e+01  1.316243e+01  2.750000e+01
     vertex  2.183799e+01  1.324889e+01  2.750000e+01
   endloop
 endfacet
 facet normal  9.625948e-01  2.709453e-01  8.979427e-06
   outer loop
     vertex  2.187454e+01  1.310892e+01  5.951647e+01
     vertex  2.188394e+01  1.307659e+01  2.750000e+01
     vertex  2.185978e+01  1.316243e+01  2.750000e+01
   endloop
 endfacet
 facet normal  9.547993e-01  2.972512e-01 -1.987236e-05
   outer loop
     vertex  2.187454e+01  1.310892e+01  5.951647e+01
     vertex  2.191045e+01  1.299146e+01  2.750000e+01
     vertex  2.188394e+01  1.307659e+01  2.750000e+01
   endloop
 endfacet
 facet normal  9.699071e-01  2.434752e-01 -4.305591e-05
   outer loop
     vertex  2.187454e+01  1.310892e+01  5.951647e+01
     vertex  2.183799e+01  1.324889e+01  2.750000e+01
     vertex  2.182409e+01  1.331002e+01  6.006897e+01
   endloop
 endfacet
 facet normal  9.462851e-01  3.233333e-01  1.921697e-06
   outer loop
     vertex  2.193772e+01  1.291146e+01  5.897394e+01
     vertex  2.193928e+01  1.290708e+01  2.750000e+01
     vertex  2.191045e+01  1.299146e+01  2.750000e+01
   endloop
 endfacet
 facet normal  9.370586e-01  3.491720e-01 -2.133204e-06
   outer loop
     vertex  2.193772e+01  1.291146e+01  5.897394e+01
     vertex  2.197041e+01  1.282352e+01  2.750000e+01
     vertex  2.193928e+01  1.290708e+01  2.750000e+01
   endloop
 endfacet
 facet normal  9.524044e-01  3.048373e-01 -5.039165e-05
   outer loop
     vertex  2.193772e+01  1.291146e+01  5.897394e+01
     vertex  2.191045e+01  1.299146e+01  2.750000e+01
     vertex  2.187454e+01  1.310892e+01  5.951647e+01
   endloop
 endfacet
 facet normal  9.271267e-01  3.747479e-01 -1.375316e-05
   outer loop
     vertex  2.201335e+01  1.271842e+01  5.844358e+01
     vertex  2.200383e+01  1.274085e+01  2.750000e+01
     vertex  2.197041e+01  1.282352e+01  2.750000e+01
   endloop
 endfacet
 facet normal  9.164969e-01  4.000417e-01  7.850520e-06
   outer loop
     vertex  2.201335e+01  1.271842e+01  5.844358e+01
     vertex  2.203950e+01  1.265913e+01  2.750000e+01
     vertex  2.200383e+01  1.274085e+01  2.750000e+01
   endloop
 endfacet
 facet normal  9.310293e-01  3.649445e-01 -5.246521e-05
   outer loop
     vertex  2.201335e+01  1.271842e+01  5.844358e+01
     vertex  2.197041e+01  1.282352e+01  2.750000e+01
     vertex  2.193772e+01  1.291146e+01  5.897394e+01
   endloop
 endfacet
 facet normal  9.051772e-01  4.250344e-01 -3.847296e-05
   outer loop
     vertex  2.210114e+01  1.253060e+01  5.792754e+01
     vertex  2.207740e+01  1.257841e+01  2.750000e+01
     vertex  2.203950e+01  1.265913e+01  2.750000e+01
   endloop
 endfacet
 facet normal  8.931761e-01  4.497071e-01  9.659768e-06
   outer loop
     vertex  2.210114e+01  1.253060e+01  5.792754e+01
     vertex  2.211750e+01  1.249877e+01  2.750000e+01
     vertex  2.207740e+01  1.257841e+01  2.750000e+01
   endloop
 endfacet
 facet normal  8.805026e-01  4.740412e-01 -2.261128e-05
   outer loop
     vertex  2.210114e+01  1.253060e+01  5.792754e+01
     vertex  2.215977e+01  1.242025e+01  2.750000e+01
     vertex  2.211750e+01  1.249877e+01  2.750000e+01
   endloop
 endfacet
 facet normal  9.058742e-01  4.235469e-01 -4.616807e-05
   outer loop
     vertex  2.210114e+01  1.253060e+01  5.792754e+01
     vertex  2.203950e+01  1.265913e+01  2.750000e+01
     vertex  2.201335e+01  1.271842e+01  5.844358e+01
   endloop
 endfacet
 facet normal  8.671664e-01  4.980186e-01  2.868731e-06
   outer loop
     vertex  2.220073e+01  1.234876e+01  5.742794e+01
     vertex  2.220418e+01  1.234293e+01  2.750000e+01
     vertex  2.215977e+01  1.242025e+01  2.750000e+01
   endloop
 endfacet
 facet normal  8.531773e-01  5.216210e-01 -3.340292e-06
   outer loop
     vertex  2.220073e+01  1.234876e+01  5.742794e+01
     vertex  2.225069e+01  1.226685e+01  2.750000e+01
     vertex  2.220418e+01  1.234293e+01  2.750000e+01
   endloop
 endfacet
 facet normal  8.770200e-01  4.804539e-01 -5.257734e-05
   outer loop
     vertex  2.220073e+01  1.234876e+01  5.742794e+01
     vertex  2.215977e+01  1.242025e+01  2.750000e+01
     vertex  2.210114e+01  1.253060e+01  5.792754e+01
   endloop
 endfacet
 facet normal  8.385460e-01  5.448308e-01 -7.132607e-07
   outer loop
     vertex  2.230011e+01  1.219083e+01  5.699402e+01
     vertex  2.229927e+01  1.219208e+01  2.750000e+01
     vertex  2.225069e+01  1.226685e+01  2.750000e+01
   endloop
 endfacet
 facet normal  8.232835e-01  5.676304e-01  6.895393e-07
   outer loop
     vertex  2.230011e+01  1.219083e+01  5.699402e+01
     vertex  2.234989e+01  1.211867e+01  2.750000e+01
     vertex  2.229927e+01  1.219208e+01  2.750000e+01
   endloop
 endfacet
 facet normal  8.463171e-01  5.326794e-01 -4.505685e-05
   outer loop
     vertex  2.230011e+01  1.219083e+01  5.699402e+01
     vertex  2.225069e+01  1.226685e+01  2.750000e+01
     vertex  2.220073e+01  1.234876e+01  5.742794e+01
   endloop
 endfacet
 facet normal  8.074012e-01  5.900028e-01  3.764694e-06
   outer loop
     vertex  2.239717e+01  1.205377e+01  5.661747e+01
     vertex  2.240250e+01  1.204667e+01  2.750000e+01
     vertex  2.234989e+01  1.211867e+01  2.750000e+01
   endloop
 endfacet
 facet normal  7.909112e-01  6.119310e-01 -4.596699e-06
   outer loop
     vertex  2.239717e+01  1.205377e+01  5.661747e+01
     vertex  2.245706e+01  1.197615e+01  2.750000e+01
     vertex  2.240250e+01  1.204667e+01  2.750000e+01
   endloop
 endfacet
 facet normal  8.160266e-01  5.780143e-01 -3.696225e-05
   outer loop
     vertex  2.239717e+01  1.205377e+01  5.661747e+01
     vertex  2.234989e+01  1.211867e+01  2.750000e+01
     vertex  2.230011e+01  1.219083e+01  5.699402e+01
   endloop
 endfacet
 facet normal  7.738257e-01  6.333986e-01  7.202633e-06
   outer loop
     vertex  2.250119e+01  1.192192e+01  5.625519e+01
     vertex  2.251354e+01  1.190715e+01  2.750000e+01
     vertex  2.245706e+01  1.197615e+01  2.750000e+01
   endloop
 endfacet
 facet normal  7.561578e-01  6.543893e-01 -1.116959e-05
   outer loop
     vertex  2.250119e+01  1.192192e+01  5.625519e+01
     vertex  2.257189e+01  1.183972e+01  2.750000e+01
     vertex  2.251354e+01  1.190715e+01  2.750000e+01
   endloop
 endfacet
 facet normal  7.850808e-01  6.193933e-01 -3.648225e-05
   outer loop
     vertex  2.250119e+01  1.192192e+01  5.625519e+01
     vertex  2.245706e+01  1.197615e+01  2.750000e+01
     vertex  2.239717e+01  1.205377e+01  5.661747e+01
   endloop
 endfacet
 facet normal  7.537546e-01  6.571559e-01 -2.498682e-05
   outer loop
     vertex  2.260051e+01  1.180798e+01  5.594216e+01
     vertex  2.257189e+01  1.183972e+01  2.750000e+01
     vertex  2.250119e+01  1.192192e+01  5.625519e+01
   endloop
 endfacet
 facet normal  7.379206e-01  6.748875e-01  1.073413e-05
   outer loop
     vertex  2.260051e+01  1.180798e+01  5.594216e+01
     vertex  2.263207e+01  1.177392e+01  2.750000e+01
     vertex  2.257189e+01  1.183972e+01  2.750000e+01
   endloop
 endfacet
 facet normal  7.239954e-01  6.898048e-01 -2.258049e-05
   outer loop
     vertex  2.269435e+01  1.170948e+01  5.567154e+01
     vertex  2.263207e+01  1.177392e+01  2.750000e+01
     vertex  2.260051e+01  1.180798e+01  5.594216e+01
   endloop
 endfacet
 facet normal  7.191280e-01  6.948776e-01 -2.174289e-07
   outer loop
     vertex  2.269435e+01  1.170948e+01  5.567154e+01
     vertex  2.269403e+01  1.170980e+01  2.750000e+01
     vertex  2.263207e+01  1.177392e+01  2.750000e+01
   endloop
 endfacet
 facet normal  6.997940e-01  7.143447e-01  2.152731e-07
   outer loop
     vertex  2.269435e+01  1.170948e+01  5.567154e+01
     vertex  2.275773e+01  1.164740e+01  2.750000e+01
     vertex  2.269403e+01  1.170980e+01  2.750000e+01
   endloop
 endfacet
 facet normal  6.944941e-01  7.194984e-01 -2.306723e-05
   outer loop
     vertex  2.279222e+01  1.161500e+01  5.541195e+01
     vertex  2.275773e+01  1.164740e+01  2.750000e+01
     vertex  2.269435e+01  1.170948e+01  5.567154e+01
   endloop
 endfacet
 facet normal  6.799333e-01  7.332740e-01  1.091558e-05
   outer loop
     vertex  2.279222e+01  1.161500e+01  5.541195e+01
     vertex  2.282312e+01  1.158677e+01  2.750000e+01
     vertex  2.275773e+01  1.164740e+01  2.750000e+01
   endloop
 endfacet
 facet normal  6.653467e-01  7.465345e-01 -1.864124e-05
   outer loop
     vertex  2.288362e+01  1.153353e+01  5.518812e+01
     vertex  2.282312e+01  1.158677e+01  2.750000e+01
     vertex  2.279222e+01  1.161500e+01  5.541195e+01
   endloop
 endfacet
 facet normal  6.595607e-01  7.516513e-01  3.841083e-06
   outer loop
     vertex  2.288362e+01  1.153353e+01  5.518812e+01
     vertex  2.289014e+01  1.152796e+01  2.750000e+01
     vertex  2.282312e+01  1.158677e+01  2.750000e+01
   endloop
 endfacet
 facet normal  6.386916e-01  7.694628e-01 -4.658640e-06
   outer loop
     vertex  2.288362e+01  1.153353e+01  5.518812e+01
     vertex  2.295875e+01  1.147101e+01  2.750000e+01
     vertex  2.289014e+01  1.152796e+01  2.750000e+01
   endloop
 endfacet
 facet normal  6.382238e-01  7.698509e-01 -6.804114e-06
   outer loop
     vertex  2.296846e+01  1.146320e+01  5.499489e+01
     vertex  2.295875e+01  1.147101e+01  2.750000e+01
     vertex  2.288362e+01  1.153353e+01  5.518812e+01
   endloop
 endfacet
 facet normal  6.173417e-01  7.866951e-01  5.344717e-06
   outer loop
     vertex  2.296846e+01  1.146320e+01  5.499489e+01
     vertex  2.302890e+01  1.141596e+01  2.750000e+01
     vertex  2.295875e+01  1.147101e+01  2.750000e+01
   endloop
 endfacet
 facet normal  6.117484e-01  7.910524e-01 -1.443931e-05
   outer loop
     vertex  2.305563e+01  1.139579e+01  5.480968e+01
     vertex  2.302890e+01  1.141596e+01  2.750000e+01
     vertex  2.296846e+01  1.146320e+01  5.499489e+01
   endloop
 endfacet
 facet normal  5.955271e-01  8.033352e-01  1.050345e-05
   outer loop
     vertex  2.305563e+01  1.139579e+01  5.480968e+01
     vertex  2.310054e+01  1.136285e+01  2.750000e+01
     vertex  2.302890e+01  1.141596e+01  2.750000e+01
   endloop
 endfacet
 facet normal  5.859556e-01  8.103431e-01 -1.368825e-05
   outer loop
     vertex  2.313599e+01  1.133768e+01  5.465001e+01
     vertex  2.310054e+01  1.136285e+01  2.750000e+01
     vertex  2.305563e+01  1.139579e+01  5.480968e+01
   endloop
 endfacet
 facet normal  5.732642e-01  8.193706e-01  1.125748e-05
   outer loop
     vertex  2.313599e+01  1.133768e+01  5.465001e+01
     vertex  2.317360e+01  1.131174e+01  2.750000e+01
     vertex  2.310054e+01  1.136285e+01  2.750000e+01
   endloop
 endfacet
 facet normal  5.622238e-01  8.269851e-01 -1.131020e-05
   outer loop
     vertex  2.320981e+01  1.128749e+01  5.451213e+01
     vertex  2.317360e+01  1.131174e+01  2.750000e+01
     vertex  2.313599e+01  1.133768e+01  5.465001e+01
   endloop
 endfacet
 facet normal  5.505698e-01  8.347891e-01  1.131603e-05
   outer loop
     vertex  2.320981e+01  1.128749e+01  5.451213e+01
     vertex  2.324804e+01  1.126264e+01  2.750000e+01
     vertex  2.317360e+01  1.131174e+01  2.750000e+01
   endloop
 endfacet
 facet normal  5.393018e-01  8.421126e-01 -1.136785e-05
   outer loop
     vertex  2.328497e+01  1.123935e+01  5.437987e+01
     vertex  2.324804e+01  1.126264e+01  2.750000e+01
     vertex  2.320981e+01  1.128749e+01  5.451213e+01
   endloop
 endfacet
 facet normal  5.274609e-01  8.495793e-01  1.137270e-05
   outer loop
     vertex  2.328497e+01  1.123935e+01  5.437987e+01
     vertex  2.332379e+01  1.121561e+01  2.750000e+01
     vertex  2.324804e+01  1.126264e+01  2.750000e+01
   endloop
 endfacet
 facet normal  5.159731e-01  8.566048e-01 -1.142357e-05
   outer loop
     vertex  2.336143e+01  1.119330e+01  5.425333e+01
     vertex  2.332379e+01  1.121561e+01  2.750000e+01
     vertex  2.328497e+01  1.123935e+01  5.437987e+01
   endloop
 endfacet
 facet normal  5.039550e-01  8.637299e-01  1.142740e-05
   outer loop
     vertex  2.336143e+01  1.119330e+01  5.425333e+01
     vertex  2.340081e+01  1.117067e+01  2.750000e+01
     vertex  2.332379e+01  1.121561e+01  2.750000e+01
   endloop
 endfacet
 facet normal  4.934528e-01  8.697726e-01 -9.140843e-06
   outer loop
     vertex  2.343130e+01  1.115365e+01  5.414441e+01
     vertex  2.340081e+01  1.117067e+01  2.750000e+01
     vertex  2.336143e+01  1.119330e+01  5.425333e+01
   endloop
 endfacet
 facet normal  4.800697e-01  8.772303e-01  1.093868e-05
   outer loop
     vertex  2.343130e+01  1.115365e+01  5.414441e+01
     vertex  2.347903e+01  1.112787e+01  2.750000e+01
     vertex  2.340081e+01  1.117067e+01  2.750000e+01
   endloop
 endfacet
 facet normal  4.728984e-01  8.811170e-01 -5.669372e-06
   outer loop
     vertex  2.349501e+01  1.111946e+01  5.405047e+01
     vertex  2.347903e+01  1.112787e+01  2.750000e+01
     vertex  2.343130e+01  1.115365e+01  5.414441e+01
   endloop
 endfacet
 facet normal  4.558231e-01  8.900704e-01  7.438796e-06
   outer loop
     vertex  2.349501e+01  1.111946e+01  5.405047e+01
     vertex  2.355840e+01  1.108722e+01  2.750000e+01
     vertex  2.347903e+01  1.112787e+01  2.750000e+01
   endloop
 endfacet
 facet normal  4.531870e-01  8.914155e-01 -4.884324e-07
   outer loop
     vertex  2.355946e+01  1.108670e+01  5.396045e+01
     vertex  2.355840e+01  1.108722e+01  2.750000e+01
     vertex  2.349501e+01  1.111946e+01  5.405047e+01
   endloop
 endfacet
 facet normal  4.332464e-01  9.012755e-01  5.046580e-07
   outer loop
     vertex  2.362462e+01  1.105537e+01  5.387439e+01
     vertex  2.355840e+01  1.108722e+01  2.750000e+01
     vertex  2.355946e+01  1.108670e+01  5.396045e+01
   endloop
 endfacet
 facet normal  4.312333e-01  9.022405e-01  6.724547e-06
   outer loop
     vertex  2.362462e+01  1.105537e+01  5.387439e+01
     vertex  2.363885e+01  1.104877e+01  2.750000e+01
     vertex  2.355840e+01  1.108722e+01  2.750000e+01
   endloop
 endfacet
 facet normal  4.140979e-01  9.102324e-01 -4.522253e-06
   outer loop
     vertex  2.368385e+01  1.102843e+01  5.380035e+01
     vertex  2.363885e+01  1.104877e+01  2.750000e+01
     vertex  2.362462e+01  1.105537e+01  5.387439e+01
   endloop
 endfacet
 facet normal  4.063188e-01  9.137314e-01  1.149359e-05
   outer loop
     vertex  2.368385e+01  1.102843e+01  5.380035e+01
     vertex  2.372033e+01  1.101254e+01  2.750000e+01
     vertex  2.363885e+01  1.104877e+01  2.750000e+01
   endloop
 endfacet
 facet normal  3.967108e-01  9.179437e-01 -4.377307e-06
   outer loop
     vertex  2.373761e+01  1.100519e+01  5.373652e+01
     vertex  2.372033e+01  1.101254e+01  2.750000e+01
     vertex  2.368385e+01  1.102843e+01  5.380035e+01
   endloop
 endfacet
 facet normal  3.810986e-01  9.245344e-01  7.750481e-06
   outer loop
     vertex  2.373761e+01  1.100519e+01  5.373652e+01
     vertex  2.380277e+01  1.097855e+01  2.750000e+01
     vertex  2.372033e+01  1.101254e+01  2.750000e+01
   endloop
 endfacet
 facet normal  3.801151e-01  9.249392e-01  4.897157e-06
   outer loop
     vertex  2.379178e+01  1.098293e+01  5.367536e+01
     vertex  2.380277e+01  1.097855e+01  2.750000e+01
     vertex  2.373761e+01  1.100519e+01  5.373652e+01
   endloop
 endfacet
 facet normal  3.633792e-01  9.316413e-01 -3.251090e-06
   outer loop
     vertex  2.384634e+01  1.096165e+01  5.361689e+01
     vertex  2.380277e+01  1.097855e+01  2.750000e+01
     vertex  2.379178e+01  1.098293e+01  5.367536e+01
   endloop
 endfacet
 facet normal  3.555914e-01  9.346415e-01  1.168274e-05
   outer loop
     vertex  2.384634e+01  1.096165e+01  5.361689e+01
     vertex  2.388611e+01  1.094685e+01  2.750000e+01
     vertex  2.380277e+01  1.097855e+01  2.750000e+01
   endloop
 endfacet
 facet normal  3.473788e-01  9.377249e-01 -2.571462e-06
   outer loop
     vertex  2.389576e+01  1.094334e+01  5.356659e+01
     vertex  2.388611e+01  1.094685e+01  2.750000e+01
     vertex  2.384634e+01  1.096165e+01  5.361689e+01
   endloop
 endfacet
 facet normal  3.298166e-01  9.440450e-01  1.073413e-05
   outer loop
     vertex  2.394049e+01  1.092755e+01  5.352320e+01
     vertex  2.397029e+01  1.091744e+01  2.750000e+01
     vertex  2.388611e+01  1.094685e+01  2.750000e+01
   endloop
 endfacet
 facet normal  3.328959e-01  9.429636e-01  3.496773e-06
   outer loop
     vertex  2.394049e+01  1.092755e+01  5.352320e+01
     vertex  2.388611e+01  1.094685e+01  2.750000e+01
     vertex  2.389576e+01  1.094334e+01  5.356659e+01
   endloop
 endfacet
 facet normal  3.190918e-01  9.477238e-01 -2.974393e-06
   outer loop
     vertex  2.398545e+01  1.091241e+01  5.348161e+01
     vertex  2.397029e+01  1.091744e+01  2.750000e+01
     vertex  2.394049e+01  1.092755e+01  5.352320e+01
   endloop
 endfacet
 facet normal  3.037934e-01  9.527379e-01  9.687301e-06
   outer loop
     vertex  2.403062e+01  1.089793e+01  5.344183e+01
     vertex  2.405524e+01  1.089035e+01  2.750000e+01
     vertex  2.397029e+01  1.091744e+01  2.750000e+01
   endloop
 endfacet
 facet normal  3.052325e-01  9.522779e-01  5.994532e-06
   outer loop
     vertex  2.403062e+01  1.089793e+01  5.344183e+01
     vertex  2.397029e+01  1.091744e+01  2.750000e+01
     vertex  2.398545e+01  1.091241e+01  5.348161e+01
   endloop
 endfacet
 facet normal  2.775416e-01  9.607136e-01  8.689158e-06
   outer loop
     vertex  2.407600e+01  1.088412e+01  5.340386e+01
     vertex  2.414091e+01  1.086560e+01  2.750000e+01
     vertex  2.405524e+01  1.089035e+01  2.750000e+01
   endloop
 endfacet
 facet normal  2.912935e-01  9.566337e-01 -3.314214e-06
   outer loop
     vertex  2.407600e+01  1.088412e+01  5.340386e+01
     vertex  2.405524e+01  1.089035e+01  2.750000e+01
     vertex  2.403062e+01  1.089793e+01  5.344183e+01
   endloop
 endfacet
 facet normal  2.773083e-01  9.607810e-01  8.056257e-06
   outer loop
     vertex  2.412158e+01  1.087096e+01  5.336772e+01
     vertex  2.414091e+01  1.086560e+01  2.750000e+01
     vertex  2.407600e+01  1.088412e+01  5.340386e+01
   endloop
 endfacet
 facet normal  2.639517e-01  9.645359e-01 -2.701794e-06
   outer loop
     vertex  2.416276e+01  1.085969e+01  5.333676e+01
     vertex  2.414091e+01  1.086560e+01  2.750000e+01
     vertex  2.412158e+01  1.087096e+01  5.336772e+01
   endloop
 endfacet
 facet normal  2.510809e-01  9.679661e-01  1.023134e-05
   outer loop
     vertex  2.419994e+01  1.085001e+01  5.331017e+01
     vertex  2.422722e+01  1.084321e+01  2.750000e+01
     vertex  2.414091e+01  1.086560e+01  2.750000e+01
   endloop
 endfacet
 facet normal  2.519018e-01  9.677528e-01  8.224964e-06
   outer loop
     vertex  2.419994e+01  1.085001e+01  5.331017e+01
     vertex  2.414091e+01  1.086560e+01  2.750000e+01
     vertex  2.416276e+01  1.085969e+01  5.333676e+01
   endloop
 endfacet
 facet normal  2.404362e-01  9.706649e-01 -1.729280e-06
   outer loop
     vertex  2.423724e+01  1.084078e+01  5.328479e+01
     vertex  2.422722e+01  1.084321e+01  2.750000e+01
     vertex  2.419994e+01  1.085001e+01  5.331017e+01
   endloop
 endfacet
 facet normal  2.244312e-01  9.744899e-01  1.176896e-05
   outer loop
     vertex  2.427464e+01  1.083198e+01  5.326062e+01
     vertex  2.431411e+01  1.082320e+01  2.750000e+01
     vertex  2.422722e+01  1.084321e+01  2.750000e+01
   endloop
 endfacet
 facet normal  2.289466e-01  9.734390e-01  2.998067e-06
   outer loop
     vertex  2.427464e+01  1.083198e+01  5.326062e+01
     vertex  2.422722e+01  1.084321e+01  2.750000e+01
     vertex  2.423724e+01  1.084078e+01  5.328479e+01
   endloop
 endfacet
 facet normal  2.174204e-01  9.760781e-01  4.859480e-07
   outer loop
     vertex  2.431215e+01  1.082362e+01  5.323766e+01
     vertex  2.431411e+01  1.082320e+01  2.750000e+01
     vertex  2.427464e+01  1.083198e+01  5.326062e+01
   endloop
 endfacet
 facet normal  2.058649e-01  9.785804e-01 -4.376233e-07
   outer loop
     vertex  2.434975e+01  1.081571e+01  5.321593e+01
     vertex  2.431411e+01  1.082320e+01  2.750000e+01
     vertex  2.431215e+01  1.082362e+01  5.323766e+01
   endloop
 endfacet
 facet normal  1.976125e-01  9.802802e-01  1.149297e-05
   outer loop
     vertex  2.434975e+01  1.081571e+01  5.321593e+01
     vertex  2.440153e+01  1.080558e+01  2.750000e+01
     vertex  2.431411e+01  1.082320e+01  2.750000e+01
   endloop
 endfacet
 facet normal  1.942838e-01  9.809454e-01  4.528982e-06
   outer loop
     vertex  2.438744e+01  1.080825e+01  5.319542e+01
     vertex  2.440153e+01  1.080558e+01  2.750000e+01
     vertex  2.434975e+01  1.081571e+01  5.321593e+01
   endloop
 endfacet
 facet normal  1.832508e-01  9.830662e-01 -1.738186e-06
   outer loop
     vertex  2.442144e+01  1.080191e+01  5.317801e+01
     vertex  2.440153e+01  1.080558e+01  2.750000e+01
     vertex  2.438744e+01  1.080825e+01  5.319542e+01
   endloop
 endfacet
 facet normal  1.733080e-01  9.848677e-01  6.229743e-06
   outer loop
     vertex  2.445209e+01  1.079652e+01  5.316319e+01
     vertex  2.440153e+01  1.080558e+01  2.750000e+01
     vertex  2.442144e+01  1.080191e+01  5.317801e+01
   endloop
 endfacet
 facet normal  1.706451e-01  9.853326e-01  1.164088e-05
   outer loop
     vertex  2.445209e+01  1.079652e+01  5.316319e+01
     vertex  2.448939e+01  1.079036e+01  2.750000e+01
     vertex  2.440153e+01  1.080558e+01  2.750000e+01
   endloop
 endfacet
 facet normal  1.638664e-01  9.864825e-01  1.513845e-06
   outer loop
     vertex  2.448279e+01  1.079142e+01  5.314918e+01
     vertex  2.448939e+01  1.079036e+01  2.750000e+01
     vertex  2.445209e+01  1.079652e+01  5.316319e+01
   endloop
 endfacet
 facet normal  1.544108e-01  9.880067e-01 -9.790927e-07
   outer loop
     vertex  2.451354e+01  1.078661e+01  5.313597e+01
     vertex  2.448939e+01  1.079036e+01  2.750000e+01
     vertex  2.448279e+01  1.079142e+01  5.314918e+01
   endloop
 endfacet
 facet normal  1.449458e-01  9.894396e-01  8.149861e-06
   outer loop
     vertex  2.454434e+01  1.078210e+01  5.312358e+01
     vertex  2.448939e+01  1.079036e+01  2.750000e+01
     vertex  2.451354e+01  1.078661e+01  5.313597e+01
   endloop
 endfacet
 facet normal  1.435492e-01  9.896432e-01  1.121081e-05
   outer loop
     vertex  2.454434e+01  1.078210e+01  5.312358e+01
     vertex  2.457763e+01  1.077756e+01  2.750000e+01
     vertex  2.448939e+01  1.079036e+01  2.750000e+01
   endloop
 endfacet
 facet normal  1.354609e-01  9.907827e-01  4.999379e-07
   outer loop
     vertex  2.457518e+01  1.077789e+01  5.311200e+01
     vertex  2.457763e+01  1.077756e+01  2.750000e+01
     vertex  2.454434e+01  1.078210e+01  5.312358e+01
   endloop
 endfacet
 facet normal  1.259663e-01  9.920345e-01 -4.262300e-07
   outer loop
     vertex  2.460605e+01  1.077396e+01  5.310122e+01
     vertex  2.457763e+01  1.077756e+01  2.750000e+01
     vertex  2.457518e+01  1.077789e+01  5.311200e+01
   endloop
 endfacet
 facet normal  1.164638e-01  9.931949e-01  1.028551e-05
   outer loop
     vertex  2.463696e+01  1.077034e+01  5.309127e+01
     vertex  2.457763e+01  1.077756e+01  2.750000e+01
     vertex  2.460605e+01  1.077396e+01  5.310122e+01
   endloop
 endfacet
 facet normal  1.163452e-01  9.932088e-01  1.056432e-05
   outer loop
     vertex  2.463696e+01  1.077034e+01  5.309127e+01
     vertex  2.466620e+01  1.076719e+01  2.750000e+01
     vertex  2.457763e+01  1.077756e+01  2.750000e+01
   endloop
 endfacet
 facet normal  1.069439e-01  9.942651e-01 -3.045305e-07
   outer loop
     vertex  2.466791e+01  1.076701e+01  5.308212e+01
     vertex  2.466620e+01  1.076719e+01  2.750000e+01
     vertex  2.463696e+01  1.077034e+01  5.309127e+01
   endloop
 endfacet
 facet normal  9.741771e-02  9.952436e-01  3.402102e-07
   outer loop
     vertex  2.469888e+01  1.076398e+01  5.307379e+01
     vertex  2.466620e+01  1.076719e+01  2.750000e+01
     vertex  2.466791e+01  1.076701e+01  5.308212e+01
   endloop
 endfacet
 facet normal  8.905371e-02  9.960268e-01  1.112948e-05
   outer loop
     vertex  2.469888e+01  1.076398e+01  5.307379e+01
     vertex  2.475501e+01  1.075925e+01  2.750000e+01
     vertex  2.466620e+01  1.076719e+01  2.750000e+01
   endloop
 endfacet
 facet normal  8.788438e-02  9.961307e-01  8.543965e-06
   outer loop
     vertex  2.472989e+01  1.076124e+01  5.306628e+01
     vertex  2.475501e+01  1.075925e+01  2.750000e+01
     vertex  2.469888e+01  1.076398e+01  5.307379e+01
   endloop
 endfacet
 facet normal  7.833878e-02  9.969268e-01 -8.982312e-07
   outer loop
     vertex  2.476092e+01  1.075881e+01  5.305958e+01
     vertex  2.475501e+01  1.075925e+01  2.750000e+01
     vertex  2.472989e+01  1.076124e+01  5.306628e+01
   endloop
 endfacet
 facet normal  6.878868e-02  9.976313e-01  1.320343e-06
   outer loop
     vertex  2.479197e+01  1.075667e+01  5.305369e+01
     vertex  2.475501e+01  1.075925e+01  2.750000e+01
     vertex  2.476092e+01  1.075881e+01  5.305958e+01
   endloop
 endfacet
 facet normal  6.169515e-02  9.980950e-01  1.162567e-05
   outer loop
     vertex  2.479197e+01  1.075667e+01  5.305369e+01
     vertex  2.484401e+01  1.075375e+01  2.750000e+01
     vertex  2.475501e+01  1.075925e+01  2.750000e+01
   endloop
 endfacet
 facet normal  5.923265e-02  9.982442e-01  6.593369e-06
   outer loop
     vertex  2.482303e+01  1.075482e+01  5.304863e+01
     vertex  2.484401e+01  1.075375e+01  2.750000e+01
     vertex  2.479197e+01  1.075667e+01  5.305369e+01
   endloop
 endfacet
 facet normal  4.966912e-02  9.987657e-01 -1.280158e-06
   outer loop
     vertex  2.485412e+01  1.075328e+01  5.304438e+01
     vertex  2.484401e+01  1.075375e+01  2.750000e+01
     vertex  2.482303e+01  1.075482e+01  5.304863e+01
   endloop
 endfacet
 facet normal  4.058116e-02  9.991762e-01  2.324243e-06
   outer loop
     vertex  2.488211e+01  1.075214e+01  5.304126e+01
     vertex  2.484401e+01  1.075375e+01  2.750000e+01
     vertex  2.485412e+01  1.075328e+01  5.304438e+01
   endloop
 endfacet
 facet normal  3.429014e-02  9.994119e-01  1.172295e-05
   outer loop
     vertex  2.488211e+01  1.075214e+01  5.304126e+01
     vertex  2.493313e+01  1.075069e+01  2.750000e+01
     vertex  2.484401e+01  1.075375e+01  2.750000e+01
   endloop
 endfacet
 facet normal  3.239915e-02  9.994750e-01  7.942137e-06
   outer loop
     vertex  2.490730e+01  1.075132e+01  5.303901e+01
     vertex  2.493313e+01  1.075069e+01  2.750000e+01
     vertex  2.488211e+01  1.075214e+01  5.304126e+01
   endloop
 endfacet
 facet normal  2.464464e-02  9.996963e-01  9.634929e-08
   outer loop
     vertex  2.493251e+01  1.075070e+01  5.303731e+01
     vertex  2.493313e+01  1.075069e+01  2.750000e+01
     vertex  2.490730e+01  1.075132e+01  5.303901e+01
   endloop
 endfacet
 facet normal  1.688934e-02  9.998574e-01 -9.172984e-08
   outer loop
     vertex  2.495771e+01  1.075028e+01  5.303614e+01
     vertex  2.493313e+01  1.075069e+01  2.750000e+01
     vertex  2.493251e+01  1.075070e+01  5.303731e+01
   endloop
 endfacet
 facet normal  9.133217e-03  9.999583e-01  7.377887e-06
   outer loop
     vertex  2.498292e+01  1.075004e+01  5.303551e+01
     vertex  2.493313e+01  1.075069e+01  2.750000e+01
     vertex  2.495771e+01  1.075028e+01  5.303614e+01
   endloop
 endfacet
 facet normal  6.859319e-03  9.999765e-01  1.181266e-05
   outer loop
     vertex  2.498292e+01  1.075004e+01  5.303551e+01
     vertex  2.502229e+01  1.075008e+01  2.750000e+01
     vertex  2.493313e+01  1.075069e+01  2.750000e+01
   endloop
 endfacet
 facet normal  1.376186e-03  9.999991e-01  3.358848e-06
   outer loop
     vertex  2.500813e+01  1.075001e+01  5.303541e+01
     vertex  2.502229e+01  1.075008e+01  2.750000e+01
     vertex  2.498292e+01  1.075004e+01  5.303551e+01
   endloop
 endfacet
 facet normal -6.380752e-03  9.999796e-01 -9.426899e-07
   outer loop
     vertex  2.503334e+01  1.075017e+01  5.303585e+01
     vertex  2.502229e+01  1.075008e+01  2.750000e+01
     vertex  2.500813e+01  1.075001e+01  5.303541e+01
   endloop
 endfacet
 facet normal -1.413742e-02  9.999001e-01  2.413917e-06
   outer loop
     vertex  2.505855e+01  1.075053e+01  5.303683e+01
     vertex  2.502229e+01  1.075008e+01  2.750000e+01
     vertex  2.503334e+01  1.075017e+01  5.303585e+01
   endloop
 endfacet
 facet normal -2.057667e-02  9.997883e-01  1.155828e-05
   outer loop
     vertex  2.505855e+01  1.075053e+01  5.303683e+01
     vertex  2.511144e+01  1.075191e+01  2.750000e+01
     vertex  2.502229e+01  1.075008e+01  2.750000e+01
   endloop
 endfacet
 facet normal -2.189356e-02  9.997603e-01  8.829137e-06
   outer loop
     vertex  2.508375e+01  1.075108e+01  5.303835e+01
     vertex  2.511144e+01  1.075191e+01  2.750000e+01
     vertex  2.505855e+01  1.075053e+01  5.303683e+01
   endloop
 endfacet
 facet normal -2.964746e-02  9.995604e-01  4.157320e-07
   outer loop
     vertex  2.510895e+01  1.075183e+01  5.304040e+01
     vertex  2.511144e+01  1.075191e+01  2.750000e+01
     vertex  2.508375e+01  1.075108e+01  5.303835e+01
   endloop
 endfacet
 facet normal -3.739999e-02  9.993004e-01 -3.409507e-07
   outer loop
     vertex  2.513415e+01  1.075277e+01  5.304299e+01
     vertex  2.511144e+01  1.075191e+01  2.750000e+01
     vertex  2.510895e+01  1.075183e+01  5.304040e+01
   endloop
 endfacet
 facet normal -4.515120e-02  9.989802e-01  6.559039e-06
   outer loop
     vertex  2.515933e+01  1.075391e+01  5.304612e+01
     vertex  2.511144e+01  1.075191e+01  2.750000e+01
     vertex  2.513415e+01  1.075277e+01  5.304299e+01
   endloop
 endfacet
 facet normal -4.799716e-02  9.988475e-01  1.190425e-05
   outer loop
     vertex  2.515933e+01  1.075391e+01  5.304612e+01
     vertex  2.520051e+01  1.075619e+01  2.750000e+01
     vertex  2.511144e+01  1.075191e+01  2.750000e+01
   endloop
 endfacet
 facet normal -5.289860e-02  9.985999e-01  3.981183e-06
   outer loop
     vertex  2.518450e+01  1.075524e+01  5.304978e+01
     vertex  2.520051e+01  1.075619e+01  2.750000e+01
     vertex  2.515933e+01  1.075391e+01  5.304612e+01
   endloop
 endfacet
 facet normal -6.064233e-02  9.981596e-01 -8.859001e-07
   outer loop
     vertex  2.520967e+01  1.075677e+01  5.305398e+01
     vertex  2.520051e+01  1.075619e+01  2.750000e+01
     vertex  2.518450e+01  1.075524e+01  5.304978e+01
   endloop
 endfacet
 facet normal -6.838364e-02  9.976591e-01  1.900130e-06
   outer loop
     vertex  2.523482e+01  1.075849e+01  5.305872e+01
     vertex  2.520051e+01  1.075619e+01  2.750000e+01
     vertex  2.520967e+01  1.075677e+01  5.305398e+01
   endloop
 endfacet
 facet normal -7.538152e-02  9.971548e-01  1.133962e-05
   outer loop
     vertex  2.523482e+01  1.075849e+01  5.305872e+01
     vertex  2.528942e+01  1.076291e+01  2.750000e+01
     vertex  2.520051e+01  1.075619e+01  2.750000e+01
   endloop
 endfacet
 facet normal -7.612201e-02  9.970985e-01  9.747878e-06
   outer loop
     vertex  2.525996e+01  1.076041e+01  5.306399e+01
     vertex  2.528942e+01  1.076291e+01  2.750000e+01
     vertex  2.523482e+01  1.075849e+01  5.305872e+01
   endloop
 endfacet
 facet normal -8.385227e-02  9.964782e-01  7.764389e-07
   outer loop
     vertex  2.528508e+01  1.076253e+01  5.306980e+01
     vertex  2.528942e+01  1.076291e+01  2.750000e+01
     vertex  2.525996e+01  1.076041e+01  5.306399e+01
   endloop
 endfacet
 facet normal -9.157902e-02  9.957978e-01 -5.473058e-07
   outer loop
     vertex  2.531018e+01  1.076484e+01  5.307614e+01
     vertex  2.528942e+01  1.076291e+01  2.750000e+01
     vertex  2.528508e+01  1.076253e+01  5.306980e+01
   endloop
 endfacet
 facet normal -1.027091e-01  9.947114e-01  1.194127e-05
   outer loop
     vertex  2.533527e+01  1.076734e+01  5.308302e+01
     vertex  2.537812e+01  1.077207e+01  2.750000e+01
     vertex  2.528942e+01  1.076291e+01  2.750000e+01
   endloop
 endfacet
 facet normal -9.930228e-02  9.950573e-01  5.776557e-06
   outer loop
     vertex  2.533527e+01  1.076734e+01  5.308302e+01
     vertex  2.528942e+01  1.076291e+01  2.750000e+01
     vertex  2.531018e+01  1.076484e+01  5.307614e+01
   endloop
 endfacet
 facet normal -1.070177e-01  9.942571e-01  4.640015e-06
   outer loop
     vertex  2.536033e+01  1.077004e+01  5.309043e+01
     vertex  2.537812e+01  1.077207e+01  2.750000e+01
     vertex  2.533527e+01  1.076734e+01  5.308302e+01
   endloop
 endfacet
 facet normal -1.147252e-01  9.933973e-01 -7.861773e-07
   outer loop
     vertex  2.538538e+01  1.077293e+01  5.309838e+01
     vertex  2.537812e+01  1.077207e+01  2.750000e+01
     vertex  2.536033e+01  1.077004e+01  5.309043e+01
   endloop
 endfacet
 facet normal -1.224282e-01  9.924774e-01  1.427704e-06
   outer loop
     vertex  2.541040e+01  1.077602e+01  5.310686e+01
     vertex  2.537812e+01  1.077207e+01  2.750000e+01
     vertex  2.538538e+01  1.077293e+01  5.309838e+01
   endloop
 endfacet
 facet normal -1.299594e-01  9.915193e-01  1.106781e-05
   outer loop
     vertex  2.541040e+01  1.077602e+01  5.310686e+01
     vertex  2.546653e+01  1.078366e+01  2.750000e+01
     vertex  2.537812e+01  1.077207e+01  2.750000e+01
   endloop
 endfacet
 facet normal -1.301263e-01  9.914974e-01  1.069540e-05
   outer loop
     vertex  2.543539e+01  1.077930e+01  5.311587e+01
     vertex  2.546653e+01  1.078366e+01  2.750000e+01
     vertex  2.541040e+01  1.077602e+01  5.310686e+01
   endloop
 endfacet
 facet normal -1.378100e-01  9.904587e-01  1.177193e-06
   outer loop
     vertex  2.546036e+01  1.078277e+01  5.312542e+01
     vertex  2.546653e+01  1.078366e+01  2.750000e+01
     vertex  2.543539e+01  1.077930e+01  5.311587e+01
   endloop
 endfacet
 facet normal -1.454881e-01  9.893600e-01 -7.103006e-07
   outer loop
     vertex  2.548530e+01  1.078644e+01  5.313550e+01
     vertex  2.546653e+01  1.078366e+01  2.750000e+01
     vertex  2.546036e+01  1.078277e+01  5.312542e+01
   endloop
 endfacet
 facet normal -1.531604e-01  9.882013e-01  5.032792e-06
   outer loop
     vertex  2.551022e+01  1.079030e+01  5.314610e+01
     vertex  2.546653e+01  1.078366e+01  2.750000e+01
     vertex  2.548530e+01  1.078644e+01  5.313550e+01
   endloop
 endfacet
 facet normal -1.571119e-01  9.875808e-01  1.192391e-05
   outer loop
     vertex  2.551022e+01  1.079030e+01  5.314610e+01
     vertex  2.555460e+01  1.079767e+01  2.750000e+01
     vertex  2.546653e+01  1.078366e+01  2.750000e+01
   endloop
 endfacet
 facet normal -1.608214e-01  9.869835e-01  5.333120e-06
   outer loop
     vertex  2.553510e+01  1.079435e+01  5.315724e+01
     vertex  2.555460e+01  1.079767e+01  2.750000e+01
     vertex  2.551022e+01  1.079030e+01  5.314610e+01
   endloop
 endfacet
 facet normal -1.684699e-01  9.857068e-01 -6.440565e-07
   outer loop
     vertex  2.555995e+01  1.079860e+01  5.316891e+01
     vertex  2.555460e+01  1.079767e+01  2.750000e+01
     vertex  2.553510e+01  1.079435e+01  5.315724e+01
   endloop
 endfacet
 facet normal -1.761117e-01  9.843702e-01  9.979142e-07
   outer loop
     vertex  2.558477e+01  1.080304e+01  5.318111e+01
     vertex  2.555460e+01  1.079767e+01  2.750000e+01
     vertex  2.555995e+01  1.079860e+01  5.316891e+01
   endloop
 endfacet
 facet normal -1.837467e-01  9.829736e-01  1.025914e-05
   outer loop
     vertex  2.560955e+01  1.080767e+01  5.319384e+01
     vertex  2.555460e+01  1.079767e+01  2.750000e+01
     vertex  2.558477e+01  1.080304e+01  5.318111e+01
   endloop
 endfacet
 facet normal -1.841461e-01  9.828989e-01  1.114256e-05
   outer loop
     vertex  2.560955e+01  1.080767e+01  5.319384e+01
     vertex  2.564224e+01  1.081409e+01  2.750000e+01
     vertex  2.555460e+01  1.079767e+01  2.750000e+01
   endloop
 endfacet
 facet normal -1.913617e-01  9.815196e-01  1.616488e-06
   outer loop
     vertex  2.563429e+01  1.081250e+01  5.320709e+01
     vertex  2.564224e+01  1.081409e+01  2.750000e+01
     vertex  2.560955e+01  1.080767e+01  5.319384e+01
   endloop
 endfacet
 facet normal -1.989682e-01  9.800059e-01 -8.297198e-07
   outer loop
     vertex  2.565900e+01  1.081751e+01  5.322087e+01
     vertex  2.564224e+01  1.081409e+01  2.750000e+01
     vertex  2.563429e+01  1.081250e+01  5.320709e+01
   endloop
 endfacet
 facet normal -2.065669e-01  9.784325e-01  4.329838e-06
   outer loop
     vertex  2.568366e+01  1.082272e+01  5.323518e+01
     vertex  2.564224e+01  1.081409e+01  2.750000e+01
     vertex  2.565900e+01  1.081751e+01  5.322087e+01
   endloop
 endfacet
 facet normal -2.110417e-01  9.774771e-01  1.185270e-05
   outer loop
     vertex  2.568366e+01  1.082272e+01  5.323518e+01
     vertex  2.572940e+01  1.083291e+01  2.750000e+01
     vertex  2.564224e+01  1.081409e+01  2.750000e+01
   endloop
 endfacet
 facet normal -2.141514e-01  9.768005e-01  6.058111e-06
   outer loop
     vertex  2.570829e+01  1.082812e+01  5.325001e+01
     vertex  2.572940e+01  1.083291e+01  2.750000e+01
     vertex  2.568366e+01  1.082272e+01  5.323518e+01
   endloop
 endfacet
 facet normal -2.217182e-01  9.751108e-01 -4.603303e-07
   outer loop
     vertex  2.573287e+01  1.083371e+01  5.326537e+01
     vertex  2.572940e+01  1.083291e+01  2.750000e+01
     vertex  2.570829e+01  1.082812e+01  5.325001e+01
   endloop
 endfacet
 facet normal -2.292760e-01  9.733615e-01  6.117527e-07
   outer loop
     vertex  2.575741e+01  1.083949e+01  5.328125e+01
     vertex  2.572940e+01  1.083291e+01  2.750000e+01
     vertex  2.573287e+01  1.083371e+01  5.326537e+01
   endloop
 endfacet
 facet normal -2.368248e-01  9.715524e-01  9.274426e-06
   outer loop
     vertex  2.578190e+01  1.084546e+01  5.329765e+01
     vertex  2.572940e+01  1.083291e+01  2.750000e+01
     vertex  2.575741e+01  1.083949e+01  5.328125e+01
   endloop
 endfacet
 facet normal -2.377784e-01  9.713194e-01  1.132842e-05
   outer loop
     vertex  2.578190e+01  1.084546e+01  5.329765e+01
     vertex  2.581601e+01  1.085411e+01  2.750000e+01
     vertex  2.572940e+01  1.083291e+01  2.750000e+01
   endloop
 endfacet
 facet normal -2.443495e-01  9.696872e-01  2.092612e-06
   outer loop
     vertex  2.580635e+01  1.085162e+01  5.331458e+01
     vertex  2.581601e+01  1.085411e+01  2.750000e+01
     vertex  2.578190e+01  1.084546e+01  5.329765e+01
   endloop
 endfacet
 facet normal -2.518619e-01  9.677632e-01 -9.056264e-07
   outer loop
     vertex  2.583075e+01  1.085797e+01  5.333202e+01
     vertex  2.581601e+01  1.085411e+01  2.750000e+01
     vertex  2.580635e+01  1.085162e+01  5.331458e+01
   endloop
 endfacet
 facet normal -2.606132e-01  9.654433e-01  4.432027e-06
   outer loop
     vertex  2.586320e+01  1.086673e+01  5.335609e+01
     vertex  2.581601e+01  1.085411e+01  2.750000e+01
     vertex  2.583075e+01  1.085797e+01  5.333202e+01
   endloop
 endfacet
 facet normal -2.643362e-01  9.644306e-01  1.172019e-05
   outer loop
     vertex  2.586320e+01  1.086673e+01  5.335609e+01
     vertex  2.590201e+01  1.087768e+01  2.750000e+01
     vertex  2.581601e+01  1.085411e+01  2.750000e+01
   endloop
 endfacet
 facet normal -2.712040e-01  9.625219e-01  6.023763e-07
   outer loop
     vertex  2.589960e+01  1.087698e+01  5.338427e+01
     vertex  2.590201e+01  1.087768e+01  2.750000e+01
     vertex  2.586320e+01  1.086673e+01  5.335609e+01
   endloop
 endfacet
 facet normal -2.823840e-01  9.593015e-01 -5.272956e-07
   outer loop
     vertex  2.593587e+01  1.088766e+01  5.341361e+01
     vertex  2.590201e+01  1.087768e+01  2.750000e+01
     vertex  2.589960e+01  1.087698e+01  5.338427e+01
   endloop
 endfacet
 facet normal -2.906949e-01  9.568158e-01  1.129008e-05
   outer loop
     vertex  2.593587e+01  1.088766e+01  5.341361e+01
     vertex  2.598733e+01  1.090360e+01  2.750000e+01
     vertex  2.590201e+01  1.087768e+01  2.750000e+01
   endloop
 endfacet
 facet normal -2.935309e-01  9.559496e-01  5.125877e-06
   outer loop
     vertex  2.597202e+01  1.089876e+01  5.344410e+01
     vertex  2.598733e+01  1.090360e+01  2.750000e+01
     vertex  2.593587e+01  1.088766e+01  5.341361e+01
   endloop
 endfacet
 facet normal -3.046281e-01  9.524714e-01 -2.070588e-06
   outer loop
     vertex  2.600804e+01  1.091028e+01  5.347575e+01
     vertex  2.598733e+01  1.090360e+01  2.750000e+01
     vertex  2.597202e+01  1.089876e+01  5.344410e+01
   endloop
 endfacet
 facet normal -3.156976e-01  9.488598e-01  7.683769e-06
   outer loop
     vertex  2.604392e+01  1.092222e+01  5.350855e+01
     vertex  2.598733e+01  1.090360e+01  2.750000e+01
     vertex  2.600804e+01  1.091028e+01  5.347575e+01
   endloop
 endfacet
 facet normal -3.168348e-01  9.484807e-01  1.042952e-05
   outer loop
     vertex  2.604392e+01  1.092222e+01  5.350855e+01
     vertex  2.607190e+01  1.093185e+01  2.750000e+01
     vertex  2.598733e+01  1.090360e+01  2.750000e+01
   endloop
 endfacet
 facet normal -3.267089e-01  9.451250e-01 -1.437486e-06
   outer loop
     vertex  2.607966e+01  1.093457e+01  5.354250e+01
     vertex  2.607190e+01  1.093185e+01  2.750000e+01
     vertex  2.604392e+01  1.092222e+01  5.350855e+01
   endloop
 endfacet
 facet normal -3.376867e-01  9.412586e-01  2.235956e-06
   outer loop
     vertex  2.611525e+01  1.094734e+01  5.357758e+01
     vertex  2.607190e+01  1.093185e+01  2.750000e+01
     vertex  2.607966e+01  1.093457e+01  5.354250e+01
   endloop
 endfacet
 facet normal -3.427362e-01  9.394317e-01  1.171518e-05
   outer loop
     vertex  2.611525e+01  1.094734e+01  5.357758e+01
     vertex  2.615567e+01  1.096242e+01  2.750000e+01
     vertex  2.607190e+01  1.093185e+01  2.750000e+01
   endloop
 endfacet
 facet normal -3.486149e-01  9.372661e-01  1.352154e-06
   outer loop
     vertex  2.615070e+01  1.096053e+01  5.361380e+01
     vertex  2.615567e+01  1.096242e+01  2.750000e+01
     vertex  2.611525e+01  1.094734e+01  5.357758e+01
   endloop
 endfacet
 facet normal -3.594944e-01  9.331472e-01 -1.018529e-06
   outer loop
     vertex  2.618598e+01  1.097412e+01  5.365115e+01
     vertex  2.615567e+01  1.096242e+01  2.750000e+01
     vertex  2.615070e+01  1.096053e+01  5.361380e+01
   endloop
 endfacet
 facet normal -3.683796e-01  9.296754e-01  1.083435e-05
   outer loop
     vertex  2.618598e+01  1.097412e+01  5.365115e+01
     vertex  2.623857e+01  1.099526e+01  2.750000e+01
     vertex  2.615567e+01  1.096242e+01  2.750000e+01
   endloop
 endfacet
 facet normal -3.703343e-01  9.288985e-01  6.275637e-06
   outer loop
     vertex  2.622111e+01  1.098813e+01  5.368963e+01
     vertex  2.623857e+01  1.099526e+01  2.750000e+01
     vertex  2.618598e+01  1.097412e+01  5.365115e+01
   endloop
 endfacet
 facet normal -3.811093e-01  9.245300e-01 -2.098464e-06
   outer loop
     vertex  2.625607e+01  1.100254e+01  5.372922e+01
     vertex  2.623857e+01  1.099526e+01  2.750000e+01
     vertex  2.622111e+01  1.098813e+01  5.368963e+01
   endloop
 endfacet
 facet normal -3.937458e-01  9.192194e-01  1.077264e-05
   outer loop
     vertex  2.629086e+01  1.101735e+01  5.376993e+01
     vertex  2.632054e+01  1.103037e+01  2.750000e+01
     vertex  2.623857e+01  1.099526e+01  2.750000e+01
   endloop
 endfacet
 facet normal -3.918488e-01  9.200296e-01  6.315367e-06
   outer loop
     vertex  2.629086e+01  1.101735e+01  5.376993e+01
     vertex  2.623857e+01  1.099526e+01  2.750000e+01
     vertex  2.625607e+01  1.100254e+01  5.372922e+01
   endloop
 endfacet
 facet normal -4.025198e-01  9.154113e-01 -1.025475e-06
   outer loop
     vertex  2.632548e+01  1.103258e+01  5.381175e+01
     vertex  2.632054e+01  1.103037e+01  2.750000e+01
     vertex  2.629086e+01  1.101735e+01  5.376993e+01
   endloop
 endfacet
 facet normal -4.188155e-01  9.080714e-01  1.086003e-05
   outer loop
     vertex  2.637135e+01  1.105350e+01  5.386923e+01
     vertex  2.640151e+01  1.106772e+01  2.750000e+01
     vertex  2.632054e+01  1.103037e+01  2.750000e+01
   endloop
 endfacet
 facet normal -4.149117e-01  9.098617e-01  1.766867e-06
   outer loop
     vertex  2.637135e+01  1.105350e+01  5.386923e+01
     vertex  2.632054e+01  1.103037e+01  2.750000e+01
     vertex  2.632548e+01  1.103258e+01  5.381175e+01
   endloop
 endfacet
 facet normal -4.435699e-01  8.962398e-01  8.952156e-06
   outer loop
     vertex  2.642257e+01  1.107788e+01  5.393622e+01
     vertex  2.648142e+01  1.110727e+01  2.750000e+01
     vertex  2.640151e+01  1.106772e+01  2.750000e+01
   endloop
 endfacet
 facet normal -4.298457e-01  9.029023e-01 -4.541526e-06
   outer loop
     vertex  2.642257e+01  1.107788e+01  5.393622e+01
     vertex  2.640151e+01  1.106772e+01  2.750000e+01
     vertex  2.637135e+01  1.105350e+01  5.386923e+01
   endloop
 endfacet
 facet normal -4.455466e-01  8.952587e-01  3.460499e-06
   outer loop
     vertex  2.647335e+01  1.110315e+01  5.400565e+01
     vertex  2.648142e+01  1.110727e+01  2.750000e+01
     vertex  2.642257e+01  1.107788e+01  5.393622e+01
   endloop
 endfacet
 facet normal -4.679904e-01  8.837335e-01  1.145238e-05
   outer loop
     vertex  2.652368e+01  1.112930e+01  5.407751e+01
     vertex  2.656023e+01  1.114900e+01  2.750000e+01
     vertex  2.648142e+01  1.110727e+01  2.750000e+01
   endloop
 endfacet
 facet normal -4.610965e-01  8.873500e-01 -2.506721e-06
   outer loop
     vertex  2.652368e+01  1.112930e+01  5.407751e+01
     vertex  2.648142e+01  1.110727e+01  2.750000e+01
     vertex  2.647335e+01  1.110315e+01  5.400565e+01
   endloop
 endfacet
 facet normal -4.765112e-01  8.791684e-01 -3.647169e-06
   outer loop
     vertex  2.657355e+01  1.115633e+01  5.415177e+01
     vertex  2.656023e+01  1.114900e+01  2.750000e+01
     vertex  2.652368e+01  1.112930e+01  5.407751e+01
   endloop
 endfacet
 facet normal -4.917938e-01  8.707117e-01  6.319305e-06
   outer loop
     vertex  2.662294e+01  1.118423e+01  5.422842e+01
     vertex  2.656023e+01  1.114900e+01  2.750000e+01
     vertex  2.657355e+01  1.115633e+01  5.415177e+01
   endloop
 endfacet
 facet normal -4.920587e-01  8.705620e-01  7.138092e-06
   outer loop
     vertex  2.662294e+01  1.118423e+01  5.422842e+01
     vertex  2.663785e+01  1.119288e+01  2.750000e+01
     vertex  2.656023e+01  1.114900e+01  2.750000e+01
   endloop
 endfacet
 facet normal -5.157565e-01  8.567352e-01  1.125878e-05
   outer loop
     vertex  2.667183e+01  1.121298e+01  5.430741e+01
     vertex  2.671425e+01  1.123887e+01  2.750000e+01
     vertex  2.663785e+01  1.119288e+01  2.750000e+01
   endloop
 endfacet
 facet normal -5.069028e-01  8.620032e-01 -3.914549e-06
   outer loop
     vertex  2.667183e+01  1.121298e+01  5.430741e+01
     vertex  2.663785e+01  1.119288e+01  2.750000e+01
     vertex  2.662294e+01  1.118423e+01  5.422842e+01
   endloop
 endfacet
 facet normal -5.218717e-01  8.530240e-01 -2.000259e-06
   outer loop
     vertex  2.672022e+01  1.124258e+01  5.438874e+01
     vertex  2.671425e+01  1.123887e+01  2.750000e+01
     vertex  2.667183e+01  1.121298e+01  5.430741e+01
   endloop
 endfacet
 facet normal -5.390661e-01  8.422635e-01  9.242403e-06
   outer loop
     vertex  2.676808e+01  1.127303e+01  5.447238e+01
     vertex  2.678935e+01  1.128694e+01  2.750000e+01
     vertex  2.671425e+01  1.123887e+01  2.750000e+01
   endloop
 endfacet
 facet normal -5.366851e-01  8.437826e-01  2.566498e-06
   outer loop
     vertex  2.676808e+01  1.127303e+01  5.447238e+01
     vertex  2.671425e+01  1.123887e+01  2.750000e+01
     vertex  2.672022e+01  1.124258e+01  5.438874e+01
   endloop
 endfacet
 facet normal -5.619699e-01  8.271577e-01  1.029996e-05
   outer loop
     vertex  2.681540e+01  1.130430e+01  5.455830e+01
     vertex  2.686311e+01  1.133705e+01  2.750000e+01
     vertex  2.678935e+01  1.128694e+01  2.750000e+01
   endloop
 endfacet
 facet normal -5.513205e-01  8.342936e-01 -4.532029e-06
   outer loop
     vertex  2.681540e+01  1.130430e+01  5.455830e+01
     vertex  2.678935e+01  1.128694e+01  2.750000e+01
     vertex  2.676808e+01  1.127303e+01  5.447238e+01
   endloop
 endfacet
 facet normal -5.844507e-01  8.114292e-01  7.181366e-06
   outer loop
     vertex  2.687764e+01  1.134727e+01  5.467637e+01
     vertex  2.693546e+01  1.138916e+01  2.750000e+01
     vertex  2.686311e+01  1.133705e+01  2.750000e+01
   endloop
 endfacet
 facet normal -5.681911e-01  8.228966e-01 -5.825496e-06
   outer loop
     vertex  2.687764e+01  1.134727e+01  5.467637e+01
     vertex  2.686311e+01  1.133705e+01  2.750000e+01
     vertex  2.681540e+01  1.130430e+01  5.455830e+01
   endloop
 endfacet
 facet normal -6.064915e-01  7.950900e-01  5.816195e-06
   outer loop
     vertex  2.694643e+01  1.139733e+01  5.481391e+01
     vertex  2.700636e+01  1.144324e+01  2.750000e+01
     vertex  2.693546e+01  1.138916e+01  2.750000e+01
   endloop
 endfacet
 facet normal -5.883620e-01  8.085977e-01 -5.505761e-06
   outer loop
     vertex  2.694643e+01  1.139733e+01  5.481391e+01
     vertex  2.693546e+01  1.138916e+01  2.750000e+01
     vertex  2.687764e+01  1.134727e+01  5.467637e+01
   endloop
 endfacet
 facet normal -6.280757e-01  7.781522e-01  4.276688e-06
   outer loop
     vertex  2.701390e+01  1.144917e+01  5.495634e+01
     vertex  2.707575e+01  1.149925e+01  2.750000e+01
     vertex  2.700636e+01  1.144324e+01  2.750000e+01
   endloop
 endfacet
 facet normal -6.093286e-01  7.929178e-01 -4.059414e-06
   outer loop
     vertex  2.701390e+01  1.144917e+01  5.495634e+01
     vertex  2.700636e+01  1.144324e+01  2.750000e+01
     vertex  2.694643e+01  1.139733e+01  5.481391e+01
   endloop
 endfacet
 facet normal -6.491872e-01  7.606287e-01  2.566374e-06
   outer loop
     vertex  2.707998e+01  1.150276e+01  5.510359e+01
     vertex  2.714357e+01  1.155713e+01  2.750000e+01
     vertex  2.707575e+01  1.149925e+01  2.750000e+01
   endloop
 endfacet
 facet normal -6.298778e-01  7.766942e-01 -2.441849e-06
   outer loop
     vertex  2.707998e+01  1.150276e+01  5.510359e+01
     vertex  2.707575e+01  1.149925e+01  2.750000e+01
     vertex  2.701390e+01  1.144917e+01  5.495634e+01
   endloop
 endfacet
 facet normal -6.499957e-01  7.599379e-01 -6.568416e-07
   outer loop
     vertex  2.714464e+01  1.155807e+01  5.525553e+01
     vertex  2.714357e+01  1.155713e+01  2.750000e+01
     vertex  2.707998e+01  1.150276e+01  5.510359e+01
   endloop
 endfacet
 facet normal -6.698100e-01  7.425325e-01  1.273513e-06
   outer loop
     vertex  2.720782e+01  1.161504e+01  5.541207e+01
     vertex  2.720978e+01  1.161686e+01  2.750000e+01
     vertex  2.714357e+01  1.155713e+01  2.750000e+01
   endloop
 endfacet
 facet normal -6.696676e-01  7.426610e-01  6.790786e-07
   outer loop
     vertex  2.720782e+01  1.161504e+01  5.541207e+01
     vertex  2.714357e+01  1.155713e+01  2.750000e+01
     vertex  2.714464e+01  1.155807e+01  5.525553e+01
   endloop
 endfacet
 facet normal -6.899286e-01  7.238775e-01  3.052371e-06
   outer loop
     vertex  2.726950e+01  1.167366e+01  5.557310e+01
     vertex  2.727433e+01  1.167838e+01  2.750000e+01
     vertex  2.720978e+01  1.161686e+01  2.750000e+01
   endloop
 endfacet
 facet normal -6.888760e-01  7.248792e-01 -1.213119e-06
   outer loop
     vertex  2.726950e+01  1.167366e+01  5.557310e+01
     vertex  2.720978e+01  1.161686e+01  2.750000e+01
     vertex  2.720782e+01  1.161504e+01  5.541207e+01
   endloop
 endfacet
 facet normal -7.095278e-01  7.046775e-01  4.628161e-06
   outer loop
     vertex  2.732962e+01  1.173386e+01  5.573852e+01
     vertex  2.733717e+01  1.174165e+01  2.750000e+01
     vertex  2.727433e+01  1.167838e+01  2.750000e+01
   endloop
 endfacet
 facet normal -7.076126e-01  7.066006e-01 -2.899634e-06
   outer loop
     vertex  2.732962e+01  1.173386e+01  5.573852e+01
     vertex  2.727433e+01  1.167838e+01  2.750000e+01
     vertex  2.726950e+01  1.167366e+01  5.557310e+01
   endloop
 endfacet
 facet normal -7.285929e-01  6.849470e-01  6.003725e-06
   outer loop
     vertex  2.738814e+01  1.179562e+01  5.590820e+01
     vertex  2.739824e+01  1.180662e+01  2.750000e+01
     vertex  2.733717e+01  1.174165e+01  2.750000e+01
   endloop
 endfacet
 facet normal -7.258646e-01  6.878376e-01 -4.383296e-06
   outer loop
     vertex  2.738814e+01  1.179562e+01  5.590820e+01
     vertex  2.733717e+01  1.174165e+01  2.750000e+01
     vertex  2.732962e+01  1.173386e+01  5.573852e+01
   endloop
 endfacet
 facet normal -7.471095e-01  6.647010e-01 -4.942570e-06
   outer loop
     vertex  2.746362e+01  1.188031e+01  5.614087e+01
     vertex  2.745751e+01  1.187323e+01  2.750000e+01
     vertex  2.739824e+01  1.180662e+01  2.750000e+01
   endloop
 endfacet
 facet normal -7.650637e-01  6.439545e-01  4.005342e-06
   outer loop
     vertex  2.746362e+01  1.188031e+01  5.614087e+01
     vertex  2.751493e+01  1.194145e+01  2.750000e+01
     vertex  2.745751e+01  1.187323e+01  2.750000e+01
   endloop
 endfacet
 facet normal -7.465265e-01  6.653557e-01 -7.958078e-06
   outer loop
     vertex  2.746362e+01  1.188031e+01  5.614087e+01
     vertex  2.739824e+01  1.180662e+01  2.750000e+01
     vertex  2.738814e+01  1.179562e+01  5.590820e+01
   endloop
 endfacet
 facet normal -7.824421e-01  6.227234e-01  1.052336e-05
   outer loop
     vertex  2.754493e+01  1.197866e+01  5.641110e+01
     vertex  2.757046e+01  1.201122e+01  2.750000e+01
     vertex  2.751493e+01  1.194145e+01  2.750000e+01
   endloop
 endfacet
 facet normal -7.706671e-01  6.372380e-01 -2.037461e-05
   outer loop
     vertex  2.754493e+01  1.197866e+01  5.641110e+01
     vertex  2.751493e+01  1.194145e+01  2.750000e+01
     vertex  2.746362e+01  1.188031e+01  5.614087e+01
   endloop
 endfacet
 facet normal -7.992314e-01  6.010234e-01  1.328059e-06
   outer loop
     vertex  2.762233e+01  1.208013e+01  5.668989e+01
     vertex  2.762405e+01  1.208249e+01  2.750000e+01
     vertex  2.757046e+01  1.201122e+01  2.750000e+01
   endloop
 endfacet
 facet normal -8.154191e-01  5.788711e-01 -1.418024e-06
   outer loop
     vertex  2.762233e+01  1.208013e+01  5.668989e+01
     vertex  2.767567e+01  1.215520e+01  2.750000e+01
     vertex  2.762405e+01  1.208249e+01  2.750000e+01
   endloop
 endfacet
 facet normal -7.950918e-01  6.064891e-01 -1.893057e-05
   outer loop
     vertex  2.762233e+01  1.208013e+01  5.668989e+01
     vertex  2.757046e+01  1.201122e+01  2.750000e+01
     vertex  2.754493e+01  1.197866e+01  5.641110e+01
   endloop
 endfacet
 facet normal -8.309929e-01  5.562829e-01  9.947438e-06
   outer loop
     vertex  2.769568e+01  1.218456e+01  5.697682e+01
     vertex  2.772527e+01  1.222930e+01  2.750000e+01
     vertex  2.767567e+01  1.215520e+01  2.750000e+01
   endloop
 endfacet
 facet normal -8.182910e-01  5.748042e-01 -1.712503e-05
   outer loop
     vertex  2.769568e+01  1.218456e+01  5.697682e+01
     vertex  2.767567e+01  1.215520e+01  2.750000e+01
     vertex  2.762233e+01  1.208013e+01  5.668989e+01
   endloop
 endfacet
 facet normal -8.459413e-01  5.332761e-01  5.805224e-06
   outer loop
     vertex  2.776488e+01  1.229180e+01  5.727143e+01
     vertex  2.777283e+01  1.230473e+01  2.750000e+01
     vertex  2.772527e+01  1.222930e+01  2.750000e+01
   endloop
 endfacet
 facet normal -8.602528e-01  5.098678e-01 -8.187740e-06
   outer loop
     vertex  2.776488e+01  1.229180e+01  5.727143e+01
     vertex  2.781829e+01  1.238144e+01  2.750000e+01
     vertex  2.777283e+01  1.230473e+01  2.750000e+01
   endloop
 endfacet
 facet normal -8.402218e-01  5.422429e-01 -2.062578e-05
   outer loop
     vertex  2.776488e+01  1.229180e+01  5.727143e+01
     vertex  2.772527e+01  1.222930e+01  2.750000e+01
     vertex  2.769568e+01  1.218456e+01  5.697682e+01
   endloop
 endfacet
 facet normal -8.739167e-01  4.860756e-01  7.845193e-06
   outer loop
     vertex  2.782981e+01  1.240166e+01  5.757328e+01
     vertex  2.786163e+01  1.245937e+01  2.750000e+01
     vertex  2.781829e+01  1.238144e+01  2.750000e+01
   endloop
 endfacet
 facet normal -8.608715e-01  5.088224e-01 -1.244552e-05
   outer loop
     vertex  2.782981e+01  1.240166e+01  5.757328e+01
     vertex  2.781829e+01  1.238144e+01  2.750000e+01
     vertex  2.776488e+01  1.229180e+01  5.727143e+01
   endloop
 endfacet
 facet normal -8.869228e-01  4.619176e-01  8.578475e-06
   outer loop
     vertex  2.789038e+01  1.251399e+01  5.788191e+01
     vertex  2.790282e+01  1.253845e+01  2.750000e+01
     vertex  2.786163e+01  1.245937e+01  2.750000e+01
   endloop
 endfacet
 facet normal -8.801742e-01  4.746508e-01 -2.069924e-05
   outer loop
     vertex  2.789038e+01  1.251399e+01  5.788191e+01
     vertex  2.786163e+01  1.245937e+01  2.750000e+01
     vertex  2.782981e+01  1.240166e+01  5.757328e+01
   endloop
 endfacet
 facet normal -8.992613e-01  4.374119e-01 -5.527121e-06
   outer loop
     vertex  2.794649e+01  1.262861e+01  5.819682e+01
     vertex  2.794183e+01  1.261864e+01  2.750000e+01
     vertex  2.790282e+01  1.253845e+01  2.750000e+01
   endloop
 endfacet
 facet normal -9.109228e-01  4.125769e-01  4.312444e-06
   outer loop
     vertex  2.794649e+01  1.262861e+01  5.819682e+01
     vertex  2.797862e+01  1.269986e+01  2.750000e+01
     vertex  2.794183e+01  1.261864e+01  2.750000e+01
   endloop
 endfacet
 facet normal -8.981372e-01  4.397153e-01 -1.389151e-05
   outer loop
     vertex  2.794649e+01  1.262861e+01  5.819682e+01
     vertex  2.790282e+01  1.253845e+01  2.750000e+01
     vertex  2.789038e+01  1.251399e+01  5.788191e+01
   endloop
 endfacet
 facet normal -9.218986e-01  3.874313e-01  9.741788e-06
   outer loop
     vertex  2.799806e+01  1.274535e+01  5.851755e+01
     vertex  2.801316e+01  1.278207e+01  2.750000e+01
     vertex  2.797862e+01  1.269986e+01  2.750000e+01
   endloop
 endfacet
 facet normal -9.147021e-01  4.041287e-01 -1.925287e-05
   outer loop
     vertex  2.799806e+01  1.274535e+01  5.851755e+01
     vertex  2.797862e+01  1.269986e+01  2.750000e+01
     vertex  2.794649e+01  1.262861e+01  5.819682e+01
   endloop
 endfacet
 facet normal -9.298645e-01  3.679022e-01 -1.725861e-05
   outer loop
     vertex  2.804500e+01  1.286402e+01  5.884359e+01
     vertex  2.801316e+01  1.278207e+01  2.750000e+01
     vertex  2.799806e+01  1.274535e+01  5.851755e+01
   endloop
 endfacet
 facet normal -9.321804e-01  3.619940e-01  5.408905e-07
   outer loop
     vertex  2.804500e+01  1.286402e+01  5.884359e+01
     vertex  2.804544e+01  1.286519e+01  2.750000e+01
     vertex  2.801316e+01  1.278207e+01  2.750000e+01
   endloop
 endfacet
 facet normal -9.417605e-01  3.362843e-01 -5.563124e-07
   outer loop
     vertex  2.804500e+01  1.286402e+01  5.884359e+01
     vertex  2.807543e+01  1.294917e+01  2.750000e+01
     vertex  2.804544e+01  1.286519e+01  2.750000e+01
   endloop
 endfacet
 facet normal -9.506317e-01  3.103214e-01  3.638908e-06
   outer loop
     vertex  2.810028e+01  1.302494e+01  5.928572e+01
     vertex  2.810310e+01  1.303393e+01  2.750000e+01
     vertex  2.807543e+01  1.294917e+01  2.750000e+01
   endloop
 endfacet
 facet normal -9.587873e-01  2.841250e-01 -4.499321e-06
   outer loop
     vertex  2.810028e+01  1.302494e+01  5.928572e+01
     vertex  2.812843e+01  1.311943e+01  2.750000e+01
     vertex  2.810310e+01  1.303393e+01  2.750000e+01
   endloop
 endfacet
 facet normal -9.457229e-01  3.249743e-01 -3.512816e-05
   outer loop
     vertex  2.810028e+01  1.302494e+01  5.928572e+01
     vertex  2.807543e+01  1.294917e+01  2.750000e+01
     vertex  2.804500e+01  1.286402e+01  5.884359e+01
   endloop
 endfacet
 facet normal -9.623227e-01  2.719100e-01 -4.394284e-05
   outer loop
     vertex  2.815231e+01  1.320914e+01  5.979182e+01
     vertex  2.812843e+01  1.311943e+01  2.750000e+01
     vertex  2.810028e+01  1.302494e+01  5.928572e+01
   endloop
 endfacet
 facet normal -9.662211e-01  2.577146e-01 -1.622356e-06
   outer loop
     vertex  2.815231e+01  1.320914e+01  5.979182e+01
     vertex  2.815141e+01  1.320558e+01  2.750000e+01
     vertex  2.812843e+01  1.311943e+01  2.750000e+01
   endloop
 endfacet
 facet normal -9.729276e-01  2.311102e-01  1.494168e-06
   outer loop
     vertex  2.815231e+01  1.320914e+01  5.979182e+01
     vertex  2.817202e+01  1.329234e+01  2.750000e+01
     vertex  2.815141e+01  1.320558e+01  2.750000e+01
   endloop
 endfacet
 facet normal -9.766614e-01  2.147848e-01 -4.284673e-05
   outer loop
     vertex  2.819340e+01  1.339609e+01  6.030546e+01
     vertex  2.817202e+01  1.329234e+01  2.750000e+01
     vertex  2.815231e+01  1.320914e+01  5.979182e+01
   endloop
 endfacet
 facet normal -9.789017e-01  2.043319e-01 -8.328194e-06
   outer loop
     vertex  2.819340e+01  1.339609e+01  6.030546e+01
     vertex  2.819024e+01  1.337963e+01  2.750000e+01
     vertex  2.817202e+01  1.329234e+01  2.750000e+01
   endloop
 endfacet
 facet normal -9.841389e-01  1.773998e-01  5.692468e-06
   outer loop
     vertex  2.819340e+01  1.339609e+01  6.030546e+01
     vertex  2.820606e+01  1.346738e+01  2.750000e+01
     vertex  2.819024e+01  1.337963e+01  2.750000e+01
   endloop
 endfacet
 facet normal -9.876129e-01  1.569098e-01 -4.017571e-05
   outer loop
     vertex  2.822341e+01  1.358514e+01  6.082486e+01
     vertex  2.820606e+01  1.346738e+01  2.750000e+01
     vertex  2.819340e+01  1.339609e+01  6.030546e+01
   endloop
 endfacet
 facet normal -9.886353e-01  1.503341e-01 -1.640803e-05
   outer loop
     vertex  2.822341e+01  1.358514e+01  6.082486e+01
     vertex  2.821946e+01  1.355554e+01  2.750000e+01
     vertex  2.820606e+01  1.346738e+01  2.750000e+01
   endloop
 endfacet
 facet normal -9.923874e-01  1.231552e-01  8.176104e-06
   outer loop
     vertex  2.822341e+01  1.358514e+01  6.082486e+01
     vertex  2.823045e+01  1.364403e+01  2.750000e+01
     vertex  2.821946e+01  1.355554e+01  2.750000e+01
   endloop
 endfacet
 facet normal -9.951385e-01  9.848579e-02 -3.600053e-05
   outer loop
     vertex  2.824225e+01  1.377562e+01  6.134820e+01
     vertex  2.823045e+01  1.364403e+01  2.750000e+01
     vertex  2.822341e+01  1.358514e+01  6.082486e+01
   endloop
 endfacet
 facet normal -9.953925e-01  9.588368e-02 -2.579574e-05
   outer loop
     vertex  2.824225e+01  1.377562e+01  6.134820e+01
     vertex  2.823900e+01  1.373279e+01  2.750000e+01
     vertex  2.823045e+01  1.364403e+01  2.750000e+01
   endloop
 endfacet
 facet normal -9.976484e-01  6.853995e-02  9.023178e-06
   outer loop
     vertex  2.824225e+01  1.377562e+01  6.134820e+01
     vertex  2.824511e+01  1.382175e+01  2.750000e+01
     vertex  2.823900e+01  1.373279e+01  2.750000e+01
   endloop
 endfacet
 facet normal -9.986556e-01  5.183592e-02 -1.382502e-05
   outer loop
     vertex  2.824806e+01  1.388774e+01  6.165626e+01
     vertex  2.824511e+01  1.382175e+01  2.750000e+01
     vertex  2.824225e+01  1.377562e+01  6.134820e+01
   endloop
 endfacet
 facet normal -9.991532e-01  4.114462e-02  6.875871e-06
   outer loop
     vertex  2.824806e+01  1.388774e+01  6.165626e+01
     vertex  2.824878e+01  1.391084e+01  2.750000e+01
     vertex  2.824511e+01  1.382175e+01  2.750000e+01
   endloop
 endfacet
 facet normal -9.998504e-01  1.729833e-02 -9.263514e-06
   outer loop
     vertex  2.825000e+01  1.400000e+01  6.196468e+01
     vertex  2.824878e+01  1.391084e+01  2.750000e+01
     vertex  2.824806e+01  1.388774e+01  6.165626e+01
   endloop
 endfacet
 facet normal -9.999059e-01  1.371831e-02  0.000000e+00
   outer loop
     vertex  2.825000e+01  1.400000e+01  6.196468e+01
     vertex  2.825000e+01  1.400000e+01  2.750000e+01
     vertex  2.824878e+01  1.391084e+01  2.750000e+01
   endloop
 endfacet
 facet normal  1.000000e+00  0.000000e+00  0.000000e+00
   outer loop
     vertex  3.500000e+01  1.637866e+01  6.850000e+01
     vertex  3.500000e+01  0.000000e+00  2.350000e+01
     vertex  3.500000e+01  3.400000e+01  2.350000e+01
   endloop
 endfacet
 facet normal  0.000000e+00  0.000000e+00 -1.000000e+00
   outer loop
     vertex  2.622252e+01  2.718129e+01  2.350000e+01
     vertex  2.618965e+01  2.721439e+01  2.350000e+01
     vertex  3.500000e+01  3.400000e+01  2.350000e+01
   endloop
 endfacet
 facet normal  0.000000e+00  0.000000e+00 -1.000000e+00
   outer loop
     vertex  2.615589e+01  2.724657e+01  2.350000e+01
     vertex  3.500000e+01  3.400000e+01  2.350000e+01
     vertex  2.618965e+01  2.721439e+01  2.350000e+01
   endloop
 endfacet
 facet normal  0.000000e+00  0.000000e+00 -1.000000e+00
   outer loop
     vertex  2.625447e+01  2.714731e+01  2.350000e+01
     vertex  2.622252e+01  2.718129e+01  2.350000e+01
     vertex  3.500000e+01  3.400000e+01  2.350000e+01
   endloop
 endfacet
 facet normal  0.000000e+00  0.000000e+00 -1.000000e+00
   outer loop
     vertex  2.612125e+01  2.727781e+01  2.350000e+01
     vertex  3.500000e+01  3.400000e+01  2.350000e+01
     vertex  2.615589e+01  2.724657e+01  2.350000e+01
   endloop
 endfacet
 facet normal  0.000000e+00  0.000000e+00 -1.000000e+00
   outer loop
     vertex  2.628547e+01  2.711246e+01  2.350000e+01
     vertex  2.625447e+01  2.714731e+01  2.350000e+01
     vertex  3.500000e+01  3.400000e+01  2.350000e+01
   endloop
 endfacet
 facet normal  0.000000e+00  0.000000e+00 -1.000000e+00
   outer loop
     vertex  2.608578e+01  2.730809e+01  2.350000e+01
     vertex  3.500000e+01  3.400000e+01  2.350000e+01
     vertex  2.612125e+01  2.727781e+01  2.350000e+01
   endloop
 endfacet
 facet normal  0.000000e+00  0.000000e+00 -1.000000e+00
   outer loop
     vertex  2.631550e+01  2.707678e+01  2.350000e+01
     vertex  2.628547e+01  2.711246e+01  2.350000e+01
     vertex  3.500000e+01  3.400000e+01  2.350000e+01
   endloop
 endfacet
 facet normal  0.000000e+00  0.000000e+00 -1.000000e+00
   outer loop
     vertex  2.604948e+01  2.733738e+01  2.350000e+01
     vertex  3.500000e+01  3.400000e+01  2.350000e+01
     vertex  2.608578e+01  2.730809e+01  2.350000e+01
   endloop
 endfacet
 facet normal  0.000000e+00  0.000000e+00 -1.000000e+00
   outer loop
     vertex  2.634455e+01  2.704028e+01  2.350000e+01
     vertex  2.631550e+01  2.707678e+01  2.350000e+01
     vertex  3.500000e+01  3.400000e+01  2.350000e+01
   endloop
 endfacet
 facet normal  0.000000e+00  0.000000e+00 -1.000000e+00
   outer loop
     vertex  2.601240e+01  2.736567e+01  2.350000e+01
     vertex  3.500000e+01  3.400000e+01  2.350000e+01
     vertex  2.604948e+01  2.733738e+01  2.350000e+01
   endloop
 endfacet
 facet normal  0.000000e+00  0.000000e+00 -1.000000e+00
   outer loop
     vertex  2.637258e+01  2.700300e+01  2.350000e+01
     vertex  2.634455e+01  2.704028e+01  2.350000e+01
     vertex  3.500000e+01  3.400000e+01  2.350000e+01
   endloop
 endfacet
 facet normal  0.000000e+00  0.000000e+00 -1.000000e+00
   outer loop
     vertex  2.597455e+01  2.739293e+01  2.350000e+01
     vertex  3.500000e+01  3.400000e+01  2.350000e+01
     vertex  2.601240e+01  2.736567e+01  2.350000e+01
   endloop
 endfacet
 facet normal  0.000000e+00  0.000000e+00 -1.000000e+00
   outer loop
     vertex  2.639958e+01  2.696497e+01  2.350000e+01
     vertex  2.637258e+01  2.700300e+01  2.350000e+01
     vertex  3.500000e+01  3.400000e+01  2.350000e+01
   endloop
 endfacet
 facet normal  0.000000e+00  0.000000e+00 -1.000000e+00
   outer loop
     vertex  2.593597e+01  2.741914e+01  2.350000e+01
     vertex  3.500000e+01  3.400000e+01  2.350000e+01
     vertex  2.597455e+01  2.739293e+01  2.350000e+01
   endloop
 endfacet
 facet normal  0.000000e+00  0.000000e+00 -1.000000e+00
   outer loop
     vertex  2.642553e+01  2.692621e+01  2.350000e+01
     vertex  2.639958e+01  2.696497e+01  2.350000e+01
     vertex  3.500000e+01  3.400000e+01  2.350000e+01
   endloop
 endfacet
 facet normal  0.000000e+00  0.000000e+00 -1.000000e+00
   outer loop
     vertex  2.589668e+01  2.744428e+01  2.350000e+01
     vertex  3.500000e+01  3.400000e+01  2.350000e+01
     vertex  2.593597e+01  2.741914e+01  2.350000e+01
   endloop
 endfacet
 facet normal  0.000000e+00  0.000000e+00 -1.000000e+00
   outer loop
     vertex  2.645040e+01  2.688676e+01  2.350000e+01
     vertex  2.642553e+01  2.692621e+01  2.350000e+01
     vertex  3.500000e+01  3.400000e+01  2.350000e+01
   endloop
 endfacet
 facet normal  0.000000e+00  0.000000e+00 -1.000000e+00
   outer loop
     vertex  2.585672e+01  2.746834e+01  2.350000e+01
     vertex  3.500000e+01  3.400000e+01  2.350000e+01
     vertex  2.589668e+01  2.744428e+01  2.350000e+01
   endloop
 endfacet
 facet normal  0.000000e+00  0.000000e+00 -1.000000e+00
   outer loop
     vertex  2.647418e+01  2.684663e+01  2.350000e+01
     vertex  2.645040e+01  2.688676e+01  2.350000e+01
     vertex  3.500000e+01  3.400000e+01  2.350000e+01
   endloop
 endfacet
 facet normal  0.000000e+00  0.000000e+00 -1.000000e+00
   outer loop
     vertex  2.581612e+01  2.749129e+01  2.350000e+01
     vertex  3.500000e+01  3.400000e+01  2.350000e+01
     vertex  2.585672e+01  2.746834e+01  2.350000e+01
   endloop
 endfacet
 facet normal  0.000000e+00  0.000000e+00 -1.000000e+00
   outer loop
     vertex  2.649685e+01  2.680587e+01  2.350000e+01
     vertex  2.647418e+01  2.684663e+01  2.350000e+01
     vertex  3.500000e+01  3.400000e+01  2.350000e+01
   endloop
 endfacet
 facet normal  0.000000e+00  0.000000e+00 -1.000000e+00
   outer loop
     vertex  2.577490e+01  2.751312e+01  2.350000e+01
     vertex  3.500000e+01  3.400000e+01  2.350000e+01
     vertex  2.581612e+01  2.749129e+01  2.350000e+01
   endloop
 endfacet
 facet normal  0.000000e+00  0.000000e+00 -1.000000e+00
   outer loop
     vertex  2.651840e+01  2.676450e+01  2.350000e+01
     vertex  2.649685e+01  2.680587e+01  2.350000e+01
     vertex  3.500000e+01  3.400000e+01  2.350000e+01
   endloop
 endfacet
 facet normal  0.000000e+00  0.000000e+00 -1.000000e+00
   outer loop
     vertex  2.573310e+01  2.753381e+01  2.350000e+01
     vertex  3.500000e+01  3.400000e+01  2.350000e+01
     vertex  2.577490e+01  2.751312e+01  2.350000e+01
   endloop
 endfacet
 facet normal  0.000000e+00  0.000000e+00 -1.000000e+00
   outer loop
     vertex  2.653880e+01  2.672256e+01  2.350000e+01
     vertex  2.651840e+01  2.676450e+01  2.350000e+01
     vertex  3.500000e+01  3.400000e+01  2.350000e+01
   endloop
 endfacet
 facet normal  0.000000e+00  0.000000e+00 -1.000000e+00
   outer loop
     vertex  2.569074e+01  2.755334e+01  2.350000e+01
     vertex  3.500000e+01  3.400000e+01  2.350000e+01
     vertex  2.573310e+01  2.753381e+01  2.350000e+01
   endloop
 endfacet
 facet normal  0.000000e+00  0.000000e+00 -1.000000e+00
   outer loop
     vertex  2.655804e+01  2.668007e+01  2.350000e+01
     vertex  2.653880e+01  2.672256e+01  2.350000e+01
     vertex  3.500000e+01  3.400000e+01  2.350000e+01
   endloop
 endfacet
 facet normal  0.000000e+00  0.000000e+00 -1.000000e+00
   outer loop
     vertex  2.564787e+01  2.757171e+01  2.350000e+01
     vertex  3.500000e+01  3.400000e+01  2.350000e+01
     vertex  2.569074e+01  2.755334e+01  2.350000e+01
   endloop
 endfacet
 facet normal  0.000000e+00  0.000000e+00 -1.000000e+00
   outer loop
     vertex  2.657612e+01  2.663707e+01  2.350000e+01
     vertex  2.655804e+01  2.668007e+01  2.350000e+01
     vertex  3.500000e+01  3.400000e+01  2.350000e+01
   endloop
 endfacet
 facet normal  0.000000e+00  0.000000e+00 -1.000000e+00
   outer loop
     vertex  2.560451e+01  2.758889e+01  2.350000e+01
     vertex  3.500000e+01  3.400000e+01  2.350000e+01
     vertex  2.564787e+01  2.757171e+01  2.350000e+01
   endloop
 endfacet
 facet normal  0.000000e+00  0.000000e+00 -1.000000e+00
   outer loop
     vertex  2.659300e+01  2.659359e+01  2.350000e+01
     vertex  2.657612e+01  2.663707e+01  2.350000e+01
     vertex  3.500000e+01  3.400000e+01  2.350000e+01
   endloop
 endfacet
 facet normal  0.000000e+00  0.000000e+00 -1.000000e+00
   outer loop
     vertex  2.556069e+01  2.760488e+01  2.350000e+01
     vertex  3.500000e+01  3.400000e+01  2.350000e+01
     vertex  2.560451e+01  2.758889e+01  2.350000e+01
   endloop
 endfacet
 facet normal  0.000000e+00  0.000000e+00 -1.000000e+00
   outer loop
     vertex  2.660868e+01  2.654967e+01  2.350000e+01
     vertex  2.659300e+01  2.659359e+01  2.350000e+01
     vertex  3.500000e+01  3.400000e+01  2.350000e+01
   endloop
 endfacet
 facet normal  0.000000e+00  0.000000e+00 -1.000000e+00
   outer loop
     vertex  2.551645e+01  2.761965e+01  2.350000e+01
     vertex  3.500000e+01  3.400000e+01  2.350000e+01
     vertex  2.556069e+01  2.760488e+01  2.350000e+01
   endloop
 endfacet
 facet normal  0.000000e+00  0.000000e+00 -1.000000e+00
   outer loop
     vertex  2.662316e+01  2.650533e+01  2.350000e+01
     vertex  2.660868e+01  2.654967e+01  2.350000e+01
     vertex  3.500000e+01  3.400000e+01  2.350000e+01
   endloop
 endfacet
 facet normal  0.000000e+00  0.000000e+00 -1.000000e+00
   outer loop
     vertex  2.547182e+01  2.763321e+01  2.350000e+01
     vertex  3.500000e+01  3.400000e+01  2.350000e+01
     vertex  2.551645e+01  2.761965e+01  2.350000e+01
   endloop
 endfacet
 facet normal  0.000000e+00  0.000000e+00 -1.000000e+00
   outer loop
     vertex  2.663641e+01  2.646061e+01  2.350000e+01
     vertex  2.662316e+01  2.650533e+01  2.350000e+01
     vertex  3.500000e+01  3.400000e+01  2.350000e+01
   endloop
 endfacet
 facet normal  0.000000e+00  0.000000e+00 -1.000000e+00
   outer loop
     vertex  2.542684e+01  2.764554e+01  2.350000e+01
     vertex  3.500000e+01  3.400000e+01  2.350000e+01
     vertex  2.547182e+01  2.763321e+01  2.350000e+01
   endloop
 endfacet
 facet normal  0.000000e+00  0.000000e+00 -1.000000e+00
   outer loop
     vertex  2.664843e+01  2.641554e+01  2.350000e+01
     vertex  2.663641e+01  2.646061e+01  2.350000e+01
     vertex  3.500000e+01  3.400000e+01  2.350000e+01
   endloop
 endfacet
 facet normal  0.000000e+00  0.000000e+00 -1.000000e+00
   outer loop
     vertex  2.538153e+01  2.765663e+01  2.350000e+01
     vertex  3.500000e+01  3.400000e+01  2.350000e+01
     vertex  2.542684e+01  2.764554e+01  2.350000e+01
   endloop
 endfacet
 facet normal  0.000000e+00  0.000000e+00 -1.000000e+00
   outer loop
     vertex  2.665921e+01  2.637016e+01  2.350000e+01
     vertex  2.664843e+01  2.641554e+01  2.350000e+01
     vertex  3.500000e+01  3.400000e+01  2.350000e+01
   endloop
 endfacet
 facet normal  0.000000e+00  0.000000e+00 -1.000000e+00
   outer loop
     vertex  2.533594e+01  2.766648e+01  2.350000e+01
     vertex  3.500000e+01  3.400000e+01  2.350000e+01
     vertex  2.538153e+01  2.765663e+01  2.350000e+01
   endloop
 endfacet
 facet normal  0.000000e+00  0.000000e+00 -1.000000e+00
   outer loop
     vertex  2.666874e+01  2.632450e+01  2.350000e+01
     vertex  2.665921e+01  2.637016e+01  2.350000e+01
     vertex  3.500000e+01  3.400000e+01  2.350000e+01
   endloop
 endfacet
 facet normal  0.000000e+00  0.000000e+00 -1.000000e+00
   outer loop
     vertex  2.529010e+01  2.767507e+01  2.350000e+01
     vertex  3.500000e+01  3.400000e+01  2.350000e+01
     vertex  2.533594e+01  2.766648e+01  2.350000e+01
   endloop
 endfacet
 facet normal  0.000000e+00  0.000000e+00 -1.000000e+00
   outer loop
     vertex  2.667702e+01  2.627860e+01  2.350000e+01
     vertex  2.666874e+01  2.632450e+01  2.350000e+01
     vertex  3.500000e+01  3.400000e+01  2.350000e+01
   endloop
 endfacet
 facet normal  0.000000e+00  0.000000e+00 -1.000000e+00
   outer loop
     vertex  2.524403e+01  2.768239e+01  2.350000e+01
     vertex  3.500000e+01  3.400000e+01  2.350000e+01
     vertex  2.529010e+01  2.767507e+01  2.350000e+01
   endloop
 endfacet
 facet normal  0.000000e+00  0.000000e+00 -1.000000e+00
   outer loop
     vertex  2.668403e+01  2.623249e+01  2.350000e+01
     vertex  2.667702e+01  2.627860e+01  2.350000e+01
     vertex  3.500000e+01  3.400000e+01  2.350000e+01
   endloop
 endfacet
 facet normal  0.000000e+00  0.000000e+00 -1.000000e+00
   outer loop
     vertex  2.519779e+01  2.768846e+01  2.350000e+01
     vertex  3.500000e+01  3.400000e+01  2.350000e+01
     vertex  2.524403e+01  2.768239e+01  2.350000e+01
   endloop
 endfacet
 facet normal  0.000000e+00  0.000000e+00 -1.000000e+00
   outer loop
     vertex  2.668977e+01  2.618620e+01  2.350000e+01
     vertex  2.668403e+01  2.623249e+01  2.350000e+01
     vertex  3.500000e+01  3.400000e+01  2.350000e+01
   endloop
 endfacet
 facet normal  0.000000e+00  0.000000e+00 -1.000000e+00
   outer loop
     vertex  2.515139e+01  2.769325e+01  2.350000e+01
     vertex  3.500000e+01  3.400000e+01  2.350000e+01
     vertex  2.519779e+01  2.768846e+01  2.350000e+01
   endloop
 endfacet
 facet normal  0.000000e+00  0.000000e+00 -1.000000e+00
   outer loop
     vertex  2.669424e+01  2.613977e+01  2.350000e+01
     vertex  2.668977e+01  2.618620e+01  2.350000e+01
     vertex  3.500000e+01  3.400000e+01  2.350000e+01
   endloop
 endfacet
 facet normal  0.000000e+00  0.000000e+00 -1.000000e+00
   outer loop
     vertex  2.510488e+01  2.769676e+01  2.350000e+01
     vertex  3.500000e+01  3.400000e+01  2.350000e+01
     vertex  2.515139e+01  2.769325e+01  2.350000e+01
   endloop
 endfacet
 facet normal  0.000000e+00  0.000000e+00 -1.000000e+00
   outer loop
     vertex  2.669744e+01  2.609324e+01  2.350000e+01
     vertex  2.669424e+01  2.613977e+01  2.350000e+01
     vertex  3.500000e+01  3.400000e+01  2.350000e+01
   endloop
 endfacet
 facet normal  0.000000e+00  0.000000e+00 -1.000000e+00
   outer loop
     vertex  2.505829e+01  2.769900e+01  2.350000e+01
     vertex  3.500000e+01  3.400000e+01  2.350000e+01
     vertex  2.510488e+01  2.769676e+01  2.350000e+01
   endloop
 endfacet
 facet normal  0.000000e+00  0.000000e+00 -1.000000e+00
   outer loop
     vertex  2.669936e+01  2.604664e+01  2.350000e+01
     vertex  2.669744e+01  2.609324e+01  2.350000e+01
     vertex  3.500000e+01  3.400000e+01  2.350000e+01
   endloop
 endfacet
 facet normal  0.000000e+00  0.000000e+00 -1.000000e+00
   outer loop
     vertex  2.501166e+01  2.769996e+01  2.350000e+01
     vertex  3.500000e+01  3.400000e+01  2.350000e+01
     vertex  2.505829e+01  2.769900e+01  2.350000e+01
   endloop
 endfacet
 facet normal  0.000000e+00  0.000000e+00 -1.000000e+00
   outer loop
     vertex  2.670000e+01  2.600000e+01  2.350000e+01
     vertex  2.669936e+01  2.604664e+01  2.350000e+01
     vertex  3.500000e+01  3.400000e+01  2.350000e+01
   endloop
 endfacet
 facet normal  0.000000e+00  0.000000e+00 -1.000000e+00
   outer loop
     vertex  2.669936e+01  2.595336e+01  2.350000e+01
     vertex  2.670000e+01  2.600000e+01  2.350000e+01
     vertex  3.500000e+01  3.400000e+01  2.350000e+01
   endloop
 endfacet
 facet normal  0.000000e+00  0.000000e+00 -1.000000e+00
   outer loop
     vertex  2.669744e+01  2.590676e+01  2.350000e+01
     vertex  2.669936e+01  2.595336e+01  2.350000e+01
     vertex  3.500000e+01  3.400000e+01  2.350000e+01
   endloop
 endfacet
 facet normal  0.000000e+00  0.000000e+00 -1.000000e+00
   outer loop
     vertex  2.669424e+01  2.586023e+01  2.350000e+01
     vertex  2.669744e+01  2.590676e+01  2.350000e+01
     vertex  3.500000e+01  3.400000e+01  2.350000e+01
   endloop
 endfacet
 facet normal  0.000000e+00  0.000000e+00 -1.000000e+00
   outer loop
     vertex  2.668977e+01  2.581380e+01  2.350000e+01
     vertex  2.669424e+01  2.586023e+01  2.350000e+01
     vertex  3.500000e+01  3.400000e+01  2.350000e+01
   endloop
 endfacet
 facet normal  0.000000e+00  0.000000e+00 -1.000000e+00
   outer loop
     vertex  2.668403e+01  2.576751e+01  2.350000e+01
     vertex  2.668977e+01  2.581380e+01  2.350000e+01
     vertex  3.500000e+01  3.400000e+01  2.350000e+01
   endloop
 endfacet
 facet normal  0.000000e+00  0.000000e+00 -1.000000e+00
   outer loop
     vertex  2.667702e+01  2.572140e+01  2.350000e+01
     vertex  2.668403e+01  2.576751e+01  2.350000e+01
     vertex  3.500000e+01  3.400000e+01  2.350000e+01
   endloop
 endfacet
 facet normal  0.000000e+00  0.000000e+00 -1.000000e+00
   outer loop
     vertex  2.666874e+01  2.567550e+01  2.350000e+01
     vertex  2.667702e+01  2.572140e+01  2.350000e+01
     vertex  3.500000e+01  3.400000e+01  2.350000e+01
   endloop
 endfacet
 facet normal  0.000000e+00  0.000000e+00 -1.000000e+00
   outer loop
     vertex  2.665921e+01  2.562984e+01  2.350000e+01
     vertex  2.666874e+01  2.567550e+01  2.350000e+01
     vertex  3.500000e+01  3.400000e+01  2.350000e+01
   endloop
 endfacet
 facet normal  0.000000e+00  0.000000e+00 -1.000000e+00
   outer loop
     vertex  2.664843e+01  2.558446e+01  2.350000e+01
     vertex  2.665921e+01  2.562984e+01  2.350000e+01
     vertex  3.500000e+01  3.400000e+01  2.350000e+01
   endloop
 endfacet
 facet normal  0.000000e+00  0.000000e+00 -1.000000e+00
   outer loop
     vertex  2.663641e+01  2.553939e+01  2.350000e+01
     vertex  2.664843e+01  2.558446e+01  2.350000e+01
     vertex  3.500000e+01  3.400000e+01  2.350000e+01
   endloop
 endfacet
 facet normal  0.000000e+00  0.000000e+00 -1.000000e+00
   outer loop
     vertex  2.662316e+01  2.549467e+01  2.350000e+01
     vertex  2.663641e+01  2.553939e+01  2.350000e+01
     vertex  3.500000e+01  3.400000e+01  2.350000e+01
   endloop
 endfacet
 facet normal  0.000000e+00  0.000000e+00 -1.000000e+00
   outer loop
     vertex  2.660868e+01  2.545033e+01  2.350000e+01
     vertex  2.662316e+01  2.549467e+01  2.350000e+01
     vertex  3.500000e+01  3.400000e+01  2.350000e+01
   endloop
 endfacet
 facet normal  0.000000e+00  0.000000e+00 -1.000000e+00
   outer loop
     vertex  2.659300e+01  2.540641e+01  2.350000e+01
     vertex  2.660868e+01  2.545033e+01  2.350000e+01
     vertex  3.500000e+01  3.400000e+01  2.350000e+01
   endloop
 endfacet
 facet normal  0.000000e+00  0.000000e+00 -1.000000e+00
   outer loop
     vertex  1.500000e+01  3.400000e+01  2.350000e+01
     vertex  2.351434e+01  2.682633e+01  2.350000e+01
     vertex  2.349223e+01  2.678526e+01  2.350000e+01
   endloop
 endfacet
 facet normal  0.000000e+00  0.000000e+00 -1.000000e+00
   outer loop
     vertex  1.500000e+01  3.400000e+01  2.350000e+01
     vertex  2.349223e+01  2.678526e+01  2.350000e+01
     vertex  2.347126e+01  2.674360e+01  2.350000e+01
   endloop
 endfacet
 facet normal  0.000000e+00  0.000000e+00 -1.000000e+00
   outer loop
     vertex  1.500000e+01  3.400000e+01  2.350000e+01
     vertex  2.347126e+01  2.674360e+01  2.350000e+01
     vertex  2.345143e+01  2.670138e+01  2.350000e+01
   endloop
 endfacet
 facet normal  0.000000e+00  0.000000e+00 -1.000000e+00
   outer loop
     vertex  1.500000e+01  3.400000e+01  2.350000e+01
     vertex  2.345143e+01  2.670138e+01  2.350000e+01
     vertex  2.343277e+01  2.665863e+01  2.350000e+01
   endloop
 endfacet
 facet normal  0.000000e+00  0.000000e+00 -1.000000e+00
   outer loop
     vertex  1.500000e+01  3.400000e+01  2.350000e+01
     vertex  2.343277e+01  2.665863e+01  2.350000e+01
     vertex  2.341529e+01  2.661539e+01  2.350000e+01
   endloop
 endfacet
 facet normal  0.000000e+00  0.000000e+00 -1.000000e+00
   outer loop
     vertex  1.500000e+01  3.400000e+01  2.350000e+01
     vertex  2.341529e+01  2.661539e+01  2.350000e+01
     vertex  2.339901e+01  2.657168e+01  2.350000e+01
   endloop
 endfacet
 facet normal  0.000000e+00  0.000000e+00 -1.000000e+00
   outer loop
     vertex  1.500000e+01  3.400000e+01  2.350000e+01
     vertex  2.339901e+01  2.657168e+01  2.350000e+01
     vertex  2.338393e+01  2.652755e+01  2.350000e+01
   endloop
 endfacet
 facet normal  0.000000e+00  0.000000e+00 -1.000000e+00
   outer loop
     vertex  1.500000e+01  3.400000e+01  2.350000e+01
     vertex  2.338393e+01  2.652755e+01  2.350000e+01
     vertex  2.337006e+01  2.648301e+01  2.350000e+01
   endloop
 endfacet
 facet normal  0.000000e+00  0.000000e+00 -1.000000e+00
   outer loop
     vertex  1.500000e+01  3.400000e+01  2.350000e+01
     vertex  2.337006e+01  2.648301e+01  2.350000e+01
     vertex  2.335742e+01  2.643811e+01  2.350000e+01
   endloop
 endfacet
 facet normal  0.000000e+00  0.000000e+00 -1.000000e+00
   outer loop
     vertex  1.500000e+01  3.400000e+01  2.350000e+01
     vertex  2.335742e+01  2.643811e+01  2.350000e+01
     vertex  2.334602e+01  2.639289e+01  2.350000e+01
   endloop
 endfacet
 facet normal  0.000000e+00  0.000000e+00 -1.000000e+00
   outer loop
     vertex  1.500000e+01  3.400000e+01  2.350000e+01
     vertex  2.334602e+01  2.639289e+01  2.350000e+01
     vertex  2.333587e+01  2.634736e+01  2.350000e+01
   endloop
 endfacet
 facet normal  0.000000e+00  0.000000e+00 -1.000000e+00
   outer loop
     vertex  1.500000e+01  3.400000e+01  2.350000e+01
     vertex  2.333587e+01  2.634736e+01  2.350000e+01
     vertex  2.332696e+01  2.630158e+01  2.350000e+01
   endloop
 endfacet
 facet normal  0.000000e+00  0.000000e+00 -1.000000e+00
   outer loop
     vertex  1.500000e+01  3.400000e+01  2.350000e+01
     vertex  2.332696e+01  2.630158e+01  2.350000e+01
     vertex  2.331932e+01  2.625557e+01  2.350000e+01
   endloop
 endfacet
 facet normal  0.000000e+00  0.000000e+00 -1.000000e+00
   outer loop
     vertex  1.500000e+01  3.400000e+01  2.350000e+01
     vertex  2.331932e+01  2.625557e+01  2.350000e+01
     vertex  2.331294e+01  2.620936e+01  2.350000e+01
   endloop
 endfacet
 facet normal  0.000000e+00  0.000000e+00 -1.000000e+00
   outer loop
     vertex  1.500000e+01  3.400000e+01  2.350000e+01
     vertex  2.331294e+01  2.620936e+01  2.350000e+01
     vertex  2.330783e+01  2.616300e+01  2.350000e+01
   endloop
 endfacet
 facet normal  0.000000e+00  0.000000e+00 -1.000000e+00
   outer loop
     vertex  1.500000e+01  3.400000e+01  2.350000e+01
     vertex  2.330783e+01  2.616300e+01  2.350000e+01
     vertex  2.330400e+01  2.611652e+01  2.350000e+01
   endloop
 endfacet
 facet normal  0.000000e+00  0.000000e+00 -1.000000e+00
   outer loop
     vertex  1.500000e+01  3.400000e+01  2.350000e+01
     vertex  2.330400e+01  2.611652e+01  2.350000e+01
     vertex  2.330144e+01  2.606995e+01  2.350000e+01
   endloop
 endfacet
 facet normal  0.000000e+00  0.000000e+00 -1.000000e+00
   outer loop
     vertex  1.500000e+01  3.400000e+01  2.350000e+01
     vertex  2.330144e+01  2.606995e+01  2.350000e+01
     vertex  2.330016e+01  2.602332e+01  2.350000e+01
   endloop
 endfacet
 facet normal  0.000000e+00  0.000000e+00 -1.000000e+00
   outer loop
     vertex  1.500000e+01  3.400000e+01  2.350000e+01
     vertex  2.330016e+01  2.602332e+01  2.350000e+01
     vertex  2.330016e+01  2.597668e+01  2.350000e+01
   endloop
 endfacet
 facet normal  0.000000e+00  0.000000e+00 -1.000000e+00
   outer loop
     vertex  1.500000e+01  3.400000e+01  2.350000e+01
     vertex  2.330016e+01  2.597668e+01  2.350000e+01
     vertex  2.330144e+01  2.593005e+01  2.350000e+01
   endloop
 endfacet
 facet normal  0.000000e+00  0.000000e+00 -1.000000e+00
   outer loop
     vertex  1.500000e+01  3.400000e+01  2.350000e+01
     vertex  2.330144e+01  2.593005e+01  2.350000e+01
     vertex  2.330400e+01  2.588348e+01  2.350000e+01
   endloop
 endfacet
 facet normal  0.000000e+00  0.000000e+00 -1.000000e+00
   outer loop
     vertex  1.500000e+01  3.400000e+01  2.350000e+01
     vertex  2.330400e+01  2.588348e+01  2.350000e+01
     vertex  2.330783e+01  2.583700e+01  2.350000e+01
   endloop
 endfacet
 facet normal  0.000000e+00  0.000000e+00 -1.000000e+00
   outer loop
     vertex  1.500000e+01  3.400000e+01  2.350000e+01
     vertex  2.330783e+01  2.583700e+01  2.350000e+01
     vertex  2.331294e+01  2.579064e+01  2.350000e+01
   endloop
 endfacet
 facet normal  0.000000e+00  0.000000e+00 -1.000000e+00
   outer loop
     vertex  1.500000e+01  3.400000e+01  2.350000e+01
     vertex  2.331294e+01  2.579064e+01  2.350000e+01
     vertex  2.331932e+01  2.574443e+01  2.350000e+01
   endloop
 endfacet
 facet normal  0.000000e+00  0.000000e+00 -1.000000e+00
   outer loop
     vertex  1.500000e+01  3.400000e+01  2.350000e+01
     vertex  2.331932e+01  2.574443e+01  2.350000e+01
     vertex  2.332696e+01  2.569842e+01  2.350000e+01
   endloop
 endfacet
 facet normal  0.000000e+00  0.000000e+00 -1.000000e+00
   outer loop
     vertex  1.500000e+01  3.400000e+01  2.350000e+01
     vertex  2.501166e+01  2.769996e+01  2.350000e+01
     vertex  2.496502e+01  2.769964e+01  2.350000e+01
   endloop
 endfacet
 facet normal  0.000000e+00  0.000000e+00 -1.000000e+00
   outer loop
     vertex  1.500000e+01  3.400000e+01  2.350000e+01
     vertex  2.496502e+01  2.769964e+01  2.350000e+01
     vertex  2.491840e+01  2.769804e+01  2.350000e+01
   endloop
 endfacet
 facet normal  0.000000e+00  0.000000e+00 -1.000000e+00
   outer loop
     vertex  1.500000e+01  3.400000e+01  2.350000e+01
     vertex  2.491840e+01  2.769804e+01  2.350000e+01
     vertex  2.487185e+01  2.769516e+01  2.350000e+01
   endloop
 endfacet
 facet normal  0.000000e+00  0.000000e+00 -1.000000e+00
   outer loop
     vertex  1.500000e+01  3.400000e+01  2.350000e+01
     vertex  2.487185e+01  2.769516e+01  2.350000e+01
     vertex  2.482539e+01  2.769101e+01  2.350000e+01
   endloop
 endfacet
 facet normal  0.000000e+00  0.000000e+00 -1.000000e+00
   outer loop
     vertex  1.500000e+01  3.400000e+01  2.350000e+01
     vertex  2.482539e+01  2.769101e+01  2.350000e+01
     vertex  2.477907e+01  2.768558e+01  2.350000e+01
   endloop
 endfacet
 facet normal  0.000000e+00  0.000000e+00 -1.000000e+00
   outer loop
     vertex  1.500000e+01  3.400000e+01  2.350000e+01
     vertex  2.477907e+01  2.768558e+01  2.350000e+01
     vertex  2.473291e+01  2.767889e+01  2.350000e+01
   endloop
 endfacet
 facet normal  0.000000e+00  0.000000e+00 -1.000000e+00
   outer loop
     vertex  1.500000e+01  3.400000e+01  2.350000e+01
     vertex  2.473291e+01  2.767889e+01  2.350000e+01
     vertex  2.468695e+01  2.767093e+01  2.350000e+01
   endloop
 endfacet
 facet normal  0.000000e+00  0.000000e+00 -1.000000e+00
   outer loop
     vertex  1.500000e+01  3.400000e+01  2.350000e+01
     vertex  2.468695e+01  2.767093e+01  2.350000e+01
     vertex  2.464123e+01  2.766171e+01  2.350000e+01
   endloop
 endfacet
 facet normal  0.000000e+00  0.000000e+00 -1.000000e+00
   outer loop
     vertex  1.500000e+01  3.400000e+01  2.350000e+01
     vertex  2.464123e+01  2.766171e+01  2.350000e+01
     vertex  2.459578e+01  2.765124e+01  2.350000e+01
   endloop
 endfacet
 facet normal  0.000000e+00  0.000000e+00 -1.000000e+00
   outer loop
     vertex  1.500000e+01  3.400000e+01  2.350000e+01
     vertex  2.459578e+01  2.765124e+01  2.350000e+01
     vertex  2.455063e+01  2.763953e+01  2.350000e+01
   endloop
 endfacet
 facet normal  0.000000e+00  0.000000e+00 -1.000000e+00
   outer loop
     vertex  1.500000e+01  3.400000e+01  2.350000e+01
     vertex  2.455063e+01  2.763953e+01  2.350000e+01
     vertex  2.450582e+01  2.762659e+01  2.350000e+01
   endloop
 endfacet
 facet normal  0.000000e+00  0.000000e+00 -1.000000e+00
   outer loop
     vertex  1.500000e+01  3.400000e+01  2.350000e+01
     vertex  2.450582e+01  2.762659e+01  2.350000e+01
     vertex  2.446138e+01  2.761242e+01  2.350000e+01
   endloop
 endfacet
 facet normal  0.000000e+00  0.000000e+00 -1.000000e+00
   outer loop
     vertex  1.500000e+01  3.400000e+01  2.350000e+01
     vertex  2.446138e+01  2.761242e+01  2.350000e+01
     vertex  2.441735e+01  2.759703e+01  2.350000e+01
   endloop
 endfacet
 facet normal  0.000000e+00  0.000000e+00 -1.000000e+00
   outer loop
     vertex  1.500000e+01  3.400000e+01  2.350000e+01
     vertex  2.441735e+01  2.759703e+01  2.350000e+01
     vertex  2.437375e+01  2.758045e+01  2.350000e+01
   endloop
 endfacet
 facet normal  0.000000e+00  0.000000e+00 -1.000000e+00
   outer loop
     vertex  1.500000e+01  3.400000e+01  2.350000e+01
     vertex  2.437375e+01  2.758045e+01  2.350000e+01
     vertex  2.433063e+01  2.756267e+01  2.350000e+01
   endloop
 endfacet
 facet normal  0.000000e+00  0.000000e+00 -1.000000e+00
   outer loop
     vertex  1.500000e+01  3.400000e+01  2.350000e+01
     vertex  2.433063e+01  2.756267e+01  2.350000e+01
     vertex  2.428801e+01  2.754372e+01  2.350000e+01
   endloop
 endfacet
 facet normal  0.000000e+00  0.000000e+00 -1.000000e+00
   outer loop
     vertex  1.500000e+01  3.400000e+01  2.350000e+01
     vertex  3.500000e+01  3.400000e+01  2.350000e+01
     vertex  2.501166e+01  2.769996e+01  2.350000e+01
   endloop
 endfacet
 facet normal  0.000000e+00  0.000000e+00 -1.000000e+00
   outer loop
     vertex  1.500000e+01  3.400000e+01  2.350000e+01
     vertex  2.428801e+01  2.754372e+01  2.350000e+01
     vertex  2.424593e+01  2.752361e+01  2.350000e+01
   endloop
 endfacet
 facet normal  0.000000e+00  0.000000e+00 -1.000000e+00
   outer loop
     vertex  1.500000e+01  3.400000e+01  2.350000e+01
     vertex  2.424593e+01  2.752361e+01  2.350000e+01
     vertex  2.420442e+01  2.750235e+01  2.350000e+01
   endloop
 endfacet
 facet normal  0.000000e+00  0.000000e+00 -1.000000e+00
   outer loop
     vertex  1.500000e+01  3.400000e+01  2.350000e+01
     vertex  2.420442e+01  2.750235e+01  2.350000e+01
     vertex  2.416350e+01  2.747996e+01  2.350000e+01
   endloop
 endfacet
 facet normal  0.000000e+00  0.000000e+00 -1.000000e+00
   outer loop
     vertex  1.500000e+01  3.400000e+01  2.350000e+01
     vertex  2.416350e+01  2.747996e+01  2.350000e+01
     vertex  2.412321e+01  2.745645e+01  2.350000e+01
   endloop
 endfacet
 facet normal  0.000000e+00  0.000000e+00 -1.000000e+00
   outer loop
     vertex  1.500000e+01  3.400000e+01  2.350000e+01
     vertex  2.412321e+01  2.745645e+01  2.350000e+01
     vertex  2.408359e+01  2.743185e+01  2.350000e+01
   endloop
 endfacet
 facet normal  0.000000e+00  0.000000e+00 -1.000000e+00
   outer loop
     vertex  1.500000e+01  3.400000e+01  2.350000e+01
     vertex  2.408359e+01  2.743185e+01  2.350000e+01
     vertex  2.404465e+01  2.740617e+01  2.350000e+01
   endloop
 endfacet
 facet normal  0.000000e+00  0.000000e+00 -1.000000e+00
   outer loop
     vertex  1.500000e+01  3.400000e+01  2.350000e+01
     vertex  2.404465e+01  2.740617e+01  2.350000e+01
     vertex  2.400643e+01  2.737943e+01  2.350000e+01
   endloop
 endfacet
 facet normal  0.000000e+00  0.000000e+00 -1.000000e+00
   outer loop
     vertex  1.500000e+01  3.400000e+01  2.350000e+01
     vertex  2.400643e+01  2.737943e+01  2.350000e+01
     vertex  2.396896e+01  2.735165e+01  2.350000e+01
   endloop
 endfacet
 facet normal  0.000000e+00  0.000000e+00 -1.000000e+00
   outer loop
     vertex  1.500000e+01  3.400000e+01  2.350000e+01
     vertex  2.396896e+01  2.735165e+01  2.350000e+01
     vertex  2.393227e+01  2.732286e+01  2.350000e+01
   endloop
 endfacet
 facet normal  0.000000e+00  0.000000e+00 -1.000000e+00
   outer loop
     vertex  1.500000e+01  3.400000e+01  2.350000e+01
     vertex  2.393227e+01  2.732286e+01  2.350000e+01
     vertex  2.389638e+01  2.729307e+01  2.350000e+01
   endloop
 endfacet
 facet normal  0.000000e+00  0.000000e+00 -1.000000e+00
   outer loop
     vertex  1.500000e+01  3.400000e+01  2.350000e+01
     vertex  2.389638e+01  2.729307e+01  2.350000e+01
     vertex  2.386132e+01  2.726231e+01  2.350000e+01
   endloop
 endfacet
 facet normal  0.000000e+00  0.000000e+00 -1.000000e+00
   outer loop
     vertex  1.500000e+01  3.400000e+01  2.350000e+01
     vertex  2.386132e+01  2.726231e+01  2.350000e+01
     vertex  2.382712e+01  2.723059e+01  2.350000e+01
   endloop
 endfacet
 facet normal  0.000000e+00  0.000000e+00 -1.000000e+00
   outer loop
     vertex  1.500000e+01  3.400000e+01  2.350000e+01
     vertex  2.382712e+01  2.723059e+01  2.350000e+01
     vertex  2.379380e+01  2.719795e+01  2.350000e+01
   endloop
 endfacet
 facet normal  0.000000e+00  0.000000e+00 -1.000000e+00
   outer loop
     vertex  1.500000e+01  3.400000e+01  2.350000e+01
     vertex  2.379380e+01  2.719795e+01  2.350000e+01
     vertex  2.376139e+01  2.716441e+01  2.350000e+01
   endloop
 endfacet
 facet normal  0.000000e+00  0.000000e+00 -1.000000e+00
   outer loop
     vertex  1.500000e+01  3.400000e+01  2.350000e+01
     vertex  2.376139e+01  2.716441e+01  2.350000e+01
     vertex  2.372991e+01  2.712999e+01  2.350000e+01
   endloop
 endfacet
 facet normal  0.000000e+00  0.000000e+00 -1.000000e+00
   outer loop
     vertex  1.500000e+01  3.400000e+01  2.350000e+01
     vertex  2.372991e+01  2.712999e+01  2.350000e+01
     vertex  2.369939e+01  2.709472e+01  2.350000e+01
   endloop
 endfacet
 facet normal  0.000000e+00  0.000000e+00 -1.000000e+00
   outer loop
     vertex  1.500000e+01  3.400000e+01  2.350000e+01
     vertex  2.369939e+01  2.709472e+01  2.350000e+01
     vertex  2.366985e+01  2.705863e+01  2.350000e+01
   endloop
 endfacet
 facet normal  0.000000e+00  0.000000e+00 -1.000000e+00
   outer loop
     vertex  1.500000e+01  3.400000e+01  2.350000e+01
     vertex  2.366985e+01  2.705863e+01  2.350000e+01
     vertex  2.364131e+01  2.702174e+01  2.350000e+01
   endloop
 endfacet
 facet normal  0.000000e+00  0.000000e+00 -1.000000e+00
   outer loop
     vertex  1.500000e+01  3.400000e+01  2.350000e+01
     vertex  2.364131e+01  2.702174e+01  2.350000e+01
     vertex  2.361379e+01  2.698408e+01  2.350000e+01
   endloop
 endfacet
 facet normal  0.000000e+00  0.000000e+00 -1.000000e+00
   outer loop
     vertex  1.500000e+01  3.400000e+01  2.350000e+01
     vertex  2.361379e+01  2.698408e+01  2.350000e+01
     vertex  2.358731e+01  2.694568e+01  2.350000e+01
   endloop
 endfacet
 facet normal  0.000000e+00  0.000000e+00 -1.000000e+00
   outer loop
     vertex  1.500000e+01  3.400000e+01  2.350000e+01
     vertex  2.358731e+01  2.694568e+01  2.350000e+01
     vertex  2.356190e+01  2.690657e+01  2.350000e+01
   endloop
 endfacet
 facet normal  0.000000e+00  0.000000e+00 -1.000000e+00
   outer loop
     vertex  1.500000e+01  3.400000e+01  2.350000e+01
     vertex  2.356190e+01  2.690657e+01  2.350000e+01
     vertex  2.353757e+01  2.686678e+01  2.350000e+01
   endloop
 endfacet
 facet normal  0.000000e+00  0.000000e+00 -1.000000e+00
   outer loop
     vertex  1.500000e+01  3.400000e+01  2.350000e+01
     vertex  2.353757e+01  2.686678e+01  2.350000e+01
     vertex  2.351434e+01  2.682633e+01  2.350000e+01
   endloop
 endfacet
 facet normal  0.000000e+00  0.000000e+00 -1.000000e+00
   outer loop
     vertex  2.333587e+01  2.565264e+01  2.350000e+01
     vertex  1.500000e+01  3.400000e+01  2.350000e+01
     vertex  2.332696e+01  2.569842e+01  2.350000e+01
   endloop
 endfacet
 facet normal  0.000000e+00  0.000000e+00 -1.000000e+00
   outer loop
     vertex  2.334602e+01  2.560711e+01  2.350000e+01
     vertex  1.500000e+01  3.400000e+01  2.350000e+01
     vertex  2.333587e+01  2.565264e+01  2.350000e+01
   endloop
 endfacet
 facet normal  0.000000e+00  0.000000e+00 -1.000000e+00
   outer loop
     vertex  2.335742e+01  2.556189e+01  2.350000e+01
     vertex  1.500000e+01  3.400000e+01  2.350000e+01
     vertex  2.334602e+01  2.560711e+01  2.350000e+01
   endloop
 endfacet
 facet normal  0.000000e+00  0.000000e+00 -1.000000e+00
   outer loop
     vertex  2.337006e+01  2.551699e+01  2.350000e+01
     vertex  1.500000e+01  3.400000e+01  2.350000e+01
     vertex  2.335742e+01  2.556189e+01  2.350000e+01
   endloop
 endfacet
 facet normal  0.000000e+00  0.000000e+00 -1.000000e+00
   outer loop
     vertex  2.338393e+01  2.547245e+01  2.350000e+01
     vertex  1.500000e+01  3.400000e+01  2.350000e+01
     vertex  2.337006e+01  2.551699e+01  2.350000e+01
   endloop
 endfacet
 facet normal  0.000000e+00  0.000000e+00 -1.000000e+00
   outer loop
     vertex  2.339901e+01  2.542832e+01  2.350000e+01
     vertex  1.500000e+01  3.400000e+01  2.350000e+01
     vertex  2.338393e+01  2.547245e+01  2.350000e+01
   endloop
 endfacet
 facet normal  0.000000e+00  0.000000e+00 -1.000000e+00
   outer loop
     vertex  2.341529e+01  2.538461e+01  2.350000e+01
     vertex  1.500000e+01  3.400000e+01  2.350000e+01
     vertex  2.339901e+01  2.542832e+01  2.350000e+01
   endloop
 endfacet
 facet normal  0.000000e+00  0.000000e+00 -1.000000e+00
   outer loop
     vertex  2.622252e+01  1.518129e+01  2.350000e+01
     vertex  2.618965e+01  2.478561e+01  2.350000e+01
     vertex  2.622252e+01  2.481871e+01  2.350000e+01
   endloop
 endfacet
 facet normal  0.000000e+00  0.000000e+00 -1.000000e+00
   outer loop
     vertex  2.622252e+01  1.518129e+01  2.350000e+01
     vertex  2.618965e+01  1.521439e+01  2.350000e+01
     vertex  2.618965e+01  2.478561e+01  2.350000e+01
   endloop
 endfacet
 facet normal  0.000000e+00  0.000000e+00 -1.000000e+00
   outer loop
     vertex  2.615589e+01  1.524657e+01  2.350000e+01
     vertex  2.615589e+01  2.475343e+01  2.350000e+01
     vertex  2.618965e+01  2.478561e+01  2.350000e+01
   endloop
 endfacet
 facet normal  0.000000e+00  0.000000e+00 -1.000000e+00
   outer loop
     vertex  2.615589e+01  1.524657e+01  2.350000e+01
     vertex  2.618965e+01  2.478561e+01  2.350000e+01
     vertex  2.618965e+01  1.521439e+01  2.350000e+01
   endloop
 endfacet
 facet normal  0.000000e+00  0.000000e+00 -1.000000e+00
   outer loop
     vertex  2.625447e+01  1.514731e+01  2.350000e+01
     vertex  2.622252e+01  1.518129e+01  2.350000e+01
     vertex  2.622252e+01  2.481871e+01  2.350000e+01
   endloop
 endfacet
 facet normal  0.000000e+00  0.000000e+00 -1.000000e+00
   outer loop
     vertex  2.625447e+01  1.514731e+01  2.350000e+01
     vertex  2.622252e+01  2.481871e+01  2.350000e+01
     vertex  2.625447e+01  2.485269e+01  2.350000e+01
   endloop
 endfacet
 facet normal  0.000000e+00  0.000000e+00 -1.000000e+00
   outer loop
     vertex  2.612125e+01  1.527781e+01  2.350000e+01
     vertex  2.608578e+01  2.469191e+01  2.350000e+01
     vertex  2.612125e+01  2.472219e+01  2.350000e+01
   endloop
 endfacet
 facet normal  0.000000e+00  0.000000e+00 -1.000000e+00
   outer loop
     vertex  2.612125e+01  1.527781e+01  2.350000e+01
     vertex  2.612125e+01  2.472219e+01  2.350000e+01
     vertex  2.615589e+01  2.475343e+01  2.350000e+01
   endloop
 endfacet
 facet normal  0.000000e+00  0.000000e+00 -1.000000e+00
   outer loop
     vertex  2.612125e+01  1.527781e+01  2.350000e+01
     vertex  2.615589e+01  2.475343e+01  2.350000e+01
     vertex  2.615589e+01  1.524657e+01  2.350000e+01
   endloop
 endfacet
 facet normal  0.000000e+00  0.000000e+00 -1.000000e+00
   outer loop
     vertex  2.628547e+01  1.511246e+01  2.350000e+01
     vertex  2.625447e+01  2.485269e+01  2.350000e+01
     vertex  2.628547e+01  2.488754e+01  2.350000e+01
   endloop
 endfacet
 facet normal  0.000000e+00  0.000000e+00 -1.000000e+00
   outer loop
     vertex  2.628547e+01  1.511246e+01  2.350000e+01
     vertex  2.625447e+01  1.514731e+01  2.350000e+01
     vertex  2.625447e+01  2.485269e+01  2.350000e+01
   endloop
 endfacet
 facet normal  0.000000e+00  0.000000e+00 -1.000000e+00
   outer loop
     vertex  2.608578e+01  1.530809e+01  2.350000e+01
     vertex  2.608578e+01  2.469191e+01  2.350000e+01
     vertex  2.612125e+01  1.527781e+01  2.350000e+01
   endloop
 endfacet
 facet normal  0.000000e+00  0.000000e+00 -1.000000e+00
   outer loop
     vertex  2.631550e+01  1.507678e+01  2.350000e+01
     vertex  2.628547e+01  2.488754e+01  2.350000e+01
     vertex  2.631550e+01  2.492322e+01  2.350000e+01
   endloop
 endfacet
 facet normal  0.000000e+00  0.000000e+00 -1.000000e+00
   outer loop
     vertex  2.631550e+01  1.507678e+01  2.350000e+01
     vertex  2.628547e+01  1.511246e+01  2.350000e+01
     vertex  2.628547e+01  2.488754e+01  2.350000e+01
   endloop
 endfacet
 facet normal  0.000000e+00  0.000000e+00 -1.000000e+00
   outer loop
     vertex  2.604948e+01  1.533738e+01  2.350000e+01
     vertex  2.608578e+01  2.469191e+01  2.350000e+01
     vertex  2.608578e+01  1.530809e+01  2.350000e+01
   endloop
 endfacet
 facet normal  0.000000e+00  0.000000e+00 -1.000000e+00
   outer loop
     vertex  2.604948e+01  1.533738e+01  2.350000e+01
     vertex  2.601240e+01  2.463433e+01  2.350000e+01
     vertex  2.604948e+01  2.466262e+01  2.350000e+01
   endloop
 endfacet
 facet normal  0.000000e+00  0.000000e+00 -1.000000e+00
   outer loop
     vertex  2.604948e+01  1.533738e+01  2.350000e+01
     vertex  2.604948e+01  2.466262e+01  2.350000e+01
     vertex  2.608578e+01  2.469191e+01  2.350000e+01
   endloop
 endfacet
 facet normal  0.000000e+00  0.000000e+00 -1.000000e+00
   outer loop
     vertex  2.634455e+01  1.504028e+01  2.350000e+01
     vertex  2.631550e+01  2.492322e+01  2.350000e+01
     vertex  2.634455e+01  2.495972e+01  2.350000e+01
   endloop
 endfacet
 facet normal  0.000000e+00  0.000000e+00 -1.000000e+00
   outer loop
     vertex  2.634455e+01  1.504028e+01  2.350000e+01
     vertex  2.631550e+01  1.507678e+01  2.350000e+01
     vertex  2.631550e+01  2.492322e+01  2.350000e+01
   endloop
 endfacet
 facet normal  0.000000e+00  0.000000e+00 -1.000000e+00
   outer loop
     vertex  2.601240e+01  1.536567e+01  2.350000e+01
     vertex  2.601240e+01  2.463433e+01  2.350000e+01
     vertex  2.604948e+01  1.533738e+01  2.350000e+01
   endloop
 endfacet
 facet normal  0.000000e+00  0.000000e+00 -1.000000e+00
   outer loop
     vertex  2.637258e+01  1.500300e+01  2.350000e+01
     vertex  2.634455e+01  2.495972e+01  2.350000e+01
     vertex  2.637258e+01  2.499700e+01  2.350000e+01
   endloop
 endfacet
 facet normal  0.000000e+00  0.000000e+00 -1.000000e+00
   outer loop
     vertex  2.637258e+01  1.500300e+01  2.350000e+01
     vertex  2.637258e+01  2.499700e+01  2.350000e+01
     vertex  2.639958e+01  2.503503e+01  2.350000e+01
   endloop
 endfacet
 facet normal  0.000000e+00  0.000000e+00 -1.000000e+00
   outer loop
     vertex  2.637258e+01  1.500300e+01  2.350000e+01
     vertex  2.634455e+01  1.504028e+01  2.350000e+01
     vertex  2.634455e+01  2.495972e+01  2.350000e+01
   endloop
 endfacet
 facet normal  0.000000e+00  0.000000e+00 -1.000000e+00
   outer loop
     vertex  2.597455e+01  1.539293e+01  2.350000e+01
     vertex  2.601240e+01  2.463433e+01  2.350000e+01
     vertex  2.601240e+01  1.536567e+01  2.350000e+01
   endloop
 endfacet
 facet normal  0.000000e+00  0.000000e+00 -1.000000e+00
   outer loop
     vertex  2.597455e+01  1.539293e+01  2.350000e+01
     vertex  2.597455e+01  2.460707e+01  2.350000e+01
     vertex  2.601240e+01  2.463433e+01  2.350000e+01
   endloop
 endfacet
 facet normal  0.000000e+00  0.000000e+00 -1.000000e+00
   outer loop
     vertex  2.639958e+01  1.496497e+01  2.350000e+01
     vertex  2.639958e+01  2.503503e+01  2.350000e+01
     vertex  2.642553e+01  2.507379e+01  2.350000e+01
   endloop
 endfacet
 facet normal  0.000000e+00  0.000000e+00 -1.000000e+00
   outer loop
     vertex  2.639958e+01  1.496497e+01  2.350000e+01
     vertex  2.637258e+01  1.500300e+01  2.350000e+01
     vertex  2.639958e+01  2.503503e+01  2.350000e+01
   endloop
 endfacet
 facet normal  0.000000e+00  0.000000e+00 -1.000000e+00
   outer loop
     vertex  2.593597e+01  1.541914e+01  2.350000e+01
     vertex  2.597455e+01  2.460707e+01  2.350000e+01
     vertex  2.597455e+01  1.539293e+01  2.350000e+01
   endloop
 endfacet
 facet normal  0.000000e+00  0.000000e+00 -1.000000e+00
   outer loop
     vertex  2.593597e+01  1.541914e+01  2.350000e+01
     vertex  2.593597e+01  2.458086e+01  2.350000e+01
     vertex  2.597455e+01  2.460707e+01  2.350000e+01
   endloop
 endfacet
 facet normal  0.000000e+00  0.000000e+00 -1.000000e+00
   outer loop
     vertex  2.642553e+01  1.492621e+01  2.350000e+01
     vertex  2.639958e+01  1.496497e+01  2.350000e+01
     vertex  2.642553e+01  2.507379e+01  2.350000e+01
   endloop
 endfacet
 facet normal  0.000000e+00  0.000000e+00 -1.000000e+00
   outer loop
     vertex  2.589668e+01  1.544428e+01  2.350000e+01
     vertex  2.593597e+01  2.458086e+01  2.350000e+01
     vertex  2.593597e+01  1.541914e+01  2.350000e+01
   endloop
 endfacet
 facet normal  0.000000e+00  0.000000e+00 -1.000000e+00
   outer loop
     vertex  2.589668e+01  1.544428e+01  2.350000e+01
     vertex  2.589668e+01  2.455572e+01  2.350000e+01
     vertex  2.593597e+01  2.458086e+01  2.350000e+01
   endloop
 endfacet
 facet normal  0.000000e+00  0.000000e+00 -1.000000e+00
   outer loop
     vertex  2.645040e+01  1.488676e+01  2.350000e+01
     vertex  2.642553e+01  2.507379e+01  2.350000e+01
     vertex  2.645040e+01  2.511324e+01  2.350000e+01
   endloop
 endfacet
 facet normal  0.000000e+00  0.000000e+00 -1.000000e+00
   outer loop
     vertex  2.645040e+01  1.488676e+01  2.350000e+01
     vertex  2.642553e+01  1.492621e+01  2.350000e+01
     vertex  2.642553e+01  2.507379e+01  2.350000e+01
   endloop
 endfacet
 facet normal  0.000000e+00  0.000000e+00 -1.000000e+00
   outer loop
     vertex  2.585672e+01  1.546834e+01  2.350000e+01
     vertex  2.589668e+01  2.455572e+01  2.350000e+01
     vertex  2.589668e+01  1.544428e+01  2.350000e+01
   endloop
 endfacet
 facet normal  0.000000e+00  0.000000e+00 -1.000000e+00
   outer loop
     vertex  2.585672e+01  1.546834e+01  2.350000e+01
     vertex  2.585672e+01  2.453166e+01  2.350000e+01
     vertex  2.589668e+01  2.455572e+01  2.350000e+01
   endloop
 endfacet
 facet normal  0.000000e+00  0.000000e+00 -1.000000e+00
   outer loop
     vertex  2.647418e+01  1.484663e+01  2.350000e+01
     vertex  2.645040e+01  2.511324e+01  2.350000e+01
     vertex  2.647418e+01  2.515337e+01  2.350000e+01
   endloop
 endfacet
 facet normal  0.000000e+00  0.000000e+00 -1.000000e+00
   outer loop
     vertex  2.647418e+01  1.484663e+01  2.350000e+01
     vertex  2.645040e+01  1.488676e+01  2.350000e+01
     vertex  2.645040e+01  2.511324e+01  2.350000e+01
   endloop
 endfacet
 facet normal  0.000000e+00  0.000000e+00 -1.000000e+00
   outer loop
     vertex  2.581612e+01  1.549129e+01  2.350000e+01
     vertex  2.585672e+01  2.453166e+01  2.350000e+01
     vertex  2.585672e+01  1.546834e+01  2.350000e+01
   endloop
 endfacet
 facet normal  0.000000e+00  0.000000e+00 -1.000000e+00
   outer loop
     vertex  2.581612e+01  1.549129e+01  2.350000e+01
     vertex  2.581612e+01  2.450871e+01  2.350000e+01
     vertex  2.585672e+01  2.453166e+01  2.350000e+01
   endloop
 endfacet
 facet normal  0.000000e+00  0.000000e+00 -1.000000e+00
   outer loop
     vertex  2.649685e+01  1.480587e+01  2.350000e+01
     vertex  2.647418e+01  2.515337e+01  2.350000e+01
     vertex  2.649685e+01  2.519413e+01  2.350000e+01
   endloop
 endfacet
 facet normal  0.000000e+00  0.000000e+00 -1.000000e+00
   outer loop
     vertex  2.649685e+01  1.480587e+01  2.350000e+01
     vertex  2.647418e+01  1.484663e+01  2.350000e+01
     vertex  2.647418e+01  2.515337e+01  2.350000e+01
   endloop
 endfacet
 facet normal  0.000000e+00  0.000000e+00 -1.000000e+00
   outer loop
     vertex  2.577490e+01  1.551312e+01  2.350000e+01
     vertex  2.581612e+01  2.450871e+01  2.350000e+01
     vertex  2.581612e+01  1.549129e+01  2.350000e+01
   endloop
 endfacet
 facet normal  0.000000e+00  0.000000e+00 -1.000000e+00
   outer loop
     vertex  2.577490e+01  1.551312e+01  2.350000e+01
     vertex  2.577490e+01  2.448688e+01  2.350000e+01
     vertex  2.581612e+01  2.450871e+01  2.350000e+01
   endloop
 endfacet
 facet normal  0.000000e+00  0.000000e+00 -1.000000e+00
   outer loop
     vertex  2.651840e+01  1.476450e+01  2.350000e+01
     vertex  2.649685e+01  2.519413e+01  2.350000e+01
     vertex  2.651840e+01  2.523550e+01  2.350000e+01
   endloop
 endfacet
 facet normal  0.000000e+00  0.000000e+00 -1.000000e+00
   outer loop
     vertex  2.651840e+01  1.476450e+01  2.350000e+01
     vertex  2.649685e+01  1.480587e+01  2.350000e+01
     vertex  2.649685e+01  2.519413e+01  2.350000e+01
   endloop
 endfacet
 facet normal  0.000000e+00  0.000000e+00 -1.000000e+00
   outer loop
     vertex  2.573310e+01  1.553381e+01  2.350000e+01
     vertex  2.577490e+01  2.448688e+01  2.350000e+01
     vertex  2.577490e+01  1.551312e+01  2.350000e+01
   endloop
 endfacet
 facet normal  0.000000e+00  0.000000e+00 -1.000000e+00
   outer loop
     vertex  2.573310e+01  1.553381e+01  2.350000e+01
     vertex  2.569074e+01  2.444666e+01  2.350000e+01
     vertex  2.573310e+01  2.446619e+01  2.350000e+01
   endloop
 endfacet
 facet normal  0.000000e+00  0.000000e+00 -1.000000e+00
   outer loop
     vertex  2.573310e+01  1.553381e+01  2.350000e+01
     vertex  2.573310e+01  2.446619e+01  2.350000e+01
     vertex  2.577490e+01  2.448688e+01  2.350000e+01
   endloop
 endfacet
 facet normal  0.000000e+00  0.000000e+00 -1.000000e+00
   outer loop
     vertex  2.653880e+01  1.472256e+01  2.350000e+01
     vertex  2.651840e+01  1.476450e+01  2.350000e+01
     vertex  2.651840e+01  2.523550e+01  2.350000e+01
   endloop
 endfacet
 facet normal  0.000000e+00  0.000000e+00 -1.000000e+00
   outer loop
     vertex  2.653880e+01  1.472256e+01  2.350000e+01
     vertex  2.651840e+01  2.523550e+01  2.350000e+01
     vertex  2.653880e+01  2.527744e+01  2.350000e+01
   endloop
 endfacet
 facet normal  0.000000e+00  0.000000e+00 -1.000000e+00
   outer loop
     vertex  2.569074e+01  1.555334e+01  2.350000e+01
     vertex  2.569074e+01  2.444666e+01  2.350000e+01
     vertex  2.573310e+01  1.553381e+01  2.350000e+01
   endloop
 endfacet
 facet normal  0.000000e+00  0.000000e+00 -1.000000e+00
   outer loop
     vertex  2.655804e+01  1.468007e+01  2.350000e+01
     vertex  2.653880e+01  2.527744e+01  2.350000e+01
     vertex  2.655804e+01  2.531993e+01  2.350000e+01
   endloop
 endfacet
 facet normal  0.000000e+00  0.000000e+00 -1.000000e+00
   outer loop
     vertex  2.655804e+01  1.468007e+01  2.350000e+01
     vertex  2.653880e+01  1.472256e+01  2.350000e+01
     vertex  2.653880e+01  2.527744e+01  2.350000e+01
   endloop
 endfacet
 facet normal  0.000000e+00  0.000000e+00 -1.000000e+00
   outer loop
     vertex  2.564787e+01  1.557171e+01  2.350000e+01
     vertex  2.569074e+01  2.444666e+01  2.350000e+01
     vertex  2.569074e+01  1.555334e+01  2.350000e+01
   endloop
 endfacet
 facet normal  0.000000e+00  0.000000e+00 -1.000000e+00
   outer loop
     vertex  2.564787e+01  1.557171e+01  2.350000e+01
     vertex  2.564787e+01  2.442829e+01  2.350000e+01
     vertex  2.569074e+01  2.444666e+01  2.350000e+01
   endloop
 endfacet
 facet normal  0.000000e+00  0.000000e+00 -1.000000e+00
   outer loop
     vertex  2.657612e+01  1.463707e+01  2.350000e+01
     vertex  2.655804e+01  2.531993e+01  2.350000e+01
     vertex  2.657612e+01  2.536293e+01  2.350000e+01
   endloop
 endfacet
 facet normal  0.000000e+00  0.000000e+00 -1.000000e+00
   outer loop
     vertex  2.657612e+01  1.463707e+01  2.350000e+01
     vertex  2.655804e+01  1.468007e+01  2.350000e+01
     vertex  2.655804e+01  2.531993e+01  2.350000e+01
   endloop
 endfacet
 facet normal  0.000000e+00  0.000000e+00 -1.000000e+00
   outer loop
     vertex  2.560451e+01  1.558889e+01  2.350000e+01
     vertex  2.564787e+01  2.442829e+01  2.350000e+01
     vertex  2.564787e+01  1.557171e+01  2.350000e+01
   endloop
 endfacet
 facet normal  0.000000e+00  0.000000e+00 -1.000000e+00
   outer loop
     vertex  2.560451e+01  1.558889e+01  2.350000e+01
     vertex  2.560451e+01  2.441111e+01  2.350000e+01
     vertex  2.564787e+01  2.442829e+01  2.350000e+01
   endloop
 endfacet
 facet normal  0.000000e+00  0.000000e+00 -1.000000e+00
   outer loop
     vertex  2.659300e+01  1.459359e+01  2.350000e+01
     vertex  2.657612e+01  2.536293e+01  2.350000e+01
     vertex  2.659300e+01  2.540641e+01  2.350000e+01
   endloop
 endfacet
 facet normal  0.000000e+00  0.000000e+00 -1.000000e+00
   outer loop
     vertex  2.659300e+01  1.459359e+01  2.350000e+01
     vertex  2.657612e+01  1.463707e+01  2.350000e+01
     vertex  2.657612e+01  2.536293e+01  2.350000e+01
   endloop
 endfacet
 facet normal  0.000000e+00  0.000000e+00 -1.000000e+00
   outer loop
     vertex  2.659300e+01  1.459359e+01  2.350000e+01
     vertex  2.659300e+01  2.540641e+01  2.350000e+01
     vertex  3.500000e+01  3.400000e+01  2.350000e+01
   endloop
 endfacet
 facet normal  0.000000e+00  0.000000e+00 -1.000000e+00
   outer loop
     vertex  2.556069e+01  1.560488e+01  2.350000e+01
     vertex  2.560451e+01  2.441111e+01  2.350000e+01
     vertex  2.560451e+01  1.558889e+01  2.350000e+01
   endloop
 endfacet
 facet normal  0.000000e+00  0.000000e+00 -1.000000e+00
   outer loop
     vertex  2.556069e+01  1.560488e+01  2.350000e+01
     vertex  2.551645e+01  2.438035e+01  2.350000e+01
     vertex  2.556069e+01  2.439512e+01  2.350000e+01
   endloop
 endfacet
 facet normal  0.000000e+00  0.000000e+00 -1.000000e+00
   outer loop
     vertex  2.556069e+01  1.560488e+01  2.350000e+01
     vertex  2.556069e+01  2.439512e+01  2.350000e+01
     vertex  2.560451e+01  2.441111e+01  2.350000e+01
   endloop
 endfacet
 facet normal  0.000000e+00  0.000000e+00 -1.000000e+00
   outer loop
     vertex  2.660868e+01  1.454967e+01  2.350000e+01
     vertex  2.659300e+01  1.459359e+01  2.350000e+01
     vertex  3.500000e+01  3.400000e+01  2.350000e+01
   endloop
 endfacet
 facet normal  0.000000e+00  0.000000e+00 -1.000000e+00
   outer loop
     vertex  2.551645e+01  1.561965e+01  2.350000e+01
     vertex  2.551645e+01  2.438035e+01  2.350000e+01
     vertex  2.556069e+01  1.560488e+01  2.350000e+01
   endloop
 endfacet
 facet normal  0.000000e+00  0.000000e+00 -1.000000e+00
   outer loop
     vertex  2.551645e+01  1.561965e+01  2.350000e+01
     vertex  2.547182e+01  2.436679e+01  2.350000e+01
     vertex  2.551645e+01  2.438035e+01  2.350000e+01
   endloop
 endfacet
 facet normal  0.000000e+00  0.000000e+00 -1.000000e+00
   outer loop
     vertex  2.662316e+01  1.450533e+01  2.350000e+01
     vertex  2.660868e+01  1.454967e+01  2.350000e+01
     vertex  3.500000e+01  3.400000e+01  2.350000e+01
   endloop
 endfacet
 facet normal  0.000000e+00  0.000000e+00 -1.000000e+00
   outer loop
     vertex  2.547182e+01  1.563321e+01  2.350000e+01
     vertex  2.542684e+01  2.435446e+01  2.350000e+01
     vertex  2.547182e+01  2.436679e+01  2.350000e+01
   endloop
 endfacet
 facet normal  0.000000e+00  0.000000e+00 -1.000000e+00
   outer loop
     vertex  2.547182e+01  1.563321e+01  2.350000e+01
     vertex  2.547182e+01  2.436679e+01  2.350000e+01
     vertex  2.551645e+01  1.561965e+01  2.350000e+01
   endloop
 endfacet
 facet normal  0.000000e+00  0.000000e+00 -1.000000e+00
   outer loop
     vertex  2.663641e+01  1.446061e+01  2.350000e+01
     vertex  2.662316e+01  1.450533e+01  2.350000e+01
     vertex  3.500000e+01  3.400000e+01  2.350000e+01
   endloop
 endfacet
 facet normal  0.000000e+00  0.000000e+00 -1.000000e+00
   outer loop
     vertex  2.542684e+01  1.564554e+01  2.350000e+01
     vertex  2.542684e+01  2.435446e+01  2.350000e+01
     vertex  2.547182e+01  1.563321e+01  2.350000e+01
   endloop
 endfacet
 facet normal  0.000000e+00  0.000000e+00 -1.000000e+00
   outer loop
     vertex  2.664843e+01  1.441554e+01  2.350000e+01
     vertex  2.663641e+01  1.446061e+01  2.350000e+01
     vertex  3.500000e+01  3.400000e+01  2.350000e+01
   endloop
 endfacet
 facet normal  0.000000e+00  0.000000e+00 -1.000000e+00
   outer loop
     vertex  2.538153e+01  1.565663e+01  2.350000e+01
     vertex  2.538153e+01  2.434337e+01  2.350000e+01
     vertex  2.542684e+01  2.435446e+01  2.350000e+01
   endloop
 endfacet
 facet normal  0.000000e+00  0.000000e+00 -1.000000e+00
   outer loop
     vertex  2.538153e+01  1.565663e+01  2.350000e+01
     vertex  2.542684e+01  2.435446e+01  2.350000e+01
     vertex  2.542684e+01  1.564554e+01  2.350000e+01
   endloop
 endfacet
 facet normal  0.000000e+00  0.000000e+00 -1.000000e+00
   outer loop
     vertex  2.665921e+01  1.437016e+01  2.350000e+01
     vertex  2.664843e+01  1.441554e+01  2.350000e+01
     vertex  3.500000e+01  3.400000e+01  2.350000e+01
   endloop
 endfacet
 facet normal  0.000000e+00  0.000000e+00 -1.000000e+00
   outer loop
     vertex  2.533594e+01  1.566648e+01  2.350000e+01
     vertex  2.538153e+01  2.434337e+01  2.350000e+01
     vertex  2.538153e+01  1.565663e+01  2.350000e+01
   endloop
 endfacet
 facet normal  0.000000e+00  0.000000e+00 -1.000000e+00
   outer loop
     vertex  2.533594e+01  1.566648e+01  2.350000e+01
     vertex  2.533594e+01  2.433352e+01  2.350000e+01
     vertex  2.538153e+01  2.434337e+01  2.350000e+01
   endloop
 endfacet
 facet normal  0.000000e+00  0.000000e+00 -1.000000e+00
   outer loop
     vertex  2.666874e+01  1.432450e+01  2.350000e+01
     vertex  2.665921e+01  1.437016e+01  2.350000e+01
     vertex  3.500000e+01  3.400000e+01  2.350000e+01
   endloop
 endfacet
 facet normal  0.000000e+00  0.000000e+00 -1.000000e+00
   outer loop
     vertex  2.529010e+01  1.567507e+01  2.350000e+01
     vertex  2.533594e+01  2.433352e+01  2.350000e+01
     vertex  2.533594e+01  1.566648e+01  2.350000e+01
   endloop
 endfacet
 facet normal  0.000000e+00  0.000000e+00 -1.000000e+00
   outer loop
     vertex  2.529010e+01  1.567507e+01  2.350000e+01
     vertex  2.529010e+01  2.432493e+01  2.350000e+01
     vertex  2.533594e+01  2.433352e+01  2.350000e+01
   endloop
 endfacet
 facet normal  0.000000e+00  0.000000e+00 -1.000000e+00
   outer loop
     vertex  2.667702e+01  1.427860e+01  2.350000e+01
     vertex  2.666874e+01  1.432450e+01  2.350000e+01
     vertex  3.500000e+01  3.400000e+01  2.350000e+01
   endloop
 endfacet
 facet normal  0.000000e+00  0.000000e+00 -1.000000e+00
   outer loop
     vertex  2.524403e+01  1.568239e+01  2.350000e+01
     vertex  2.529010e+01  2.432493e+01  2.350000e+01
     vertex  2.529010e+01  1.567507e+01  2.350000e+01
   endloop
 endfacet
 facet normal  0.000000e+00  0.000000e+00 -1.000000e+00
   outer loop
     vertex  2.524403e+01  1.568239e+01  2.350000e+01
     vertex  2.524403e+01  2.431761e+01  2.350000e+01
     vertex  2.529010e+01  2.432493e+01  2.350000e+01
   endloop
 endfacet
 facet normal  0.000000e+00  0.000000e+00 -1.000000e+00
   outer loop
     vertex  2.668403e+01  1.423249e+01  2.350000e+01
     vertex  2.667702e+01  1.427860e+01  2.350000e+01
     vertex  3.500000e+01  3.400000e+01  2.350000e+01
   endloop
 endfacet
 facet normal  0.000000e+00  0.000000e+00 -1.000000e+00
   outer loop
     vertex  2.519779e+01  1.568846e+01  2.350000e+01
     vertex  2.524403e+01  2.431761e+01  2.350000e+01
     vertex  2.524403e+01  1.568239e+01  2.350000e+01
   endloop
 endfacet
 facet normal  0.000000e+00  0.000000e+00 -1.000000e+00
   outer loop
     vertex  2.519779e+01  1.568846e+01  2.350000e+01
     vertex  2.519779e+01  2.431154e+01  2.350000e+01
     vertex  2.524403e+01  2.431761e+01  2.350000e+01
   endloop
 endfacet
 facet normal  0.000000e+00  0.000000e+00 -1.000000e+00
   outer loop
     vertex  2.515139e+01  1.569325e+01  2.350000e+01
     vertex  2.519779e+01  2.431154e+01  2.350000e+01
     vertex  2.519779e+01  1.568846e+01  2.350000e+01
   endloop
 endfacet
 facet normal  0.000000e+00  0.000000e+00 -1.000000e+00
   outer loop
     vertex  2.515139e+01  1.569325e+01  2.350000e+01
     vertex  2.510488e+01  2.430324e+01  2.350000e+01
     vertex  2.515139e+01  2.430675e+01  2.350000e+01
   endloop
 endfacet
 facet normal  0.000000e+00  0.000000e+00 -1.000000e+00
   outer loop
     vertex  2.515139e+01  1.569325e+01  2.350000e+01
     vertex  2.515139e+01  2.430675e+01  2.350000e+01
     vertex  2.519779e+01  2.431154e+01  2.350000e+01
   endloop
 endfacet
 facet normal  0.000000e+00  0.000000e+00 -1.000000e+00
   outer loop
     vertex  2.510488e+01  1.569676e+01  2.350000e+01
     vertex  2.510488e+01  2.430324e+01  2.350000e+01
     vertex  2.515139e+01  1.569325e+01  2.350000e+01
   endloop
 endfacet
 facet normal  0.000000e+00  0.000000e+00 -1.000000e+00
   outer loop
     vertex  2.505829e+01  1.569900e+01  2.350000e+01
     vertex  2.510488e+01  2.430324e+01  2.350000e+01
     vertex  2.510488e+01  1.569676e+01  2.350000e+01
   endloop
 endfacet
 facet normal  0.000000e+00  0.000000e+00 -1.000000e+00
   outer loop
     vertex  2.505829e+01  1.569900e+01  2.350000e+01
     vertex  2.505829e+01  2.430100e+01  2.350000e+01
     vertex  2.510488e+01  2.430324e+01  2.350000e+01
   endloop
 endfacet
 facet normal  0.000000e+00  0.000000e+00 -1.000000e+00
   outer loop
     vertex  2.501166e+01  1.569996e+01  2.350000e+01
     vertex  2.505829e+01  2.430100e+01  2.350000e+01
     vertex  2.505829e+01  1.569900e+01  2.350000e+01
   endloop
 endfacet
 facet normal  0.000000e+00  0.000000e+00 -1.000000e+00
   outer loop
     vertex  2.501166e+01  1.569996e+01  2.350000e+01
     vertex  2.501166e+01  2.430004e+01  2.350000e+01
     vertex  2.505829e+01  2.430100e+01  2.350000e+01
   endloop
 endfacet
 facet normal  0.000000e+00  0.000000e+00 -1.000000e+00
   outer loop
     vertex  2.496502e+01  1.569964e+01  2.350000e+01
     vertex  2.491840e+01  2.430196e+01  2.350000e+01
     vertex  2.496502e+01  2.430036e+01  2.350000e+01
   endloop
 endfacet
 facet normal  0.000000e+00  0.000000e+00 -1.000000e+00
   outer loop
     vertex  2.496502e+01  1.569964e+01  2.350000e+01
     vertex  2.496502e+01  2.430036e+01  2.350000e+01
     vertex  2.501166e+01  2.430004e+01  2.350000e+01
   endloop
 endfacet
 facet normal  0.000000e+00  0.000000e+00 -1.000000e+00
   outer loop
     vertex  2.496502e+01  1.569964e+01  2.350000e+01
     vertex  2.501166e+01  2.430004e+01  2.350000e+01
     vertex  2.501166e+01  1.569996e+01  2.350000e+01
   endloop
 endfacet
 facet normal  0.000000e+00  0.000000e+00 -1.000000e+00
   outer loop
     vertex  2.491840e+01  1.569804e+01  2.350000e+01
     vertex  2.491840e+01  2.430196e+01  2.350000e+01
     vertex  2.496502e+01  1.569964e+01  2.350000e+01
   endloop
 endfacet
 facet normal  0.000000e+00  0.000000e+00 -1.000000e+00
   outer loop
     vertex  2.487185e+01  1.569516e+01  2.350000e+01
     vertex  2.491840e+01  2.430196e+01  2.350000e+01
     vertex  2.491840e+01  1.569804e+01  2.350000e+01
   endloop
 endfacet
 facet normal  0.000000e+00  0.000000e+00 -1.000000e+00
   outer loop
     vertex  2.487185e+01  1.569516e+01  2.350000e+01
     vertex  2.487185e+01  2.430484e+01  2.350000e+01
     vertex  2.491840e+01  2.430196e+01  2.350000e+01
   endloop
 endfacet
 facet normal  0.000000e+00  0.000000e+00 -1.000000e+00
   outer loop
     vertex  2.482539e+01  1.569101e+01  2.350000e+01
     vertex  2.487185e+01  2.430484e+01  2.350000e+01
     vertex  2.487185e+01  1.569516e+01  2.350000e+01
   endloop
 endfacet
 facet normal  0.000000e+00  0.000000e+00 -1.000000e+00
   outer loop
     vertex  2.482539e+01  1.569101e+01  2.350000e+01
     vertex  2.482539e+01  2.430899e+01  2.350000e+01
     vertex  2.487185e+01  2.430484e+01  2.350000e+01
   endloop
 endfacet
 facet normal  0.000000e+00  0.000000e+00 -1.000000e+00
   outer loop
     vertex  2.477907e+01  1.568558e+01  2.350000e+01
     vertex  2.482539e+01  2.430899e+01  2.350000e+01
     vertex  2.482539e+01  1.569101e+01  2.350000e+01
   endloop
 endfacet
 facet normal  0.000000e+00  0.000000e+00 -1.000000e+00
   outer loop
     vertex  2.477907e+01  1.568558e+01  2.350000e+01
     vertex  2.477907e+01  2.431442e+01  2.350000e+01
     vertex  2.482539e+01  2.430899e+01  2.350000e+01
   endloop
 endfacet
 facet normal  0.000000e+00  0.000000e+00 -1.000000e+00
   outer loop
     vertex  2.473291e+01  1.567889e+01  2.350000e+01
     vertex  2.477907e+01  2.431442e+01  2.350000e+01
     vertex  2.477907e+01  1.568558e+01  2.350000e+01
   endloop
 endfacet
 facet normal  0.000000e+00  0.000000e+00 -1.000000e+00
   outer loop
     vertex  2.473291e+01  1.567889e+01  2.350000e+01
     vertex  2.468695e+01  2.432907e+01  2.350000e+01
     vertex  2.473291e+01  2.432111e+01  2.350000e+01
   endloop
 endfacet
 facet normal  0.000000e+00  0.000000e+00 -1.000000e+00
   outer loop
     vertex  2.473291e+01  1.567889e+01  2.350000e+01
     vertex  2.473291e+01  2.432111e+01  2.350000e+01
     vertex  2.477907e+01  2.431442e+01  2.350000e+01
   endloop
 endfacet
 facet normal  0.000000e+00  0.000000e+00 -1.000000e+00
   outer loop
     vertex  2.468695e+01  1.567093e+01  2.350000e+01
     vertex  2.468695e+01  2.432907e+01  2.350000e+01
     vertex  2.473291e+01  1.567889e+01  2.350000e+01
   endloop
 endfacet
 facet normal  0.000000e+00  0.000000e+00 -1.000000e+00
   outer loop
     vertex  2.464123e+01  1.566171e+01  2.350000e+01
     vertex  2.468695e+01  2.432907e+01  2.350000e+01
     vertex  2.468695e+01  1.567093e+01  2.350000e+01
   endloop
 endfacet
 facet normal  0.000000e+00  0.000000e+00 -1.000000e+00
   outer loop
     vertex  2.464123e+01  1.566171e+01  2.350000e+01
     vertex  2.464123e+01  2.433829e+01  2.350000e+01
     vertex  2.468695e+01  2.432907e+01  2.350000e+01
   endloop
 endfacet
 facet normal  0.000000e+00  0.000000e+00 -1.000000e+00
   outer loop
     vertex  2.459578e+01  1.565124e+01  2.350000e+01
     vertex  2.464123e+01  2.433829e+01  2.350000e+01
     vertex  2.464123e+01  1.566171e+01  2.350000e+01
   endloop
 endfacet
 facet normal  0.000000e+00  0.000000e+00 -1.000000e+00
   outer loop
     vertex  2.459578e+01  1.565124e+01  2.350000e+01
     vertex  2.459578e+01  2.434876e+01  2.350000e+01
     vertex  2.464123e+01  2.433829e+01  2.350000e+01
   endloop
 endfacet
 facet normal  0.000000e+00  0.000000e+00 -1.000000e+00
   outer loop
     vertex  2.455063e+01  1.563953e+01  2.350000e+01
     vertex  2.450582e+01  2.437341e+01  2.350000e+01
     vertex  2.455063e+01  2.436047e+01  2.350000e+01
   endloop
 endfacet
 facet normal  0.000000e+00  0.000000e+00 -1.000000e+00
   outer loop
     vertex  2.455063e+01  1.563953e+01  2.350000e+01
     vertex  2.455063e+01  2.436047e+01  2.350000e+01
     vertex  2.459578e+01  2.434876e+01  2.350000e+01
   endloop
 endfacet
 facet normal  0.000000e+00  0.000000e+00 -1.000000e+00
   outer loop
     vertex  2.455063e+01  1.563953e+01  2.350000e+01
     vertex  2.459578e+01  2.434876e+01  2.350000e+01
     vertex  2.459578e+01  1.565124e+01  2.350000e+01
   endloop
 endfacet
 facet normal  0.000000e+00  0.000000e+00 -1.000000e+00
   outer loop
     vertex  2.450582e+01  1.562659e+01  2.350000e+01
     vertex  2.450582e+01  2.437341e+01  2.350000e+01
     vertex  2.455063e+01  1.563953e+01  2.350000e+01
   endloop
 endfacet
 facet normal  0.000000e+00  0.000000e+00 -1.000000e+00
   outer loop
     vertex  2.446138e+01  1.561242e+01  2.350000e+01
     vertex  2.446138e+01  2.438758e+01  2.350000e+01
     vertex  2.450582e+01  2.437341e+01  2.350000e+01
   endloop
 endfacet
 facet normal  0.000000e+00  0.000000e+00 -1.000000e+00
   outer loop
     vertex  2.446138e+01  1.561242e+01  2.350000e+01
     vertex  2.450582e+01  2.437341e+01  2.350000e+01
     vertex  2.450582e+01  1.562659e+01  2.350000e+01
   endloop
 endfacet
 facet normal  0.000000e+00  0.000000e+00 -1.000000e+00
   outer loop
     vertex  2.441735e+01  1.559703e+01  2.350000e+01
     vertex  2.441735e+01  2.440297e+01  2.350000e+01
     vertex  2.446138e+01  2.438758e+01  2.350000e+01
   endloop
 endfacet
 facet normal  0.000000e+00  0.000000e+00 -1.000000e+00
   outer loop
     vertex  2.441735e+01  1.559703e+01  2.350000e+01
     vertex  2.446138e+01  2.438758e+01  2.350000e+01
     vertex  2.446138e+01  1.561242e+01  2.350000e+01
   endloop
 endfacet
 facet normal  0.000000e+00  0.000000e+00 -1.000000e+00
   outer loop
     vertex  2.437375e+01  1.558045e+01  2.350000e+01
     vertex  2.433063e+01  2.443733e+01  2.350000e+01
     vertex  2.437375e+01  2.441955e+01  2.350000e+01
   endloop
 endfacet
 facet normal  0.000000e+00  0.000000e+00 -1.000000e+00
   outer loop
     vertex  2.437375e+01  1.558045e+01  2.350000e+01
     vertex  2.437375e+01  2.441955e+01  2.350000e+01
     vertex  2.441735e+01  2.440297e+01  2.350000e+01
   endloop
 endfacet
 facet normal  0.000000e+00  0.000000e+00 -1.000000e+00
   outer loop
     vertex  2.437375e+01  1.558045e+01  2.350000e+01
     vertex  2.441735e+01  2.440297e+01  2.350000e+01
     vertex  2.441735e+01  1.559703e+01  2.350000e+01
   endloop
 endfacet
 facet normal  0.000000e+00  0.000000e+00 -1.000000e+00
   outer loop
     vertex  2.433063e+01  1.556267e+01  2.350000e+01
     vertex  2.433063e+01  2.443733e+01  2.350000e+01
     vertex  2.437375e+01  1.558045e+01  2.350000e+01
   endloop
 endfacet
 facet normal  0.000000e+00  0.000000e+00 -1.000000e+00
   outer loop
     vertex  2.428801e+01  1.554372e+01  2.350000e+01
     vertex  2.428801e+01  2.445628e+01  2.350000e+01
     vertex  2.433063e+01  2.443733e+01  2.350000e+01
   endloop
 endfacet
 facet normal  0.000000e+00  0.000000e+00 -1.000000e+00
   outer loop
     vertex  2.428801e+01  1.554372e+01  2.350000e+01
     vertex  2.433063e+01  2.443733e+01  2.350000e+01
     vertex  2.433063e+01  1.556267e+01  2.350000e+01
   endloop
 endfacet
 facet normal  0.000000e+00  0.000000e+00 -1.000000e+00
   outer loop
     vertex  2.424593e+01  1.552361e+01  2.350000e+01
     vertex  2.420442e+01  2.449765e+01  2.350000e+01
     vertex  2.424593e+01  2.447639e+01  2.350000e+01
   endloop
 endfacet
 facet normal  0.000000e+00  0.000000e+00 -1.000000e+00
   outer loop
     vertex  2.424593e+01  1.552361e+01  2.350000e+01
     vertex  2.424593e+01  2.447639e+01  2.350000e+01
     vertex  2.428801e+01  2.445628e+01  2.350000e+01
   endloop
 endfacet
 facet normal  0.000000e+00  0.000000e+00 -1.000000e+00
   outer loop
     vertex  2.424593e+01  1.552361e+01  2.350000e+01
     vertex  2.428801e+01  2.445628e+01  2.350000e+01
     vertex  2.428801e+01  1.554372e+01  2.350000e+01
   endloop
 endfacet
 facet normal  0.000000e+00  0.000000e+00 -1.000000e+00
   outer loop
     vertex  2.420442e+01  1.550235e+01  2.350000e+01
     vertex  2.420442e+01  2.449765e+01  2.350000e+01
     vertex  2.424593e+01  1.552361e+01  2.350000e+01
   endloop
 endfacet
 facet normal  0.000000e+00  0.000000e+00 -1.000000e+00
   outer loop
     vertex  2.416350e+01  1.547996e+01  2.350000e+01
     vertex  2.420442e+01  2.449765e+01  2.350000e+01
     vertex  2.420442e+01  1.550235e+01  2.350000e+01
   endloop
 endfacet
 facet normal  0.000000e+00  0.000000e+00 -1.000000e+00
   outer loop
     vertex  2.416350e+01  1.547996e+01  2.350000e+01
     vertex  2.416350e+01  2.452004e+01  2.350000e+01
     vertex  2.420442e+01  2.449765e+01  2.350000e+01
   endloop
 endfacet
 facet normal  0.000000e+00  0.000000e+00 -1.000000e+00
   outer loop
     vertex  2.412321e+01  1.545645e+01  2.350000e+01
     vertex  2.416350e+01  2.452004e+01  2.350000e+01
     vertex  2.416350e+01  1.547996e+01  2.350000e+01
   endloop
 endfacet
 facet normal  0.000000e+00  0.000000e+00 -1.000000e+00
   outer loop
     vertex  2.412321e+01  1.545645e+01  2.350000e+01
     vertex  2.412321e+01  2.454355e+01  2.350000e+01
     vertex  2.416350e+01  2.452004e+01  2.350000e+01
   endloop
 endfacet
 facet normal  0.000000e+00  0.000000e+00 -1.000000e+00
   outer loop
     vertex  2.408359e+01  1.543185e+01  2.350000e+01
     vertex  2.412321e+01  2.454355e+01  2.350000e+01
     vertex  2.412321e+01  1.545645e+01  2.350000e+01
   endloop
 endfacet
 facet normal  0.000000e+00  0.000000e+00 -1.000000e+00
   outer loop
     vertex  2.408359e+01  1.543185e+01  2.350000e+01
     vertex  2.408359e+01  2.456815e+01  2.350000e+01
     vertex  2.412321e+01  2.454355e+01  2.350000e+01
   endloop
 endfacet
 facet normal  0.000000e+00  0.000000e+00 -1.000000e+00
   outer loop
     vertex  2.404465e+01  1.540617e+01  2.350000e+01
     vertex  2.408359e+01  2.456815e+01  2.350000e+01
     vertex  2.408359e+01  1.543185e+01  2.350000e+01
   endloop
 endfacet
 facet normal  0.000000e+00  0.000000e+00 -1.000000e+00
   outer loop
     vertex  2.404465e+01  1.540617e+01  2.350000e+01
     vertex  2.400643e+01  2.462057e+01  2.350000e+01
     vertex  2.404465e+01  2.459383e+01  2.350000e+01
   endloop
 endfacet
 facet normal  0.000000e+00  0.000000e+00 -1.000000e+00
   outer loop
     vertex  2.404465e+01  1.540617e+01  2.350000e+01
     vertex  2.404465e+01  2.459383e+01  2.350000e+01
     vertex  2.408359e+01  2.456815e+01  2.350000e+01
   endloop
 endfacet
 facet normal  0.000000e+00  0.000000e+00 -1.000000e+00
   outer loop
     vertex  2.400643e+01  1.537943e+01  2.350000e+01
     vertex  2.400643e+01  2.462057e+01  2.350000e+01
     vertex  2.404465e+01  1.540617e+01  2.350000e+01
   endloop
 endfacet
 facet normal  0.000000e+00  0.000000e+00 -1.000000e+00
   outer loop
     vertex  2.396896e+01  1.535165e+01  2.350000e+01
     vertex  2.400643e+01  2.462057e+01  2.350000e+01
     vertex  2.400643e+01  1.537943e+01  2.350000e+01
   endloop
 endfacet
 facet normal  0.000000e+00  0.000000e+00 -1.000000e+00
   outer loop
     vertex  2.396896e+01  1.535165e+01  2.350000e+01
     vertex  2.396896e+01  2.464835e+01  2.350000e+01
     vertex  2.400643e+01  2.462057e+01  2.350000e+01
   endloop
 endfacet
 facet normal  0.000000e+00  0.000000e+00 -1.000000e+00
   outer loop
     vertex  2.393227e+01  1.532286e+01  2.350000e+01
     vertex  2.396896e+01  2.464835e+01  2.350000e+01
     vertex  2.396896e+01  1.535165e+01  2.350000e+01
   endloop
 endfacet
 facet normal  0.000000e+00  0.000000e+00 -1.000000e+00
   outer loop
     vertex  2.393227e+01  1.532286e+01  2.350000e+01
     vertex  2.389638e+01  2.470693e+01  2.350000e+01
     vertex  2.393227e+01  2.467714e+01  2.350000e+01
   endloop
 endfacet
 facet normal  0.000000e+00  0.000000e+00 -1.000000e+00
   outer loop
     vertex  2.393227e+01  1.532286e+01  2.350000e+01
     vertex  2.393227e+01  2.467714e+01  2.350000e+01
     vertex  2.396896e+01  2.464835e+01  2.350000e+01
   endloop
 endfacet
 facet normal  0.000000e+00  0.000000e+00 -1.000000e+00
   outer loop
     vertex  2.389638e+01  1.529307e+01  2.350000e+01
     vertex  2.389638e+01  2.470693e+01  2.350000e+01
     vertex  2.393227e+01  1.532286e+01  2.350000e+01
   endloop
 endfacet
 facet normal  0.000000e+00  0.000000e+00 -1.000000e+00
   outer loop
     vertex  2.389638e+01  1.529307e+01  2.350000e+01
     vertex  2.386132e+01  2.473769e+01  2.350000e+01
     vertex  2.389638e+01  2.470693e+01  2.350000e+01
   endloop
 endfacet
 facet normal  0.000000e+00  0.000000e+00 -1.000000e+00
   outer loop
     vertex  2.386132e+01  1.526231e+01  2.350000e+01
     vertex  2.386132e+01  2.473769e+01  2.350000e+01
     vertex  2.389638e+01  1.529307e+01  2.350000e+01
   endloop
 endfacet
 facet normal  0.000000e+00  0.000000e+00 -1.000000e+00
   outer loop
     vertex  2.382712e+01  1.523059e+01  2.350000e+01
     vertex  2.386132e+01  2.473769e+01  2.350000e+01
     vertex  2.386132e+01  1.526231e+01  2.350000e+01
   endloop
 endfacet
 facet normal  0.000000e+00  0.000000e+00 -1.000000e+00
   outer loop
     vertex  2.382712e+01  1.523059e+01  2.350000e+01
     vertex  2.382712e+01  2.476941e+01  2.350000e+01
     vertex  2.386132e+01  2.473769e+01  2.350000e+01
   endloop
 endfacet
 facet normal  0.000000e+00  0.000000e+00 -1.000000e+00
   outer loop
     vertex  2.379380e+01  1.519795e+01  2.350000e+01
     vertex  2.382712e+01  2.476941e+01  2.350000e+01
     vertex  2.382712e+01  1.523059e+01  2.350000e+01
   endloop
 endfacet
 facet normal  0.000000e+00  0.000000e+00 -1.000000e+00
   outer loop
     vertex  2.379380e+01  1.519795e+01  2.350000e+01
     vertex  2.376139e+01  2.483559e+01  2.350000e+01
     vertex  2.379380e+01  2.480205e+01  2.350000e+01
   endloop
 endfacet
 facet normal  0.000000e+00  0.000000e+00 -1.000000e+00
   outer loop
     vertex  2.379380e+01  1.519795e+01  2.350000e+01
     vertex  2.379380e+01  2.480205e+01  2.350000e+01
     vertex  2.382712e+01  2.476941e+01  2.350000e+01
   endloop
 endfacet
 facet normal  0.000000e+00  0.000000e+00 -1.000000e+00
   outer loop
     vertex  2.376139e+01  1.516441e+01  2.350000e+01
     vertex  2.376139e+01  2.483559e+01  2.350000e+01
     vertex  2.379380e+01  1.519795e+01  2.350000e+01
   endloop
 endfacet
 facet normal  0.000000e+00  0.000000e+00 -1.000000e+00
   outer loop
     vertex  2.372991e+01  1.512999e+01  2.350000e+01
     vertex  2.372991e+01  2.487001e+01  2.350000e+01
     vertex  2.376139e+01  2.483559e+01  2.350000e+01
   endloop
 endfacet
 facet normal  0.000000e+00  0.000000e+00 -1.000000e+00
   outer loop
     vertex  2.372991e+01  1.512999e+01  2.350000e+01
     vertex  2.376139e+01  2.483559e+01  2.350000e+01
     vertex  2.376139e+01  1.516441e+01  2.350000e+01
   endloop
 endfacet
 facet normal  0.000000e+00  0.000000e+00 -1.000000e+00
   outer loop
     vertex  2.369939e+01  1.509472e+01  2.350000e+01
     vertex  2.369939e+01  2.490528e+01  2.350000e+01
     vertex  2.372991e+01  2.487001e+01  2.350000e+01
   endloop
 endfacet
 facet normal  0.000000e+00  0.000000e+00 -1.000000e+00
   outer loop
     vertex  2.369939e+01  1.509472e+01  2.350000e+01
     vertex  2.372991e+01  2.487001e+01  2.350000e+01
     vertex  2.372991e+01  1.512999e+01  2.350000e+01
   endloop
 endfacet
 facet normal  0.000000e+00  0.000000e+00 -1.000000e+00
   outer loop
     vertex  2.366985e+01  1.505863e+01  2.350000e+01
     vertex  2.369939e+01  2.490528e+01  2.350000e+01
     vertex  2.369939e+01  1.509472e+01  2.350000e+01
   endloop
 endfacet
 facet normal  0.000000e+00  0.000000e+00 -1.000000e+00
   outer loop
     vertex  2.366985e+01  1.505863e+01  2.350000e+01
     vertex  2.366985e+01  2.494137e+01  2.350000e+01
     vertex  2.369939e+01  2.490528e+01  2.350000e+01
   endloop
 endfacet
 facet normal  0.000000e+00  0.000000e+00 -1.000000e+00
   outer loop
     vertex  2.364131e+01  1.502174e+01  2.350000e+01
     vertex  2.361379e+01  2.501592e+01  2.350000e+01
     vertex  2.364131e+01  2.497826e+01  2.350000e+01
   endloop
 endfacet
 facet normal  0.000000e+00  0.000000e+00 -1.000000e+00
   outer loop
     vertex  2.364131e+01  1.502174e+01  2.350000e+01
     vertex  2.366985e+01  2.494137e+01  2.350000e+01
     vertex  2.366985e+01  1.505863e+01  2.350000e+01
   endloop
 endfacet
 facet normal  0.000000e+00  0.000000e+00 -1.000000e+00
   outer loop
     vertex  2.364131e+01  1.502174e+01  2.350000e+01
     vertex  2.364131e+01  2.497826e+01  2.350000e+01
     vertex  2.366985e+01  2.494137e+01  2.350000e+01
   endloop
 endfacet
 facet normal  0.000000e+00  0.000000e+00 -1.000000e+00
   outer loop
     vertex  2.361379e+01  1.498408e+01  2.350000e+01
     vertex  2.361379e+01  2.501592e+01  2.350000e+01
     vertex  2.364131e+01  1.502174e+01  2.350000e+01
   endloop
 endfacet
 facet normal  0.000000e+00  0.000000e+00 -1.000000e+00
   outer loop
     vertex  2.358731e+01  1.494568e+01  2.350000e+01
     vertex  2.361379e+01  2.501592e+01  2.350000e+01
     vertex  2.361379e+01  1.498408e+01  2.350000e+01
   endloop
 endfacet
 facet normal  0.000000e+00  0.000000e+00 -1.000000e+00
   outer loop
     vertex  2.358731e+01  1.494568e+01  2.350000e+01
     vertex  2.356190e+01  2.509343e+01  2.350000e+01
     vertex  2.358731e+01  2.505432e+01  2.350000e+01
   endloop
 endfacet
 facet normal  0.000000e+00  0.000000e+00 -1.000000e+00
   outer loop
     vertex  2.358731e+01  1.494568e+01  2.350000e+01
     vertex  2.358731e+01  2.505432e+01  2.350000e+01
     vertex  2.361379e+01  2.501592e+01  2.350000e+01
   endloop
 endfacet
 facet normal  0.000000e+00  0.000000e+00 -1.000000e+00
   outer loop
     vertex  2.356190e+01  1.490657e+01  2.350000e+01
     vertex  2.356190e+01  2.509343e+01  2.350000e+01
     vertex  2.358731e+01  1.494568e+01  2.350000e+01
   endloop
 endfacet
 facet normal  0.000000e+00  0.000000e+00 -1.000000e+00
   outer loop
     vertex  2.353757e+01  1.486678e+01  2.350000e+01
     vertex  2.351434e+01  2.517367e+01  2.350000e+01
     vertex  2.353757e+01  2.513322e+01  2.350000e+01
   endloop
 endfacet
 facet normal  0.000000e+00  0.000000e+00 -1.000000e+00
   outer loop
     vertex  2.353757e+01  1.486678e+01  2.350000e+01
     vertex  2.353757e+01  2.513322e+01  2.350000e+01
     vertex  2.356190e+01  2.509343e+01  2.350000e+01
   endloop
 endfacet
 facet normal  0.000000e+00  0.000000e+00 -1.000000e+00
   outer loop
     vertex  2.353757e+01  1.486678e+01  2.350000e+01
     vertex  2.356190e+01  2.509343e+01  2.350000e+01
     vertex  2.356190e+01  1.490657e+01  2.350000e+01
   endloop
 endfacet
 facet normal  0.000000e+00  0.000000e+00 -1.000000e+00
   outer loop
     vertex  2.351434e+01  1.482633e+01  2.350000e+01
     vertex  2.349223e+01  2.521474e+01  2.350000e+01
     vertex  2.351434e+01  2.517367e+01  2.350000e+01
   endloop
 endfacet
 facet normal  0.000000e+00  0.000000e+00 -1.000000e+00
   outer loop
     vertex  2.351434e+01  1.482633e+01  2.350000e+01
     vertex  2.351434e+01  2.517367e+01  2.350000e+01
     vertex  2.353757e+01  1.486678e+01  2.350000e+01
   endloop
 endfacet
 facet normal  0.000000e+00  0.000000e+00 -1.000000e+00
   outer loop
     vertex  2.349223e+01  1.478526e+01  2.350000e+01
     vertex  2.347126e+01  2.525640e+01  2.350000e+01
     vertex  2.349223e+01  2.521474e+01  2.350000e+01
   endloop
 endfacet
 facet normal  0.000000e+00  0.000000e+00 -1.000000e+00
   outer loop
     vertex  2.349223e+01  1.478526e+01  2.350000e+01
     vertex  2.349223e+01  2.521474e+01  2.350000e+01
     vertex  2.351434e+01  1.482633e+01  2.350000e+01
   endloop
 endfacet
 facet normal  0.000000e+00  0.000000e+00 -1.000000e+00
   outer loop
     vertex  2.347126e+01  1.474360e+01  2.350000e+01
     vertex  2.347126e+01  2.525640e+01  2.350000e+01
     vertex  2.349223e+01  1.478526e+01  2.350000e+01
   endloop
 endfacet
 facet normal  0.000000e+00  0.000000e+00 -1.000000e+00
   outer loop
     vertex  2.345143e+01  1.470138e+01  2.350000e+01
     vertex  2.345143e+01  2.529862e+01  2.350000e+01
     vertex  2.347126e+01  2.525640e+01  2.350000e+01
   endloop
 endfacet
 facet normal  0.000000e+00  0.000000e+00 -1.000000e+00
   outer loop
     vertex  2.345143e+01  1.470138e+01  2.350000e+01
     vertex  2.347126e+01  2.525640e+01  2.350000e+01
     vertex  2.347126e+01  1.474360e+01  2.350000e+01
   endloop
 endfacet
 facet normal  0.000000e+00  0.000000e+00 -1.000000e+00
   outer loop
     vertex  2.343277e+01  1.465863e+01  2.350000e+01
     vertex  2.343277e+01  2.534137e+01  2.350000e+01
     vertex  2.345143e+01  2.529862e+01  2.350000e+01
   endloop
 endfacet
 facet normal  0.000000e+00  0.000000e+00 -1.000000e+00
   outer loop
     vertex  2.343277e+01  1.465863e+01  2.350000e+01
     vertex  2.345143e+01  2.529862e+01  2.350000e+01
     vertex  2.345143e+01  1.470138e+01  2.350000e+01
   endloop
 endfacet
 facet normal  0.000000e+00  0.000000e+00 -1.000000e+00
   outer loop
     vertex  2.341529e+01  1.461539e+01  2.350000e+01
     vertex  2.343277e+01  2.534137e+01  2.350000e+01
     vertex  2.343277e+01  1.465863e+01  2.350000e+01
   endloop
 endfacet
 facet normal  0.000000e+00  0.000000e+00 -1.000000e+00
   outer loop
     vertex  2.341529e+01  1.461539e+01  2.350000e+01
     vertex  2.341529e+01  2.538461e+01  2.350000e+01
     vertex  2.343277e+01  2.534137e+01  2.350000e+01
   endloop
 endfacet
 facet normal  0.000000e+00  0.000000e+00 -1.000000e+00
   outer loop
     vertex  2.341529e+01  1.461539e+01  2.350000e+01
     vertex  1.500000e+01  3.400000e+01  2.350000e+01
     vertex  2.341529e+01  2.538461e+01  2.350000e+01
   endloop
 endfacet
 facet normal  0.000000e+00  0.000000e+00 -1.000000e+00
   outer loop
     vertex  2.339901e+01  1.457168e+01  2.350000e+01
     vertex  1.500000e+01  3.400000e+01  2.350000e+01
     vertex  2.341529e+01  1.461539e+01  2.350000e+01
   endloop
 endfacet
 facet normal  0.000000e+00  0.000000e+00 -1.000000e+00
   outer loop
     vertex  2.338393e+01  1.452755e+01  2.350000e+01
     vertex  1.500000e+01  3.400000e+01  2.350000e+01
     vertex  2.339901e+01  1.457168e+01  2.350000e+01
   endloop
 endfacet
 facet normal  0.000000e+00  0.000000e+00 -1.000000e+00
   outer loop
     vertex  2.337006e+01  1.448301e+01  2.350000e+01
     vertex  1.500000e+01  3.400000e+01  2.350000e+01
     vertex  2.338393e+01  1.452755e+01  2.350000e+01
   endloop
 endfacet
 facet normal  0.000000e+00  0.000000e+00 -1.000000e+00
   outer loop
     vertex  2.335742e+01  1.443811e+01  2.350000e+01
     vertex  1.500000e+01  3.400000e+01  2.350000e+01
     vertex  2.337006e+01  1.448301e+01  2.350000e+01
   endloop
 endfacet
 facet normal  0.000000e+00  0.000000e+00 -1.000000e+00
   outer loop
     vertex  2.334602e+01  1.439289e+01  2.350000e+01
     vertex  1.500000e+01  3.400000e+01  2.350000e+01
     vertex  2.335742e+01  1.443811e+01  2.350000e+01
   endloop
 endfacet
 facet normal  0.000000e+00  0.000000e+00 -1.000000e+00
   outer loop
     vertex  2.333587e+01  1.434736e+01  2.350000e+01
     vertex  1.500000e+01  3.400000e+01  2.350000e+01
     vertex  2.334602e+01  1.439289e+01  2.350000e+01
   endloop
 endfacet
 facet normal  0.000000e+00  0.000000e+00 -1.000000e+00
   outer loop
     vertex  2.332696e+01  1.430158e+01  2.350000e+01
     vertex  1.500000e+01  3.400000e+01  2.350000e+01
     vertex  2.333587e+01  1.434736e+01  2.350000e+01
   endloop
 endfacet
 facet normal  0.000000e+00  0.000000e+00 -1.000000e+00
   outer loop
     vertex  2.331932e+01  1.425557e+01  2.350000e+01
     vertex  1.500000e+01  3.400000e+01  2.350000e+01
     vertex  2.332696e+01  1.430158e+01  2.350000e+01
   endloop
 endfacet
 facet normal  0.000000e+00  0.000000e+00 -1.000000e+00
   outer loop
     vertex  2.331294e+01  1.420936e+01  2.350000e+01
     vertex  1.500000e+01  3.400000e+01  2.350000e+01
     vertex  2.331932e+01  1.425557e+01  2.350000e+01
   endloop
 endfacet
 facet normal  0.000000e+00  0.000000e+00 -1.000000e+00
   outer loop
     vertex  3.500000e+01  0.000000e+00  2.350000e+01
     vertex  2.501166e+01  1.230004e+01  2.350000e+01
     vertex  2.505829e+01  1.230100e+01  2.350000e+01
   endloop
 endfacet
 facet normal  0.000000e+00  0.000000e+00 -1.000000e+00
   outer loop
     vertex  3.500000e+01  0.000000e+00  2.350000e+01
     vertex  2.505829e+01  1.230100e+01  2.350000e+01
     vertex  2.510488e+01  1.230324e+01  2.350000e+01
   endloop
 endfacet
 facet normal  0.000000e+00  0.000000e+00 -1.000000e+00
   outer loop
     vertex  3.500000e+01  0.000000e+00  2.350000e+01
     vertex  2.510488e+01  1.230324e+01  2.350000e+01
     vertex  2.515139e+01  1.230675e+01  2.350000e+01
   endloop
 endfacet
 facet normal  0.000000e+00  0.000000e+00 -1.000000e+00
   outer loop
     vertex  3.500000e+01  0.000000e+00  2.350000e+01
     vertex  2.515139e+01  1.230675e+01  2.350000e+01
     vertex  2.519779e+01  1.231154e+01  2.350000e+01
   endloop
 endfacet
 facet normal  0.000000e+00  0.000000e+00 -1.000000e+00
   outer loop
     vertex  3.500000e+01  0.000000e+00  2.350000e+01
     vertex  2.519779e+01  1.231154e+01  2.350000e+01
     vertex  2.524403e+01  1.231761e+01  2.350000e+01
   endloop
 endfacet
 facet normal  0.000000e+00  0.000000e+00 -1.000000e+00
   outer loop
     vertex  3.500000e+01  0.000000e+00  2.350000e+01
     vertex  2.524403e+01  1.231761e+01  2.350000e+01
     vertex  2.529010e+01  1.232493e+01  2.350000e+01
   endloop
 endfacet
 facet normal  0.000000e+00  0.000000e+00 -1.000000e+00
   outer loop
     vertex  3.500000e+01  0.000000e+00  2.350000e+01
     vertex  2.529010e+01  1.232493e+01  2.350000e+01
     vertex  2.533594e+01  1.233352e+01  2.350000e+01
   endloop
 endfacet
 facet normal  0.000000e+00  0.000000e+00 -1.000000e+00
   outer loop
     vertex  3.500000e+01  0.000000e+00  2.350000e+01
     vertex  2.533594e+01  1.233352e+01  2.350000e+01
     vertex  2.538153e+01  1.234337e+01  2.350000e+01
   endloop
 endfacet
 facet normal  0.000000e+00  0.000000e+00 -1.000000e+00
   outer loop
     vertex  3.500000e+01  0.000000e+00  2.350000e+01
     vertex  2.538153e+01  1.234337e+01  2.350000e+01
     vertex  2.542684e+01  1.235446e+01  2.350000e+01
   endloop
 endfacet
 facet normal  0.000000e+00  0.000000e+00 -1.000000e+00
   outer loop
     vertex  3.500000e+01  0.000000e+00  2.350000e+01
     vertex  2.542684e+01  1.235446e+01  2.350000e+01
     vertex  2.547182e+01  1.236679e+01  2.350000e+01
   endloop
 endfacet
 facet normal  0.000000e+00  0.000000e+00 -1.000000e+00
   outer loop
     vertex  3.500000e+01  0.000000e+00  2.350000e+01
     vertex  2.547182e+01  1.236679e+01  2.350000e+01
     vertex  2.551645e+01  1.238035e+01  2.350000e+01
   endloop
 endfacet
 facet normal  0.000000e+00  0.000000e+00 -1.000000e+00
   outer loop
     vertex  3.500000e+01  0.000000e+00  2.350000e+01
     vertex  2.551645e+01  1.238035e+01  2.350000e+01
     vertex  2.556069e+01  1.239512e+01  2.350000e+01
   endloop
 endfacet
 facet normal  0.000000e+00  0.000000e+00 -1.000000e+00
   outer loop
     vertex  3.500000e+01  0.000000e+00  2.350000e+01
     vertex  2.556069e+01  1.239512e+01  2.350000e+01
     vertex  2.560451e+01  1.241111e+01  2.350000e+01
   endloop
 endfacet
 facet normal  0.000000e+00  0.000000e+00 -1.000000e+00
   outer loop
     vertex  3.500000e+01  0.000000e+00  2.350000e+01
     vertex  2.560451e+01  1.241111e+01  2.350000e+01
     vertex  2.564787e+01  1.242829e+01  2.350000e+01
   endloop
 endfacet
 facet normal  0.000000e+00  0.000000e+00 -1.000000e+00
   outer loop
     vertex  3.500000e+01  0.000000e+00  2.350000e+01
     vertex  2.564787e+01  1.242829e+01  2.350000e+01
     vertex  2.569074e+01  1.244666e+01  2.350000e+01
   endloop
 endfacet
 facet normal  0.000000e+00  0.000000e+00 -1.000000e+00
   outer loop
     vertex  3.500000e+01  0.000000e+00  2.350000e+01
     vertex  2.569074e+01  1.244666e+01  2.350000e+01
     vertex  2.573310e+01  1.246619e+01  2.350000e+01
   endloop
 endfacet
 facet normal  0.000000e+00  0.000000e+00 -1.000000e+00
   outer loop
     vertex  3.500000e+01  0.000000e+00  2.350000e+01
     vertex  2.573310e+01  1.246619e+01  2.350000e+01
     vertex  2.577490e+01  1.248688e+01  2.350000e+01
   endloop
 endfacet
 facet normal  0.000000e+00  0.000000e+00 -1.000000e+00
   outer loop
     vertex  3.500000e+01  0.000000e+00  2.350000e+01
     vertex  2.577490e+01  1.248688e+01  2.350000e+01
     vertex  2.581612e+01  1.250871e+01  2.350000e+01
   endloop
 endfacet
 facet normal  0.000000e+00  0.000000e+00 -1.000000e+00
   outer loop
     vertex  3.500000e+01  0.000000e+00  2.350000e+01
     vertex  2.581612e+01  1.250871e+01  2.350000e+01
     vertex  2.585672e+01  1.253166e+01  2.350000e+01
   endloop
 endfacet
 facet normal  0.000000e+00  0.000000e+00 -1.000000e+00
   outer loop
     vertex  3.500000e+01  0.000000e+00  2.350000e+01
     vertex  2.585672e+01  1.253166e+01  2.350000e+01
     vertex  2.589668e+01  1.255572e+01  2.350000e+01
   endloop
 endfacet
 facet normal  0.000000e+00  0.000000e+00 -1.000000e+00
   outer loop
     vertex  3.500000e+01  0.000000e+00  2.350000e+01
     vertex  2.589668e+01  1.255572e+01  2.350000e+01
     vertex  2.593597e+01  1.258086e+01  2.350000e+01
   endloop
 endfacet
 facet normal  0.000000e+00  0.000000e+00 -1.000000e+00
   outer loop
     vertex  3.500000e+01  0.000000e+00  2.350000e+01
     vertex  2.593597e+01  1.258086e+01  2.350000e+01
     vertex  2.597455e+01  1.260707e+01  2.350000e+01
   endloop
 endfacet
 facet normal  0.000000e+00  0.000000e+00 -1.000000e+00
   outer loop
     vertex  3.500000e+01  0.000000e+00  2.350000e+01
     vertex  2.597455e+01  1.260707e+01  2.350000e+01
     vertex  2.601240e+01  1.263433e+01  2.350000e+01
   endloop
 endfacet
 facet normal  0.000000e+00  0.000000e+00 -1.000000e+00
   outer loop
     vertex  3.500000e+01  0.000000e+00  2.350000e+01
     vertex  2.601240e+01  1.263433e+01  2.350000e+01
     vertex  2.604948e+01  1.266262e+01  2.350000e+01
   endloop
 endfacet
 facet normal  0.000000e+00  0.000000e+00 -1.000000e+00
   outer loop
     vertex  3.500000e+01  0.000000e+00  2.350000e+01
     vertex  2.604948e+01  1.266262e+01  2.350000e+01
     vertex  2.608578e+01  1.269191e+01  2.350000e+01
   endloop
 endfacet
 facet normal  0.000000e+00  0.000000e+00 -1.000000e+00
   outer loop
     vertex  3.500000e+01  0.000000e+00  2.350000e+01
     vertex  2.608578e+01  1.269191e+01  2.350000e+01
     vertex  2.612125e+01  1.272219e+01  2.350000e+01
   endloop
 endfacet
 facet normal  0.000000e+00  0.000000e+00 -1.000000e+00
   outer loop
     vertex  3.500000e+01  0.000000e+00  2.350000e+01
     vertex  2.612125e+01  1.272219e+01  2.350000e+01
     vertex  2.615589e+01  1.275343e+01  2.350000e+01
   endloop
 endfacet
 facet normal  0.000000e+00  0.000000e+00 -1.000000e+00
   outer loop
     vertex  3.500000e+01  0.000000e+00  2.350000e+01
     vertex  2.615589e+01  1.275343e+01  2.350000e+01
     vertex  2.618965e+01  1.278561e+01  2.350000e+01
   endloop
 endfacet
 facet normal  0.000000e+00  0.000000e+00 -1.000000e+00
   outer loop
     vertex  3.500000e+01  0.000000e+00  2.350000e+01
     vertex  2.618965e+01  1.278561e+01  2.350000e+01
     vertex  2.622252e+01  1.281871e+01  2.350000e+01
   endloop
 endfacet
 facet normal  0.000000e+00  0.000000e+00 -1.000000e+00
   outer loop
     vertex  3.500000e+01  0.000000e+00  2.350000e+01
     vertex  2.622252e+01  1.281871e+01  2.350000e+01
     vertex  2.625447e+01  1.285269e+01  2.350000e+01
   endloop
 endfacet
 facet normal  0.000000e+00  0.000000e+00 -1.000000e+00
   outer loop
     vertex  3.500000e+01  0.000000e+00  2.350000e+01
     vertex  2.670000e+01  1.400000e+01  2.350000e+01
     vertex  2.669936e+01  1.404664e+01  2.350000e+01
   endloop
 endfacet
 facet normal  0.000000e+00  0.000000e+00 -1.000000e+00
   outer loop
     vertex  3.500000e+01  0.000000e+00  2.350000e+01
     vertex  2.625447e+01  1.285269e+01  2.350000e+01
     vertex  2.628547e+01  1.288754e+01  2.350000e+01
   endloop
 endfacet
 facet normal  0.000000e+00  0.000000e+00 -1.000000e+00
   outer loop
     vertex  3.500000e+01  0.000000e+00  2.350000e+01
     vertex  2.669936e+01  1.404664e+01  2.350000e+01
     vertex  2.669744e+01  1.409324e+01  2.350000e+01
   endloop
 endfacet
 facet normal  0.000000e+00  0.000000e+00 -1.000000e+00
   outer loop
     vertex  3.500000e+01  0.000000e+00  2.350000e+01
     vertex  2.628547e+01  1.288754e+01  2.350000e+01
     vertex  2.631550e+01  1.292322e+01  2.350000e+01
   endloop
 endfacet
 facet normal  0.000000e+00  0.000000e+00 -1.000000e+00
   outer loop
     vertex  3.500000e+01  0.000000e+00  2.350000e+01
     vertex  2.669744e+01  1.409324e+01  2.350000e+01
     vertex  2.669424e+01  1.413977e+01  2.350000e+01
   endloop
 endfacet
 facet normal  0.000000e+00  0.000000e+00 -1.000000e+00
   outer loop
     vertex  3.500000e+01  0.000000e+00  2.350000e+01
     vertex  2.631550e+01  1.292322e+01  2.350000e+01
     vertex  2.634455e+01  1.295972e+01  2.350000e+01
   endloop
 endfacet
 facet normal  0.000000e+00  0.000000e+00 -1.000000e+00
   outer loop
     vertex  3.500000e+01  0.000000e+00  2.350000e+01
     vertex  2.669424e+01  1.413977e+01  2.350000e+01
     vertex  2.668977e+01  1.418620e+01  2.350000e+01
   endloop
 endfacet
 facet normal  0.000000e+00  0.000000e+00 -1.000000e+00
   outer loop
     vertex  3.500000e+01  0.000000e+00  2.350000e+01
     vertex  2.634455e+01  1.295972e+01  2.350000e+01
     vertex  2.637258e+01  1.299700e+01  2.350000e+01
   endloop
 endfacet
 facet normal  0.000000e+00  0.000000e+00 -1.000000e+00
   outer loop
     vertex  3.500000e+01  0.000000e+00  2.350000e+01
     vertex  2.668977e+01  1.418620e+01  2.350000e+01
     vertex  2.668403e+01  1.423249e+01  2.350000e+01
   endloop
 endfacet
 facet normal  0.000000e+00  0.000000e+00 -1.000000e+00
   outer loop
     vertex  3.500000e+01  0.000000e+00  2.350000e+01
     vertex  2.637258e+01  1.299700e+01  2.350000e+01
     vertex  2.639958e+01  1.303503e+01  2.350000e+01
   endloop
 endfacet
 facet normal  0.000000e+00  0.000000e+00 -1.000000e+00
   outer loop
     vertex  3.500000e+01  0.000000e+00  2.350000e+01
     vertex  2.639958e+01  1.303503e+01  2.350000e+01
     vertex  2.642553e+01  1.307379e+01  2.350000e+01
   endloop
 endfacet
 facet normal  0.000000e+00  0.000000e+00 -1.000000e+00
   outer loop
     vertex  3.500000e+01  0.000000e+00  2.350000e+01
     vertex  2.642553e+01  1.307379e+01  2.350000e+01
     vertex  2.645040e+01  1.311324e+01  2.350000e+01
   endloop
 endfacet
 facet normal  0.000000e+00  0.000000e+00 -1.000000e+00
   outer loop
     vertex  3.500000e+01  0.000000e+00  2.350000e+01
     vertex  2.645040e+01  1.311324e+01  2.350000e+01
     vertex  2.647418e+01  1.315337e+01  2.350000e+01
   endloop
 endfacet
 facet normal  0.000000e+00  0.000000e+00 -1.000000e+00
   outer loop
     vertex  3.500000e+01  0.000000e+00  2.350000e+01
     vertex  2.647418e+01  1.315337e+01  2.350000e+01
     vertex  2.649685e+01  1.319413e+01  2.350000e+01
   endloop
 endfacet
 facet normal  0.000000e+00  0.000000e+00 -1.000000e+00
   outer loop
     vertex  3.500000e+01  0.000000e+00  2.350000e+01
     vertex  2.649685e+01  1.319413e+01  2.350000e+01
     vertex  2.651840e+01  1.323550e+01  2.350000e+01
   endloop
 endfacet
 facet normal  0.000000e+00  0.000000e+00 -1.000000e+00
   outer loop
     vertex  3.500000e+01  0.000000e+00  2.350000e+01
     vertex  2.651840e+01  1.323550e+01  2.350000e+01
     vertex  2.653880e+01  1.327744e+01  2.350000e+01
   endloop
 endfacet
 facet normal  0.000000e+00  0.000000e+00 -1.000000e+00
   outer loop
     vertex  3.500000e+01  0.000000e+00  2.350000e+01
     vertex  2.653880e+01  1.327744e+01  2.350000e+01
     vertex  2.655804e+01  1.331993e+01  2.350000e+01
   endloop
 endfacet
 facet normal  0.000000e+00  0.000000e+00 -1.000000e+00
   outer loop
     vertex  3.500000e+01  0.000000e+00  2.350000e+01
     vertex  2.655804e+01  1.331993e+01  2.350000e+01
     vertex  2.657612e+01  1.336293e+01  2.350000e+01
   endloop
 endfacet
 facet normal  0.000000e+00  0.000000e+00 -1.000000e+00
   outer loop
     vertex  3.500000e+01  0.000000e+00  2.350000e+01
     vertex  2.657612e+01  1.336293e+01  2.350000e+01
     vertex  2.659300e+01  1.340641e+01  2.350000e+01
   endloop
 endfacet
 facet normal  0.000000e+00  0.000000e+00 -1.000000e+00
   outer loop
     vertex  3.500000e+01  0.000000e+00  2.350000e+01
     vertex  2.659300e+01  1.340641e+01  2.350000e+01
     vertex  2.660868e+01  1.345033e+01  2.350000e+01
   endloop
 endfacet
 facet normal  0.000000e+00  0.000000e+00 -1.000000e+00
   outer loop
     vertex  3.500000e+01  0.000000e+00  2.350000e+01
     vertex  2.660868e+01  1.345033e+01  2.350000e+01
     vertex  2.662316e+01  1.349467e+01  2.350000e+01
   endloop
 endfacet
 facet normal  0.000000e+00  0.000000e+00 -1.000000e+00
   outer loop
     vertex  3.500000e+01  0.000000e+00  2.350000e+01
     vertex  2.662316e+01  1.349467e+01  2.350000e+01
     vertex  2.663641e+01  1.353939e+01  2.350000e+01
   endloop
 endfacet
 facet normal  0.000000e+00  0.000000e+00 -1.000000e+00
   outer loop
     vertex  3.500000e+01  0.000000e+00  2.350000e+01
     vertex  2.663641e+01  1.353939e+01  2.350000e+01
     vertex  2.664843e+01  1.358446e+01  2.350000e+01
   endloop
 endfacet
 facet normal  0.000000e+00  0.000000e+00 -1.000000e+00
   outer loop
     vertex  3.500000e+01  0.000000e+00  2.350000e+01
     vertex  2.664843e+01  1.358446e+01  2.350000e+01
     vertex  2.665921e+01  1.362984e+01  2.350000e+01
   endloop
 endfacet
 facet normal  0.000000e+00  0.000000e+00 -1.000000e+00
   outer loop
     vertex  3.500000e+01  0.000000e+00  2.350000e+01
     vertex  2.665921e+01  1.362984e+01  2.350000e+01
     vertex  2.666874e+01  1.367550e+01  2.350000e+01
   endloop
 endfacet
 facet normal  0.000000e+00  0.000000e+00 -1.000000e+00
   outer loop
     vertex  3.500000e+01  0.000000e+00  2.350000e+01
     vertex  2.666874e+01  1.367550e+01  2.350000e+01
     vertex  2.667702e+01  1.372140e+01  2.350000e+01
   endloop
 endfacet
 facet normal  0.000000e+00  0.000000e+00 -1.000000e+00
   outer loop
     vertex  3.500000e+01  0.000000e+00  2.350000e+01
     vertex  2.667702e+01  1.372140e+01  2.350000e+01
     vertex  2.668403e+01  1.376751e+01  2.350000e+01
   endloop
 endfacet
 facet normal  0.000000e+00  0.000000e+00 -1.000000e+00
   outer loop
     vertex  3.500000e+01  0.000000e+00  2.350000e+01
     vertex  2.668403e+01  1.376751e+01  2.350000e+01
     vertex  2.668977e+01  1.381380e+01  2.350000e+01
   endloop
 endfacet
 facet normal  0.000000e+00  0.000000e+00 -1.000000e+00
   outer loop
     vertex  3.500000e+01  0.000000e+00  2.350000e+01
     vertex  2.668977e+01  1.381380e+01  2.350000e+01
     vertex  2.669424e+01  1.386023e+01  2.350000e+01
   endloop
 endfacet
 facet normal  0.000000e+00  0.000000e+00 -1.000000e+00
   outer loop
     vertex  3.500000e+01  0.000000e+00  2.350000e+01
     vertex  2.669424e+01  1.386023e+01  2.350000e+01
     vertex  2.669744e+01  1.390676e+01  2.350000e+01
   endloop
 endfacet
 facet normal  0.000000e+00  0.000000e+00 -1.000000e+00
   outer loop
     vertex  3.500000e+01  0.000000e+00  2.350000e+01
     vertex  2.669744e+01  1.390676e+01  2.350000e+01
     vertex  2.669936e+01  1.395336e+01  2.350000e+01
   endloop
 endfacet
 facet normal  0.000000e+00  0.000000e+00 -1.000000e+00
   outer loop
     vertex  3.500000e+01  0.000000e+00  2.350000e+01
     vertex  2.669936e+01  1.395336e+01  2.350000e+01
     vertex  2.670000e+01  1.400000e+01  2.350000e+01
   endloop
 endfacet
 facet normal  0.000000e+00  0.000000e+00 -1.000000e+00
   outer loop
     vertex  3.500000e+01  0.000000e+00  2.350000e+01
     vertex  2.668403e+01  1.423249e+01  2.350000e+01
     vertex  3.500000e+01  3.400000e+01  2.350000e+01
   endloop
 endfacet
 facet normal  0.000000e+00  0.000000e+00 -1.000000e+00
   outer loop
     vertex  1.500000e+01  0.000000e+00  2.350000e+01
     vertex  2.491840e+01  1.230196e+01  2.350000e+01
     vertex  2.496502e+01  1.230036e+01  2.350000e+01
   endloop
 endfacet
 facet normal  0.000000e+00  0.000000e+00 -1.000000e+00
   outer loop
     vertex  1.500000e+01  0.000000e+00  2.350000e+01
     vertex  2.496502e+01  1.230036e+01  2.350000e+01
     vertex  2.501166e+01  1.230004e+01  2.350000e+01
   endloop
 endfacet
 facet normal  0.000000e+00  0.000000e+00 -1.000000e+00
   outer loop
     vertex  1.500000e+01  0.000000e+00  2.350000e+01
     vertex  2.331294e+01  1.420936e+01  2.350000e+01
     vertex  2.330783e+01  1.416300e+01  2.350000e+01
   endloop
 endfacet
 facet normal  0.000000e+00  0.000000e+00 -1.000000e+00
   outer loop
     vertex  1.500000e+01  0.000000e+00  2.350000e+01
     vertex  2.330783e+01  1.416300e+01  2.350000e+01
     vertex  2.330400e+01  1.411652e+01  2.350000e+01
   endloop
 endfacet
 facet normal  0.000000e+00  0.000000e+00 -1.000000e+00
   outer loop
     vertex  1.500000e+01  0.000000e+00  2.350000e+01
     vertex  2.330400e+01  1.411652e+01  2.350000e+01
     vertex  2.330144e+01  1.406995e+01  2.350000e+01
   endloop
 endfacet
 facet normal  0.000000e+00  0.000000e+00 -1.000000e+00
   outer loop
     vertex  1.500000e+01  0.000000e+00  2.350000e+01
     vertex  2.330144e+01  1.406995e+01  2.350000e+01
     vertex  2.330016e+01  1.402332e+01  2.350000e+01
   endloop
 endfacet
 facet normal  0.000000e+00  0.000000e+00 -1.000000e+00
   outer loop
     vertex  1.500000e+01  0.000000e+00  2.350000e+01
     vertex  2.330016e+01  1.402332e+01  2.350000e+01
     vertex  2.330016e+01  1.397668e+01  2.350000e+01
   endloop
 endfacet
 facet normal  0.000000e+00  0.000000e+00 -1.000000e+00
   outer loop
     vertex  1.500000e+01  0.000000e+00  2.350000e+01
     vertex  2.330016e+01  1.397668e+01  2.350000e+01
     vertex  2.330144e+01  1.393005e+01  2.350000e+01
   endloop
 endfacet
 facet normal  0.000000e+00  0.000000e+00 -1.000000e+00
   outer loop
     vertex  1.500000e+01  0.000000e+00  2.350000e+01
     vertex  2.330144e+01  1.393005e+01  2.350000e+01
     vertex  2.330400e+01  1.388348e+01  2.350000e+01
   endloop
 endfacet
 facet normal  0.000000e+00  0.000000e+00 -1.000000e+00
   outer loop
     vertex  1.500000e+01  0.000000e+00  2.350000e+01
     vertex  2.330400e+01  1.388348e+01  2.350000e+01
     vertex  2.330783e+01  1.383700e+01  2.350000e+01
   endloop
 endfacet
 facet normal  0.000000e+00  0.000000e+00 -1.000000e+00
   outer loop
     vertex  1.500000e+01  0.000000e+00  2.350000e+01
     vertex  2.330783e+01  1.383700e+01  2.350000e+01
     vertex  2.331294e+01  1.379064e+01  2.350000e+01
   endloop
 endfacet
 facet normal  0.000000e+00  0.000000e+00 -1.000000e+00
   outer loop
     vertex  1.500000e+01  0.000000e+00  2.350000e+01
     vertex  2.331294e+01  1.379064e+01  2.350000e+01
     vertex  2.331932e+01  1.374443e+01  2.350000e+01
   endloop
 endfacet
 facet normal  0.000000e+00  0.000000e+00 -1.000000e+00
   outer loop
     vertex  1.500000e+01  0.000000e+00  2.350000e+01
     vertex  2.331932e+01  1.374443e+01  2.350000e+01
     vertex  2.332696e+01  1.369842e+01  2.350000e+01
   endloop
 endfacet
 facet normal  0.000000e+00  0.000000e+00 -1.000000e+00
   outer loop
     vertex  1.500000e+01  0.000000e+00  2.350000e+01
     vertex  2.332696e+01  1.369842e+01  2.350000e+01
     vertex  2.333587e+01  1.365264e+01  2.350000e+01
   endloop
 endfacet
 facet normal  0.000000e+00  0.000000e+00 -1.000000e+00
   outer loop
     vertex  1.500000e+01  0.000000e+00  2.350000e+01
     vertex  2.333587e+01  1.365264e+01  2.350000e+01
     vertex  2.334602e+01  1.360711e+01  2.350000e+01
   endloop
 endfacet
 facet normal  0.000000e+00  0.000000e+00 -1.000000e+00
   outer loop
     vertex  1.500000e+01  0.000000e+00  2.350000e+01
     vertex  2.334602e+01  1.360711e+01  2.350000e+01
     vertex  2.335742e+01  1.356189e+01  2.350000e+01
   endloop
 endfacet
 facet normal  0.000000e+00  0.000000e+00 -1.000000e+00
   outer loop
     vertex  1.500000e+01  0.000000e+00  2.350000e+01
     vertex  2.335742e+01  1.356189e+01  2.350000e+01
     vertex  2.337006e+01  1.351699e+01  2.350000e+01
   endloop
 endfacet
 facet normal  0.000000e+00  0.000000e+00 -1.000000e+00
   outer loop
     vertex  1.500000e+01  0.000000e+00  2.350000e+01
     vertex  2.337006e+01  1.351699e+01  2.350000e+01
     vertex  2.338393e+01  1.347245e+01  2.350000e+01
   endloop
 endfacet
 facet normal  0.000000e+00  0.000000e+00 -1.000000e+00
   outer loop
     vertex  1.500000e+01  0.000000e+00  2.350000e+01
     vertex  2.338393e+01  1.347245e+01  2.350000e+01
     vertex  2.339901e+01  1.342832e+01  2.350000e+01
   endloop
 endfacet
 facet normal  0.000000e+00  0.000000e+00 -1.000000e+00
   outer loop
     vertex  1.500000e+01  0.000000e+00  2.350000e+01
     vertex  2.339901e+01  1.342832e+01  2.350000e+01
     vertex  2.341529e+01  1.338461e+01  2.350000e+01
   endloop
 endfacet
 facet normal  0.000000e+00  0.000000e+00 -1.000000e+00
   outer loop
     vertex  1.500000e+01  0.000000e+00  2.350000e+01
     vertex  2.341529e+01  1.338461e+01  2.350000e+01
     vertex  2.343277e+01  1.334137e+01  2.350000e+01
   endloop
 endfacet
 facet normal  0.000000e+00  0.000000e+00 -1.000000e+00
   outer loop
     vertex  1.500000e+01  0.000000e+00  2.350000e+01
     vertex  2.343277e+01  1.334137e+01  2.350000e+01
     vertex  2.345143e+01  1.329862e+01  2.350000e+01
   endloop
 endfacet
 facet normal  0.000000e+00  0.000000e+00 -1.000000e+00
   outer loop
     vertex  1.500000e+01  0.000000e+00  2.350000e+01
     vertex  2.345143e+01  1.329862e+01  2.350000e+01
     vertex  2.347126e+01  1.325640e+01  2.350000e+01
   endloop
 endfacet
 facet normal  0.000000e+00  0.000000e+00 -1.000000e+00
   outer loop
     vertex  1.500000e+01  0.000000e+00  2.350000e+01
     vertex  2.347126e+01  1.325640e+01  2.350000e+01
     vertex  2.349223e+01  1.321474e+01  2.350000e+01
   endloop
 endfacet
 facet normal  0.000000e+00  0.000000e+00 -1.000000e+00
   outer loop
     vertex  1.500000e+01  0.000000e+00  2.350000e+01
     vertex  2.349223e+01  1.321474e+01  2.350000e+01
     vertex  2.351434e+01  1.317367e+01  2.350000e+01
   endloop
 endfacet
 facet normal  0.000000e+00  0.000000e+00 -1.000000e+00
   outer loop
     vertex  1.500000e+01  0.000000e+00  2.350000e+01
     vertex  2.351434e+01  1.317367e+01  2.350000e+01
     vertex  2.353757e+01  1.313322e+01  2.350000e+01
   endloop
 endfacet
 facet normal  0.000000e+00  0.000000e+00 -1.000000e+00
   outer loop
     vertex  1.500000e+01  0.000000e+00  2.350000e+01
     vertex  2.353757e+01  1.313322e+01  2.350000e+01
     vertex  2.356190e+01  1.309343e+01  2.350000e+01
   endloop
 endfacet
 facet normal  0.000000e+00  0.000000e+00 -1.000000e+00
   outer loop
     vertex  1.500000e+01  0.000000e+00  2.350000e+01
     vertex  2.356190e+01  1.309343e+01  2.350000e+01
     vertex  2.358731e+01  1.305432e+01  2.350000e+01
   endloop
 endfacet
 facet normal  0.000000e+00  0.000000e+00 -1.000000e+00
   outer loop
     vertex  1.500000e+01  0.000000e+00  2.350000e+01
     vertex  2.358731e+01  1.305432e+01  2.350000e+01
     vertex  2.361379e+01  1.301592e+01  2.350000e+01
   endloop
 endfacet
 facet normal  0.000000e+00  0.000000e+00 -1.000000e+00
   outer loop
     vertex  1.500000e+01  0.000000e+00  2.350000e+01
     vertex  2.361379e+01  1.301592e+01  2.350000e+01
     vertex  2.364131e+01  1.297826e+01  2.350000e+01
   endloop
 endfacet
 facet normal  0.000000e+00  0.000000e+00 -1.000000e+00
   outer loop
     vertex  1.500000e+01  0.000000e+00  2.350000e+01
     vertex  2.364131e+01  1.297826e+01  2.350000e+01
     vertex  2.366985e+01  1.294137e+01  2.350000e+01
   endloop
 endfacet
 facet normal  0.000000e+00  0.000000e+00 -1.000000e+00
   outer loop
     vertex  1.500000e+01  0.000000e+00  2.350000e+01
     vertex  2.366985e+01  1.294137e+01  2.350000e+01
     vertex  2.369939e+01  1.290528e+01  2.350000e+01
   endloop
 endfacet
 facet normal  0.000000e+00  0.000000e+00 -1.000000e+00
   outer loop
     vertex  1.500000e+01  0.000000e+00  2.350000e+01
     vertex  2.369939e+01  1.290528e+01  2.350000e+01
     vertex  2.372991e+01  1.287001e+01  2.350000e+01
   endloop
 endfacet
 facet normal  0.000000e+00  0.000000e+00 -1.000000e+00
   outer loop
     vertex  1.500000e+01  0.000000e+00  2.350000e+01
     vertex  2.372991e+01  1.287001e+01  2.350000e+01
     vertex  2.376139e+01  1.283559e+01  2.350000e+01
   endloop
 endfacet
 facet normal  0.000000e+00  0.000000e+00 -1.000000e+00
   outer loop
     vertex  1.500000e+01  0.000000e+00  2.350000e+01
     vertex  2.376139e+01  1.283559e+01  2.350000e+01
     vertex  2.379380e+01  1.280205e+01  2.350000e+01
   endloop
 endfacet
 facet normal  0.000000e+00  0.000000e+00 -1.000000e+00
   outer loop
     vertex  1.500000e+01  0.000000e+00  2.350000e+01
     vertex  2.379380e+01  1.280205e+01  2.350000e+01
     vertex  2.382712e+01  1.276941e+01  2.350000e+01
   endloop
 endfacet
 facet normal  0.000000e+00  0.000000e+00 -1.000000e+00
   outer loop
     vertex  1.500000e+01  0.000000e+00  2.350000e+01
     vertex  2.382712e+01  1.276941e+01  2.350000e+01
     vertex  2.386132e+01  1.273769e+01  2.350000e+01
   endloop
 endfacet
 facet normal  0.000000e+00  0.000000e+00 -1.000000e+00
   outer loop
     vertex  1.500000e+01  0.000000e+00  2.350000e+01
     vertex  2.501166e+01  1.230004e+01  2.350000e+01
     vertex  3.500000e+01  0.000000e+00  2.350000e+01
   endloop
 endfacet
 facet normal  0.000000e+00  0.000000e+00 -1.000000e+00
   outer loop
     vertex  1.500000e+01  0.000000e+00  2.350000e+01
     vertex  2.386132e+01  1.273769e+01  2.350000e+01
     vertex  2.389638e+01  1.270693e+01  2.350000e+01
   endloop
 endfacet
 facet normal  0.000000e+00  0.000000e+00 -1.000000e+00
   outer loop
     vertex  1.500000e+01  0.000000e+00  2.350000e+01
     vertex  2.389638e+01  1.270693e+01  2.350000e+01
     vertex  2.393227e+01  1.267714e+01  2.350000e+01
   endloop
 endfacet
 facet normal  0.000000e+00  0.000000e+00 -1.000000e+00
   outer loop
     vertex  1.500000e+01  0.000000e+00  2.350000e+01
     vertex  2.393227e+01  1.267714e+01  2.350000e+01
     vertex  2.396896e+01  1.264835e+01  2.350000e+01
   endloop
 endfacet
 facet normal  0.000000e+00  0.000000e+00 -1.000000e+00
   outer loop
     vertex  1.500000e+01  0.000000e+00  2.350000e+01
     vertex  2.396896e+01  1.264835e+01  2.350000e+01
     vertex  2.400643e+01  1.262057e+01  2.350000e+01
   endloop
 endfacet
 facet normal  0.000000e+00  0.000000e+00 -1.000000e+00
   outer loop
     vertex  1.500000e+01  0.000000e+00  2.350000e+01
     vertex  2.400643e+01  1.262057e+01  2.350000e+01
     vertex  2.404465e+01  1.259383e+01  2.350000e+01
   endloop
 endfacet
 facet normal  0.000000e+00  0.000000e+00 -1.000000e+00
   outer loop
     vertex  1.500000e+01  0.000000e+00  2.350000e+01
     vertex  2.404465e+01  1.259383e+01  2.350000e+01
     vertex  2.408359e+01  1.256815e+01  2.350000e+01
   endloop
 endfacet
 facet normal  0.000000e+00  0.000000e+00 -1.000000e+00
   outer loop
     vertex  1.500000e+01  0.000000e+00  2.350000e+01
     vertex  2.408359e+01  1.256815e+01  2.350000e+01
     vertex  2.412321e+01  1.254355e+01  2.350000e+01
   endloop
 endfacet
 facet normal  0.000000e+00  0.000000e+00 -1.000000e+00
   outer loop
     vertex  1.500000e+01  0.000000e+00  2.350000e+01
     vertex  2.412321e+01  1.254355e+01  2.350000e+01
     vertex  2.416350e+01  1.252004e+01  2.350000e+01
   endloop
 endfacet
 facet normal  0.000000e+00  0.000000e+00 -1.000000e+00
   outer loop
     vertex  1.500000e+01  0.000000e+00  2.350000e+01
     vertex  2.416350e+01  1.252004e+01  2.350000e+01
     vertex  2.420442e+01  1.249765e+01  2.350000e+01
   endloop
 endfacet
 facet normal  0.000000e+00  0.000000e+00 -1.000000e+00
   outer loop
     vertex  1.500000e+01  0.000000e+00  2.350000e+01
     vertex  2.420442e+01  1.249765e+01  2.350000e+01
     vertex  2.424593e+01  1.247639e+01  2.350000e+01
   endloop
 endfacet
 facet normal  0.000000e+00  0.000000e+00 -1.000000e+00
   outer loop
     vertex  1.500000e+01  0.000000e+00  2.350000e+01
     vertex  2.424593e+01  1.247639e+01  2.350000e+01
     vertex  2.428801e+01  1.245628e+01  2.350000e+01
   endloop
 endfacet
 facet normal  0.000000e+00  0.000000e+00 -1.000000e+00
   outer loop
     vertex  1.500000e+01  0.000000e+00  2.350000e+01
     vertex  2.428801e+01  1.245628e+01  2.350000e+01
     vertex  2.433063e+01  1.243733e+01  2.350000e+01
   endloop
 endfacet
 facet normal  0.000000e+00  0.000000e+00 -1.000000e+00
   outer loop
     vertex  1.500000e+01  0.000000e+00  2.350000e+01
     vertex  2.433063e+01  1.243733e+01  2.350000e+01
     vertex  2.437375e+01  1.241955e+01  2.350000e+01
   endloop
 endfacet
 facet normal  0.000000e+00  0.000000e+00 -1.000000e+00
   outer loop
     vertex  1.500000e+01  0.000000e+00  2.350000e+01
     vertex  2.437375e+01  1.241955e+01  2.350000e+01
     vertex  2.441735e+01  1.240297e+01  2.350000e+01
   endloop
 endfacet
 facet normal  0.000000e+00  0.000000e+00 -1.000000e+00
   outer loop
     vertex  1.500000e+01  0.000000e+00  2.350000e+01
     vertex  2.441735e+01  1.240297e+01  2.350000e+01
     vertex  2.446138e+01  1.238758e+01  2.350000e+01
   endloop
 endfacet
 facet normal  0.000000e+00  0.000000e+00 -1.000000e+00
   outer loop
     vertex  1.500000e+01  0.000000e+00  2.350000e+01
     vertex  2.446138e+01  1.238758e+01  2.350000e+01
     vertex  2.450582e+01  1.237341e+01  2.350000e+01
   endloop
 endfacet
 facet normal  0.000000e+00  0.000000e+00 -1.000000e+00
   outer loop
     vertex  1.500000e+01  0.000000e+00  2.350000e+01
     vertex  2.450582e+01  1.237341e+01  2.350000e+01
     vertex  2.455063e+01  1.236047e+01  2.350000e+01
   endloop
 endfacet
 facet normal  0.000000e+00  0.000000e+00 -1.000000e+00
   outer loop
     vertex  1.500000e+01  0.000000e+00  2.350000e+01
     vertex  2.455063e+01  1.236047e+01  2.350000e+01
     vertex  2.459578e+01  1.234876e+01  2.350000e+01
   endloop
 endfacet
 facet normal  0.000000e+00  0.000000e+00 -1.000000e+00
   outer loop
     vertex  1.500000e+01  0.000000e+00  2.350000e+01
     vertex  2.459578e+01  1.234876e+01  2.350000e+01
     vertex  2.464123e+01  1.233829e+01  2.350000e+01
   endloop
 endfacet
 facet normal  0.000000e+00  0.000000e+00 -1.000000e+00
   outer loop
     vertex  1.500000e+01  0.000000e+00  2.350000e+01
     vertex  2.464123e+01  1.233829e+01  2.350000e+01
     vertex  2.468695e+01  1.232907e+01  2.350000e+01
   endloop
 endfacet
 facet normal  0.000000e+00  0.000000e+00 -1.000000e+00
   outer loop
     vertex  1.500000e+01  0.000000e+00  2.350000e+01
     vertex  2.468695e+01  1.232907e+01  2.350000e+01
     vertex  2.473291e+01  1.232111e+01  2.350000e+01
   endloop
 endfacet
 facet normal  0.000000e+00  0.000000e+00 -1.000000e+00
   outer loop
     vertex  1.500000e+01  0.000000e+00  2.350000e+01
     vertex  2.473291e+01  1.232111e+01  2.350000e+01
     vertex  2.477907e+01  1.231442e+01  2.350000e+01
   endloop
 endfacet
 facet normal  0.000000e+00  0.000000e+00 -1.000000e+00
   outer loop
     vertex  1.500000e+01  0.000000e+00  2.350000e+01
     vertex  2.477907e+01  1.231442e+01  2.350000e+01
     vertex  2.482539e+01  1.230899e+01  2.350000e+01
   endloop
 endfacet
 facet normal  0.000000e+00  0.000000e+00 -1.000000e+00
   outer loop
     vertex  1.500000e+01  0.000000e+00  2.350000e+01
     vertex  2.482539e+01  1.230899e+01  2.350000e+01
     vertex  2.487185e+01  1.230484e+01  2.350000e+01
   endloop
 endfacet
 facet normal  0.000000e+00  0.000000e+00 -1.000000e+00
   outer loop
     vertex  1.500000e+01  0.000000e+00  2.350000e+01
     vertex  2.487185e+01  1.230484e+01  2.350000e+01
     vertex  2.491840e+01  1.230196e+01  2.350000e+01
   endloop
 endfacet
 facet normal  0.000000e+00  0.000000e+00 -1.000000e+00
   outer loop
     vertex  1.500000e+01  0.000000e+00  2.350000e+01
     vertex  1.500000e+01  3.400000e+01  2.350000e+01
     vertex  2.331294e+01  1.420936e+01  2.350000e+01
   endloop
 endfacet
 facet normal -9.999059e-01 -1.371831e-02 -0.000000e+00
   outer loop
     vertex  2.825000e+01  2.600000e+01  4.392977e+01
     vertex  2.824878e+01  2.608916e+01  2.750000e+01
     vertex  2.825000e+01  2.600000e+01  2.750000e+01
   endloop
 endfacet
 facet normal -9.993262e-01 -3.670408e-02 -1.247817e-04
   outer loop
     vertex  2.824139e+01  2.623635e+01  4.332620e+01
     vertex  2.824878e+01  2.608916e+01  2.750000e+01
     vertex  2.825000e+01  2.600000e+01  4.392977e+01
   endloop
 endfacet
 facet normal -9.991532e-01 -4.114462e-02 -8.340202e-05
   outer loop
     vertex  2.824139e+01  2.623635e+01  4.332620e+01
     vertex  2.824511e+01  2.617825e+01  2.750000e+01
     vertex  2.824878e+01  2.608916e+01  2.750000e+01
   endloop
 endfacet
 facet normal -9.976484e-01 -6.853995e-02  1.751798e-05
   outer loop
     vertex  2.824139e+01  2.623635e+01  4.332620e+01
     vertex  2.823900e+01  2.626721e+01  2.750000e+01
     vertex  2.824511e+01  2.617825e+01  2.750000e+01
   endloop
 endfacet
 facet normal -9.953925e-01 -9.588368e-02 -3.614598e-05
   outer loop
     vertex  2.823045e+01  2.635597e+01  2.750000e+01
     vertex  2.823900e+01  2.626721e+01  2.750000e+01
     vertex  2.824139e+01  2.623635e+01  4.332620e+01
   endloop
 endfacet
 facet normal -9.940072e-01 -1.093146e-01 -1.386205e-04
   outer loop
     vertex  2.821562e+01  2.647145e+01  4.272582e+01
     vertex  2.823045e+01  2.635597e+01  2.750000e+01
     vertex  2.824139e+01  2.623635e+01  4.332620e+01
   endloop
 endfacet
 facet normal -9.923874e-01 -1.231552e-01 -3.207030e-05
   outer loop
     vertex  2.821562e+01  2.647145e+01  4.272582e+01
     vertex  2.821946e+01  2.644446e+01  2.750000e+01
     vertex  2.823045e+01  2.635597e+01  2.750000e+01
   endloop
 endfacet
 facet normal -9.886353e-01 -1.503341e-01  1.705331e-05
   outer loop
     vertex  2.821562e+01  2.647145e+01  4.272582e+01
     vertex  2.820606e+01  2.653262e+01  2.750000e+01
     vertex  2.821946e+01  2.644446e+01  2.750000e+01
   endloop
 endfacet
 facet normal -9.841389e-01 -1.773998e-01 -9.450168e-05
   outer loop
     vertex  2.819024e+01  2.662037e+01  2.750000e+01
     vertex  2.820606e+01  2.653262e+01  2.750000e+01
     vertex  2.821562e+01  2.647145e+01  4.272582e+01
   endloop
 endfacet
 facet normal -9.789017e-01 -2.043319e-01  3.319990e-06
   outer loop
     vertex  2.817282e+01  2.670405e+01  4.213182e+01
     vertex  2.817202e+01  2.670766e+01  2.750000e+01
     vertex  2.819024e+01  2.662037e+01  2.750000e+01
   endloop
 endfacet
 facet normal -9.729276e-01 -2.311102e-01 -3.606932e-06
   outer loop
     vertex  2.817282e+01  2.670405e+01  4.213182e+01
     vertex  2.815141e+01  2.679442e+01  2.750000e+01
     vertex  2.817202e+01  2.670766e+01  2.750000e+01
   endloop
 endfacet
 facet normal -9.834283e-01 -1.812973e-01 -1.338074e-04
   outer loop
     vertex  2.817282e+01  2.670405e+01  4.213182e+01
     vertex  2.819024e+01  2.662037e+01  2.750000e+01
     vertex  2.821562e+01  2.647145e+01  4.272582e+01
   endloop
 endfacet
 facet normal -9.662211e-01 -2.577146e-01 -4.040964e-05
   outer loop
     vertex  2.811993e+01  2.691024e+01  4.160527e+01
     vertex  2.812843e+01  2.688057e+01  2.750000e+01
     vertex  2.815141e+01  2.679442e+01  2.750000e+01
   endloop
 endfacet
 facet normal -9.587873e-01 -2.841250e-01  1.962877e-05
   outer loop
     vertex  2.811993e+01  2.691024e+01  4.160527e+01
     vertex  2.810310e+01  2.696607e+01  2.750000e+01
     vertex  2.812843e+01  2.688057e+01  2.750000e+01
   endloop
 endfacet
 facet normal -9.685620e-01 -2.487721e-01 -1.190683e-04
   outer loop
     vertex  2.811993e+01  2.691024e+01  4.160527e+01
     vertex  2.815141e+01  2.679442e+01  2.750000e+01
     vertex  2.817282e+01  2.670405e+01  4.213182e+01
   endloop
 endfacet
 facet normal -9.506317e-01 -3.103214e-01 -6.635889e-05
   outer loop
     vertex  2.806087e+01  2.709250e+01  4.113983e+01
     vertex  2.807543e+01  2.705083e+01  2.750000e+01
     vertex  2.810310e+01  2.696607e+01  2.750000e+01
   endloop
 endfacet
 facet normal -9.417605e-01 -3.362843e-01  2.241931e-05
   outer loop
     vertex  2.806087e+01  2.709250e+01  4.113983e+01
     vertex  2.804544e+01  2.713481e+01  2.750000e+01
     vertex  2.807543e+01  2.705083e+01  2.750000e+01
   endloop
 endfacet
 facet normal -9.512417e-01 -3.084464e-01 -8.562837e-05
   outer loop
     vertex  2.806087e+01  2.709250e+01  4.113983e+01
     vertex  2.810310e+01  2.696607e+01  2.750000e+01
     vertex  2.811993e+01  2.691024e+01  4.160527e+01
   endloop
 endfacet
 facet normal -9.321804e-01 -3.619940e-01 -6.816673e-05
   outer loop
     vertex  2.801316e+01  2.721793e+01  2.750000e+01
     vertex  2.804544e+01  2.713481e+01  2.750000e+01
     vertex  2.806087e+01  2.709250e+01  4.113983e+01
   endloop
 endfacet
 facet normal -9.218986e-01 -3.874313e-01  2.127860e-05
   outer loop
     vertex  2.799118e+01  2.727096e+01  4.068409e+01
     vertex  2.797862e+01  2.730014e+01  2.750000e+01
     vertex  2.801316e+01  2.721793e+01  2.750000e+01
   endloop
 endfacet
 facet normal -9.314127e-01 -3.639647e-01 -8.897403e-05
   outer loop
     vertex  2.799118e+01  2.727096e+01  4.068409e+01
     vertex  2.801316e+01  2.721793e+01  2.750000e+01
     vertex  2.806087e+01  2.709250e+01  4.113983e+01
   endloop
 endfacet
 facet normal -9.109228e-01 -4.125769e-01 -4.482511e-05
   outer loop
     vertex  2.794183e+01  2.738136e+01  2.750000e+01
     vertex  2.797862e+01  2.730014e+01  2.750000e+01
     vertex  2.799118e+01  2.727096e+01  4.068409e+01
   endloop
 endfacet
 facet normal -8.992613e-01 -4.374119e-01  1.578537e-05
   outer loop
     vertex  2.791109e+01  2.744500e+01  4.023963e+01
     vertex  2.790282e+01  2.746155e+01  2.750000e+01
     vertex  2.794183e+01  2.738136e+01  2.750000e+01
   endloop
 endfacet
 facet normal -9.083378e-01 -4.182373e-01 -1.019011e-04
   outer loop
     vertex  2.791109e+01  2.744500e+01  4.023963e+01
     vertex  2.794183e+01  2.738136e+01  2.750000e+01
     vertex  2.799118e+01  2.727096e+01  4.068409e+01
   endloop
 endfacet
 facet normal -8.869228e-01 -4.619176e-01 -2.404639e-05
   outer loop
     vertex  2.786163e+01  2.754063e+01  2.750000e+01
     vertex  2.790282e+01  2.746155e+01  2.750000e+01
     vertex  2.791109e+01  2.744500e+01  4.023963e+01
   endloop
 endfacet
 facet normal -8.739167e-01 -4.860756e-01  5.482557e-06
   outer loop
     vertex  2.782089e+01  2.761403e+01  3.980800e+01
     vertex  2.781829e+01  2.761856e+01  2.750000e+01
     vertex  2.786163e+01  2.754063e+01  2.750000e+01
   endloop
 endfacet
 facet normal -8.821086e-01 -4.710460e-01 -1.112583e-04
   outer loop
     vertex  2.782089e+01  2.761403e+01  3.980800e+01
     vertex  2.786163e+01  2.754063e+01  2.750000e+01
     vertex  2.791109e+01  2.744500e+01  4.023963e+01
   endloop
 endfacet
 facet normal -8.602528e-01 -5.098678e-01 -6.165009e-06
   outer loop
     vertex  2.777283e+01  2.769527e+01  2.750000e+01
     vertex  2.781829e+01  2.761856e+01  2.750000e+01
     vertex  2.782089e+01  2.761403e+01  3.980800e+01
   endloop
 endfacet
 facet normal -8.459413e-01 -5.332761e-01  1.118764e-05
   outer loop
     vertex  2.773132e+01  2.776137e+01  3.943173e+01
     vertex  2.772527e+01  2.777070e+01  2.750000e+01
     vertex  2.777283e+01  2.769527e+01  2.750000e+01
   endloop
 endfacet
 facet normal -8.543798e-01 -5.196490e-01 -9.366207e-05
   outer loop
     vertex  2.773132e+01  2.776137e+01  3.943173e+01
     vertex  2.777283e+01  2.769527e+01  2.750000e+01
     vertex  2.782089e+01  2.761403e+01  3.980800e+01
   endloop
 endfacet
 facet normal -8.309929e-01 -5.562829e-01 -1.437401e-05
   outer loop
     vertex  2.767567e+01  2.784480e+01  2.750000e+01
     vertex  2.772527e+01  2.777070e+01  2.750000e+01
     vertex  2.773132e+01  2.776137e+01  3.943173e+01
   endloop
 endfacet
 facet normal -8.154191e-01 -5.788711e-01  2.493994e-05
   outer loop
     vertex  2.764412e+01  2.788975e+01  3.910389e+01
     vertex  2.762405e+01  2.791751e+01  2.750000e+01
     vertex  2.767567e+01  2.784480e+01  2.750000e+01
   endloop
 endfacet
 facet normal -8.271396e-01 -5.619966e-01 -7.229578e-05
   outer loop
     vertex  2.764412e+01  2.788975e+01  3.910389e+01
     vertex  2.767567e+01  2.784480e+01  2.750000e+01
     vertex  2.773132e+01  2.776137e+01  3.943173e+01
   endloop
 endfacet
 facet normal -7.992314e-01 -6.010234e-01 -5.239477e-05
   outer loop
     vertex  2.755089e+01  2.801382e+01  3.878705e+01
     vertex  2.757046e+01  2.798878e+01  2.750000e+01
     vertex  2.762405e+01  2.791751e+01  2.750000e+01
   endloop
 endfacet
 facet normal -7.824421e-01 -6.227234e-01  2.486096e-05
   outer loop
     vertex  2.755089e+01  2.801382e+01  3.878705e+01
     vertex  2.751493e+01  2.805855e+01  2.750000e+01
     vertex  2.757046e+01  2.798878e+01  2.750000e+01
   endloop
 endfacet
 facet normal -7.993920e-01 -6.008098e-01 -5.525851e-05
   outer loop
     vertex  2.755089e+01  2.801382e+01  3.878705e+01
     vertex  2.762405e+01  2.791751e+01  2.750000e+01
     vertex  2.764412e+01  2.788975e+01  3.910389e+01
   endloop
 endfacet
 facet normal -7.650637e-01 -6.439545e-01 -1.184730e-05
   outer loop
     vertex  2.745185e+01  2.813330e+01  3.848193e+01
     vertex  2.745751e+01  2.812677e+01  2.750000e+01
     vertex  2.751493e+01  2.805855e+01  2.750000e+01
   endloop
 endfacet
 facet normal -7.697742e-01 -6.383163e-01 -7.728522e-05
   outer loop
     vertex  2.745185e+01  2.813330e+01  3.848193e+01
     vertex  2.751493e+01  2.805855e+01  2.750000e+01
     vertex  2.755089e+01  2.801382e+01  3.878705e+01
   endloop
 endfacet
 facet normal -7.471095e-01 -6.647010e-01  9.753104e-06
   outer loop
     vertex  2.739824e+01  2.819338e+01  2.750000e+01
     vertex  2.745751e+01  2.812677e+01  2.750000e+01
     vertex  2.745185e+01  2.813330e+01  3.848193e+01
   endloop
 endfacet
 facet normal -7.400490e-01 -6.725530e-01 -6.767358e-05
   outer loop
     vertex  2.735792e+01  2.823667e+01  3.821793e+01
     vertex  2.739824e+01  2.819338e+01  2.750000e+01
     vertex  2.745185e+01  2.813330e+01  3.848193e+01
   endloop
 endfacet
 facet normal -7.285929e-01 -6.849470e-01  2.548505e-05
   outer loop
     vertex  2.735792e+01  2.823667e+01  3.821793e+01
     vertex  2.733717e+01  2.825835e+01  2.750000e+01
     vertex  2.739824e+01  2.819338e+01  2.750000e+01
   endloop
 endfacet
 facet normal -7.120154e-01 -7.021639e-01 -4.143829e-05
   outer loop
     vertex  2.726966e+01  2.832619e+01  3.798934e+01
     vertex  2.733717e+01  2.825835e+01  2.750000e+01
     vertex  2.735792e+01  2.823667e+01  3.821793e+01
   endloop
 endfacet
 facet normal -7.095278e-01 -7.046775e-01 -9.172424e-06
   outer loop
     vertex  2.726966e+01  2.832619e+01  3.798934e+01
     vertex  2.727433e+01  2.832162e+01  2.750000e+01
     vertex  2.733717e+01  2.825835e+01  2.750000e+01
   endloop
 endfacet
 facet normal -6.899286e-01 -7.238775e-01  7.919953e-06
   outer loop
     vertex  2.720978e+01  2.838314e+01  2.750000e+01
     vertex  2.727433e+01  2.832162e+01  2.750000e+01
     vertex  2.726966e+01  2.832619e+01  3.798934e+01
   endloop
 endfacet
 facet normal -6.843156e-01 -7.291859e-01 -5.294220e-05
   outer loop
     vertex  2.717800e+01  2.841222e+01  3.776963e+01
     vertex  2.720978e+01  2.838314e+01  2.750000e+01
     vertex  2.726966e+01  2.832619e+01  3.798934e+01
   endloop
 endfacet
 facet normal -6.698100e-01 -7.425325e-01  2.974577e-05
   outer loop
     vertex  2.717800e+01  2.841222e+01  3.776963e+01
     vertex  2.714357e+01  2.844287e+01  2.750000e+01
     vertex  2.720978e+01  2.838314e+01  2.750000e+01
   endloop
 endfacet
 facet normal -6.570740e-01 -7.538260e-01 -4.665002e-05
   outer loop
     vertex  2.709272e+01  2.848657e+01  3.757977e+01
     vertex  2.714357e+01  2.844287e+01  2.750000e+01
     vertex  2.717800e+01  2.841222e+01  3.776963e+01
   endloop
 endfacet
 facet normal -6.491872e-01 -7.606287e-01  2.263525e-05
   outer loop
     vertex  2.709272e+01  2.848657e+01  3.757977e+01
     vertex  2.707575e+01  2.850075e+01  2.750000e+01
     vertex  2.714357e+01  2.844287e+01  2.750000e+01
   endloop
 endfacet
 facet normal -6.318145e-01 -7.751196e-01 -2.700407e-05
   outer loop
     vertex  2.701379e+01  2.855091e+01  3.741546e+01
     vertex  2.707575e+01  2.850075e+01  2.750000e+01
     vertex  2.709272e+01  2.848657e+01  3.757977e+01
   endloop
 endfacet
 facet normal -6.280757e-01 -7.781522e-01  1.169705e-05
   outer loop
     vertex  2.701379e+01  2.855091e+01  3.741546e+01
     vertex  2.700636e+01  2.855676e+01  2.750000e+01
     vertex  2.707575e+01  2.850075e+01  2.750000e+01
   endloop
 endfacet
 facet normal -6.064915e-01 -7.950900e-01 -4.663462e-06
   outer loop
     vertex  2.693289e+01  2.861275e+01  3.725755e+01
     vertex  2.693546e+01  2.861084e+01  2.750000e+01
     vertex  2.700636e+01  2.855676e+01  2.750000e+01
   endloop
 endfacet
 facet normal -6.072397e-01 -7.945187e-01 -1.357464e-05
   outer loop
     vertex  2.693289e+01  2.861275e+01  3.725755e+01
     vertex  2.700636e+01  2.855676e+01  2.750000e+01
     vertex  2.701379e+01  2.855091e+01  3.741546e+01
   endloop
 endfacet
 facet normal -5.844507e-01 -8.114292e-01  4.340173e-06
   outer loop
     vertex  2.686311e+01  2.866295e+01  2.750000e+01
     vertex  2.693546e+01  2.861084e+01  2.750000e+01
     vertex  2.693289e+01  2.861275e+01  3.725755e+01
   endloop
 endfacet
 facet normal -5.820420e-01 -8.131587e-01 -2.178469e-05
   outer loop
     vertex  2.685009e+01  2.867202e+01  3.710619e+01
     vertex  2.686311e+01  2.866295e+01  2.750000e+01
     vertex  2.693289e+01  2.861275e+01  3.725755e+01
   endloop
 endfacet
 facet normal -5.619699e-01 -8.271577e-01  1.862250e-05
   outer loop
     vertex  2.678935e+01  2.871306e+01  2.750000e+01
     vertex  2.686311e+01  2.866295e+01  2.750000e+01
     vertex  2.685009e+01  2.867202e+01  3.710619e+01
   endloop
 endfacet
 facet normal -5.575843e-01 -8.301203e-01 -2.176651e-05
   outer loop
     vertex  2.677402e+01  2.872312e+01  3.697569e+01
     vertex  2.678935e+01  2.871306e+01  2.750000e+01
     vertex  2.685009e+01  2.867202e+01  3.710619e+01
   endloop
 endfacet
 facet normal -5.390661e-01 -8.422635e-01  2.108921e-05
   outer loop
     vertex  2.671425e+01  2.876113e+01  2.750000e+01
     vertex  2.678935e+01  2.871306e+01  2.750000e+01
     vertex  2.677402e+01  2.872312e+01  3.697569e+01
   endloop
 endfacet
 facet normal -5.351590e-01 -8.447514e-01 -1.353569e-05
   outer loop
     vertex  2.670434e+01  2.876726e+01  3.686296e+01
     vertex  2.671425e+01  2.876113e+01  2.750000e+01
     vertex  2.677402e+01  2.872312e+01  3.697569e+01
   endloop
 endfacet
 facet normal -5.157565e-01 -8.567352e-01  1.483891e-05
   outer loop
     vertex  2.663785e+01  2.880712e+01  2.750000e+01
     vertex  2.671425e+01  2.876113e+01  2.750000e+01
     vertex  2.670434e+01  2.876726e+01  3.686296e+01
   endloop
 endfacet
 facet normal -5.135582e-01 -8.580547e-01 -6.388853e-06
   outer loop
     vertex  2.663357e+01  2.880962e+01  3.675479e+01
     vertex  2.663785e+01  2.880712e+01  2.750000e+01
     vertex  2.670434e+01  2.876726e+01  3.686296e+01
   endloop
 endfacet
 facet normal -4.920587e-01 -8.705620e-01  6.944915e-06
   outer loop
     vertex  2.656023e+01  2.885100e+01  2.750000e+01
     vertex  2.663785e+01  2.880712e+01  2.750000e+01
     vertex  2.663357e+01  2.880962e+01  3.675479e+01
   endloop
 endfacet
 facet normal -4.916281e-01 -8.708052e-01  2.445625e-06
   outer loop
     vertex  2.656174e+01  2.885017e+01  3.665124e+01
     vertex  2.656023e+01  2.885100e+01  2.750000e+01
     vertex  2.663357e+01  2.880962e+01  3.675479e+01
   endloop
 endfacet
 facet normal -4.679904e-01 -8.837335e-01  2.051222e-05
   outer loop
     vertex  2.649624e+01  2.888510e+01  3.656204e+01
     vertex  2.648142e+01  2.889273e+01  2.750000e+01
     vertex  2.656023e+01  2.885100e+01  2.750000e+01
   endloop
 endfacet
 facet normal -4.704867e-01 -8.824071e-01 -2.105754e-06
   outer loop
     vertex  2.649624e+01  2.888510e+01  3.656204e+01
     vertex  2.656023e+01  2.885100e+01  2.750000e+01
     vertex  2.656174e+01  2.885017e+01  3.665124e+01
   endloop
 endfacet
 facet normal -4.435699e-01 -8.962398e-01  3.350759e-05
   outer loop
     vertex  2.643662e+01  2.891524e+01  3.648506e+01
     vertex  2.640151e+01  2.893228e+01  2.750000e+01
     vertex  2.648142e+01  2.889273e+01  2.750000e+01
   endloop
 endfacet
 facet normal -4.512173e-01 -8.924141e-01 -1.421687e-05
   outer loop
     vertex  2.643662e+01  2.891524e+01  3.648506e+01
     vertex  2.648142e+01  2.889273e+01  2.750000e+01
     vertex  2.649624e+01  2.888510e+01  3.656204e+01
   endloop
 endfacet
 facet normal -4.188155e-01 -9.080714e-01  2.944752e-05
   outer loop
     vertex  2.637639e+01  2.894416e+01  3.641122e+01
     vertex  2.632054e+01  2.896963e+01  2.750000e+01
     vertex  2.640151e+01  2.893228e+01  2.750000e+01
   endloop
 endfacet
 facet normal -4.327737e-01 -9.015026e-01 -1.865665e-05
   outer loop
     vertex  2.637639e+01  2.894416e+01  3.641122e+01
     vertex  2.640151e+01  2.893228e+01  2.750000e+01
     vertex  2.643662e+01  2.891524e+01  3.648506e+01
   endloop
 endfacet
 facet normal -4.141642e-01 -9.102022e-01 -5.793673e-06
   outer loop
     vertex  2.631558e+01  2.897183e+01  3.634055e+01
     vertex  2.632054e+01  2.896963e+01  2.750000e+01
     vertex  2.637639e+01  2.894416e+01  3.641122e+01
   endloop
 endfacet
 facet normal -3.937458e-01 -9.192194e-01  2.712659e-05
   outer loop
     vertex  2.626037e+01  2.899566e+01  3.627970e+01
     vertex  2.623857e+01  2.900474e+01  2.750000e+01
     vertex  2.632054e+01  2.896963e+01  2.750000e+01
   endloop
 endfacet
 facet normal -3.963219e-01 -9.181116e-01  6.187722e-06
   outer loop
     vertex  2.626037e+01  2.899566e+01  3.627970e+01
     vertex  2.632054e+01  2.896963e+01  2.750000e+01
     vertex  2.631558e+01  2.897183e+01  3.634055e+01
   endloop
 endfacet
 facet normal -3.683796e-01 -9.296754e-01  3.154695e-05
   outer loop
     vertex  2.621031e+01  2.901623e+01  3.622716e+01
     vertex  2.615567e+01  2.903758e+01  2.750000e+01
     vertex  2.623857e+01  2.900474e+01  2.750000e+01
   endloop
 endfacet
 facet normal -3.801071e-01 -9.249425e-01 -1.265489e-05
   outer loop
     vertex  2.621031e+01  2.901623e+01  3.622716e+01
     vertex  2.623857e+01  2.900474e+01  2.750000e+01
     vertex  2.626037e+01  2.899566e+01  3.627970e+01
   endloop
 endfacet
 facet normal -3.646690e-01 -9.311372e-01  4.736658e-06
   outer loop
     vertex  2.615992e+01  2.903596e+01  3.617677e+01
     vertex  2.615567e+01  2.903758e+01  2.750000e+01
     vertex  2.621031e+01  2.901623e+01  3.622716e+01
   endloop
 endfacet
 facet normal -3.427362e-01 -9.394317e-01  3.500146e-05
   outer loop
     vertex  2.610921e+01  2.905486e+01  3.612852e+01
     vertex  2.607190e+01  2.906815e+01  2.750000e+01
     vertex  2.615567e+01  2.903758e+01  2.750000e+01
   endloop
 endfacet
 facet normal -3.491068e-01 -9.370829e-01 -4.001692e-06
   outer loop
     vertex  2.610921e+01  2.905486e+01  3.612852e+01
     vertex  2.615567e+01  2.903758e+01  2.750000e+01
     vertex  2.615992e+01  2.903596e+01  3.617677e+01
   endloop
 endfacet
 facet normal -3.334504e-01 -9.427676e-01 -1.028783e-05
   outer loop
     vertex  2.605819e+01  2.907290e+01  3.608244e+01
     vertex  2.607190e+01  2.906815e+01  2.750000e+01
     vertex  2.610921e+01  2.905486e+01  3.612852e+01
   endloop
 endfacet
 facet normal -3.168348e-01 -9.484807e-01  2.954788e-05
   outer loop
     vertex  2.601202e+01  2.908841e+01  3.604282e+01
     vertex  2.598733e+01  2.909640e+01  2.750000e+01
     vertex  2.607190e+01  2.906815e+01  2.750000e+01
   endloop
 endfacet
 facet normal -3.185167e-01 -9.479172e-01  1.642199e-05
   outer loop
     vertex  2.601202e+01  2.908841e+01  3.604282e+01
     vertex  2.607190e+01  2.906815e+01  2.750000e+01
     vertex  2.605819e+01  2.907290e+01  3.608244e+01
   endloop
 endfacet
 facet normal -3.049704e-01 -9.523618e-01 -8.377351e-06
   outer loop
     vertex  2.597028e+01  2.910178e+01  3.600868e+01
     vertex  2.598733e+01  2.909640e+01  2.750000e+01
     vertex  2.601202e+01  2.908841e+01  3.604282e+01
   endloop
 endfacet
 facet normal -2.906949e-01 -9.568158e-01  3.075560e-05
   outer loop
     vertex  2.592836e+01  2.911459e+01  3.597598e+01
     vertex  2.590201e+01  2.912232e+01  2.750000e+01
     vertex  2.598733e+01  2.909640e+01  2.750000e+01
   endloop
 endfacet
 facet normal -2.921183e-01 -9.563822e-01  1.992113e-05
   outer loop
     vertex  2.592836e+01  2.911459e+01  3.597598e+01
     vertex  2.598733e+01  2.909640e+01  2.750000e+01
     vertex  2.597028e+01  2.910178e+01  3.600868e+01
   endloop
 endfacet
 facet normal -2.791729e-01 -9.602409e-01 -8.181329e-06
   outer loop
     vertex  2.588626e+01  2.912683e+01  3.594473e+01
     vertex  2.590201e+01  2.912232e+01  2.750000e+01
     vertex  2.592836e+01  2.911459e+01  3.597598e+01
   endloop
 endfacet
 facet normal -2.643362e-01 -9.644306e-01  3.187807e-05
   outer loop
     vertex  2.584401e+01  2.913849e+01  3.591493e+01
     vertex  2.581601e+01  2.914589e+01  2.750000e+01
     vertex  2.590201e+01  2.912232e+01  2.750000e+01
   endloop
 endfacet
 facet normal -2.662138e-01 -9.639140e-01  1.794337e-05
   outer loop
     vertex  2.584401e+01  2.913849e+01  3.591493e+01
     vertex  2.590201e+01  2.912232e+01  2.750000e+01
     vertex  2.588626e+01  2.912683e+01  3.594473e+01
   endloop
 endfacet
 facet normal -2.531722e-01 -9.674212e-01 -7.893871e-06
   outer loop
     vertex  2.580160e+01  2.914959e+01  3.588659e+01
     vertex  2.581601e+01  2.914589e+01  2.750000e+01
     vertex  2.584401e+01  2.913849e+01  3.591493e+01
   endloop
 endfacet
 facet normal -2.377784e-01 -9.713194e-01  3.291092e-05
   outer loop
     vertex  2.575905e+01  2.916012e+01  3.585971e+01
     vertex  2.572940e+01  2.916709e+01  2.750000e+01
     vertex  2.581601e+01  2.914589e+01  2.750000e+01
   endloop
 endfacet
 facet normal -2.401158e-01 -9.707443e-01  1.600568e-05
   outer loop
     vertex  2.575905e+01  2.916012e+01  3.585971e+01
     vertex  2.581601e+01  2.914589e+01  2.750000e+01
     vertex  2.580160e+01  2.914959e+01  3.588659e+01
   endloop
 endfacet
 facet normal -2.276455e-01 -9.737441e-01 -5.051221e-06
   outer loop
     vertex  2.572064e+01  2.916910e+01  3.583678e+01
     vertex  2.572940e+01  2.916709e+01  2.750000e+01
     vertex  2.575905e+01  2.916012e+01  3.585971e+01
   endloop
 endfacet
 facet normal -2.164083e-01 -9.763030e-01  7.379552e-06
   outer loop
     vertex  2.568597e+01  2.917678e+01  3.581716e+01
     vertex  2.572940e+01  2.916709e+01  2.750000e+01
     vertex  2.572064e+01  2.916910e+01  3.583678e+01
   endloop
 endfacet
 facet normal -2.110417e-01 -9.774771e-01  3.677043e-05
   outer loop
     vertex  2.568597e+01  2.917678e+01  3.581716e+01
     vertex  2.564224e+01  2.918591e+01  2.750000e+01
     vertex  2.572940e+01  2.916709e+01  2.750000e+01
   endloop
 endfacet
 facet normal -2.057293e-01 -9.786089e-01  7.596421e-06
   outer loop
     vertex  2.565122e+01  2.918409e+01  3.579850e+01
     vertex  2.564224e+01  2.918591e+01  2.750000e+01
     vertex  2.568597e+01  2.917678e+01  3.581716e+01
   endloop
 endfacet
 facet normal -1.950198e-01 -9.807993e-01 -4.478746e-06
   outer loop
     vertex  2.561640e+01  2.919101e+01  3.578082e+01
     vertex  2.564224e+01  2.918591e+01  2.750000e+01
     vertex  2.565122e+01  2.918409e+01  3.579850e+01
   endloop
 endfacet
 facet normal -1.843093e-01 -9.828683e-01  3.021856e-05
   outer loop
     vertex  2.558150e+01  2.919755e+01  3.576411e+01
     vertex  2.564224e+01  2.918591e+01  2.750000e+01
     vertex  2.561640e+01  2.919101e+01  3.578082e+01
   endloop
 endfacet
 facet normal -1.841461e-01 -9.828989e-01  3.146074e-05
   outer loop
     vertex  2.558150e+01  2.919755e+01  3.576411e+01
     vertex  2.555460e+01  2.920233e+01  2.750000e+01
     vertex  2.564224e+01  2.918591e+01  2.750000e+01
   endloop
 endfacet
 facet normal -1.735448e-01 -9.848260e-01 -4.167536e-06
   outer loop
     vertex  2.554653e+01  2.920372e+01  3.574837e+01
     vertex  2.555460e+01  2.920233e+01  2.750000e+01
     vertex  2.558150e+01  2.919755e+01  3.576411e+01
   endloop
 endfacet
 facet normal -1.627799e-01 -9.866624e-01  6.662926e-06
   outer loop
     vertex  2.551150e+01  2.920950e+01  3.573361e+01
     vertex  2.555460e+01  2.920233e+01  2.750000e+01
     vertex  2.554653e+01  2.920372e+01  3.574837e+01
   endloop
 endfacet
 facet normal -1.571119e-01 -9.875808e-01  3.712857e-05
   outer loop
     vertex  2.551150e+01  2.920950e+01  3.573361e+01
     vertex  2.546653e+01  2.921634e+01  2.750000e+01
     vertex  2.555460e+01  2.920233e+01  2.750000e+01
   endloop
 endfacet
 facet normal -1.519916e-01 -9.883818e-01  8.498835e-06
   outer loop
     vertex  2.547641e+01  2.921489e+01  3.571983e+01
     vertex  2.546653e+01  2.921634e+01  2.750000e+01
     vertex  2.551150e+01  2.920950e+01  3.573361e+01
   endloop
 endfacet
 facet normal -1.411797e-01 -9.899840e-01 -4.769735e-06
   outer loop
     vertex  2.544126e+01  2.921991e+01  3.570703e+01
     vertex  2.546653e+01  2.921634e+01  2.750000e+01
     vertex  2.547641e+01  2.921489e+01  3.571983e+01
   endloop
 endfacet
 facet normal -1.303671e-01 -9.914658e-01  2.917644e-05
   outer loop
     vertex  2.540605e+01  2.922453e+01  3.569521e+01
     vertex  2.546653e+01  2.921634e+01  2.750000e+01
     vertex  2.544126e+01  2.921991e+01  3.570703e+01
   endloop
 endfacet
 facet normal -1.299594e-01 -9.915193e-01  3.223880e-05
   outer loop
     vertex  2.540605e+01  2.922453e+01  3.569521e+01
     vertex  2.537812e+01  2.922793e+01  2.750000e+01
     vertex  2.546653e+01  2.921634e+01  2.750000e+01
   endloop
 endfacet
 facet normal -1.195169e-01 -9.928322e-01 -3.896438e-06
   outer loop
     vertex  2.537080e+01  2.922878e+01  3.568437e+01
     vertex  2.537812e+01  2.922793e+01  2.750000e+01
     vertex  2.540605e+01  2.922453e+01  3.569521e+01
   endloop
 endfacet
 facet normal -1.092090e-01 -9.940188e-01  5.445723e-06
   outer loop
     vertex  2.533904e+01  2.923227e+01  3.567546e+01
     vertex  2.537812e+01  2.922793e+01  2.750000e+01
     vertex  2.537080e+01  2.922878e+01  3.568437e+01
   endloop
 endfacet
 facet normal -1.027091e-01 -9.947114e-01  3.688697e-05
   outer loop
     vertex  2.533904e+01  2.923227e+01  3.567546e+01
     vertex  2.528942e+01  2.923709e+01  2.750000e+01
     vertex  2.537812e+01  2.922793e+01  2.750000e+01
   endloop
 endfacet
 facet normal -9.992282e-02 -9.949952e-01  1.981074e-05
   outer loop
     vertex  2.531042e+01  2.923514e+01  3.566812e+01
     vertex  2.528942e+01  2.923709e+01  2.750000e+01
     vertex  2.533904e+01  2.923227e+01  3.567546e+01
   endloop
 endfacet
 facet normal -9.110828e-02 -9.958410e-01 -3.049412e-06
   outer loop
     vertex  2.528178e+01  2.923776e+01  3.566143e+01
     vertex  2.528942e+01  2.923709e+01  2.750000e+01
     vertex  2.531042e+01  2.923514e+01  3.566812e+01
   endloop
 endfacet
 facet normal -8.229415e-02 -9.966081e-01  5.268767e-06
   outer loop
     vertex  2.525312e+01  2.924013e+01  3.565539e+01
     vertex  2.528942e+01  2.923709e+01  2.750000e+01
     vertex  2.528178e+01  2.923776e+01  3.566143e+01
   endloop
 endfacet
 facet normal -7.538152e-02 -9.971548e-01  3.624616e-05
   outer loop
     vertex  2.525312e+01  2.924013e+01  3.565539e+01
     vertex  2.520051e+01  2.924381e+01  2.750000e+01
     vertex  2.528942e+01  2.923709e+01  2.750000e+01
   endloop
 endfacet
 facet normal -7.347513e-02 -9.972970e-01  2.388405e-05
   outer loop
     vertex  2.522444e+01  2.924224e+01  3.564999e+01
     vertex  2.520051e+01  2.924381e+01  2.750000e+01
     vertex  2.525312e+01  2.924013e+01  3.565539e+01
   endloop
 endfacet
 facet normal -6.464216e-02 -9.979085e-01 -2.165524e-06
   outer loop
     vertex  2.519574e+01  2.924410e+01  3.564524e+01
     vertex  2.520051e+01  2.924381e+01  2.750000e+01
     vertex  2.522444e+01  2.924224e+01  3.564999e+01
   endloop
 endfacet
 facet normal -5.580975e-02 -9.984414e-01  3.029297e-06
   outer loop
     vertex  2.516702e+01  2.924571e+01  3.564115e+01
     vertex  2.520051e+01  2.924381e+01  2.750000e+01
     vertex  2.519574e+01  2.924410e+01  3.564524e+01
   endloop
 endfacet
 facet normal -4.799716e-02 -9.988475e-01  3.526075e-05
   outer loop
     vertex  2.516702e+01  2.924571e+01  3.564115e+01
     vertex  2.511144e+01  2.924809e+01  2.750000e+01
     vertex  2.520051e+01  2.924381e+01  2.750000e+01
   endloop
 endfacet
 facet normal -4.697514e-02 -9.988961e-01  2.826939e-05
   outer loop
     vertex  2.513829e+01  2.924706e+01  3.563770e+01
     vertex  2.511144e+01  2.924809e+01  2.750000e+01
     vertex  2.516702e+01  2.924571e+01  3.564115e+01
   endloop
 endfacet
 facet normal -3.813041e-02 -9.992728e-01 -9.607506e-07
   outer loop
     vertex  2.510955e+01  2.924815e+01  3.563490e+01
     vertex  2.511144e+01  2.924809e+01  2.750000e+01
     vertex  2.513829e+01  2.924706e+01  3.563770e+01
   endloop
 endfacet
 facet normal -2.057667e-02 -9.997883e-01  3.393101e-05
   outer loop
     vertex  2.508081e+01  2.924900e+01  3.563274e+01
     vertex  2.502229e+01  2.924992e+01  2.750000e+01
     vertex  2.511144e+01  2.924809e+01  2.750000e+01
   endloop
 endfacet
 facet normal -2.928635e-02 -9.995711e-01  1.095966e-06
   outer loop
     vertex  2.508081e+01  2.924900e+01  3.563274e+01
     vertex  2.511144e+01  2.924809e+01  2.750000e+01
     vertex  2.510955e+01  2.924815e+01  3.563490e+01
   endloop
 endfacet
 facet normal -2.044146e-02 -9.997911e-01  3.295793e-05
   outer loop
     vertex  2.505205e+01  2.924958e+01  3.563124e+01
     vertex  2.502229e+01  2.924992e+01  2.750000e+01
     vertex  2.508081e+01  2.924900e+01  3.563274e+01
   endloop
 endfacet
 facet normal -1.159163e-02 -9.999328e-01  5.634364e-07
   outer loop
     vertex  2.502329e+01  2.924992e+01  3.563039e+01
     vertex  2.502229e+01  2.924992e+01  2.750000e+01
     vertex  2.505205e+01  2.924958e+01  3.563124e+01
   endloop
 endfacet
 facet normal -2.742572e-03 -9.999962e-01 -5.255510e-07
   outer loop
     vertex  2.499453e+01  2.925000e+01  3.563019e+01
     vertex  2.502229e+01  2.924992e+01  2.750000e+01
     vertex  2.502329e+01  2.924992e+01  3.563039e+01
   endloop
 endfacet
 facet normal  6.859319e-03 -9.999765e-01  3.491927e-05
   outer loop
     vertex  2.496577e+01  2.924982e+01  3.563064e+01
     vertex  2.493313e+01  2.924931e+01  2.750000e+01
     vertex  2.502229e+01  2.924992e+01  2.750000e+01
   endloop
 endfacet
 facet normal  6.107138e-03 -9.999814e-01  2.969053e-05
   outer loop
     vertex  2.496577e+01  2.924982e+01  3.563064e+01
     vertex  2.502229e+01  2.924992e+01  2.750000e+01
     vertex  2.499453e+01  2.925000e+01  3.563019e+01
   endloop
 endfacet
 facet normal  1.495554e-02 -9.998882e-01  2.404083e-06
   outer loop
     vertex  2.493702e+01  2.924939e+01  3.563174e+01
     vertex  2.493313e+01  2.924931e+01  2.750000e+01
     vertex  2.496577e+01  2.924982e+01  3.563064e+01
   endloop
 endfacet
 facet normal  2.380294e-02 -9.997167e-01 -1.830984e-06
   outer loop
     vertex  2.490826e+01  2.924871e+01  3.563349e+01
     vertex  2.493313e+01  2.924931e+01  2.750000e+01
     vertex  2.493702e+01  2.924939e+01  3.563174e+01
   endloop
 endfacet
 facet normal  3.429014e-02 -9.994119e-01  3.604360e-05
   outer loop
     vertex  2.487952e+01  2.924777e+01  3.563588e+01
     vertex  2.484401e+01  2.924625e+01  2.750000e+01
     vertex  2.493313e+01  2.924931e+01  2.750000e+01
   endloop
 endfacet
 facet normal  3.265089e-02 -9.994668e-01  2.523248e-05
   outer loop
     vertex  2.487952e+01  2.924777e+01  3.563588e+01
     vertex  2.493313e+01  2.924931e+01  2.750000e+01
     vertex  2.490826e+01  2.924871e+01  3.563349e+01
   endloop
 endfacet
 facet normal  4.149245e-02 -9.991388e-01  4.556776e-06
   outer loop
     vertex  2.485078e+01  2.924657e+01  3.563893e+01
     vertex  2.484401e+01  2.924625e+01  2.750000e+01
     vertex  2.487952e+01  2.924777e+01  3.563588e+01
   endloop
 endfacet
 facet normal  5.033154e-02 -9.987326e-01 -2.817516e-06
   outer loop
     vertex  2.482206e+01  2.924513e+01  3.564263e+01
     vertex  2.484401e+01  2.924625e+01  2.750000e+01
     vertex  2.485078e+01  2.924657e+01  3.563893e+01
   endloop
 endfacet
 facet normal  6.169515e-02 -9.980950e-01  3.682411e-05
   outer loop
     vertex  2.479335e+01  2.924342e+01  3.564697e+01
     vertex  2.475501e+01  2.924075e+01  2.750000e+01
     vertex  2.484401e+01  2.924625e+01  2.750000e+01
   endloop
 endfacet
 facet normal  5.917107e-02 -9.982479e-01  2.107630e-05
   outer loop
     vertex  2.479335e+01  2.924342e+01  3.564697e+01
     vertex  2.484401e+01  2.924625e+01  2.750000e+01
     vertex  2.482206e+01  2.924513e+01  3.564263e+01
   endloop
 endfacet
 facet normal  6.800046e-02 -9.976853e-01  7.015686e-06
   outer loop
     vertex  2.476466e+01  2.924147e+01  3.565197e+01
     vertex  2.475501e+01  2.924075e+01  2.750000e+01
     vertex  2.479335e+01  2.924342e+01  3.564697e+01
   endloop
 endfacet
 facet normal  7.682460e-02 -9.970446e-01 -3.483802e-06
   outer loop
     vertex  2.473598e+01  2.923926e+01  3.565761e+01
     vertex  2.475501e+01  2.924075e+01  2.750000e+01
     vertex  2.476466e+01  2.924147e+01  3.565197e+01
   endloop
 endfacet
 facet normal  8.905371e-02 -9.960268e-01  3.726055e-05
   outer loop
     vertex  2.470733e+01  2.923680e+01  3.566390e+01
     vertex  2.466620e+01  2.923281e+01  2.750000e+01
     vertex  2.475501e+01  2.924075e+01  2.750000e+01
   endloop
 endfacet
 facet normal  8.564905e-02 -9.963254e-01  1.723067e-05
   outer loop
     vertex  2.470733e+01  2.923680e+01  3.566390e+01
     vertex  2.475501e+01  2.924075e+01  2.750000e+01
     vertex  2.473598e+01  2.923926e+01  3.565761e+01
   endloop
 endfacet
 facet normal  9.446095e-02 -9.955286e-01  9.773623e-06
   outer loop
     vertex  2.467870e+01  2.923408e+01  3.567084e+01
     vertex  2.466620e+01  2.923281e+01  2.750000e+01
     vertex  2.470733e+01  2.923680e+01  3.566390e+01
   endloop
 endfacet
 facet normal  1.032635e-01 -9.946540e-01 -3.829975e-06
   outer loop
     vertex  2.465009e+01  2.923111e+01  3.567842e+01
     vertex  2.466620e+01  2.923281e+01  2.750000e+01
     vertex  2.467870e+01  2.923408e+01  3.567084e+01
   endloop
 endfacet
 facet normal  1.163452e-01 -9.932088e-01  3.735418e-05
   outer loop
     vertex  2.462151e+01  2.922789e+01  3.568665e+01
     vertex  2.457763e+01  2.922244e+01  2.750000e+01
     vertex  2.466620e+01  2.923281e+01  2.750000e+01
   endloop
 endfacet
 facet normal  1.120662e-01 -9.937007e-01  1.370281e-05
   outer loop
     vertex  2.462151e+01  2.922789e+01  3.568665e+01
     vertex  2.466620e+01  2.923281e+01  2.750000e+01
     vertex  2.465009e+01  2.923111e+01  3.567842e+01
   endloop
 endfacet
 facet normal  1.208553e-01 -9.926701e-01  1.282212e-05
   outer loop
     vertex  2.459296e+01  2.922441e+01  3.569553e+01
     vertex  2.457763e+01  2.922244e+01  2.750000e+01
     vertex  2.462151e+01  2.922789e+01  3.568665e+01
   endloop
 endfacet
 facet normal  1.296297e-01 -9.915625e-01 -3.857629e-06
   outer loop
     vertex  2.456444e+01  2.922068e+01  3.570505e+01
     vertex  2.457763e+01  2.922244e+01  2.750000e+01
     vertex  2.459296e+01  2.922441e+01  3.569553e+01
   endloop
 endfacet
 facet normal  1.384041e-01 -9.903758e-01  1.049839e-05
   outer loop
     vertex  2.453596e+01  2.921670e+01  3.571521e+01
     vertex  2.457763e+01  2.922244e+01  2.750000e+01
     vertex  2.456444e+01  2.922068e+01  3.570505e+01
   endloop
 endfacet
 facet normal  1.435492e-01 -9.896432e-01  3.710773e-05
   outer loop
     vertex  2.453596e+01  2.921670e+01  3.571521e+01
     vertex  2.448939e+01  2.920964e+01  2.750000e+01
     vertex  2.457763e+01  2.922244e+01  2.750000e+01
   endloop
 endfacet
 facet normal  1.471650e-01 -9.891120e-01  1.615151e-05
   outer loop
     vertex  2.450751e+01  2.921247e+01  3.572602e+01
     vertex  2.448939e+01  2.920964e+01  2.750000e+01
     vertex  2.453596e+01  2.921670e+01  3.571521e+01
   endloop
 endfacet
 facet normal  1.559047e-01 -9.877721e-01 -3.569785e-06
   outer loop
     vertex  2.447911e+01  2.920799e+01  3.573747e+01
     vertex  2.448939e+01  2.920964e+01  2.750000e+01
     vertex  2.450751e+01  2.921247e+01  3.572602e+01
   endloop
 endfacet
 facet normal  1.646441e-01 -9.863530e-01  7.621567e-06
   outer loop
     vertex  2.445074e+01  2.920325e+01  3.574956e+01
     vertex  2.448939e+01  2.920964e+01  2.750000e+01
     vertex  2.447911e+01  2.920799e+01  3.573747e+01
   endloop
 endfacet
 facet normal  1.706451e-01 -9.853326e-01  3.652532e-05
   outer loop
     vertex  2.445074e+01  2.920325e+01  3.574956e+01
     vertex  2.440153e+01  2.919442e+01  2.750000e+01
     vertex  2.448939e+01  2.920964e+01  2.750000e+01
   endloop
 endfacet
 facet normal  1.733715e-01 -9.848565e-01  1.975107e-05
   outer loop
     vertex  2.442241e+01  2.919826e+01  3.576230e+01
     vertex  2.440153e+01  2.919442e+01  2.750000e+01
     vertex  2.445074e+01  2.920325e+01  3.574956e+01
   endloop
 endfacet
 facet normal  1.820699e-01 -9.832856e-01 -2.970838e-06
   outer loop
     vertex  2.439413e+01  2.919303e+01  3.577567e+01
     vertex  2.440153e+01  2.919442e+01  2.750000e+01
     vertex  2.442241e+01  2.919826e+01  3.576230e+01
   endloop
 endfacet
 facet normal  1.907679e-01 -9.816352e-01  5.074915e-06
   outer loop
     vertex  2.436590e+01  2.918754e+01  3.578968e+01
     vertex  2.440153e+01  2.919442e+01  2.750000e+01
     vertex  2.439413e+01  2.919303e+01  3.577567e+01
   endloop
 endfacet
 facet normal  1.976125e-01 -9.802802e-01  3.561248e-05
   outer loop
     vertex  2.436590e+01  2.918754e+01  3.578968e+01
     vertex  2.431411e+01  2.917680e+01  2.750000e+01
     vertex  2.440153e+01  2.919442e+01  2.750000e+01
   endloop
 endfacet
 facet normal  1.994564e-01 -9.799067e-01  2.360907e-05
   outer loop
     vertex  2.433772e+01  2.918181e+01  3.580433e+01
     vertex  2.431411e+01  2.917680e+01  2.750000e+01
     vertex  2.436590e+01  2.918754e+01  3.578968e+01
   endloop
 endfacet
 facet normal  2.081071e-01 -9.781060e-01 -2.066485e-06
   outer loop
     vertex  2.430959e+01  2.917582e+01  3.581961e+01
     vertex  2.431411e+01  2.917680e+01  2.750000e+01
     vertex  2.433772e+01  2.918181e+01  3.580433e+01
   endloop
 endfacet
 facet normal  2.167571e-01 -9.762256e-01  2.859476e-06
   outer loop
     vertex  2.428151e+01  2.916959e+01  3.583553e+01
     vertex  2.431411e+01  2.917680e+01  2.750000e+01
     vertex  2.430959e+01  2.917582e+01  3.581961e+01
   endloop
 endfacet
 facet normal  2.244312e-01 -9.744899e-01  3.437597e-05
   outer loop
     vertex  2.428151e+01  2.916959e+01  3.583553e+01
     vertex  2.422722e+01  2.915679e+01  2.750000e+01
     vertex  2.431411e+01  2.917680e+01  2.750000e+01
   endloop
 endfacet
 facet normal  2.254014e-01 -9.742660e-01  2.771299e-05
   outer loop
     vertex  2.425349e+01  2.916310e+01  3.585209e+01
     vertex  2.422722e+01  2.915679e+01  2.750000e+01
     vertex  2.428151e+01  2.916959e+01  3.583553e+01
   endloop
 endfacet
 facet normal  2.339980e-01 -9.722371e-01 -8.636456e-07
   outer loop
     vertex  2.422553e+01  2.915637e+01  3.586927e+01
     vertex  2.422722e+01  2.915679e+01  2.750000e+01
     vertex  2.425349e+01  2.916310e+01  3.585209e+01
   endloop
 endfacet
 facet normal  2.425934e-01 -9.701281e-01  9.747774e-07
   outer loop
     vertex  2.419763e+01  2.914940e+01  3.588709e+01
     vertex  2.422722e+01  2.915679e+01  2.750000e+01
     vertex  2.422553e+01  2.915637e+01  3.586927e+01
   endloop
 endfacet
 facet normal  2.510809e-01 -9.679661e-01  3.282377e-05
   outer loop
     vertex  2.419763e+01  2.914940e+01  3.588709e+01
     vertex  2.414091e+01  2.913440e+01  2.750000e+01
     vertex  2.422722e+01  2.915679e+01  2.750000e+01
   endloop
 endfacet
 facet normal  2.511880e-01 -9.679383e-01  3.204958e-05
   outer loop
     vertex  2.416979e+01  2.914217e+01  3.590554e+01
     vertex  2.414091e+01  2.913440e+01  2.750000e+01
     vertex  2.419763e+01  2.914940e+01  3.588709e+01
   endloop
 endfacet
 facet normal  2.597242e-01 -9.656828e-01  6.296414e-07
   outer loop
     vertex  2.414202e+01  2.913470e+01  3.592461e+01
     vertex  2.414091e+01  2.913440e+01  2.750000e+01
     vertex  2.416979e+01  2.914217e+01  3.590554e+01
   endloop
 endfacet
 facet normal  2.682588e-01 -9.633469e-01 -5.811109e-07
   outer loop
     vertex  2.411431e+01  2.912699e+01  3.594432e+01
     vertex  2.414091e+01  2.913440e+01  2.750000e+01
     vertex  2.414202e+01  2.913470e+01  3.592461e+01
   endloop
 endfacet
 facet normal  2.767928e-01 -9.609296e-01  2.841687e-05
   outer loop
     vertex  2.408668e+01  2.911903e+01  3.596464e+01
     vertex  2.414091e+01  2.913440e+01  2.750000e+01
     vertex  2.411431e+01  2.912699e+01  3.594432e+01
   endloop
 endfacet
 facet normal  2.775416e-01 -9.607136e-01  3.360702e-05
   outer loop
     vertex  2.408668e+01  2.911903e+01  3.596464e+01
     vertex  2.405524e+01  2.910965e+01  2.750000e+01
     vertex  2.414091e+01  2.913440e+01  2.750000e+01
   endloop
 endfacet
 facet normal  2.852678e-01 -9.584479e-01  2.404322e-06
   outer loop
     vertex  2.405911e+01  2.911082e+01  3.598559e+01
     vertex  2.405524e+01  2.910965e+01  2.750000e+01
     vertex  2.408668e+01  2.911903e+01  3.596464e+01
   endloop
 endfacet
 facet normal  2.937351e-01 -9.558869e-01 -1.811511e-06
   outer loop
     vertex  2.403162e+01  2.910238e+01  3.600717e+01
     vertex  2.405524e+01  2.910965e+01  2.750000e+01
     vertex  2.405911e+01  2.911082e+01  3.598559e+01
   endloop
 endfacet
 facet normal  3.022014e-01 -9.532441e-01  2.395600e-05
   outer loop
     vertex  2.400420e+01  2.909369e+01  3.602936e+01
     vertex  2.405524e+01  2.910965e+01  2.750000e+01
     vertex  2.403162e+01  2.910238e+01  3.600717e+01
   endloop
 endfacet
 facet normal  3.037934e-01 -9.527379e-01  3.443008e-05
   outer loop
     vertex  2.400420e+01  2.909369e+01  3.602936e+01
     vertex  2.397029e+01  2.908256e+01  2.750000e+01
     vertex  2.405524e+01  2.910965e+01  2.750000e+01
   endloop
 endfacet
 facet normal  3.120077e-01 -9.500796e-01 -1.701471e-06
   outer loop
     vertex  2.396777e+01  2.908172e+01  3.605992e+01
     vertex  2.397029e+01  2.908256e+01  2.750000e+01
     vertex  2.400420e+01  2.909369e+01  3.602936e+01
   endloop
 endfacet
 facet normal  3.238965e-01 -9.460925e-01  2.182740e-06
   outer loop
     vertex  2.392696e+01  2.906775e+01  3.609560e+01
     vertex  2.397029e+01  2.908256e+01  2.750000e+01
     vertex  2.396777e+01  2.908172e+01  3.605992e+01
   endloop
 endfacet
 facet normal  3.298166e-01 -9.440450e-01  3.555342e-05
   outer loop
     vertex  2.392696e+01  2.906775e+01  3.609560e+01
     vertex  2.388611e+01  2.905315e+01  2.750000e+01
     vertex  2.397029e+01  2.908256e+01  2.750000e+01
   endloop
 endfacet
 facet normal  3.364244e-01 -9.417105e-01  1.853478e-07
   outer loop
     vertex  2.388633e+01  2.905324e+01  3.613266e+01
     vertex  2.388611e+01  2.905315e+01  2.750000e+01
     vertex  2.392696e+01  2.906775e+01  3.609560e+01
   endloop
 endfacet
 facet normal  3.555914e-01 -9.346415e-01  3.521926e-05
   outer loop
     vertex  2.384590e+01  2.903818e+01  3.617110e+01
     vertex  2.380277e+01  2.902145e+01  2.750000e+01
     vertex  2.388611e+01  2.905315e+01  2.750000e+01
   endloop
 endfacet
 facet normal  3.488943e-01 -9.371621e-01 -1.832989e-07
   outer loop
     vertex  2.384590e+01  2.903818e+01  3.617110e+01
     vertex  2.388611e+01  2.905315e+01  2.750000e+01
     vertex  2.388633e+01  2.905324e+01  3.613266e+01
   endloop
 endfacet
 facet normal  3.613054e-01 -9.324475e-01  2.557823e-06
   outer loop
     vertex  2.380568e+01  2.902260e+01  3.621090e+01
     vertex  2.380277e+01  2.902145e+01  2.750000e+01
     vertex  2.384590e+01  2.903818e+01  3.617110e+01
   endloop
 endfacet
 facet normal  3.810986e-01 -9.245344e-01  3.457518e-05
   outer loop
     vertex  2.376566e+01  2.900648e+01  3.625207e+01
     vertex  2.372033e+01  2.898746e+01  2.750000e+01
     vertex  2.380277e+01  2.902145e+01  2.750000e+01
   endloop
 endfacet
 facet normal  3.736463e-01 -9.275713e-01 -2.211647e-06
   outer loop
     vertex  2.376566e+01  2.900648e+01  3.625207e+01
     vertex  2.380277e+01  2.902145e+01  2.750000e+01
     vertex  2.380568e+01  2.902260e+01  3.621090e+01
   endloop
 endfacet
 facet normal  3.859322e-01 -9.225271e-01  5.175673e-06
   outer loop
     vertex  2.372586e+01  2.898983e+01  3.629458e+01
     vertex  2.372033e+01  2.898746e+01  2.750000e+01
     vertex  2.376566e+01  2.900648e+01  3.625207e+01
   endloop
 endfacet
 facet normal  4.063188e-01 -9.137314e-01  3.363112e-05
   outer loop
     vertex  2.368629e+01  2.897265e+01  3.633844e+01
     vertex  2.363885e+01  2.895123e+01  2.750000e+01
     vertex  2.372033e+01  2.898746e+01  2.750000e+01
   endloop
 endfacet
 facet normal  3.981351e-01 -9.173268e-01 -3.907601e-06
   outer loop
     vertex  2.368629e+01  2.897265e+01  3.633844e+01
     vertex  2.372033e+01  2.898746e+01  2.750000e+01
     vertex  2.372586e+01  2.898983e+01  3.629458e+01
   endloop
 endfacet
 facet normal  4.102875e-01 -9.119562e-01  8.026651e-06
   outer loop
     vertex  2.364695e+01  2.895495e+01  3.638364e+01
     vertex  2.363885e+01  2.895123e+01  2.750000e+01
     vertex  2.368629e+01  2.897265e+01  3.633844e+01
   endloop
 endfacet
 facet normal  4.312333e-01 -9.022405e-01  3.239772e-05
   outer loop
     vertex  2.360785e+01  2.893673e+01  3.643017e+01
     vertex  2.355840e+01  2.891278e+01  2.750000e+01
     vertex  2.363885e+01  2.895123e+01  2.750000e+01
   endloop
 endfacet
 facet normal  4.223435e-01 -9.064359e-01 -5.277615e-06
   outer loop
     vertex  2.360785e+01  2.893673e+01  3.643017e+01
     vertex  2.363885e+01  2.895123e+01  2.750000e+01
     vertex  2.364695e+01  2.895495e+01  3.638364e+01
   endloop
 endfacet
 facet normal  4.343541e-01 -9.007422e-01  1.109819e-05
   outer loop
     vertex  2.356899e+01  2.891800e+01  3.647802e+01
     vertex  2.355840e+01  2.891278e+01  2.750000e+01
     vertex  2.360785e+01  2.893673e+01  3.643017e+01
   endloop
 endfacet
 facet normal  4.558231e-01 -8.900704e-01  3.088621e-05
   outer loop
     vertex  2.353038e+01  2.889874e+01  3.652719e+01
     vertex  2.347903e+01  2.887213e+01  2.750000e+01
     vertex  2.355840e+01  2.891278e+01  2.750000e+01
   endloop
 endfacet
 facet normal  4.462544e-01 -8.949061e-01 -6.329179e-06
   outer loop
     vertex  2.353038e+01  2.889874e+01  3.652719e+01
     vertex  2.355840e+01  2.891278e+01  2.750000e+01
     vertex  2.356899e+01  2.891800e+01  3.647802e+01
   endloop
 endfacet
 facet normal  4.581150e-01 -8.888929e-01  1.437752e-05
   outer loop
     vertex  2.349203e+01  2.887898e+01  3.657766e+01
     vertex  2.347903e+01  2.887213e+01  2.750000e+01
     vertex  2.353038e+01  2.889874e+01  3.652719e+01
   endloop
 endfacet
 facet normal  4.800697e-01 -8.772303e-01  3.338260e-05
   outer loop
     vertex  2.344132e+01  2.885184e+01  3.664696e+01
     vertex  2.340081e+01  2.882933e+01  2.750000e+01
     vertex  2.347903e+01  2.887213e+01  2.750000e+01
   endloop
 endfacet
 facet normal  4.717990e-01 -8.817061e-01 -1.064518e-05
   outer loop
     vertex  2.344132e+01  2.885184e+01  3.664696e+01
     vertex  2.347903e+01  2.887213e+01  2.750000e+01
     vertex  2.349203e+01  2.887898e+01  3.657766e+01
   endloop
 endfacet
 facet normal  4.882906e-01 -8.726811e-01 -1.422460e-05
   outer loop
     vertex  2.338485e+01  2.882025e+01  3.672765e+01
     vertex  2.340081e+01  2.882933e+01  2.750000e+01
     vertex  2.344132e+01  2.885184e+01  3.664696e+01
   endloop
 endfacet
 facet normal  5.039550e-01 -8.637299e-01  2.167794e-05
   outer loop
     vertex  2.332379e+01  2.878439e+01  2.750000e+01
     vertex  2.340081e+01  2.882933e+01  2.750000e+01
     vertex  2.338485e+01  2.882025e+01  3.672765e+01
   endloop
 endfacet
 facet normal  5.055918e-01 -8.627728e-01  7.128625e-06
   outer loop
     vertex  2.332902e+01  2.878753e+01  3.681120e+01
     vertex  2.332379e+01  2.878439e+01  2.750000e+01
     vertex  2.338485e+01  2.882025e+01  3.672765e+01
   endloop
 endfacet
 facet normal  5.226545e-01 -8.525446e-01 -5.900597e-06
   outer loop
     vertex  2.327385e+01  2.875371e+01  3.689757e+01
     vertex  2.332379e+01  2.878439e+01  2.750000e+01
     vertex  2.332902e+01  2.878753e+01  3.681120e+01
   endloop
 endfacet
 facet normal  5.274609e-01 -8.495793e-01  2.932248e-05
   outer loop
     vertex  2.327385e+01  2.875371e+01  3.689757e+01
     vertex  2.324804e+01  2.873736e+01  2.750000e+01
     vertex  2.332379e+01  2.878439e+01  2.750000e+01
   endloop
 endfacet
 facet normal  5.395116e-01 -8.419782e-01 -1.700887e-05
   outer loop
     vertex  2.321937e+01  2.871880e+01  3.698673e+01
     vertex  2.324804e+01  2.873736e+01  2.750000e+01
     vertex  2.327385e+01  2.875371e+01  3.689757e+01
   endloop
 endfacet
 facet normal  5.505698e-01 -8.347891e-01  3.047139e-05
   outer loop
     vertex  2.321937e+01  2.871880e+01  3.698673e+01
     vertex  2.317360e+01  2.868826e+01  2.750000e+01
     vertex  2.324804e+01  2.873736e+01  2.750000e+01
   endloop
 endfacet
 facet normal  5.561775e-01 -8.310636e-01 -8.574802e-06
   outer loop
     vertex  2.316559e+01  2.868281e+01  3.707864e+01
     vertex  2.317360e+01  2.868826e+01  2.750000e+01
     vertex  2.321937e+01  2.871880e+01  3.698673e+01
   endloop
 endfacet
 facet normal  5.726372e-01 -8.198089e-01  1.159525e-05
   outer loop
     vertex  2.311254e+01  2.864575e+01  3.717326e+01
     vertex  2.317360e+01  2.868826e+01  2.750000e+01
     vertex  2.316559e+01  2.868281e+01  3.707864e+01
   endloop
 endfacet
 facet normal  5.732642e-01 -8.193706e-01  1.747903e-05
   outer loop
     vertex  2.311254e+01  2.864575e+01  3.717326e+01
     vertex  2.310054e+01  2.863715e+01  2.750000e+01
     vertex  2.317360e+01  2.868826e+01  2.750000e+01
   endloop
 endfacet
 facet normal  5.888179e-01 -8.082658e-01 -1.170548e-05
   outer loop
     vertex  2.306024e+01  2.860765e+01  3.727057e+01
     vertex  2.310054e+01  2.863715e+01  2.750000e+01
     vertex  2.311254e+01  2.864575e+01  3.717326e+01
   endloop
 endfacet
 facet normal  5.955271e-01 -8.033352e-01  3.084971e-05
   outer loop
     vertex  2.306024e+01  2.860765e+01  3.727057e+01
     vertex  2.302890e+01  2.858404e+01  2.750000e+01
     vertex  2.310054e+01  2.863715e+01  2.750000e+01
   endloop
 endfacet
 facet normal  6.047882e-01 -7.963864e-01 -1.564165e-05
   outer loop
     vertex  2.300871e+01  2.856851e+01  3.737051e+01
     vertex  2.302890e+01  2.858404e+01  2.750000e+01
     vertex  2.306024e+01  2.860765e+01  3.727057e+01
   endloop
 endfacet
 facet normal  6.173417e-01 -7.866951e-01  2.529246e-05
   outer loop
     vertex  2.300871e+01  2.856851e+01  3.737051e+01
     vertex  2.295875e+01  2.852899e+01  2.750000e+01
     vertex  2.302890e+01  2.858404e+01  2.750000e+01
   endloop
 endfacet
 facet normal  6.205417e-01 -7.841734e-01 -9.980122e-07
   outer loop
     vertex  2.295796e+01  2.852836e+01  3.747306e+01
     vertex  2.295875e+01  2.852899e+01  2.750000e+01
     vertex  2.300871e+01  2.856851e+01  3.737051e+01
   endloop
 endfacet
 facet normal  6.386916e-01 -7.694628e-01  1.381046e-06
   outer loop
     vertex  2.289014e+01  2.847204e+01  2.750000e+01
     vertex  2.295875e+01  2.852899e+01  2.750000e+01
     vertex  2.295796e+01  2.852836e+01  3.747306e+01
   endloop
 endfacet
 facet normal  6.385929e-01 -7.695447e-01  2.514433e-06
   outer loop
     vertex  2.289157e+01  2.847326e+01  3.761376e+01
     vertex  2.289014e+01  2.847204e+01  2.750000e+01
     vertex  2.295796e+01  2.852836e+01  3.747306e+01
   endloop
 endfacet
 facet normal  6.595607e-01 -7.516513e-01 -2.597679e-06
   outer loop
     vertex  2.282312e+01  2.841323e+01  2.750000e+01
     vertex  2.289014e+01  2.847204e+01  2.750000e+01
     vertex  2.289157e+01  2.847326e+01  3.761376e+01
   endloop
 endfacet
 facet normal  6.600292e-01 -7.512400e-01 -8.210154e-06
   outer loop
     vertex  2.281865e+01  2.840920e+01  3.777736e+01
     vertex  2.282312e+01  2.841323e+01  2.750000e+01
     vertex  2.289157e+01  2.847326e+01  3.761376e+01
   endloop
 endfacet
 facet normal  6.799333e-01 -7.332740e-01  7.490973e-06
   outer loop
     vertex  2.275773e+01  2.835260e+01  2.750000e+01
     vertex  2.282312e+01  2.841323e+01  2.750000e+01
     vertex  2.281865e+01  2.840920e+01  3.777736e+01
   endloop
 endfacet
 facet normal  6.821567e-01 -7.312061e-01 -1.707596e-05
   outer loop
     vertex  2.274768e+01  2.834298e+01  3.794645e+01
     vertex  2.275773e+01  2.835260e+01  2.750000e+01
     vertex  2.281865e+01  2.840920e+01  3.777736e+01
   endloop
 endfacet
 facet normal  6.997940e-01 -7.143447e-01  1.541915e-05
   outer loop
     vertex  2.274768e+01  2.834298e+01  3.794645e+01
     vertex  2.269403e+01  2.829020e+01  2.750000e+01
     vertex  2.275773e+01  2.835260e+01  2.750000e+01
   endloop
 endfacet
 facet normal  7.036783e-01 -7.105187e-01 -2.385925e-05
   outer loop
     vertex  2.267872e+01  2.827468e+01  3.812088e+01
     vertex  2.269403e+01  2.829020e+01  2.750000e+01
     vertex  2.274768e+01  2.834298e+01  3.794645e+01
   endloop
 endfacet
 facet normal  7.191280e-01 -6.948776e-01  2.127801e-05
   outer loop
     vertex  2.267872e+01  2.827468e+01  3.812088e+01
     vertex  2.263207e+01  2.822608e+01  2.750000e+01
     vertex  2.269403e+01  2.829020e+01  2.750000e+01
   endloop
 endfacet
 facet normal  7.245750e-01 -6.891960e-01 -2.864453e-05
   outer loop
     vertex  2.261183e+01  2.820435e+01  3.830049e+01
     vertex  2.263207e+01  2.822608e+01  2.750000e+01
     vertex  2.267872e+01  2.827468e+01  3.812088e+01
   endloop
 endfacet
 facet normal  7.379206e-01 -6.748875e-01  2.515944e-05
   outer loop
     vertex  2.261183e+01  2.820435e+01  3.830049e+01
     vertex  2.257189e+01  2.816028e+01  2.750000e+01
     vertex  2.263207e+01  2.822608e+01  2.750000e+01
   endloop
 endfacet
 facet normal  7.448279e-01 -6.672566e-01 -3.151637e-05
   outer loop
     vertex  2.254707e+01  2.813205e+01  3.848512e+01
     vertex  2.257189e+01  2.816028e+01  2.750000e+01
     vertex  2.261183e+01  2.820435e+01  3.830049e+01
   endloop
 endfacet
 facet normal  7.561578e-01 -6.543893e-01  2.715533e-05
   outer loop
     vertex  2.254707e+01  2.813205e+01  3.848512e+01
     vertex  2.251354e+01  2.809285e+01  2.750000e+01
     vertex  2.257189e+01  2.816028e+01  2.750000e+01
   endloop
 endfacet
 facet normal  7.644190e-01 -6.447198e-01 -3.255885e-05
   outer loop
     vertex  2.248450e+01  2.805785e+01  3.867460e+01
     vertex  2.251354e+01  2.809285e+01  2.750000e+01
     vertex  2.254707e+01  2.813205e+01  3.848512e+01
   endloop
 endfacet
 facet normal  7.738257e-01 -6.333986e-01  2.735682e-05
   outer loop
     vertex  2.248450e+01  2.805785e+01  3.867460e+01
     vertex  2.245706e+01  2.802385e+01  2.750000e+01
     vertex  2.251354e+01  2.809285e+01  2.750000e+01
   endloop
 endfacet
 facet normal  7.833306e-01 -6.216054e-01 -3.185509e-05
   outer loop
     vertex  2.242417e+01  2.798181e+01  3.886878e+01
     vertex  2.245706e+01  2.802385e+01  2.750000e+01
     vertex  2.248450e+01  2.805785e+01  3.867460e+01
   endloop
 endfacet
 facet normal  7.909112e-01 -6.119310e-01  2.585377e-05
   outer loop
     vertex  2.242417e+01  2.798181e+01  3.886878e+01
     vertex  2.240250e+01  2.795333e+01  2.750000e+01
     vertex  2.245706e+01  2.802385e+01  2.750000e+01
   endloop
 endfacet
 facet normal  8.015456e-01 -5.979337e-01 -2.948682e-05
   outer loop
     vertex  2.236613e+01  2.790401e+01  3.906747e+01
     vertex  2.240250e+01  2.795333e+01  2.750000e+01
     vertex  2.242417e+01  2.798181e+01  3.886878e+01
   endloop
 endfacet
 facet normal  8.074012e-01 -5.900028e-01  2.273418e-05
   outer loop
     vertex  2.236613e+01  2.790401e+01  3.906747e+01
     vertex  2.234989e+01  2.788133e+01  2.750000e+01
     vertex  2.240250e+01  2.795333e+01  2.750000e+01
   endloop
 endfacet
 facet normal  8.190475e-01 -5.737257e-01 -2.553404e-05
   outer loop
     vertex  2.231045e+01  2.782451e+01  3.927049e+01
     vertex  2.234989e+01  2.788133e+01  2.750000e+01
     vertex  2.236613e+01  2.790401e+01  3.906747e+01
   endloop
 endfacet
 facet normal  8.232835e-01 -5.676304e-01  1.808379e-05
   outer loop
     vertex  2.231045e+01  2.782451e+01  3.927049e+01
     vertex  2.229927e+01  2.780792e+01  2.750000e+01
     vertex  2.234989e+01  2.788133e+01  2.750000e+01
   endloop
 endfacet
 facet normal  8.385460e-01 -5.448308e-01 -2.854234e-05
   outer loop
     vertex  2.225069e+01  2.773315e+01  2.750000e+01
     vertex  2.229927e+01  2.780792e+01  2.750000e+01
     vertex  2.231045e+01  2.782451e+01  3.927049e+01
   endloop
 endfacet
 facet normal  8.385333e-01 -5.448503e-01 -2.832645e-05
   outer loop
     vertex  2.223995e+01  2.771599e+01  3.954762e+01
     vertex  2.225069e+01  2.773315e+01  2.750000e+01
     vertex  2.231045e+01  2.782451e+01  3.927049e+01
   endloop
 endfacet
 facet normal  8.531773e-01 -5.216210e-01  1.781961e-05
   outer loop
     vertex  2.223995e+01  2.771599e+01  3.954762e+01
     vertex  2.220418e+01  2.765707e+01  2.750000e+01
     vertex  2.225069e+01  2.773315e+01  2.750000e+01
   endloop
 endfacet
 facet normal  8.607853e-01 -5.089682e-01 -6.664415e-05
   outer loop
     vertex  2.216587e+01  2.759066e+01  3.986768e+01
     vertex  2.220418e+01  2.765707e+01  2.750000e+01
     vertex  2.223995e+01  2.771599e+01  3.954762e+01
   endloop
 endfacet
 facet normal  8.671664e-01 -4.980186e-01  1.192091e-05
   outer loop
     vertex  2.216587e+01  2.759066e+01  3.986768e+01
     vertex  2.215977e+01  2.757975e+01  2.750000e+01
     vertex  2.220418e+01  2.765707e+01  2.750000e+01
   endloop
 endfacet
 facet normal  8.805026e-01 -4.740412e-01 -1.580732e-05
   outer loop
     vertex  2.211750e+01  2.750123e+01  2.750000e+01
     vertex  2.215977e+01  2.757975e+01  2.750000e+01
     vertex  2.216587e+01  2.759066e+01  3.986768e+01
   endloop
 endfacet
 facet normal  8.827266e-01 -4.698869e-01 -5.454271e-05
   outer loop
     vertex  2.209747e+01  2.746214e+01  4.019589e+01
     vertex  2.211750e+01  2.750123e+01  2.750000e+01
     vertex  2.216587e+01  2.759066e+01  3.986768e+01
   endloop
 endfacet
 facet normal  8.931761e-01 -4.497071e-01  2.408339e-05
   outer loop
     vertex  2.209747e+01  2.746214e+01  4.019589e+01
     vertex  2.207740e+01  2.742159e+01  2.750000e+01
     vertex  2.211750e+01  2.750123e+01  2.750000e+01
   endloop
 endfacet
 facet normal  9.028834e-01 -4.298855e-01 -5.456935e-05
   outer loop
     vertex  2.203490e+01  2.733068e+01  4.053159e+01
     vertex  2.207740e+01  2.742159e+01  2.750000e+01
     vertex  2.209747e+01  2.746214e+01  4.019589e+01
   endloop
 endfacet
 facet normal  9.051772e-01 -4.250344e-01 -1.324769e-05
   outer loop
     vertex  2.203490e+01  2.733068e+01  4.053159e+01
     vertex  2.203950e+01  2.734087e+01  2.750000e+01
     vertex  2.207740e+01  2.742159e+01  2.750000e+01
   endloop
 endfacet
 facet normal  9.164969e-01 -4.000417e-01  1.029550e-05
   outer loop
     vertex  2.203490e+01  2.733068e+01  4.053159e+01
     vertex  2.200383e+01  2.725915e+01  2.750000e+01
     vertex  2.203950e+01  2.734087e+01  2.750000e+01
   endloop
 endfacet
 facet normal  9.271267e-01 -3.747479e-01  1.676964e-05
   outer loop
     vertex  2.197829e+01  2.719656e+01  4.087411e+01
     vertex  2.197041e+01  2.717648e+01  2.750000e+01
     vertex  2.200383e+01  2.725915e+01  2.750000e+01
   endloop
 endfacet
 facet normal  9.212225e-01 -3.890361e-01 -6.138186e-05
   outer loop
     vertex  2.197829e+01  2.719656e+01  4.087411e+01
     vertex  2.200383e+01  2.725915e+01  2.750000e+01
     vertex  2.203490e+01  2.733068e+01  4.053159e+01
   endloop
 endfacet
 facet normal  9.370586e-01 -3.491720e-01 -2.746563e-05
   outer loop
     vertex  2.193928e+01  2.709292e+01  2.750000e+01
     vertex  2.197041e+01  2.717648e+01  2.750000e+01
     vertex  2.197829e+01  2.719656e+01  4.087411e+01
   endloop
 endfacet
 facet normal  9.377350e-01 -3.473516e-01 -4.354427e-05
   outer loop
     vertex  2.192773e+01  2.706003e+01  4.122276e+01
     vertex  2.193928e+01  2.709292e+01  2.750000e+01
     vertex  2.197829e+01  2.719656e+01  4.087411e+01
   endloop
 endfacet
 facet normal  9.462851e-01 -3.233333e-01  2.122644e-05
   outer loop
     vertex  2.192773e+01  2.706003e+01  4.122276e+01
     vertex  2.191045e+01  2.700854e+01  2.750000e+01
     vertex  2.193928e+01  2.709292e+01  2.750000e+01
   endloop
 endfacet
 facet normal  9.547993e-01 -2.972512e-01 -2.113750e-06
   outer loop
     vertex  2.188334e+01  2.692137e+01  4.157684e+01
     vertex  2.188394e+01  2.692341e+01  2.750000e+01
     vertex  2.191045e+01  2.700854e+01  2.750000e+01
   endloop
 endfacet
 facet normal  9.625948e-01 -2.709453e-01  2.015645e-06
   outer loop
     vertex  2.188334e+01  2.692137e+01  4.157684e+01
     vertex  2.185978e+01  2.683757e+01  2.750000e+01
     vertex  2.188394e+01  2.692341e+01  2.750000e+01
   endloop
 endfacet
 facet normal  9.523411e-01 -3.050352e-01 -5.504980e-05
   outer loop
     vertex  2.188334e+01  2.692137e+01  4.157684e+01
     vertex  2.191045e+01  2.700854e+01  2.750000e+01
     vertex  2.192773e+01  2.706003e+01  4.122276e+01
   endloop
 endfacet
 facet normal  9.650461e-01 -2.620803e-01 -5.486189e-05
   outer loop
     vertex  2.184520e+01  2.678087e+01  4.193565e+01
     vertex  2.185978e+01  2.683757e+01  2.750000e+01
     vertex  2.188334e+01  2.692137e+01  4.157684e+01
   endloop
 endfacet
 facet normal  9.696656e-01 -2.444354e-01  1.910877e-05
   outer loop
     vertex  2.184520e+01  2.678087e+01  4.193565e+01
     vertex  2.183799e+01  2.675111e+01  2.750000e+01
     vertex  2.185978e+01  2.683757e+01  2.750000e+01
   endloop
 endfacet
 facet normal  9.816126e-01 -1.908838e-01  1.699730e-05
   outer loop
     vertex  2.181340e+01  2.663880e+01  4.229845e+01
     vertex  2.180155e+01  2.657655e+01  2.750000e+01
     vertex  2.181857e+01  2.666408e+01  2.750000e+01
   endloop
 endfacet
 facet normal  9.758242e-01 -2.185570e-01 -3.732726e-05
   outer loop
     vertex  2.181340e+01  2.663880e+01  4.229845e+01
     vertex  2.183799e+01  2.675111e+01  2.750000e+01
     vertex  2.184520e+01  2.678087e+01  4.193565e+01
   endloop
 endfacet
 facet normal  9.760065e-01 -2.177416e-01 -3.083620e-05
   outer loop
     vertex  2.181340e+01  2.663880e+01  4.229845e+01
     vertex  2.181857e+01  2.666408e+01  2.750000e+01
     vertex  2.183799e+01  2.675111e+01  2.750000e+01
   endloop
 endfacet
 facet normal  9.864799e-01 -1.638824e-01  5.793395e-06
   outer loop
     vertex  2.178799e+01  2.649545e+01  4.266453e+01
     vertex  2.178694e+01  2.648859e+01  2.750000e+01
     vertex  2.180155e+01  2.657655e+01  2.750000e+01
   endloop
 endfacet
 facet normal  9.906046e-01 -1.367575e-01 -6.771970e-06
   outer loop
     vertex  2.178799e+01  2.649545e+01  4.266453e+01
     vertex  2.177474e+01  2.640025e+01  2.750000e+01
     vertex  2.178694e+01  2.648859e+01  2.750000e+01
   endloop
 endfacet
 facet normal  9.846258e-01 -1.746769e-01 -5.359320e-05
   outer loop
     vertex  2.178799e+01  2.649545e+01  4.266453e+01
     vertex  2.180155e+01  2.657655e+01  2.750000e+01
     vertex  2.181340e+01  2.663880e+01  4.229845e+01
   endloop
 endfacet
 facet normal  9.939835e-01 -1.095298e-01  1.945125e-05
   outer loop
     vertex  2.176902e+01  2.635111e+01  4.303315e+01
     vertex  2.176497e+01  2.631162e+01  2.750000e+01
     vertex  2.177474e+01  2.640025e+01  2.750000e+01
   endloop
 endfacet
 facet normal  9.914626e-01 -1.303913e-01 -4.748621e-05
   outer loop
     vertex  2.176902e+01  2.635111e+01  4.303315e+01
     vertex  2.177474e+01  2.640025e+01  2.750000e+01
     vertex  2.178799e+01  2.649545e+01  4.266453e+01
   endloop
 endfacet
 facet normal  9.966142e-01 -8.221955e-02 -1.714614e-05
   outer loop
     vertex  2.175654e+01  2.620605e+01  4.340357e+01
     vertex  2.175764e+01  2.622275e+01  2.750000e+01
     vertex  2.176497e+01  2.631162e+01  2.750000e+01
   endloop
 endfacet
 facet normal  9.984947e-01 -5.484744e-02  1.172728e-05
   outer loop
     vertex  2.175654e+01  2.620605e+01  4.340357e+01
     vertex  2.175275e+01  2.613372e+01  2.750000e+01
     vertex  2.175764e+01  2.622275e+01  2.750000e+01
   endloop
 endfacet
 facet normal  9.963087e-01 -8.584327e-02 -4.136229e-05
   outer loop
     vertex  2.175654e+01  2.620605e+01  4.340357e+01
     vertex  2.176497e+01  2.631162e+01  2.750000e+01
     vertex  2.176902e+01  2.635111e+01  4.303315e+01
   endloop
 endfacet
 facet normal  9.996236e-01 -2.743405e-02  1.107142e-05
   outer loop
     vertex  2.175056e+01  2.606059e+01  4.377504e+01
     vertex  2.175031e+01  2.604458e+01  2.750000e+01
     vertex  2.175275e+01  2.613372e+01  2.750000e+01
   endloop
 endfacet
 facet normal  1.000000e+00  3.984271e-14 -1.591610e-05
   outer loop
     vertex  2.175056e+01  2.606059e+01  4.377504e+01
     vertex  2.175031e+01  2.595542e+01  2.750000e+01
     vertex  2.175031e+01  2.604458e+01  2.750000e+01
   endloop
 endfacet
 facet normal  9.991525e-01 -4.116194e-02 -5.067565e-05
   outer loop
     vertex  2.175056e+01  2.606059e+01  4.377504e+01
     vertex  2.175275e+01  2.613372e+01  2.750000e+01
     vertex  2.175654e+01  2.620605e+01  4.340357e+01
   endloop
 endfacet
 facet normal  9.996236e-01  2.743405e-02  1.821092e-05
   outer loop
     vertex  2.175111e+01  2.591501e+01  4.414683e+01
     vertex  2.175275e+01  2.586628e+01  2.750000e+01
     vertex  2.175031e+01  2.595542e+01  2.750000e+01
   endloop
 endfacet
 facet normal  9.999933e-01  3.654311e-03 -3.953157e-05
   outer loop
     vertex  2.175111e+01  2.591501e+01  4.414683e+01
     vertex  2.175031e+01  2.595542e+01  2.750000e+01
     vertex  2.175056e+01  2.606059e+01  4.377504e+01
   endloop
 endfacet
 facet normal  9.984947e-01  5.484744e-02 -6.717170e-06
   outer loop
     vertex  2.175818e+01  2.576959e+01  4.451818e+01
     vertex  2.175764e+01  2.577725e+01  2.750000e+01
     vertex  2.175275e+01  2.586628e+01  2.750000e+01
   endloop
 endfacet
 facet normal  9.966142e-01  8.221955e-02  5.652858e-06
   outer loop
     vertex  2.175818e+01  2.576959e+01  4.451818e+01
     vertex  2.176497e+01  2.568838e+01  2.750000e+01
     vertex  2.175764e+01  2.577725e+01  2.750000e+01
   endloop
 endfacet
 facet normal  9.988268e-01  4.842540e-02 -4.330997e-05
   outer loop
     vertex  2.175818e+01  2.576959e+01  4.451818e+01
     vertex  2.175275e+01  2.586628e+01  2.750000e+01
     vertex  2.175111e+01  2.591501e+01  4.414683e+01
   endloop
 endfacet
 facet normal  9.939835e-01  1.095298e-01  1.421904e-05
   outer loop
     vertex  2.177175e+01  2.562464e+01  4.488834e+01
     vertex  2.177474e+01  2.559975e+01  2.750000e+01
     vertex  2.176497e+01  2.568838e+01  2.750000e+01
   endloop
 endfacet
 facet normal  9.906046e-01  1.367575e-01 -2.534165e-05
   outer loop
     vertex  2.177175e+01  2.562464e+01  4.488834e+01
     vertex  2.178694e+01  2.551141e+01  2.750000e+01
     vertex  2.177474e+01  2.559975e+01  2.750000e+01
   endloop
 endfacet
 facet normal  9.956567e-01  9.310071e-02 -4.665588e-05
   outer loop
     vertex  2.177175e+01  2.562464e+01  4.488834e+01
     vertex  2.176497e+01  2.568838e+01  2.750000e+01
     vertex  2.175818e+01  2.576959e+01  4.451818e+01
   endloop
 endfacet
 facet normal  9.864799e-01  1.638824e-01  1.570639e-05
   outer loop
     vertex  2.179180e+01  2.548044e+01  4.525659e+01
     vertex  2.180155e+01  2.542345e+01  2.750000e+01
     vertex  2.178694e+01  2.551141e+01  2.750000e+01
   endloop
 endfacet
 facet normal  9.904828e-01  1.376367e-01 -3.117296e-05
   outer loop
     vertex  2.179180e+01  2.548044e+01  4.525659e+01
     vertex  2.178694e+01  2.551141e+01  2.750000e+01
     vertex  2.177175e+01  2.562464e+01  4.488834e+01
   endloop
 endfacet
 facet normal  9.816126e-01  1.908838e-01  1.036470e-06
   outer loop
     vertex  2.181829e+01  2.533728e+01  4.562217e+01
     vertex  2.181857e+01  2.533592e+01  2.750000e+01
     vertex  2.180155e+01  2.542345e+01  2.750000e+01
   endloop
 endfacet
 facet normal  9.760065e-01  2.177416e-01 -1.069313e-06
   outer loop
     vertex  2.181829e+01  2.533728e+01  4.562217e+01
     vertex  2.183799e+01  2.524889e+01  2.750000e+01
     vertex  2.181857e+01  2.533592e+01  2.750000e+01
   endloop
 endfacet
 facet normal  9.833306e-01  1.818268e-01 -4.361462e-05
   outer loop
     vertex  2.181829e+01  2.533728e+01  4.562217e+01
     vertex  2.180155e+01  2.542345e+01  2.750000e+01
     vertex  2.179180e+01  2.548044e+01  4.525659e+01
   endloop
 endfacet
 facet normal  9.696656e-01  2.444354e-01  1.563629e-05
   outer loop
     vertex  2.185116e+01  2.519546e+01  4.598436e+01
     vertex  2.185978e+01  2.516243e+01  2.750000e+01
     vertex  2.183799e+01  2.524889e+01  2.750000e+01
   endloop
 endfacet
 facet normal  9.741997e-01  2.256878e-01 -4.179133e-05
   outer loop
     vertex  2.185116e+01  2.519546e+01  4.598436e+01
     vertex  2.183799e+01  2.524889e+01  2.750000e+01
     vertex  2.181829e+01  2.533728e+01  4.562217e+01
   endloop
 endfacet
 facet normal  9.625948e-01  2.709453e-01 -2.028515e-05
   outer loop
     vertex  2.189035e+01  2.505524e+01  4.634242e+01
     vertex  2.188394e+01  2.507659e+01  2.750000e+01
     vertex  2.185978e+01  2.516243e+01  2.750000e+01
   endloop
 endfacet
 facet normal  9.547993e-01  2.972512e-01  1.217216e-05
   outer loop
     vertex  2.189035e+01  2.505524e+01  4.634242e+01
     vertex  2.191045e+01  2.499146e+01  2.750000e+01
     vertex  2.188394e+01  2.507659e+01  2.750000e+01
   endloop
 endfacet
 facet normal  9.631078e-01  2.691159e-01 -3.152342e-05
   outer loop
     vertex  2.189035e+01  2.505524e+01  4.634242e+01
     vertex  2.185978e+01  2.516243e+01  2.750000e+01
     vertex  2.185116e+01  2.519546e+01  4.598436e+01
   endloop
 endfacet
 facet normal  9.462851e-01  3.233333e-01  6.595527e-06
   outer loop
     vertex  2.193578e+01  2.491693e+01  4.669564e+01
     vertex  2.193928e+01  2.490708e+01  2.750000e+01
     vertex  2.191045e+01  2.499146e+01  2.750000e+01
   endloop
 endfacet
 facet normal  9.370586e-01  3.491720e-01 -8.347330e-06
   outer loop
     vertex  2.193578e+01  2.491693e+01  4.669564e+01
     vertex  2.197041e+01  2.482352e+01  2.750000e+01
     vertex  2.193928e+01  2.490708e+01  2.750000e+01
   endloop
 endfacet
 facet normal  9.500973e-01  3.119537e-01 -4.261695e-05
   outer loop
     vertex  2.193578e+01  2.491693e+01  4.669564e+01
     vertex  2.191045e+01  2.499146e+01  2.750000e+01
     vertex  2.189035e+01  2.505524e+01  4.634242e+01
   endloop
 endfacet
 facet normal  9.271267e-01  3.747479e-01  1.563353e-05
   outer loop
     vertex  2.198736e+01  2.478078e+01  4.704331e+01
     vertex  2.200383e+01  2.474085e+01  2.750000e+01
     vertex  2.197041e+01  2.482352e+01  2.750000e+01
   endloop
 endfacet
 facet normal  9.351674e-01  3.542061e-01 -3.625625e-05
   outer loop
     vertex  2.198736e+01  2.478078e+01  4.704331e+01
     vertex  2.197041e+01  2.482352e+01  2.750000e+01
     vertex  2.193578e+01  2.491693e+01  4.669564e+01
   endloop
 endfacet
 facet normal  9.164969e-01  4.000417e-01 -1.047857e-05
   outer loop
     vertex  2.204498e+01  2.464709e+01  4.738474e+01
     vertex  2.203950e+01  2.465913e+01  2.750000e+01
     vertex  2.200383e+01  2.474085e+01  2.750000e+01
   endloop
 endfacet
 facet normal  9.051772e-01  4.250344e-01  7.771666e-06
   outer loop
     vertex  2.204498e+01  2.464709e+01  4.738474e+01
     vertex  2.207740e+01  2.457841e+01  2.750000e+01
     vertex  2.203950e+01  2.465913e+01  2.750000e+01
   endloop
 endfacet
 facet normal  9.183640e-01  3.957367e-01 -3.464160e-05
   outer loop
     vertex  2.204498e+01  2.464709e+01  4.738474e+01
     vertex  2.200383e+01  2.474085e+01  2.750000e+01
     vertex  2.198736e+01  2.478078e+01  4.704331e+01
   endloop
 endfacet
 facet normal  8.931761e-01  4.497071e-01  1.034422e-05
   outer loop
     vertex  2.210854e+01  2.451611e+01  4.771923e+01
     vertex  2.211750e+01  2.449877e+01  2.750000e+01
     vertex  2.207740e+01  2.457841e+01  2.750000e+01
   endloop
 endfacet
 facet normal  8.805026e-01  4.740412e-01 -1.614106e-05
   outer loop
     vertex  2.210854e+01  2.451611e+01  4.771923e+01
     vertex  2.215977e+01  2.442025e+01  2.750000e+01
     vertex  2.211750e+01  2.449877e+01  2.750000e+01
   endloop
 endfacet
 facet normal  8.997249e-01  4.364574e-01 -4.056924e-05
   outer loop
     vertex  2.210854e+01  2.451611e+01  4.771923e+01
     vertex  2.207740e+01  2.457841e+01  2.750000e+01
     vertex  2.204498e+01  2.464709e+01  4.738474e+01
   endloop
 endfacet
 facet normal  8.671664e-01  4.980186e-01  1.444353e-05
   outer loop
     vertex  2.217789e+01  2.438810e+01  4.804611e+01
     vertex  2.220418e+01  2.434293e+01  2.750000e+01
     vertex  2.215977e+01  2.442025e+01  2.750000e+01
   endloop
 endfacet
 facet normal  8.792635e-01  4.763357e-01 -3.015815e-05
   outer loop
     vertex  2.217789e+01  2.438810e+01  4.804611e+01
     vertex  2.215977e+01  2.442025e+01  2.750000e+01
     vertex  2.210854e+01  2.451611e+01  4.771923e+01
   endloop
 endfacet
 facet normal  8.570549e-01  5.152251e-01 -3.632197e-05
   outer loop
     vertex  2.225291e+01  2.426333e+01  4.836474e+01
     vertex  2.220418e+01  2.434293e+01  2.750000e+01
     vertex  2.217789e+01  2.438810e+01  4.804611e+01
   endloop
 endfacet
 facet normal  8.531773e-01  5.216210e-01 -2.865070e-06
   outer loop
     vertex  2.225291e+01  2.426333e+01  4.836474e+01
     vertex  2.225069e+01  2.426685e+01  2.750000e+01
     vertex  2.220418e+01  2.434293e+01  2.750000e+01
   endloop
 endfacet
 facet normal  8.385460e-01  5.448308e-01  2.609490e-06
   outer loop
     vertex  2.225291e+01  2.426333e+01  4.836474e+01
     vertex  2.229927e+01  2.419208e+01  2.750000e+01
     vertex  2.225069e+01  2.426685e+01  2.750000e+01
   endloop
 endfacet
 facet normal  8.331212e-01  5.530905e-01 -3.765046e-05
   outer loop
     vertex  2.233345e+01  2.414205e+01  4.867447e+01
     vertex  2.229927e+01  2.419208e+01  2.750000e+01
     vertex  2.225291e+01  2.426333e+01  4.836474e+01
   endloop
 endfacet
 facet normal  8.232835e-01  5.676304e-01  1.258225e-05
   outer loop
     vertex  2.233345e+01  2.414205e+01  4.867447e+01
     vertex  2.234989e+01  2.411867e+01  2.750000e+01
     vertex  2.229927e+01  2.419208e+01  2.750000e+01
   endloop
 endfacet
 facet normal  8.074012e-01  5.900028e-01 -2.445206e-05
   outer loop
     vertex  2.233345e+01  2.414205e+01  4.867447e+01
     vertex  2.240250e+01  2.404667e+01  2.750000e+01
     vertex  2.234989e+01  2.411867e+01  2.750000e+01
   endloop
 endfacet
 facet normal  8.074968e-01  5.898720e-01 -2.355133e-05
   outer loop
     vertex  2.241933e+01  2.402449e+01  4.897467e+01
     vertex  2.240250e+01  2.404667e+01  2.750000e+01
     vertex  2.233345e+01  2.414205e+01  4.867447e+01
   endloop
 endfacet
 facet normal  7.909112e-01  6.119310e-01  1.223342e-05
   outer loop
     vertex  2.241933e+01  2.402449e+01  4.897467e+01
     vertex  2.245706e+01  2.397615e+01  2.750000e+01
     vertex  2.240250e+01  2.404667e+01  2.750000e+01
   endloop
 endfacet
 facet normal  7.802849e-01  6.254242e-01 -3.681376e-05
   outer loop
     vertex  2.251039e+01  2.391090e+01  4.926476e+01
     vertex  2.245706e+01  2.397615e+01  2.750000e+01
     vertex  2.241933e+01  2.402449e+01  4.897467e+01
   endloop
 endfacet
 facet normal  7.738257e-01  6.333986e-01  2.919012e-06
   outer loop
     vertex  2.251039e+01  2.391090e+01  4.926476e+01
     vertex  2.251354e+01  2.390715e+01  2.750000e+01
     vertex  2.245706e+01  2.397615e+01  2.750000e+01
   endloop
 endfacet
 facet normal  7.561578e-01  6.543893e-01 -3.258475e-06
   outer loop
     vertex  2.251039e+01  2.391090e+01  4.926476e+01
     vertex  2.257189e+01  2.383972e+01  2.750000e+01
     vertex  2.251354e+01  2.390715e+01  2.750000e+01
   endloop
 endfacet
 facet normal  7.514873e-01  6.597475e-01 -3.397943e-05
   outer loop
     vertex  2.260645e+01  2.380150e+01  4.954413e+01
     vertex  2.257189e+01  2.383972e+01  2.750000e+01
     vertex  2.251039e+01  2.391090e+01  4.926476e+01
   endloop
 endfacet
 facet normal  7.379206e-01  6.748875e-01  1.353722e-05
   outer loop
     vertex  2.260645e+01  2.380150e+01  4.954413e+01
     vertex  2.263207e+01  2.377392e+01  2.750000e+01
     vertex  2.257189e+01  2.383972e+01  2.750000e+01
   endloop
 endfacet
 facet normal  7.227229e-01  6.911379e-01 -2.445900e-05
   outer loop
     vertex  2.269701e+01  2.370681e+01  4.978596e+01
     vertex  2.263207e+01  2.377392e+01  2.750000e+01
     vertex  2.260645e+01  2.380150e+01  4.954413e+01
   endloop
 endfacet
 facet normal  7.191280e-01  6.948776e-01 -2.721392e-06
   outer loop
     vertex  2.269701e+01  2.370681e+01  4.978596e+01
     vertex  2.269403e+01  2.370980e+01  2.750000e+01
     vertex  2.263207e+01  2.377392e+01  2.750000e+01
   endloop
 endfacet
 facet normal  6.997940e-01  7.143447e-01  2.475403e-06
   outer loop
     vertex  2.269701e+01  2.370681e+01  4.978596e+01
     vertex  2.275773e+01  2.364740e+01  2.750000e+01
     vertex  2.269403e+01  2.370980e+01  2.750000e+01
   endloop
 endfacet
 facet normal  6.957183e-01  7.183148e-01 -1.921242e-05
   outer loop
     vertex  2.278172e+01  2.362476e+01  4.999547e+01
     vertex  2.275773e+01  2.364740e+01  2.750000e+01
     vertex  2.269701e+01  2.370681e+01  4.978596e+01
   endloop
 endfacet
 facet normal  6.799333e-01  7.332740e-01  1.267450e-05
   outer loop
     vertex  2.278172e+01  2.362476e+01  4.999547e+01
     vertex  2.282312e+01  2.358677e+01  2.750000e+01
     vertex  2.275773e+01  2.364740e+01  2.750000e+01
   endloop
 endfacet
 facet normal  6.595607e-01  7.516513e-01  1.147809e-05
   outer loop
     vertex  2.286936e+01  2.354585e+01  5.019700e+01
     vertex  2.289014e+01  2.352796e+01  2.750000e+01
     vertex  2.282312e+01  2.358677e+01  2.750000e+01
   endloop
 endfacet
 facet normal  6.692047e-01  7.430781e-01 -2.362587e-05
   outer loop
     vertex  2.286936e+01  2.354585e+01  5.019700e+01
     vertex  2.282312e+01  2.358677e+01  2.750000e+01
     vertex  2.278172e+01  2.362476e+01  4.999547e+01
   endloop
 endfacet
 facet normal  6.386916e-01  7.694628e-01 -8.140365e-07
   outer loop
     vertex  2.295980e+01  2.347017e+01  5.039027e+01
     vertex  2.295875e+01  2.347101e+01  2.750000e+01
     vertex  2.289014e+01  2.352796e+01  2.750000e+01
   endloop
 endfacet
 facet normal  6.173417e-01  7.866951e-01  7.899666e-07
   outer loop
     vertex  2.295980e+01  2.347017e+01  5.039027e+01
     vertex  2.302890e+01  2.341596e+01  2.750000e+01
     vertex  2.295875e+01  2.347101e+01  2.750000e+01
   endloop
 endfacet
 facet normal  6.417956e-01  7.668757e-01 -1.679126e-05
   outer loop
     vertex  2.295980e+01  2.347017e+01  5.039027e+01
     vertex  2.289014e+01  2.352796e+01  2.750000e+01
     vertex  2.286936e+01  2.354585e+01  5.019700e+01
   endloop
 endfacet
 facet normal  5.955271e-01  8.033352e-01  8.656367e-06
   outer loop
     vertex  2.304349e+01  2.340490e+01  5.055695e+01
     vertex  2.310054e+01  2.336285e+01  2.750000e+01
     vertex  2.302890e+01  2.341596e+01  2.750000e+01
   endloop
 endfacet
 facet normal  6.149745e-01  7.885470e-01 -1.074254e-05
   outer loop
     vertex  2.304349e+01  2.340490e+01  5.055695e+01
     vertex  2.302890e+01  2.341596e+01  2.750000e+01
     vertex  2.295980e+01  2.347017e+01  5.039027e+01
   endloop
 endfacet
 facet normal  5.732642e-01  8.193706e-01  1.054966e-05
   outer loop
     vertex  2.312060e+01  2.334852e+01  5.070093e+01
     vertex  2.317360e+01  2.331174e+01  2.750000e+01
     vertex  2.310054e+01  2.336285e+01  2.750000e+01
   endloop
 endfacet
 facet normal  5.902175e-01  8.072443e-01 -1.160756e-05
   outer loop
     vertex  2.312060e+01  2.334852e+01  5.070093e+01
     vertex  2.310054e+01  2.336285e+01  2.750000e+01
     vertex  2.304349e+01  2.340490e+01  5.055695e+01
   endloop
 endfacet
 facet normal  5.505698e-01  8.347891e-01  1.189024e-05
   outer loop
     vertex  2.319934e+01  2.329443e+01  5.083905e+01
     vertex  2.324804e+01  2.326264e+01  2.750000e+01
     vertex  2.317360e+01  2.331174e+01  2.750000e+01
   endloop
 endfacet
 facet normal  5.662400e-01  8.242404e-01 -1.321503e-05
   outer loop
     vertex  2.319934e+01  2.329443e+01  5.083905e+01
     vertex  2.317360e+01  2.331174e+01  2.750000e+01
     vertex  2.312060e+01  2.334852e+01  5.070093e+01
   endloop
 endfacet
 facet normal  5.274609e-01  8.495793e-01  1.119376e-05
   outer loop
     vertex  2.327153e+01  2.324775e+01  5.095826e+01
     vertex  2.332379e+01  2.321561e+01  2.750000e+01
     vertex  2.324804e+01  2.326264e+01  2.750000e+01
   endloop
 endfacet
 facet normal  5.430031e-01  8.397307e-01 -1.062788e-05
   outer loop
     vertex  2.327153e+01  2.324775e+01  5.095826e+01
     vertex  2.324804e+01  2.326264e+01  2.750000e+01
     vertex  2.319934e+01  2.329443e+01  5.083905e+01
   endloop
 endfacet
 facet normal  5.039550e-01  8.637299e-01  7.654116e-06
   outer loop
     vertex  2.333754e+01  2.320738e+01  5.106135e+01
     vertex  2.340081e+01  2.317067e+01  2.750000e+01
     vertex  2.332379e+01  2.321561e+01  2.750000e+01
   endloop
 endfacet
 facet normal  5.217253e-01  8.531136e-01 -6.425745e-06
   outer loop
     vertex  2.333754e+01  2.320738e+01  5.106135e+01
     vertex  2.332379e+01  2.321561e+01  2.750000e+01
     vertex  2.327153e+01  2.324775e+01  5.095826e+01
   endloop
 endfacet
 facet normal  5.012630e-01  8.652950e-01 -2.012896e-06
   outer loop
     vertex  2.340449e+01  2.316859e+01  5.116040e+01
     vertex  2.340081e+01  2.317067e+01  2.750000e+01
     vertex  2.333754e+01  2.320738e+01  5.106135e+01
   endloop
 endfacet
 facet normal  4.800697e-01  8.772303e-01  3.997334e-06
   outer loop
     vertex  2.347235e+01  2.313141e+01  5.125535e+01
     vertex  2.347903e+01  2.312787e+01  2.750000e+01
     vertex  2.340081e+01  2.317067e+01  2.750000e+01
   endloop
 endfacet
 facet normal  4.805170e-01  8.769854e-01  2.245747e-06
   outer loop
     vertex  2.347235e+01  2.313141e+01  5.125535e+01
     vertex  2.340081e+01  2.317067e+01  2.750000e+01
     vertex  2.340449e+01  2.316859e+01  5.116040e+01
   endloop
 endfacet
 facet normal  4.558231e-01  8.900704e-01  8.718998e-06
   outer loop
     vertex  2.354107e+01  2.309586e+01  5.134614e+01
     vertex  2.355840e+01  2.308722e+01  2.750000e+01
     vertex  2.347903e+01  2.312787e+01  2.750000e+01
   endloop
 endfacet
 facet normal  4.595092e-01  8.881730e-01 -3.418348e-06
   outer loop
     vertex  2.354107e+01  2.309586e+01  5.134614e+01
     vertex  2.347903e+01  2.312787e+01  2.750000e+01
     vertex  2.347235e+01  2.313141e+01  5.125535e+01
   endloop
 endfacet
 facet normal  4.312333e-01  9.022405e-01  1.257455e-05
   outer loop
     vertex  2.360363e+01  2.306527e+01  5.142427e+01
     vertex  2.363885e+01  2.304877e+01  2.750000e+01
     vertex  2.355840e+01  2.308722e+01  2.750000e+01
   endloop
 endfacet
 facet normal  4.393075e-01  8.983367e-01 -6.273929e-06
   outer loop
     vertex  2.360363e+01  2.306527e+01  5.142427e+01
     vertex  2.355840e+01  2.308722e+01  2.750000e+01
     vertex  2.354107e+01  2.309586e+01  5.134614e+01
   endloop
 endfacet
 facet normal  4.063188e-01  9.137314e-01  9.972562e-06
   outer loop
     vertex  2.366048e+01  2.303889e+01  5.149164e+01
     vertex  2.372033e+01  2.301254e+01  2.750000e+01
     vertex  2.363885e+01  2.304877e+01  2.750000e+01
   endloop
 endfacet
 facet normal  4.209305e-01  9.070929e-01 -5.937839e-06
   outer loop
     vertex  2.366048e+01  2.303889e+01  5.149164e+01
     vertex  2.363885e+01  2.304877e+01  2.750000e+01
     vertex  2.360363e+01  2.306527e+01  5.142427e+01
   endloop
 endfacet
 facet normal  4.033534e-01  9.150443e-01  1.133889e-06
   outer loop
     vertex  2.371783e+01  2.301361e+01  5.155620e+01
     vertex  2.372033e+01  2.301254e+01  2.750000e+01
     vertex  2.366048e+01  2.303889e+01  5.149164e+01
   endloop
 endfacet
 facet normal  3.810986e-01  9.245344e-01  1.117206e-05
   outer loop
     vertex  2.377566e+01  2.298944e+01  5.161792e+01
     vertex  2.380277e+01  2.297855e+01  2.750000e+01
     vertex  2.372033e+01  2.301254e+01  2.750000e+01
   endloop
 endfacet
 facet normal  3.856351e-01  9.226514e-01 -1.039842e-06
   outer loop
     vertex  2.377566e+01  2.298944e+01  5.161792e+01
     vertex  2.372033e+01  2.301254e+01  2.750000e+01
     vertex  2.371783e+01  2.301361e+01  5.155620e+01
   endloop
 endfacet
 facet normal  3.555914e-01  9.346415e-01  1.072858e-05
   outer loop
     vertex  2.382809e+01  2.296864e+01  5.167102e+01
     vertex  2.388611e+01  2.294685e+01  2.750000e+01
     vertex  2.380277e+01  2.297855e+01  2.750000e+01
   endloop
 endfacet
 facet normal  3.686714e-01  9.295598e-01 -5.061941e-06
   outer loop
     vertex  2.382809e+01  2.296864e+01  5.167102e+01
     vertex  2.380277e+01  2.297855e+01  2.750000e+01
     vertex  2.377566e+01  2.298944e+01  5.161792e+01
   endloop
 endfacet
 facet normal  3.532868e-01  9.355151e-01  4.409639e-06
   outer loop
     vertex  2.387559e+01  2.295071e+01  5.171682e+01
     vertex  2.388611e+01  2.294685e+01  2.750000e+01
     vertex  2.382809e+01  2.296864e+01  5.167102e+01
   endloop
 endfacet
 facet normal  3.298166e-01  9.440450e-01  1.244576e-05
   outer loop
     vertex  2.392335e+01  2.293351e+01  5.176073e+01
     vertex  2.397029e+01  2.291744e+01  2.750000e+01
     vertex  2.388611e+01  2.294685e+01  2.750000e+01
   endloop
 endfacet
 facet normal  3.386370e-01  9.409171e-01 -2.815088e-06
   outer loop
     vertex  2.392335e+01  2.293351e+01  5.176073e+01
     vertex  2.388611e+01  2.294685e+01  2.750000e+01
     vertex  2.387559e+01  2.295071e+01  5.171682e+01
   endloop
 endfacet
 facet normal  3.238965e-01  9.460925e-01 -3.633622e-07
   outer loop
     vertex  2.397138e+01  2.291707e+01  5.180272e+01
     vertex  2.397029e+01  2.291744e+01  2.750000e+01
     vertex  2.392335e+01  2.293351e+01  5.176073e+01
   endloop
 endfacet
 facet normal  3.090785e-01  9.510365e-01  3.803094e-07
   outer loop
     vertex  2.401967e+01  2.290138e+01  5.184279e+01
     vertex  2.397029e+01  2.291744e+01  2.750000e+01
     vertex  2.397138e+01  2.291707e+01  5.180272e+01
   endloop
 endfacet
 facet normal  3.037934e-01  9.527379e-01  1.222302e-05
   outer loop
     vertex  2.401967e+01  2.290138e+01  5.184279e+01
     vertex  2.405524e+01  2.289035e+01  2.750000e+01
     vertex  2.397029e+01  2.291744e+01  2.750000e+01
   endloop
 endfacet
 facet normal  2.941881e-01  9.557475e-01 -3.178837e-06
   outer loop
     vertex  2.406819e+01  2.288645e+01  5.188093e+01
     vertex  2.405524e+01  2.289035e+01  2.750000e+01
     vertex  2.401967e+01  2.290138e+01  5.184279e+01
   endloop
 endfacet
 facet normal  2.799676e-01  9.600095e-01  5.052978e-06
   outer loop
     vertex  2.411205e+01  2.287365e+01  5.191359e+01
     vertex  2.405524e+01  2.289035e+01  2.750000e+01
     vertex  2.406819e+01  2.288645e+01  5.188093e+01
   endloop
 endfacet
 facet normal  2.775416e-01  9.607136e-01  1.117928e-05
   outer loop
     vertex  2.411205e+01  2.287365e+01  5.191359e+01
     vertex  2.414091e+01  2.286560e+01  2.750000e+01
     vertex  2.405524e+01  2.289035e+01  2.750000e+01
   endloop
 endfacet
 facet normal  2.671263e-01  9.636615e-01 -2.105197e-06
   outer loop
     vertex  2.415167e+01  2.286267e+01  5.194165e+01
     vertex  2.414091e+01  2.286560e+01  2.750000e+01
     vertex  2.411205e+01  2.287365e+01  5.191359e+01
   endloop
 endfacet
 facet normal  2.549086e-01  9.669651e-01  3.673231e-06
   outer loop
     vertex  2.419144e+01  2.285219e+01  5.196841e+01
     vertex  2.414091e+01  2.286560e+01  2.750000e+01
     vertex  2.415167e+01  2.286267e+01  5.194165e+01
   endloop
 endfacet
 facet normal  2.510809e-01  9.679661e-01  1.212658e-05
   outer loop
     vertex  2.419144e+01  2.285219e+01  5.196841e+01
     vertex  2.422722e+01  2.284321e+01  2.750000e+01
     vertex  2.414091e+01  2.286560e+01  2.750000e+01
   endloop
 endfacet
 facet normal  2.426567e-01  9.701122e-01 -9.802285e-07
   outer loop
     vertex  2.423133e+01  2.284221e+01  5.199390e+01
     vertex  2.422722e+01  2.284321e+01  2.750000e+01
     vertex  2.419144e+01  2.285219e+01  5.196841e+01
   endloop
 endfacet
 facet normal  2.303618e-01  9.731051e-01  1.205000e-06
   outer loop
     vertex  2.427134e+01  2.283274e+01  5.201809e+01
     vertex  2.422722e+01  2.284321e+01  2.750000e+01
     vertex  2.423133e+01  2.284221e+01  5.199390e+01
   endloop
 endfacet
 facet normal  2.244312e-01  9.744899e-01  1.246984e-05
   outer loop
     vertex  2.427134e+01  2.283274e+01  5.201809e+01
     vertex  2.431411e+01  2.282320e+01  2.750000e+01
     vertex  2.422722e+01  2.284321e+01  2.750000e+01
   endloop
 endfacet
 facet normal  2.180316e-01  9.759417e-01  7.414757e-07
   outer loop
     vertex  2.431148e+01  2.282377e+01  5.204098e+01
     vertex  2.431411e+01  2.282320e+01  2.750000e+01
     vertex  2.427134e+01  2.283274e+01  5.201809e+01
   endloop
 endfacet
 facet normal  2.056669e-01  9.786221e-01 -6.501305e-07
   outer loop
     vertex  2.435172e+01  2.281531e+01  5.206258e+01
     vertex  2.431411e+01  2.282320e+01  2.750000e+01
     vertex  2.431148e+01  2.282377e+01  5.204098e+01
   endloop
 endfacet
 facet normal  1.976125e-01  9.802802e-01  1.221295e-05
   outer loop
     vertex  2.435172e+01  2.281531e+01  5.206258e+01
     vertex  2.440153e+01  2.280558e+01  2.750000e+01
     vertex  2.431411e+01  2.282320e+01  2.750000e+01
   endloop
 endfacet
 facet normal  1.938867e-01  9.810239e-01  4.363207e-06
   outer loop
     vertex  2.438802e+01  2.280814e+01  5.208090e+01
     vertex  2.440153e+01  2.280558e+01  2.750000e+01
     vertex  2.435172e+01  2.281531e+01  5.206258e+01
   endloop
 endfacet
 facet normal  1.832657e-01  9.830634e-01 -1.682362e-06
   outer loop
     vertex  2.442077e+01  2.280203e+01  5.209649e+01
     vertex  2.440153e+01  2.280558e+01  2.750000e+01
     vertex  2.438802e+01  2.280814e+01  5.208090e+01
   endloop
 endfacet
 facet normal  1.731775e-01  9.848906e-01  6.473759e-06
   outer loop
     vertex  2.445357e+01  2.279626e+01  5.211122e+01
     vertex  2.440153e+01  2.280558e+01  2.750000e+01
     vertex  2.442077e+01  2.280203e+01  5.209649e+01
   endloop
 endfacet
 facet normal  1.706451e-01  9.853326e-01  1.199671e-05
   outer loop
     vertex  2.445357e+01  2.279626e+01  5.211122e+01
     vertex  2.448939e+01  2.279036e+01  2.750000e+01
     vertex  2.440153e+01  2.280558e+01  2.750000e+01
   endloop
 endfacet
 facet normal  1.630773e-01  9.866133e-01  6.774503e-07
   outer loop
     vertex  2.448644e+01  2.279083e+01  5.212509e+01
     vertex  2.448939e+01  2.279036e+01  2.750000e+01
     vertex  2.445357e+01  2.279626e+01  5.211122e+01
   endloop
 endfacet
 facet normal  1.529579e-01  9.882327e-01 -5.659250e-07
   outer loop
     vertex  2.451935e+01  2.278574e+01  5.213811e+01
     vertex  2.448939e+01  2.279036e+01  2.750000e+01
     vertex  2.448644e+01  2.279083e+01  5.212509e+01
   endloop
 endfacet
 facet normal  1.435492e-01  9.896432e-01  1.114205e-05
   outer loop
     vertex  2.451935e+01  2.278574e+01  5.213811e+01
     vertex  2.457763e+01  2.277756e+01  2.750000e+01
     vertex  2.448939e+01  2.279036e+01  2.750000e+01
   endloop
 endfacet
 facet normal  1.428184e-01  9.897489e-01  9.378245e-06
   outer loop
     vertex  2.455232e+01  2.278098e+01  5.215025e+01
     vertex  2.457763e+01  2.277756e+01  2.750000e+01
     vertex  2.451935e+01  2.278574e+01  5.213811e+01
   endloop
 endfacet
 facet normal  1.326712e-01  9.911601e-01 -1.237486e-06
   outer loop
     vertex  2.458533e+01  2.277656e+01  5.216154e+01
     vertex  2.457763e+01  2.277756e+01  2.750000e+01
     vertex  2.455232e+01  2.278098e+01  5.215025e+01
   endloop
 endfacet
 facet normal  1.225053e-01  9.924679e-01  1.989874e-06
   outer loop
     vertex  2.461839e+01  2.277248e+01  5.217196e+01
     vertex  2.457763e+01  2.277756e+01  2.750000e+01
     vertex  2.458533e+01  2.277656e+01  5.216154e+01
   endloop
 endfacet
 facet normal  1.163452e-01  9.932088e-01  1.231879e-05
   outer loop
     vertex  2.461839e+01  2.277248e+01  5.217196e+01
     vertex  2.466620e+01  2.276719e+01  2.750000e+01
     vertex  2.457763e+01  2.277756e+01  2.750000e+01
   endloop
 endfacet
 facet normal  1.123269e-01  9.936713e-01  4.433375e-06
   outer loop
     vertex  2.465149e+01  2.276874e+01  5.218151e+01
     vertex  2.466620e+01  2.276719e+01  2.750000e+01
     vertex  2.461839e+01  2.277248e+01  5.217196e+01
   endloop
 endfacet
 facet normal  1.021390e-01  9.947701e-01 -1.706926e-06
   outer loop
     vertex  2.468462e+01  2.276534e+01  5.219020e+01
     vertex  2.466620e+01  2.276719e+01  2.750000e+01
     vertex  2.465149e+01  2.276874e+01  5.218151e+01
   endloop
 endfacet
 facet normal  8.905371e-02  9.960268e-01  1.205607e-05
   outer loop
     vertex  2.471779e+01  2.276228e+01  5.219802e+01
     vertex  2.475501e+01  2.275925e+01  2.750000e+01
     vertex  2.466620e+01  2.276719e+01  2.750000e+01
   endloop
 endfacet
 facet normal  9.193690e-02  9.957648e-01  5.981156e-06
   outer loop
     vertex  2.471779e+01  2.276228e+01  5.219802e+01
     vertex  2.466620e+01  2.276719e+01  2.750000e+01
     vertex  2.468462e+01  2.276534e+01  5.219020e+01
   endloop
 endfacet
 facet normal  8.172817e-02  9.966547e-01  9.388289e-07
   outer loop
     vertex  2.475098e+01  2.275955e+01  5.220497e+01
     vertex  2.475501e+01  2.275925e+01  2.750000e+01
     vertex  2.471779e+01  2.276228e+01  5.219802e+01
   endloop
 endfacet
 facet normal  6.169515e-02  9.980950e-01  1.091591e-05
   outer loop
     vertex  2.478421e+01  2.275717e+01  5.221106e+01
     vertex  2.484401e+01  2.275375e+01  2.750000e+01
     vertex  2.475501e+01  2.275925e+01  2.750000e+01
   endloop
 endfacet
 facet normal  7.150997e-02  9.974399e-01 -7.358573e-07
   outer loop
     vertex  2.478421e+01  2.275717e+01  5.221106e+01
     vertex  2.475501e+01  2.275925e+01  2.750000e+01
     vertex  2.475098e+01  2.275955e+01  5.220497e+01
   endloop
 endfacet
 facet normal  6.128225e-02  9.981205e-01  9.913149e-06
   outer loop
     vertex  2.481745e+01  2.275513e+01  5.221627e+01
     vertex  2.484401e+01  2.275375e+01  2.750000e+01
     vertex  2.478421e+01  2.275717e+01  5.221106e+01
   endloop
 endfacet
 facet normal  5.156316e-02  9.986697e-01 -5.602304e-07
   outer loop
     vertex  2.484739e+01  2.275359e+01  5.222022e+01
     vertex  2.484401e+01  2.275375e+01  2.750000e+01
     vertex  2.481745e+01  2.275513e+01  5.221627e+01
   endloop
 endfacet
 facet normal  4.281017e-02  9.990832e-01  6.397026e-07
   outer loop
     vertex  2.487435e+01  2.275243e+01  5.222317e+01
     vertex  2.484401e+01  2.275375e+01  2.750000e+01
     vertex  2.484739e+01  2.275359e+01  5.222022e+01
   endloop
 endfacet
 facet normal  3.429014e-02  9.994119e-01  1.135601e-05
   outer loop
     vertex  2.490131e+01  2.275150e+01  5.222554e+01
     vertex  2.493313e+01  2.275069e+01  2.750000e+01
     vertex  2.484401e+01  2.275375e+01  2.750000e+01
   endloop
 endfacet
 facet normal  3.451407e-02  9.994042e-01  1.083638e-05
   outer loop
     vertex  2.490131e+01  2.275150e+01  5.222554e+01
     vertex  2.484401e+01  2.275375e+01  2.750000e+01
     vertex  2.487435e+01  2.275243e+01  5.222317e+01
   endloop
 endfacet
 facet normal  2.621736e-02  9.996563e-01  9.599208e-07
   outer loop
     vertex  2.492828e+01  2.275079e+01  5.222735e+01
     vertex  2.493313e+01  2.275069e+01  2.750000e+01
     vertex  2.490131e+01  2.275150e+01  5.222554e+01
   endloop
 endfacet
 facet normal  1.791806e-02  9.998395e-01 -6.675112e-07
   outer loop
     vertex  2.495525e+01  2.275031e+01  5.222858e+01
     vertex  2.493313e+01  2.275069e+01  2.750000e+01
     vertex  2.492828e+01  2.275079e+01  5.222735e+01
   endloop
 endfacet
 facet normal  6.859319e-03  9.999765e-01  1.223957e-05
   outer loop
     vertex  2.498223e+01  2.275005e+01  5.222925e+01
     vertex  2.502229e+01  2.275008e+01  2.750000e+01
     vertex  2.493313e+01  2.275069e+01  2.750000e+01
   endloop
 endfacet
 facet normal  9.617226e-03  9.999538e-01  6.762361e-06
   outer loop
     vertex  2.498223e+01  2.275005e+01  5.222925e+01
     vertex  2.493313e+01  2.275069e+01  2.750000e+01
     vertex  2.495525e+01  2.275031e+01  5.222858e+01
   endloop
 endfacet
 facet normal  1.316083e-03  9.999991e-01  3.259900e-06
   outer loop
     vertex  2.500921e+01  2.275001e+01  5.222934e+01
     vertex  2.502229e+01  2.275008e+01  2.750000e+01
     vertex  2.498223e+01  2.275005e+01  5.222925e+01
   endloop
 endfacet
 facet normal -6.985315e-03  9.999756e-01 -1.131075e-06
   outer loop
     vertex  2.503619e+01  2.275020e+01  5.222886e+01
     vertex  2.502229e+01  2.275008e+01  2.750000e+01
     vertex  2.500921e+01  2.275001e+01  5.222934e+01
   endloop
 endfacet
 facet normal -2.057667e-02  9.997883e-01  1.228223e-05
   outer loop
     vertex  2.506317e+01  2.275061e+01  5.222780e+01
     vertex  2.511144e+01  2.275191e+01  2.750000e+01
     vertex  2.502229e+01  2.275008e+01  2.750000e+01
   endloop
 endfacet
 facet normal -1.528606e-02  9.998832e-01  3.534778e-06
   outer loop
     vertex  2.506317e+01  2.275061e+01  5.222780e+01
     vertex  2.502229e+01  2.275008e+01  2.750000e+01
     vertex  2.503619e+01  2.275020e+01  5.222886e+01
   endloop
 endfacet
 facet normal -2.358567e-02  9.997218e-01  6.404399e-06
   outer loop
     vertex  2.509014e+01  2.275125e+01  5.222618e+01
     vertex  2.511144e+01  2.275191e+01  2.750000e+01
     vertex  2.506317e+01  2.275061e+01  5.222780e+01
   endloop
 endfacet
 facet normal -3.188434e-02  9.994916e-01 -7.514923e-07
   outer loop
     vertex  2.511711e+01  2.275211e+01  5.222398e+01
     vertex  2.511144e+01  2.275191e+01  2.750000e+01
     vertex  2.509014e+01  2.275125e+01  5.222618e+01
   endloop
 endfacet
 facet normal -4.799716e-02  9.988475e-01  1.148386e-05
   outer loop
     vertex  2.514406e+01  2.275319e+01  5.222121e+01
     vertex  2.520051e+01  2.275619e+01  2.750000e+01
     vertex  2.511144e+01  2.275191e+01  2.750000e+01
   endloop
 endfacet
 facet normal -4.018020e-02  9.991924e-01  1.151082e-06
   outer loop
     vertex  2.514406e+01  2.275319e+01  5.222121e+01
     vertex  2.511144e+01  2.275191e+01  2.750000e+01
     vertex  2.511711e+01  2.275211e+01  5.222398e+01
   endloop
 endfacet
 facet normal -4.847229e-02  9.988245e-01  1.039622e-05
   outer loop
     vertex  2.517101e+01  2.275450e+01  5.221787e+01
     vertex  2.520051e+01  2.275619e+01  2.750000e+01
     vertex  2.514406e+01  2.275319e+01  5.222121e+01
   endloop
 endfacet
 facet normal -5.676343e-02  9.983877e-01  4.719982e-07
   outer loop
     vertex  2.519795e+01  2.275603e+01  5.221396e+01
     vertex  2.520051e+01  2.275619e+01  2.750000e+01
     vertex  2.517101e+01  2.275450e+01  5.221787e+01
   endloop
 endfacet
 facet normal -6.504957e-02  9.978820e-01 -3.900084e-07
   outer loop
     vertex  2.522487e+01  2.275779e+01  5.220948e+01
     vertex  2.520051e+01  2.275619e+01  2.750000e+01
     vertex  2.519795e+01  2.275603e+01  5.221396e+01
   endloop
 endfacet
 facet normal -7.332958e-02  9.973078e-01  7.810383e-06
   outer loop
     vertex  2.525178e+01  2.275977e+01  5.220443e+01
     vertex  2.520051e+01  2.275619e+01  2.750000e+01
     vertex  2.522487e+01  2.275779e+01  5.220948e+01
   endloop
 endfacet
 facet normal -7.538152e-02  9.971548e-01  1.209085e-05
   outer loop
     vertex  2.525178e+01  2.275977e+01  5.220443e+01
     vertex  2.528942e+01  2.276291e+01  2.750000e+01
     vertex  2.520051e+01  2.275619e+01  2.750000e+01
   endloop
 endfacet
 facet normal -8.160698e-02  9.966646e-01  2.541420e-06
   outer loop
     vertex  2.527867e+01  2.276197e+01  5.219881e+01
     vertex  2.528942e+01  2.276291e+01  2.750000e+01
     vertex  2.525178e+01  2.275977e+01  5.220443e+01
   endloop
 endfacet
 facet normal -8.987861e-02  9.959527e-01 -1.088514e-06
   outer loop
     vertex  2.530554e+01  2.276439e+01  5.219261e+01
     vertex  2.528942e+01  2.276291e+01  2.750000e+01
     vertex  2.527867e+01  2.276197e+01  5.219881e+01
   endloop
 endfacet
 facet normal -9.814193e-02  9.951724e-01  4.350394e-06
   outer loop
     vertex  2.533239e+01  2.276704e+01  5.218585e+01
     vertex  2.528942e+01  2.276291e+01  2.750000e+01
     vertex  2.530554e+01  2.276439e+01  5.219261e+01
   endloop
 endfacet
 facet normal -1.027091e-01  9.947114e-01  1.237608e-05
   outer loop
     vertex  2.533239e+01  2.276704e+01  5.218585e+01
     vertex  2.537812e+01  2.277207e+01  2.750000e+01
     vertex  2.528942e+01  2.276291e+01  2.750000e+01
   endloop
 endfacet
 facet normal -1.063994e-01  9.943235e-01  5.460065e-06
   outer loop
     vertex  2.535921e+01  2.276991e+01  5.217852e+01
     vertex  2.537812e+01  2.277207e+01  2.750000e+01
     vertex  2.533239e+01  2.276704e+01  5.218585e+01
   endloop
 endfacet
 facet normal -1.146517e-01  9.934057e-01 -9.431912e-07
   outer loop
     vertex  2.538601e+01  2.277301e+01  5.217062e+01
     vertex  2.537812e+01  2.277207e+01  2.750000e+01
     vertex  2.535921e+01  2.276991e+01  5.217852e+01
   endloop
 endfacet
 facet normal -1.228936e-01  9.924199e-01  1.730960e-06
   outer loop
     vertex  2.541279e+01  2.277632e+01  5.216215e+01
     vertex  2.537812e+01  2.277207e+01  2.750000e+01
     vertex  2.538601e+01  2.277301e+01  5.217062e+01
   endloop
 endfacet
 facet normal -1.299594e-01  9.915193e-01  1.181874e-05
   outer loop
     vertex  2.541279e+01  2.277632e+01  5.216215e+01
     vertex  2.546653e+01  2.278366e+01  2.750000e+01
     vertex  2.537812e+01  2.277207e+01  2.750000e+01
   endloop
 endfacet
 facet normal -1.311252e-01  9.913658e-01  9.232500e-06
   outer loop
     vertex  2.543954e+01  2.277986e+01  5.215312e+01
     vertex  2.546653e+01  2.278366e+01  2.750000e+01
     vertex  2.541279e+01  2.277632e+01  5.216215e+01
   endloop
 endfacet
 facet normal -1.393535e-01  9.902427e-01  4.846963e-08
   outer loop
     vertex  2.546625e+01  2.278362e+01  5.214352e+01
     vertex  2.546653e+01  2.278366e+01  2.750000e+01
     vertex  2.543954e+01  2.277986e+01  5.215312e+01
   endloop
 endfacet
 facet normal -1.475690e-01  9.890518e-01 -4.745716e-08
   outer loop
     vertex  2.549294e+01  2.278760e+01  5.213335e+01
     vertex  2.546653e+01  2.278366e+01  2.750000e+01
     vertex  2.546625e+01  2.278362e+01  5.214352e+01
   endloop
 endfacet
 facet normal -1.557709e-01  9.877932e-01  8.944740e-06
   outer loop
     vertex  2.551959e+01  2.279180e+01  5.212262e+01
     vertex  2.546653e+01  2.278366e+01  2.750000e+01
     vertex  2.549294e+01  2.278760e+01  5.213335e+01
   endloop
 endfacet
 facet normal -1.571119e-01  9.875808e-01  1.190443e-05
   outer loop
     vertex  2.551959e+01  2.279180e+01  5.212262e+01
     vertex  2.555460e+01  2.279767e+01  2.750000e+01
     vertex  2.546653e+01  2.278366e+01  2.750000e+01
   endloop
 endfacet
 facet normal -1.639683e-01  9.864656e-01  1.890251e-06
   outer loop
     vertex  2.554620e+01  2.279623e+01  5.211132e+01
     vertex  2.555460e+01  2.279767e+01  2.750000e+01
     vertex  2.551959e+01  2.279180e+01  5.212262e+01
   endloop
 endfacet
 facet normal -1.721528e-01  9.850703e-01 -9.831348e-07
   outer loop
     vertex  2.557278e+01  2.280087e+01  5.209946e+01
     vertex  2.555460e+01  2.279767e+01  2.750000e+01
     vertex  2.554620e+01  2.279623e+01  5.211132e+01
   endloop
 endfacet
 facet normal -1.803215e-01  9.836077e-01  5.245009e-06
   outer loop
     vertex  2.559932e+01  2.280574e+01  5.208704e+01
     vertex  2.555460e+01  2.279767e+01  2.750000e+01
     vertex  2.557278e+01  2.280087e+01  5.209946e+01
   endloop
 endfacet
 facet normal -1.841461e-01  9.828989e-01  1.243395e-05
   outer loop
     vertex  2.559932e+01  2.280574e+01  5.208704e+01
     vertex  2.564224e+01  2.281409e+01  2.750000e+01
     vertex  2.555460e+01  2.279767e+01  2.750000e+01
   endloop
 endfacet
 facet normal -1.884808e-01  9.820769e-01  4.587218e-06
   outer loop
     vertex  2.562581e+01  2.281082e+01  5.207405e+01
     vertex  2.564224e+01  2.281409e+01  2.750000e+01
     vertex  2.559932e+01  2.280574e+01  5.208704e+01
   endloop
 endfacet
 facet normal -1.966295e-01  9.804779e-01 -1.073078e-06
   outer loop
     vertex  2.565227e+01  2.281613e+01  5.206050e+01
     vertex  2.564224e+01  2.281409e+01  2.750000e+01
     vertex  2.562581e+01  2.281082e+01  5.207405e+01
   endloop
 endfacet
 facet normal -2.047603e-01  9.788121e-01  2.383710e-06
   outer loop
     vertex  2.567867e+01  2.282165e+01  5.204639e+01
     vertex  2.564224e+01  2.281409e+01  2.750000e+01
     vertex  2.565227e+01  2.281613e+01  5.206050e+01
   endloop
 endfacet
 facet normal -2.110417e-01  9.774771e-01  1.211807e-05
   outer loop
     vertex  2.567867e+01  2.282165e+01  5.204639e+01
     vertex  2.572940e+01  2.283291e+01  2.750000e+01
     vertex  2.564224e+01  2.281409e+01  2.750000e+01
   endloop
 endfacet
 facet normal -2.128756e-01  9.770793e-01  8.145728e-06
   outer loop
     vertex  2.570503e+01  2.282739e+01  5.203173e+01
     vertex  2.572940e+01  2.283291e+01  2.750000e+01
     vertex  2.567867e+01  2.282165e+01  5.204639e+01
   endloop
 endfacet
 facet normal -2.209838e-01  9.752775e-01 -3.130125e-07
   outer loop
     vertex  2.573135e+01  2.283336e+01  5.201650e+01
     vertex  2.572940e+01  2.283291e+01  2.750000e+01
     vertex  2.570503e+01  2.282739e+01  5.203173e+01
   endloop
 endfacet
 facet normal -2.290719e-01  9.734095e-01  3.630446e-07
   outer loop
     vertex  2.575761e+01  2.283954e+01  5.200072e+01
     vertex  2.572940e+01  2.283291e+01  2.750000e+01
     vertex  2.573135e+01  2.283336e+01  5.201650e+01
   endloop
 endfacet
 facet normal -2.371389e-01  9.714758e-01  1.017376e-05
   outer loop
     vertex  2.578382e+01  2.284593e+01  5.198438e+01
     vertex  2.572940e+01  2.283291e+01  2.750000e+01
     vertex  2.575761e+01  2.283954e+01  5.200072e+01
   endloop
 endfacet
 facet normal -2.377784e-01  9.713194e-01  1.167836e-05
   outer loop
     vertex  2.578382e+01  2.284593e+01  5.198438e+01
     vertex  2.581601e+01  2.285411e+01  2.750000e+01
     vertex  2.572940e+01  2.283291e+01  2.750000e+01
   endloop
 endfacet
 facet normal -2.452005e-01  9.694724e-01  1.302625e-06
   outer loop
     vertex  2.580998e+01  2.285255e+01  5.196749e+01
     vertex  2.581601e+01  2.285411e+01  2.750000e+01
     vertex  2.578382e+01  2.284593e+01  5.198438e+01
   endloop
 endfacet
 facet normal -2.532412e-01  9.674032e-01 -8.135110e-07
   outer loop
     vertex  2.583608e+01  2.285938e+01  5.195004e+01
     vertex  2.581601e+01  2.285411e+01  2.750000e+01
     vertex  2.580998e+01  2.285255e+01  5.196749e+01
   endloop
 endfacet
 facet normal -2.612587e-01  9.652688e-01  6.225473e-06
   outer loop
     vertex  2.586212e+01  2.286643e+01  5.193204e+01
     vertex  2.581601e+01  2.285411e+01  2.750000e+01
     vertex  2.583608e+01  2.285938e+01  5.195004e+01
   endloop
 endfacet
 facet normal -2.643362e-01  9.644306e-01  1.245546e-05
   outer loop
     vertex  2.586212e+01  2.286643e+01  5.193204e+01
     vertex  2.590201e+01  2.287768e+01  2.750000e+01
     vertex  2.581601e+01  2.285411e+01  2.750000e+01
   endloop
 endfacet
 facet normal -2.692643e-01  9.630663e-01  3.780701e-06
   outer loop
     vertex  2.588810e+01  2.287370e+01  5.191349e+01
     vertex  2.590201e+01  2.287768e+01  2.750000e+01
     vertex  2.586212e+01  2.286643e+01  5.193204e+01
   endloop
 endfacet
 facet normal -2.772530e-01  9.607969e-01 -1.141194e-06
   outer loop
     vertex  2.591402e+01  2.288118e+01  5.189438e+01
     vertex  2.590201e+01  2.287768e+01  2.750000e+01
     vertex  2.588810e+01  2.287370e+01  5.191349e+01
   endloop
 endfacet
 facet normal -2.865418e-01  9.580678e-01  3.823970e-06
   outer loop
     vertex  2.594849e+01  2.289148e+01  5.186806e+01
     vertex  2.590201e+01  2.287768e+01  2.750000e+01
     vertex  2.591402e+01  2.288118e+01  5.189438e+01
   endloop
 endfacet
 facet normal -2.906949e-01  9.568158e-01  1.245438e-05
   outer loop
     vertex  2.594849e+01  2.289148e+01  5.186806e+01
     vertex  2.598733e+01  2.290360e+01  2.750000e+01
     vertex  2.590201e+01  2.287768e+01  2.750000e+01
   endloop
 endfacet
 facet normal -2.977916e-01  9.546309e-01  5.619399e-08
   outer loop
     vertex  2.598712e+01  2.290354e+01  5.183728e+01
     vertex  2.598733e+01  2.290360e+01  2.750000e+01
     vertex  2.594849e+01  2.289148e+01  5.186806e+01
   endloop
 endfacet
 facet normal -3.168348e-01  9.484807e-01  1.246378e-05
   outer loop
     vertex  2.602560e+01  2.291607e+01  5.180528e+01
     vertex  2.607190e+01  2.293185e+01  2.750000e+01
     vertex  2.598733e+01  2.290360e+01  2.750000e+01
   endloop
 endfacet
 facet normal -3.096555e-01  9.508488e-01 -5.559054e-08
   outer loop
     vertex  2.602560e+01  2.291607e+01  5.180528e+01
     vertex  2.598733e+01  2.290360e+01  2.750000e+01
     vertex  2.598712e+01  2.290354e+01  5.183728e+01
   endloop
 endfacet
 facet normal -3.214692e-01  9.469200e-01  2.621278e-06
   outer loop
     vertex  2.606392e+01  2.292908e+01  5.177206e+01
     vertex  2.607190e+01  2.293185e+01  2.750000e+01
     vertex  2.602560e+01  2.291607e+01  5.180528e+01
   endloop
 endfacet
 facet normal -3.427362e-01  9.394317e-01  1.161531e-05
   outer loop
     vertex  2.610208e+01  2.294256e+01  5.173762e+01
     vertex  2.615567e+01  2.296242e+01  2.750000e+01
     vertex  2.607190e+01  2.293185e+01  2.750000e+01
   endloop
 endfacet
 facet normal -3.332386e-01  9.428425e-01 -1.715636e-06
   outer loop
     vertex  2.610208e+01  2.294256e+01  5.173762e+01
     vertex  2.607190e+01  2.293185e+01  2.750000e+01
     vertex  2.606392e+01  2.292908e+01  5.177206e+01
   endloop
 endfacet
 facet normal -3.449465e-01  9.386223e-01  6.065076e-06
   outer loop
     vertex  2.614006e+01  2.295652e+01  5.170197e+01
     vertex  2.615567e+01  2.296242e+01  2.750000e+01
     vertex  2.610208e+01  2.294256e+01  5.173762e+01
   endloop
 endfacet
 facet normal -3.566145e-01  9.342516e-01 -2.524180e-06
   outer loop
     vertex  2.617787e+01  2.297095e+01  5.166512e+01
     vertex  2.615567e+01  2.296242e+01  2.750000e+01
     vertex  2.614006e+01  2.295652e+01  5.170197e+01
   endloop
 endfacet
 facet normal -3.683796e-01  9.296754e-01  1.020875e-05
   outer loop
     vertex  2.621550e+01  2.298586e+01  5.162706e+01
     vertex  2.623857e+01  2.299526e+01  2.750000e+01
     vertex  2.615567e+01  2.296242e+01  2.750000e+01
   endloop
 endfacet
 facet normal -3.682094e-01  9.297429e-01  9.720963e-06
   outer loop
     vertex  2.621550e+01  2.298586e+01  5.162706e+01
     vertex  2.615567e+01  2.296242e+01  2.750000e+01
     vertex  2.617787e+01  2.297095e+01  5.166512e+01
   endloop
 endfacet
 facet normal -3.797685e-01  9.250816e-01 -2.473524e-06
   outer loop
     vertex  2.625294e+01  2.300122e+01  5.158781e+01
     vertex  2.623857e+01  2.299526e+01  2.750000e+01
     vertex  2.621550e+01  2.298586e+01  5.162706e+01
   endloop
 endfacet
 facet normal -3.912507e-01  9.202841e-01  5.561272e-06
   outer loop
     vertex  2.629018e+01  2.301706e+01  5.154738e+01
     vertex  2.623857e+01  2.299526e+01  2.750000e+01
     vertex  2.625294e+01  2.300122e+01  5.158781e+01
   endloop
 endfacet
 facet normal -3.937458e-01  9.192194e-01  1.188091e-05
   outer loop
     vertex  2.629018e+01  2.301706e+01  5.154738e+01
     vertex  2.632054e+01  2.303037e+01  2.750000e+01
     vertex  2.623857e+01  2.299526e+01  2.750000e+01
   endloop
 endfacet
 facet normal -4.026862e-01  9.153381e-01 -1.554623e-06
   outer loop
     vertex  2.632722e+01  2.303335e+01  5.150576e+01
     vertex  2.632054e+01  2.303037e+01  2.750000e+01
     vertex  2.629018e+01  2.301706e+01  5.154738e+01
   endloop
 endfacet
 facet normal -4.140490e-01  9.102546e-01  2.241177e-06
   outer loop
     vertex  2.636406e+01  2.305011e+01  5.146297e+01
     vertex  2.632054e+01  2.303037e+01  2.750000e+01
     vertex  2.632722e+01  2.303335e+01  5.150576e+01
   endloop
 endfacet
 facet normal -4.188155e-01  9.080714e-01  1.269657e-05
   outer loop
     vertex  2.636406e+01  2.305011e+01  5.146297e+01
     vertex  2.640151e+01  2.306772e+01  2.750000e+01
     vertex  2.632054e+01  2.303037e+01  2.750000e+01
   endloop
 endfacet
 facet normal -4.253531e-01  9.050275e-01  2.429340e-07
   outer loop
     vertex  2.640068e+01  2.306732e+01  5.141901e+01
     vertex  2.640151e+01  2.306772e+01  2.750000e+01
     vertex  2.636406e+01  2.305011e+01  5.146297e+01
   endloop
 endfacet
 facet normal -4.365899e-01  8.996606e-01 -2.322187e-07
   outer loop
     vertex  2.643709e+01  2.308499e+01  5.137389e+01
     vertex  2.640151e+01  2.306772e+01  2.750000e+01
     vertex  2.640068e+01  2.306732e+01  5.141901e+01
   endloop
 endfacet
 facet normal -4.435699e-01  8.962398e-01  1.264711e-05
   outer loop
     vertex  2.643709e+01  2.308499e+01  5.137389e+01
     vertex  2.648142e+01  2.310727e+01  2.750000e+01
     vertex  2.640151e+01  2.306772e+01  2.750000e+01
   endloop
 endfacet
 facet normal -4.496144e-01  8.932228e-01 -1.392329e-06
   outer loop
     vertex  2.648529e+01  2.310925e+01  5.131194e+01
     vertex  2.648142e+01  2.310727e+01  2.750000e+01
     vertex  2.643709e+01  2.308499e+01  5.137389e+01
   endloop
 endfacet
 facet normal -4.652973e-01  8.851545e-01  1.825416e-06
   outer loop
     vertex  2.653902e+01  2.313750e+01  5.123981e+01
     vertex  2.648142e+01  2.310727e+01  2.750000e+01
     vertex  2.648529e+01  2.310925e+01  5.131194e+01
   endloop
 endfacet
 facet normal -4.679904e-01  8.837335e-01  1.016888e-05
   outer loop
     vertex  2.653902e+01  2.313750e+01  5.123981e+01
     vertex  2.656023e+01  2.314900e+01  2.750000e+01
     vertex  2.648142e+01  2.310727e+01  2.750000e+01
   endloop
 endfacet
 facet normal -4.817564e-01  8.763052e-01 -5.725860e-06
   outer loop
     vertex  2.659222e+01  2.316674e+01  5.116512e+01
     vertex  2.656023e+01  2.314900e+01  2.750000e+01
     vertex  2.653902e+01  2.313750e+01  5.123981e+01
   endloop
 endfacet
 facet normal -4.920587e-01  8.705620e-01  1.250654e-05
   outer loop
     vertex  2.659222e+01  2.316674e+01  5.116512e+01
     vertex  2.663785e+01  2.319288e+01  2.750000e+01
     vertex  2.656023e+01  2.314900e+01  2.750000e+01
   endloop
 endfacet
 facet normal -4.980362e-01  8.671563e-01 -2.781823e-06
   outer loop
     vertex  2.664486e+01  2.319698e+01  5.108792e+01
     vertex  2.663785e+01  2.319288e+01  2.750000e+01
     vertex  2.659222e+01  2.316674e+01  5.116512e+01
   endloop
 endfacet
 facet normal -5.141382e-01  8.577074e-01  3.640105e-06
   outer loop
     vertex  2.669692e+01  2.322819e+01  5.100822e+01
     vertex  2.663785e+01  2.319288e+01  2.750000e+01
     vertex  2.664486e+01  2.319698e+01  5.108792e+01
   endloop
 endfacet
 facet normal -5.157565e-01  8.567352e-01  9.166557e-06
   outer loop
     vertex  2.669692e+01  2.322819e+01  5.100822e+01
     vertex  2.671425e+01  2.323887e+01  2.750000e+01
     vertex  2.663785e+01  2.319288e+01  2.750000e+01
   endloop
 endfacet
 facet normal -5.300783e-01  8.479487e-01 -5.381057e-06
   outer loop
     vertex  2.674840e+01  2.326036e+01  5.092605e+01
     vertex  2.671425e+01  2.323887e+01  2.750000e+01
     vertex  2.669692e+01  2.322819e+01  5.100822e+01
   endloop
 endfacet
 facet normal -5.390661e-01  8.422635e-01  1.293717e-05
   outer loop
     vertex  2.674840e+01  2.326036e+01  5.092605e+01
     vertex  2.678935e+01  2.328694e+01  2.750000e+01
     vertex  2.671425e+01  2.323887e+01  2.750000e+01
   endloop
 endfacet
 facet normal -5.458215e-01  8.379015e-01 -3.821041e-06
   outer loop
     vertex  2.679926e+01  2.329350e+01  5.084143e+01
     vertex  2.678935e+01  2.328694e+01  2.750000e+01
     vertex  2.674840e+01  2.326036e+01  5.092605e+01
   endloop
 endfacet
 facet normal -5.613647e-01  8.275685e-01  5.680924e-06
   outer loop
     vertex  2.684950e+01  2.332757e+01  5.075441e+01
     vertex  2.678935e+01  2.328694e+01  2.750000e+01
     vertex  2.679926e+01  2.329350e+01  5.084143e+01
   endloop
 endfacet
 facet normal -5.619699e-01  8.271577e-01  7.964087e-06
   outer loop
     vertex  2.684950e+01  2.332757e+01  5.075441e+01
     vertex  2.686311e+01  2.333705e+01  2.750000e+01
     vertex  2.678935e+01  2.328694e+01  2.750000e+01
   endloop
 endfacet
 facet normal -5.767359e-01  8.169306e-01 -4.845859e-06
   outer loop
     vertex  2.689909e+01  2.336258e+01  5.066501e+01
     vertex  2.686311e+01  2.333705e+01  2.750000e+01
     vertex  2.684950e+01  2.332757e+01  5.075441e+01
   endloop
 endfacet
 facet normal -5.844507e-01  8.114292e-01  1.320065e-05
   outer loop
     vertex  2.689909e+01  2.336258e+01  5.066501e+01
     vertex  2.693546e+01  2.338916e+01  2.750000e+01
     vertex  2.686311e+01  2.333705e+01  2.750000e+01
   endloop
 endfacet
 facet normal -5.918932e-01  8.060164e-01 -4.696999e-06
   outer loop
     vertex  2.694801e+01  2.339851e+01  5.057325e+01
     vertex  2.693546e+01  2.338916e+01  2.750000e+01
     vertex  2.689909e+01  2.336258e+01  5.066501e+01
   endloop
 endfacet
 facet normal -6.064915e-01  7.950900e-01  7.672699e-06
   outer loop
     vertex  2.694801e+01  2.339851e+01  5.057325e+01
     vertex  2.700636e+01  2.344324e+01  2.750000e+01
     vertex  2.693546e+01  2.338916e+01  2.750000e+01
   endloop
 endfacet
 facet normal -6.093143e-01  7.929288e-01 -3.655149e-06
   outer loop
     vertex  2.701219e+01  2.344783e+01  5.044731e+01
     vertex  2.700636e+01  2.344324e+01  2.750000e+01
     vertex  2.694801e+01  2.339851e+01  5.057325e+01
   endloop
 endfacet
 facet normal -6.280757e-01  7.781522e-01  4.066478e-06
   outer loop
     vertex  2.701219e+01  2.344783e+01  5.044731e+01
     vertex  2.707575e+01  2.349925e+01  2.750000e+01
     vertex  2.700636e+01  2.344324e+01  2.750000e+01
   endloop
 endfacet
 facet normal -6.300822e-01  7.765285e-01 -5.128808e-06
   outer loop
     vertex  2.708290e+01  2.350520e+01  5.030080e+01
     vertex  2.707575e+01  2.349925e+01  2.750000e+01
     vertex  2.701219e+01  2.344783e+01  5.044731e+01
   endloop
 endfacet
 facet normal -6.491872e-01  7.606287e-01  5.013869e-06
   outer loop
     vertex  2.708290e+01  2.350520e+01  5.030080e+01
     vertex  2.714357e+01  2.355713e+01  2.750000e+01
     vertex  2.707575e+01  2.349925e+01  2.750000e+01
   endloop
 endfacet
 facet normal -6.515897e-01  7.585716e-01 -6.064821e-06
   outer loop
     vertex  2.715197e+01  2.356453e+01  5.014929e+01
     vertex  2.714357e+01  2.355713e+01  2.750000e+01
     vertex  2.708290e+01  2.350520e+01  5.030080e+01
   endloop
 endfacet
 facet normal -6.698100e-01  7.425325e-01  5.926584e-06
   outer loop
     vertex  2.715197e+01  2.356453e+01  5.014929e+01
     vertex  2.720978e+01  2.361686e+01  2.750000e+01
     vertex  2.714357e+01  2.355713e+01  2.750000e+01
   endloop
 endfacet
 facet normal -6.725858e-01  7.400192e-01 -6.966050e-06
   outer loop
     vertex  2.721935e+01  2.362577e+01  4.999290e+01
     vertex  2.720978e+01  2.361686e+01  2.750000e+01
     vertex  2.715197e+01  2.356453e+01  5.014929e+01
   endloop
 endfacet
 facet normal -6.899286e-01  7.238775e-01  6.804493e-06
   outer loop
     vertex  2.721935e+01  2.362577e+01  4.999290e+01
     vertex  2.727433e+01  2.367838e+01  2.750000e+01
     vertex  2.720978e+01  2.361686e+01  2.750000e+01
   endloop
 endfacet
 facet normal -6.930539e-01  7.208858e-01 -7.832310e-06
   outer loop
     vertex  2.728499e+01  2.368887e+01  4.983175e+01
     vertex  2.727433e+01  2.367838e+01  2.750000e+01
     vertex  2.721935e+01  2.362577e+01  4.999290e+01
   endloop
 endfacet
 facet normal -7.095278e-01  7.046775e-01  7.647400e-06
   outer loop
     vertex  2.728499e+01  2.368887e+01  4.983175e+01
     vertex  2.733717e+01  2.374165e+01  2.750000e+01
     vertex  2.727433e+01  2.367838e+01  2.750000e+01
   endloop
 endfacet
 facet normal -7.129779e-01  7.011865e-01 -8.663349e-06
   outer loop
     vertex  2.734884e+01  2.375379e+01  4.966597e+01
     vertex  2.733717e+01  2.374165e+01  2.750000e+01
     vertex  2.728499e+01  2.368887e+01  4.983175e+01
   endloop
 endfacet
 facet normal -7.285929e-01  6.849470e-01  8.455035e-06
   outer loop
     vertex  2.734884e+01  2.375379e+01  4.966597e+01
     vertex  2.739824e+01  2.380662e+01  2.750000e+01
     vertex  2.733717e+01  2.374165e+01  2.750000e+01
   endloop
 endfacet
 facet normal -7.323422e-01  6.809367e-01 -9.458842e-06
   outer loop
     vertex  2.741084e+01  2.382047e+01  4.949569e+01
     vertex  2.739824e+01  2.380662e+01  2.750000e+01
     vertex  2.734884e+01  2.375379e+01  4.966597e+01
   endloop
 endfacet
 facet normal -7.471095e-01  6.647010e-01  9.227056e-06
   outer loop
     vertex  2.741084e+01  2.382047e+01  4.949569e+01
     vertex  2.745751e+01  2.387323e+01  2.750000e+01
     vertex  2.739824e+01  2.380662e+01  2.750000e+01
   endloop
 endfacet
 facet normal -7.511316e-01  6.601524e-01 -1.021840e-05
   outer loop
     vertex  2.747095e+01  2.388886e+01  4.932103e+01
     vertex  2.745751e+01  2.387323e+01  2.750000e+01
     vertex  2.741084e+01  2.382047e+01  4.949569e+01
   endloop
 endfacet
 facet normal -7.650637e-01  6.439545e-01  9.963046e-06
   outer loop
     vertex  2.747095e+01  2.388886e+01  4.932103e+01
     vertex  2.751493e+01  2.394145e+01  2.750000e+01
     vertex  2.745751e+01  2.387323e+01  2.750000e+01
   endloop
 endfacet
 facet normal -7.693314e-01  6.388499e-01 -1.094154e-05
   outer loop
     vertex  2.752912e+01  2.395891e+01  4.914215e+01
     vertex  2.751493e+01  2.394145e+01  2.750000e+01
     vertex  2.747095e+01  2.388886e+01  4.932103e+01
   endloop
 endfacet
 facet normal -7.824421e-01  6.227234e-01  1.066251e-05
   outer loop
     vertex  2.752912e+01  2.395891e+01  4.914215e+01
     vertex  2.757046e+01  2.401122e+01  2.750000e+01
     vertex  2.751493e+01  2.394145e+01  2.750000e+01
   endloop
 endfacet
 facet normal -7.869272e-01  6.170459e-01 -1.162774e-05
   outer loop
     vertex  2.758531e+01  2.403056e+01  4.895917e+01
     vertex  2.757046e+01  2.401122e+01  2.750000e+01
     vertex  2.752912e+01  2.395891e+01  4.914215e+01
   endloop
 endfacet
 facet normal -7.992314e-01  6.010234e-01  1.132488e-05
   outer loop
     vertex  2.758531e+01  2.403056e+01  4.895917e+01
     vertex  2.762405e+01  2.408249e+01  2.750000e+01
     vertex  2.757046e+01  2.401122e+01  2.750000e+01
   endloop
 endfacet
 facet normal -8.066910e-01  5.909735e-01 -2.646290e-05
   outer loop
     vertex  2.765706e+01  2.412849e+01  4.870908e+01
     vertex  2.762405e+01  2.408249e+01  2.750000e+01
     vertex  2.758531e+01  2.403056e+01  4.895917e+01
   endloop
 endfacet
 facet normal -8.154191e-01  5.788711e-01  1.336946e-05
   outer loop
     vertex  2.765706e+01  2.412849e+01  4.870908e+01
     vertex  2.767567e+01  2.415520e+01  2.750000e+01
     vertex  2.762405e+01  2.408249e+01  2.750000e+01
   endloop
 endfacet
 facet normal -8.459413e-01  5.332761e-01  8.120355e-06
   outer loop
     vertex  2.773334e+01  2.424178e+01  4.841978e+01
     vertex  2.777283e+01  2.430473e+01  2.750000e+01
     vertex  2.772527e+01  2.422930e+01  2.750000e+01
   endloop
 endfacet
 facet normal -8.295047e-01  5.584998e-01 -2.464465e-05
   outer loop
     vertex  2.773334e+01  2.424178e+01  4.841978e+01
     vertex  2.767567e+01  2.415520e+01  2.750000e+01
     vertex  2.765706e+01  2.412849e+01  4.870908e+01
   endloop
 endfacet
 facet normal -8.309929e-01  5.562829e-01 -1.136750e-05
   outer loop
     vertex  2.773334e+01  2.424178e+01  4.841978e+01
     vertex  2.772527e+01  2.422930e+01  2.750000e+01
     vertex  2.767567e+01  2.415520e+01  2.750000e+01
   endloop
 endfacet
 facet normal -8.602528e-01  5.098678e-01  1.249624e-05
   outer loop
     vertex  2.780480e+01  2.435817e+01  4.812256e+01
     vertex  2.781829e+01  2.438144e+01  2.750000e+01
     vertex  2.777283e+01  2.430473e+01  2.750000e+01
   endloop
 endfacet
 facet normal -8.522486e-01  5.231369e-01 -3.429569e-05
   outer loop
     vertex  2.780480e+01  2.435817e+01  4.812256e+01
     vertex  2.777283e+01  2.430473e+01  2.750000e+01
     vertex  2.773334e+01  2.424178e+01  4.841978e+01
   endloop
 endfacet
 facet normal -8.739167e-01  4.860756e-01 -1.703577e-05
   outer loop
     vertex  2.787130e+01  2.447746e+01  4.781792e+01
     vertex  2.786163e+01  2.445937e+01  2.750000e+01
     vertex  2.781829e+01  2.438144e+01  2.750000e+01
   endloop
 endfacet
 facet normal -8.869228e-01  4.619176e-01  1.066410e-05
   outer loop
     vertex  2.787130e+01  2.447746e+01  4.781792e+01
     vertex  2.790282e+01  2.453845e+01  2.750000e+01
     vertex  2.786163e+01  2.445937e+01  2.750000e+01
   endloop
 endfacet
 facet normal -8.734627e-01  4.868911e-01 -2.207418e-05
   outer loop
     vertex  2.787130e+01  2.447746e+01  4.781792e+01
     vertex  2.781829e+01  2.438144e+01  2.750000e+01
     vertex  2.780480e+01  2.435817e+01  4.812256e+01
   endloop
 endfacet
 facet normal -8.931619e-01  4.497353e-01 -3.558632e-05
   outer loop
     vertex  2.793273e+01  2.459944e+01  4.750642e+01
     vertex  2.790282e+01  2.453845e+01  2.750000e+01
     vertex  2.787130e+01  2.447746e+01  4.781792e+01
   endloop
 endfacet
 facet normal -8.992613e-01  4.374119e-01  1.109737e-05
   outer loop
     vertex  2.793273e+01  2.459944e+01  4.750642e+01
     vertex  2.794183e+01  2.461864e+01  2.750000e+01
     vertex  2.790282e+01  2.453845e+01  2.750000e+01
   endloop
 endfacet
 facet normal -9.109228e-01  4.125769e-01 -1.803895e-05
   outer loop
     vertex  2.793273e+01  2.459944e+01  4.750642e+01
     vertex  2.797862e+01  2.469986e+01  2.750000e+01
     vertex  2.794183e+01  2.461864e+01  2.750000e+01
   endloop
 endfacet
 facet normal -9.218986e-01  3.874313e-01  1.288222e-05
   outer loop
     vertex  2.798899e+01  2.472389e+01  4.718861e+01
     vertex  2.801316e+01  2.478207e+01  2.750000e+01
     vertex  2.797862e+01  2.469986e+01  2.750000e+01
   endloop
 endfacet
 facet normal -9.112565e-01  4.118394e-01 -2.250610e-05
   outer loop
     vertex  2.798899e+01  2.472389e+01  4.718861e+01
     vertex  2.797862e+01  2.469986e+01  2.750000e+01
     vertex  2.793273e+01  2.459944e+01  4.750642e+01
   endloop
 endfacet
 facet normal -9.321804e-01  3.619940e-01  9.114239e-06
   outer loop
     vertex  2.803996e+01  2.485059e+01  4.686504e+01
     vertex  2.804544e+01  2.486519e+01  2.750000e+01
     vertex  2.801316e+01  2.478207e+01  2.750000e+01
   endloop
 endfacet
 facet normal -9.417605e-01  3.362843e-01 -1.297669e-05
   outer loop
     vertex  2.803996e+01  2.485059e+01  4.686504e+01
     vertex  2.807543e+01  2.494917e+01  2.750000e+01
     vertex  2.804544e+01  2.486519e+01  2.750000e+01
   endloop
 endfacet
 facet normal -9.277675e-01  3.731589e-01 -3.650005e-05
   outer loop
     vertex  2.803996e+01  2.485059e+01  4.686504e+01
     vertex  2.801316e+01  2.478207e+01  2.750000e+01
     vertex  2.798899e+01  2.472389e+01  4.718861e+01
   endloop
 endfacet
 facet normal -9.506317e-01  3.103214e-01  1.474856e-05
   outer loop
     vertex  2.808557e+01  2.497933e+01  4.653629e+01
     vertex  2.810310e+01  2.503393e+01  2.750000e+01
     vertex  2.807543e+01  2.494917e+01  2.750000e+01
   endloop
 endfacet
 facet normal -9.426188e-01  3.338711e-01 -2.683263e-05
   outer loop
     vertex  2.808557e+01  2.497933e+01  4.653629e+01
     vertex  2.807543e+01  2.494917e+01  2.750000e+01
     vertex  2.803996e+01  2.485059e+01  4.686504e+01
   endloop
 endfacet
 facet normal -9.587873e-01  2.841250e-01  6.477107e-06
   outer loop
     vertex  2.812573e+01  2.510987e+01  4.620293e+01
     vertex  2.812843e+01  2.511943e+01  2.750000e+01
     vertex  2.810310e+01  2.503393e+01  2.750000e+01
   endloop
 endfacet
 facet normal -9.662211e-01  2.577146e-01 -8.101818e-06
   outer loop
     vertex  2.812573e+01  2.510987e+01  4.620293e+01
     vertex  2.815141e+01  2.520558e+01  2.750000e+01
     vertex  2.812843e+01  2.511943e+01  2.750000e+01
   endloop
 endfacet
 facet normal -9.558212e-01  2.939488e-01 -3.699510e-05
   outer loop
     vertex  2.812573e+01  2.510987e+01  4.620293e+01
     vertex  2.810310e+01  2.503393e+01  2.750000e+01
     vertex  2.808557e+01  2.497933e+01  4.653629e+01
   endloop
 endfacet
 facet normal -9.729276e-01  2.311102e-01  1.622857e-05
   outer loop
     vertex  2.816036e+01  2.524197e+01  4.586556e+01
     vertex  2.817202e+01  2.529234e+01  2.750000e+01
     vertex  2.815141e+01  2.520558e+01  2.750000e+01
   endloop
 endfacet
 facet normal -9.673236e-01  2.535450e-01 -3.095537e-05
   outer loop
     vertex  2.816036e+01  2.524197e+01  4.586556e+01
     vertex  2.815141e+01  2.520558e+01  2.750000e+01
     vertex  2.812573e+01  2.510987e+01  4.620293e+01
   endloop
 endfacet
 facet normal -9.789017e-01  2.043319e-01  3.103996e-06
   outer loop
     vertex  2.818942e+01  2.537542e+01  4.552477e+01
     vertex  2.819024e+01  2.537963e+01  2.750000e+01
     vertex  2.817202e+01  2.529234e+01  2.750000e+01
   endloop
 endfacet
 facet normal -9.841389e-01  1.773998e-01 -3.417289e-06
   outer loop
     vertex  2.818942e+01  2.537542e+01  4.552477e+01
     vertex  2.820606e+01  2.546738e+01  2.750000e+01
     vertex  2.819024e+01  2.537963e+01  2.750000e+01
   endloop
 endfacet
 facet normal -9.771252e-01  2.126648e-01 -3.702005e-05
   outer loop
     vertex  2.818942e+01  2.537542e+01  4.552477e+01
     vertex  2.817202e+01  2.529234e+01  2.750000e+01
     vertex  2.816036e+01  2.524197e+01  4.586556e+01
   endloop
 endfacet
 facet normal -9.886353e-01  1.503341e-01  1.727827e-05
   outer loop
     vertex  2.821285e+01  2.550997e+01  4.518117e+01
     vertex  2.821946e+01  2.555554e+01  2.750000e+01
     vertex  2.820606e+01  2.546738e+01  2.750000e+01
   endloop
 endfacet
 facet normal -9.851965e-01  1.714290e-01 -3.485573e-05
   outer loop
     vertex  2.821285e+01  2.550997e+01  4.518117e+01
     vertex  2.820606e+01  2.546738e+01  2.750000e+01
     vertex  2.818942e+01  2.537542e+01  4.552477e+01
   endloop
 endfacet
 facet normal -9.923874e-01  1.231552e-01 -1.100550e-06
   outer loop
     vertex  2.823060e+01  2.564539e+01  4.483535e+01
     vertex  2.823045e+01  2.564403e+01  2.750000e+01
     vertex  2.821946e+01  2.555554e+01  2.750000e+01
   endloop
 endfacet
 facet normal -9.953925e-01  9.588368e-02  1.067255e-06
   outer loop
     vertex  2.823060e+01  2.564539e+01  4.483535e+01
     vertex  2.823900e+01  2.573279e+01  2.750000e+01
     vertex  2.823045e+01  2.564403e+01  2.750000e+01
   endloop
 endfacet
 facet normal -9.915296e-01  1.298811e-01 -3.651271e-05
   outer loop
     vertex  2.823060e+01  2.564539e+01  4.483535e+01
     vertex  2.821946e+01  2.555554e+01  2.750000e+01
     vertex  2.821285e+01  2.550997e+01  4.518117e+01
   endloop
 endfacet
 facet normal -9.976484e-01  6.853995e-02  1.784308e-05
   outer loop
     vertex  2.824264e+01  2.578143e+01  4.448794e+01
     vertex  2.824511e+01  2.582175e+01  2.750000e+01
     vertex  2.823900e+01  2.573279e+01  2.750000e+01
   endloop
 endfacet
 facet normal -9.961114e-01  8.810315e-02 -3.850685e-05
   outer loop
     vertex  2.824264e+01  2.578143e+01  4.448794e+01
     vertex  2.823900e+01  2.573279e+01  2.750000e+01
     vertex  2.823060e+01  2.564539e+01  4.483535e+01
   endloop
 endfacet
 facet normal -9.991532e-01  4.114462e-02  1.282533e-05
   outer loop
     vertex  2.824816e+01  2.589065e+01  4.420901e+01
     vertex  2.824878e+01  2.591084e+01  2.750000e+01
     vertex  2.824511e+01  2.582175e+01  2.750000e+01
   endloop
 endfacet
 facet normal -9.987296e-01  5.039075e-02 -2.538330e-05
   outer loop
     vertex  2.824816e+01  2.589065e+01  4.420901e+01
     vertex  2.824511e+01  2.582175e+01  2.750000e+01
     vertex  2.824264e+01  2.578143e+01  4.448794e+01
   endloop
 endfacet
 facet normal -9.999059e-01  1.371831e-02  0.000000e+00
   outer loop
     vertex  2.825000e+01  2.600000e+01  4.392977e+01
     vertex  2.825000e+01  2.600000e+01  2.750000e+01
     vertex  2.824878e+01  2.591084e+01  2.750000e+01
   endloop
 endfacet
 facet normal -9.998592e-01  1.678236e-02 -1.663135e-05
   outer loop
     vertex  2.825000e+01  2.600000e+01  4.392977e+01
     vertex  2.824878e+01  2.591084e+01  2.750000e+01
     vertex  2.824816e+01  2.589065e+01  4.420901e+01
   endloop
 endfacet
 facet normal  0.000000e+00  0.000000e+00  1.000000e+00
   outer loop
     vertex  2.382712e+01  1.276941e+01  2.750000e+01
     vertex  2.269403e+01  1.170980e+01  2.750000e+01
     vertex  2.275773e+01  1.164740e+01  2.750000e+01
   endloop
 endfacet
 facet normal  0.000000e+00  0.000000e+00  1.000000e+00
   outer loop
     vertex  2.382712e+01  1.276941e+01  2.750000e+01
     vertex  2.379380e+01  1.280205e+01  2.750000e+01
     vertex  2.269403e+01  1.170980e+01  2.750000e+01
   endloop
 endfacet
 facet normal  0.000000e+00  0.000000e+00  1.000000e+00
   outer loop
     vertex  2.376139e+01  1.283559e+01  2.750000e+01
     vertex  2.263207e+01  1.177392e+01  2.750000e+01
     vertex  2.269403e+01  1.170980e+01  2.750000e+01
   endloop
 endfacet
 facet normal  0.000000e+00  0.000000e+00  1.000000e+00
   outer loop
     vertex  2.376139e+01  1.283559e+01  2.750000e+01
     vertex  2.269403e+01  1.170980e+01  2.750000e+01
     vertex  2.379380e+01  1.280205e+01  2.750000e+01
   endloop
 endfacet
 facet normal  0.000000e+00  0.000000e+00  1.000000e+00
   outer loop
     vertex  2.386132e+01  1.273769e+01  2.750000e+01
     vertex  2.275773e+01  1.164740e+01  2.750000e+01
     vertex  2.282312e+01  1.158677e+01  2.750000e+01
   endloop
 endfacet
 facet normal  0.000000e+00  0.000000e+00  1.000000e+00
   outer loop
     vertex  2.386132e+01  1.273769e+01  2.750000e+01
     vertex  2.382712e+01  1.276941e+01  2.750000e+01
     vertex  2.275773e+01  1.164740e+01  2.750000e+01
   endloop
 endfacet
 facet normal  0.000000e+00  0.000000e+00  1.000000e+00
   outer loop
     vertex  2.372991e+01  1.287001e+01  2.750000e+01
     vertex  2.263207e+01  1.177392e+01  2.750000e+01
     vertex  2.376139e+01  1.283559e+01  2.750000e+01
   endloop
 endfacet
 facet normal  0.000000e+00  0.000000e+00  1.000000e+00
   outer loop
     vertex  2.372991e+01  1.287001e+01  2.750000e+01
     vertex  2.257189e+01  1.183972e+01  2.750000e+01
     vertex  2.263207e+01  1.177392e+01  2.750000e+01
   endloop
 endfacet
 facet normal  0.000000e+00  0.000000e+00  1.000000e+00
   outer loop
     vertex  2.389638e+01  1.270693e+01  2.750000e+01
     vertex  2.386132e+01  1.273769e+01  2.750000e+01
     vertex  2.282312e+01  1.158677e+01  2.750000e+01
   endloop
 endfacet
 facet normal  0.000000e+00  0.000000e+00  1.000000e+00
   outer loop
     vertex  2.389638e+01  1.270693e+01  2.750000e+01
     vertex  2.282312e+01  1.158677e+01  2.750000e+01
     vertex  2.289014e+01  1.152796e+01  2.750000e+01
   endloop
 endfacet
 facet normal  0.000000e+00  0.000000e+00  1.000000e+00
   outer loop
     vertex  2.369939e+01  1.290528e+01  2.750000e+01
     vertex  2.257189e+01  1.183972e+01  2.750000e+01
     vertex  2.372991e+01  1.287001e+01  2.750000e+01
   endloop
 endfacet
 facet normal  0.000000e+00  0.000000e+00  1.000000e+00
   outer loop
     vertex  2.369939e+01  1.290528e+01  2.750000e+01
     vertex  2.251354e+01  1.190715e+01  2.750000e+01
     vertex  2.257189e+01  1.183972e+01  2.750000e+01
   endloop
 endfacet
 facet normal  0.000000e+00  0.000000e+00  1.000000e+00
   outer loop
     vertex  2.393227e+01  1.267714e+01  2.750000e+01
     vertex  2.389638e+01  1.270693e+01  2.750000e+01
     vertex  2.289014e+01  1.152796e+01  2.750000e+01
   endloop
 endfacet
 facet normal  0.000000e+00  0.000000e+00  1.000000e+00
   outer loop
     vertex  2.393227e+01  1.267714e+01  2.750000e+01
     vertex  2.289014e+01  1.152796e+01  2.750000e+01
     vertex  2.295875e+01  1.147101e+01  2.750000e+01
   endloop
 endfacet
 facet normal  0.000000e+00  0.000000e+00  1.000000e+00
   outer loop
     vertex  2.366985e+01  1.294137e+01  2.750000e+01
     vertex  2.251354e+01  1.190715e+01  2.750000e+01
     vertex  2.369939e+01  1.290528e+01  2.750000e+01
   endloop
 endfacet
 facet normal  0.000000e+00  0.000000e+00  1.000000e+00
   outer loop
     vertex  2.366985e+01  1.294137e+01  2.750000e+01
     vertex  2.245706e+01  1.197615e+01  2.750000e+01
     vertex  2.251354e+01  1.190715e+01  2.750000e+01
   endloop
 endfacet
 facet normal  0.000000e+00  0.000000e+00  1.000000e+00
   outer loop
     vertex  2.396896e+01  1.264835e+01  2.750000e+01
     vertex  2.393227e+01  1.267714e+01  2.750000e+01
     vertex  2.295875e+01  1.147101e+01  2.750000e+01
   endloop
 endfacet
 facet normal  0.000000e+00  0.000000e+00  1.000000e+00
   outer loop
     vertex  2.396896e+01  1.264835e+01  2.750000e+01
     vertex  2.295875e+01  1.147101e+01  2.750000e+01
     vertex  2.302890e+01  1.141596e+01  2.750000e+01
   endloop
 endfacet
 facet normal  0.000000e+00  0.000000e+00  1.000000e+00
   outer loop
     vertex  2.364131e+01  1.297826e+01  2.750000e+01
     vertex  2.245706e+01  1.197615e+01  2.750000e+01
     vertex  2.366985e+01  1.294137e+01  2.750000e+01
   endloop
 endfacet
 facet normal  0.000000e+00  0.000000e+00  1.000000e+00
   outer loop
     vertex  2.364131e+01  1.297826e+01  2.750000e+01
     vertex  2.240250e+01  1.204667e+01  2.750000e+01
     vertex  2.245706e+01  1.197615e+01  2.750000e+01
   endloop
 endfacet
 facet normal  0.000000e+00  0.000000e+00  1.000000e+00
   outer loop
     vertex  2.400643e+01  1.262057e+01  2.750000e+01
     vertex  2.396896e+01  1.264835e+01  2.750000e+01
     vertex  2.302890e+01  1.141596e+01  2.750000e+01
   endloop
 endfacet
 facet normal  0.000000e+00  0.000000e+00  1.000000e+00
   outer loop
     vertex  2.400643e+01  1.262057e+01  2.750000e+01
     vertex  2.302890e+01  1.141596e+01  2.750000e+01
     vertex  2.310054e+01  1.136285e+01  2.750000e+01
   endloop
 endfacet
 facet normal  0.000000e+00  0.000000e+00  1.000000e+00
   outer loop
     vertex  2.361379e+01  1.301592e+01  2.750000e+01
     vertex  2.234989e+01  1.211867e+01  2.750000e+01
     vertex  2.240250e+01  1.204667e+01  2.750000e+01
   endloop
 endfacet
 facet normal  0.000000e+00  0.000000e+00  1.000000e+00
   outer loop
     vertex  2.361379e+01  1.301592e+01  2.750000e+01
     vertex  2.240250e+01  1.204667e+01  2.750000e+01
     vertex  2.364131e+01  1.297826e+01  2.750000e+01
   endloop
 endfacet
 facet normal  0.000000e+00  0.000000e+00  1.000000e+00
   outer loop
     vertex  2.404465e+01  1.259383e+01  2.750000e+01
     vertex  2.310054e+01  1.136285e+01  2.750000e+01
     vertex  2.317360e+01  1.131174e+01  2.750000e+01
   endloop
 endfacet
 facet normal  0.000000e+00  0.000000e+00  1.000000e+00
   outer loop
     vertex  2.404465e+01  1.259383e+01  2.750000e+01
     vertex  2.400643e+01  1.262057e+01  2.750000e+01
     vertex  2.310054e+01  1.136285e+01  2.750000e+01
   endloop
 endfacet
 facet normal  0.000000e+00  0.000000e+00  1.000000e+00
   outer loop
     vertex  2.358731e+01  1.305432e+01  2.750000e+01
     vertex  2.229927e+01  1.219208e+01  2.750000e+01
     vertex  2.234989e+01  1.211867e+01  2.750000e+01
   endloop
 endfacet
 facet normal  0.000000e+00  0.000000e+00  1.000000e+00
   outer loop
     vertex  2.358731e+01  1.305432e+01  2.750000e+01
     vertex  2.234989e+01  1.211867e+01  2.750000e+01
     vertex  2.361379e+01  1.301592e+01  2.750000e+01
   endloop
 endfacet
 facet normal  0.000000e+00  0.000000e+00  1.000000e+00
   outer loop
     vertex  2.408359e+01  1.256815e+01  2.750000e+01
     vertex  2.404465e+01  1.259383e+01  2.750000e+01
     vertex  2.317360e+01  1.131174e+01  2.750000e+01
   endloop
 endfacet
 facet normal  0.000000e+00  0.000000e+00  1.000000e+00
   outer loop
     vertex  2.408359e+01  1.256815e+01  2.750000e+01
     vertex  2.317360e+01  1.131174e+01  2.750000e+01
     vertex  2.324804e+01  1.126264e+01  2.750000e+01
   endloop
 endfacet
 facet normal  0.000000e+00  0.000000e+00  1.000000e+00
   outer loop
     vertex  2.356190e+01  1.309343e+01  2.750000e+01
     vertex  2.225069e+01  1.226685e+01  2.750000e+01
     vertex  2.229927e+01  1.219208e+01  2.750000e+01
   endloop
 endfacet
 facet normal  0.000000e+00  0.000000e+00  1.000000e+00
   outer loop
     vertex  2.356190e+01  1.309343e+01  2.750000e+01
     vertex  2.229927e+01  1.219208e+01  2.750000e+01
     vertex  2.358731e+01  1.305432e+01  2.750000e+01
   endloop
 endfacet
 facet normal  0.000000e+00  0.000000e+00  1.000000e+00
   outer loop
     vertex  2.412321e+01  1.254355e+01  2.750000e+01
     vertex  2.408359e+01  1.256815e+01  2.750000e+01
     vertex  2.324804e+01  1.126264e+01  2.750000e+01
   endloop
 endfacet
 facet normal  0.000000e+00  0.000000e+00  1.000000e+00
   outer loop
     vertex  2.412321e+01  1.254355e+01  2.750000e+01
     vertex  2.324804e+01  1.126264e+01  2.750000e+01
     vertex  2.332379e+01  1.121561e+01  2.750000e+01
   endloop
 endfacet
 facet normal  0.000000e+00  0.000000e+00  1.000000e+00
   outer loop
     vertex  2.353757e+01  1.313322e+01  2.750000e+01
     vertex  2.225069e+01  1.226685e+01  2.750000e+01
     vertex  2.356190e+01  1.309343e+01  2.750000e+01
   endloop
 endfacet
 facet normal  0.000000e+00  0.000000e+00  1.000000e+00
   outer loop
     vertex  2.353757e+01  1.313322e+01  2.750000e+01
     vertex  2.220418e+01  1.234293e+01  2.750000e+01
     vertex  2.225069e+01  1.226685e+01  2.750000e+01
   endloop
 endfacet
 facet normal  0.000000e+00  0.000000e+00  1.000000e+00
   outer loop
     vertex  2.416350e+01  1.252004e+01  2.750000e+01
     vertex  2.412321e+01  1.254355e+01  2.750000e+01
     vertex  2.332379e+01  1.121561e+01  2.750000e+01
   endloop
 endfacet
 facet normal  0.000000e+00  0.000000e+00  1.000000e+00
   outer loop
     vertex  2.416350e+01  1.252004e+01  2.750000e+01
     vertex  2.332379e+01  1.121561e+01  2.750000e+01
     vertex  2.340081e+01  1.117067e+01  2.750000e+01
   endloop
 endfacet
 facet normal  0.000000e+00  0.000000e+00  1.000000e+00
   outer loop
     vertex  2.351434e+01  1.317367e+01  2.750000e+01
     vertex  2.215977e+01  1.242025e+01  2.750000e+01
     vertex  2.220418e+01  1.234293e+01  2.750000e+01
   endloop
 endfacet
 facet normal  0.000000e+00  0.000000e+00  1.000000e+00
   outer loop
     vertex  2.351434e+01  1.317367e+01  2.750000e+01
     vertex  2.220418e+01  1.234293e+01  2.750000e+01
     vertex  2.353757e+01  1.313322e+01  2.750000e+01
   endloop
 endfacet
 facet normal  0.000000e+00  0.000000e+00  1.000000e+00
   outer loop
     vertex  2.420442e+01  1.249765e+01  2.750000e+01
     vertex  2.340081e+01  1.117067e+01  2.750000e+01
     vertex  2.347903e+01  1.112787e+01  2.750000e+01
   endloop
 endfacet
 facet normal  0.000000e+00  0.000000e+00  1.000000e+00
   outer loop
     vertex  2.420442e+01  1.249765e+01  2.750000e+01
     vertex  2.416350e+01  1.252004e+01  2.750000e+01
     vertex  2.340081e+01  1.117067e+01  2.750000e+01
   endloop
 endfacet
 facet normal  0.000000e+00  0.000000e+00  1.000000e+00
   outer loop
     vertex  2.349223e+01  1.321474e+01  2.750000e+01
     vertex  2.211750e+01  1.249877e+01  2.750000e+01
     vertex  2.215977e+01  1.242025e+01  2.750000e+01
   endloop
 endfacet
 facet normal  0.000000e+00  0.000000e+00  1.000000e+00
   outer loop
     vertex  2.349223e+01  1.321474e+01  2.750000e+01
     vertex  2.215977e+01  1.242025e+01  2.750000e+01
     vertex  2.351434e+01  1.317367e+01  2.750000e+01
   endloop
 endfacet
 facet normal  0.000000e+00  0.000000e+00  1.000000e+00
   outer loop
     vertex  2.424593e+01  1.247639e+01  2.750000e+01
     vertex  2.420442e+01  1.249765e+01  2.750000e+01
     vertex  2.347903e+01  1.112787e+01  2.750000e+01
   endloop
 endfacet
 facet normal  0.000000e+00  0.000000e+00  1.000000e+00
   outer loop
     vertex  2.424593e+01  1.247639e+01  2.750000e+01
     vertex  2.347903e+01  1.112787e+01  2.750000e+01
     vertex  2.355840e+01  1.108722e+01  2.750000e+01
   endloop
 endfacet
 facet normal  0.000000e+00  0.000000e+00  1.000000e+00
   outer loop
     vertex  2.347126e+01  1.325640e+01  2.750000e+01
     vertex  2.207740e+01  1.257841e+01  2.750000e+01
     vertex  2.211750e+01  1.249877e+01  2.750000e+01
   endloop
 endfacet
 facet normal  0.000000e+00  0.000000e+00  1.000000e+00
   outer loop
     vertex  2.347126e+01  1.325640e+01  2.750000e+01
     vertex  2.211750e+01  1.249877e+01  2.750000e+01
     vertex  2.349223e+01  1.321474e+01  2.750000e+01
   endloop
 endfacet
 facet normal  0.000000e+00  0.000000e+00  1.000000e+00
   outer loop
     vertex  2.428801e+01  1.245628e+01  2.750000e+01
     vertex  2.424593e+01  1.247639e+01  2.750000e+01
     vertex  2.355840e+01  1.108722e+01  2.750000e+01
   endloop
 endfacet
 facet normal  0.000000e+00  0.000000e+00  1.000000e+00
   outer loop
     vertex  2.428801e+01  1.245628e+01  2.750000e+01
     vertex  2.355840e+01  1.108722e+01  2.750000e+01
     vertex  2.363885e+01  1.104877e+01  2.750000e+01
   endloop
 endfacet
 facet normal  0.000000e+00  0.000000e+00  1.000000e+00
   outer loop
     vertex  2.428801e+01  1.245628e+01  2.750000e+01
     vertex  2.363885e+01  1.104877e+01  2.750000e+01
     vertex  2.372033e+01  1.101254e+01  2.750000e+01
   endloop
 endfacet
 facet normal  0.000000e+00  0.000000e+00  1.000000e+00
   outer loop
     vertex  2.345143e+01  1.329862e+01  2.750000e+01
     vertex  2.207740e+01  1.257841e+01  2.750000e+01
     vertex  2.347126e+01  1.325640e+01  2.750000e+01
   endloop
 endfacet
 facet normal  0.000000e+00  0.000000e+00  1.000000e+00
   outer loop
     vertex  2.345143e+01  1.329862e+01  2.750000e+01
     vertex  2.203950e+01  1.265913e+01  2.750000e+01
     vertex  2.207740e+01  1.257841e+01  2.750000e+01
   endloop
 endfacet
 facet normal  0.000000e+00  0.000000e+00  1.000000e+00
   outer loop
     vertex  2.433063e+01  1.243733e+01  2.750000e+01
     vertex  2.428801e+01  1.245628e+01  2.750000e+01
     vertex  2.372033e+01  1.101254e+01  2.750000e+01
   endloop
 endfacet
 facet normal  0.000000e+00  0.000000e+00  1.000000e+00
   outer loop
     vertex  2.343277e+01  1.334137e+01  2.750000e+01
     vertex  2.203950e+01  1.265913e+01  2.750000e+01
     vertex  2.345143e+01  1.329862e+01  2.750000e+01
   endloop
 endfacet
 facet normal  0.000000e+00  0.000000e+00  1.000000e+00
   outer loop
     vertex  2.343277e+01  1.334137e+01  2.750000e+01
     vertex  2.200383e+01  1.274085e+01  2.750000e+01
     vertex  2.203950e+01  1.265913e+01  2.750000e+01
   endloop
 endfacet
 facet normal  0.000000e+00  0.000000e+00  1.000000e+00
   outer loop
     vertex  2.437375e+01  1.241955e+01  2.750000e+01
     vertex  2.372033e+01  1.101254e+01  2.750000e+01
     vertex  2.380277e+01  1.097855e+01  2.750000e+01
   endloop
 endfacet
 facet normal  0.000000e+00  0.000000e+00  1.000000e+00
   outer loop
     vertex  2.437375e+01  1.241955e+01  2.750000e+01
     vertex  2.433063e+01  1.243733e+01  2.750000e+01
     vertex  2.372033e+01  1.101254e+01  2.750000e+01
   endloop
 endfacet
 facet normal  0.000000e+00  0.000000e+00  1.000000e+00
   outer loop
     vertex  2.341529e+01  1.338461e+01  2.750000e+01
     vertex  2.197041e+01  1.282352e+01  2.750000e+01
     vertex  2.200383e+01  1.274085e+01  2.750000e+01
   endloop
 endfacet
 facet normal  0.000000e+00  0.000000e+00  1.000000e+00
   outer loop
     vertex  2.341529e+01  1.338461e+01  2.750000e+01
     vertex  2.200383e+01  1.274085e+01  2.750000e+01
     vertex  2.343277e+01  1.334137e+01  2.750000e+01
   endloop
 endfacet
 facet normal  0.000000e+00  0.000000e+00  1.000000e+00
   outer loop
     vertex  2.441735e+01  1.240297e+01  2.750000e+01
     vertex  2.380277e+01  1.097855e+01  2.750000e+01
     vertex  2.388611e+01  1.094685e+01  2.750000e+01
   endloop
 endfacet
 facet normal  0.000000e+00  0.000000e+00  1.000000e+00
   outer loop
     vertex  2.441735e+01  1.240297e+01  2.750000e+01
     vertex  2.437375e+01  1.241955e+01  2.750000e+01
     vertex  2.380277e+01  1.097855e+01  2.750000e+01
   endloop
 endfacet
 facet normal  0.000000e+00  0.000000e+00  1.000000e+00
   outer loop
     vertex  2.339901e+01  1.342832e+01  2.750000e+01
     vertex  2.193928e+01  1.290708e+01  2.750000e+01
     vertex  2.197041e+01  1.282352e+01  2.750000e+01
   endloop
 endfacet
 facet normal  0.000000e+00  0.000000e+00  1.000000e+00
   outer loop
     vertex  2.339901e+01  1.342832e+01  2.750000e+01
     vertex  2.197041e+01  1.282352e+01  2.750000e+01
     vertex  2.341529e+01  1.338461e+01  2.750000e+01
   endloop
 endfacet
 facet normal  0.000000e+00  0.000000e+00  1.000000e+00
   outer loop
     vertex  2.446138e+01  1.238758e+01  2.750000e+01
     vertex  2.388611e+01  1.094685e+01  2.750000e+01
     vertex  2.397029e+01  1.091744e+01  2.750000e+01
   endloop
 endfacet
 facet normal  0.000000e+00  0.000000e+00  1.000000e+00
   outer loop
     vertex  2.446138e+01  1.238758e+01  2.750000e+01
     vertex  2.441735e+01  1.240297e+01  2.750000e+01
     vertex  2.388611e+01  1.094685e+01  2.750000e+01
   endloop
 endfacet
 facet normal  0.000000e+00  0.000000e+00  1.000000e+00
   outer loop
     vertex  2.338393e+01  1.347245e+01  2.750000e+01
     vertex  2.191045e+01  1.299146e+01  2.750000e+01
     vertex  2.193928e+01  1.290708e+01  2.750000e+01
   endloop
 endfacet
 facet normal  0.000000e+00  0.000000e+00  1.000000e+00
   outer loop
     vertex  2.338393e+01  1.347245e+01  2.750000e+01
     vertex  2.193928e+01  1.290708e+01  2.750000e+01
     vertex  2.339901e+01  1.342832e+01  2.750000e+01
   endloop
 endfacet
 facet normal  0.000000e+00  0.000000e+00  1.000000e+00
   outer loop
     vertex  2.450582e+01  1.237341e+01  2.750000e+01
     vertex  2.446138e+01  1.238758e+01  2.750000e+01
     vertex  2.397029e+01  1.091744e+01  2.750000e+01
   endloop
 endfacet
 facet normal  0.000000e+00  0.000000e+00  1.000000e+00
   outer loop
     vertex  2.450582e+01  1.237341e+01  2.750000e+01
     vertex  2.397029e+01  1.091744e+01  2.750000e+01
     vertex  2.405524e+01  1.089035e+01  2.750000e+01
   endloop
 endfacet
 facet normal  0.000000e+00  0.000000e+00  1.000000e+00
   outer loop
     vertex  2.337006e+01  1.351699e+01  2.750000e+01
     vertex  2.188394e+01  1.307659e+01  2.750000e+01
     vertex  2.191045e+01  1.299146e+01  2.750000e+01
   endloop
 endfacet
 facet normal  0.000000e+00  0.000000e+00  1.000000e+00
   outer loop
     vertex  2.337006e+01  1.351699e+01  2.750000e+01
     vertex  2.191045e+01  1.299146e+01  2.750000e+01
     vertex  2.338393e+01  1.347245e+01  2.750000e+01
   endloop
 endfacet
 facet normal  0.000000e+00  0.000000e+00  1.000000e+00
   outer loop
     vertex  2.455063e+01  1.236047e+01  2.750000e+01
     vertex  2.450582e+01  1.237341e+01  2.750000e+01
     vertex  2.405524e+01  1.089035e+01  2.750000e+01
   endloop
 endfacet
 facet normal  0.000000e+00  0.000000e+00  1.000000e+00
   outer loop
     vertex  2.455063e+01  1.236047e+01  2.750000e+01
     vertex  2.405524e+01  1.089035e+01  2.750000e+01
     vertex  2.414091e+01  1.086560e+01  2.750000e+01
   endloop
 endfacet
 facet normal  0.000000e+00  0.000000e+00  1.000000e+00
   outer loop
     vertex  2.335742e+01  1.356189e+01  2.750000e+01
     vertex  2.185978e+01  1.316243e+01  2.750000e+01
     vertex  2.188394e+01  1.307659e+01  2.750000e+01
   endloop
 endfacet
 facet normal  0.000000e+00  0.000000e+00  1.000000e+00
   outer loop
     vertex  2.335742e+01  1.356189e+01  2.750000e+01
     vertex  2.188394e+01  1.307659e+01  2.750000e+01
     vertex  2.337006e+01  1.351699e+01  2.750000e+01
   endloop
 endfacet
 facet normal  0.000000e+00  0.000000e+00  1.000000e+00
   outer loop
     vertex  2.459578e+01  1.234876e+01  2.750000e+01
     vertex  2.455063e+01  1.236047e+01  2.750000e+01
     vertex  2.414091e+01  1.086560e+01  2.750000e+01
   endloop
 endfacet
 facet normal  0.000000e+00  0.000000e+00  1.000000e+00
   outer loop
     vertex  2.459578e+01  1.234876e+01  2.750000e+01
     vertex  2.414091e+01  1.086560e+01  2.750000e+01
     vertex  2.422722e+01  1.084321e+01  2.750000e+01
   endloop
 endfacet
 facet normal  0.000000e+00  0.000000e+00  1.000000e+00
   outer loop
     vertex  2.459578e+01  1.234876e+01  2.750000e+01
     vertex  2.422722e+01  1.084321e+01  2.750000e+01
     vertex  2.431411e+01  1.082320e+01  2.750000e+01
   endloop
 endfacet
 facet normal  0.000000e+00  0.000000e+00  1.000000e+00
   outer loop
     vertex  2.334602e+01  1.360711e+01  2.750000e+01
     vertex  2.185978e+01  1.316243e+01  2.750000e+01
     vertex  2.335742e+01  1.356189e+01  2.750000e+01
   endloop
 endfacet
 facet normal  0.000000e+00  0.000000e+00  1.000000e+00
   outer loop
     vertex  2.334602e+01  1.360711e+01  2.750000e+01
     vertex  2.183799e+01  1.324889e+01  2.750000e+01
     vertex  2.185978e+01  1.316243e+01  2.750000e+01
   endloop
 endfacet
 facet normal  0.000000e+00  0.000000e+00  1.000000e+00
   outer loop
     vertex  2.464123e+01  1.233829e+01  2.750000e+01
     vertex  2.459578e+01  1.234876e+01  2.750000e+01
     vertex  2.431411e+01  1.082320e+01  2.750000e+01
   endloop
 endfacet
 facet normal  0.000000e+00  0.000000e+00  1.000000e+00
   outer loop
     vertex  2.333587e+01  1.365264e+01  2.750000e+01
     vertex  2.181857e+01  1.333592e+01  2.750000e+01
     vertex  2.183799e+01  1.324889e+01  2.750000e+01
   endloop
 endfacet
 facet normal  0.000000e+00  0.000000e+00  1.000000e+00
   outer loop
     vertex  2.333587e+01  1.365264e+01  2.750000e+01
     vertex  2.183799e+01  1.324889e+01  2.750000e+01
     vertex  2.334602e+01  1.360711e+01  2.750000e+01
   endloop
 endfacet
 facet normal  0.000000e+00  0.000000e+00  1.000000e+00
   outer loop
     vertex  2.468695e+01  1.232907e+01  2.750000e+01
     vertex  2.464123e+01  1.233829e+01  2.750000e+01
     vertex  2.431411e+01  1.082320e+01  2.750000e+01
   endloop
 endfacet
 facet normal  0.000000e+00  0.000000e+00  1.000000e+00
   outer loop
     vertex  2.468695e+01  1.232907e+01  2.750000e+01
     vertex  2.431411e+01  1.082320e+01  2.750000e+01
     vertex  2.440153e+01  1.080558e+01  2.750000e+01
   endloop
 endfacet
 facet normal  0.000000e+00  0.000000e+00  1.000000e+00
   outer loop
     vertex  2.332696e+01  1.369842e+01  2.750000e+01
     vertex  2.181857e+01  1.333592e+01  2.750000e+01
     vertex  2.333587e+01  1.365264e+01  2.750000e+01
   endloop
 endfacet
 facet normal  0.000000e+00  0.000000e+00  1.000000e+00
   outer loop
     vertex  2.332696e+01  1.369842e+01  2.750000e+01
     vertex  2.180155e+01  1.342345e+01  2.750000e+01
     vertex  2.181857e+01  1.333592e+01  2.750000e+01
   endloop
 endfacet
 facet normal  0.000000e+00  0.000000e+00  1.000000e+00
   outer loop
     vertex  2.473291e+01  1.232111e+01  2.750000e+01
     vertex  2.440153e+01  1.080558e+01  2.750000e+01
     vertex  2.448939e+01  1.079036e+01  2.750000e+01
   endloop
 endfacet
 facet normal  0.000000e+00  0.000000e+00  1.000000e+00
   outer loop
     vertex  2.473291e+01  1.232111e+01  2.750000e+01
     vertex  2.468695e+01  1.232907e+01  2.750000e+01
     vertex  2.440153e+01  1.080558e+01  2.750000e+01
   endloop
 endfacet
 facet normal  0.000000e+00  0.000000e+00  1.000000e+00
   outer loop
     vertex  2.331932e+01  1.374443e+01  2.750000e+01
     vertex  2.180155e+01  1.342345e+01  2.750000e+01
     vertex  2.332696e+01  1.369842e+01  2.750000e+01
   endloop
 endfacet
 facet normal  0.000000e+00  0.000000e+00  1.000000e+00
   outer loop
     vertex  2.331932e+01  1.374443e+01  2.750000e+01
     vertex  2.178694e+01  1.351141e+01  2.750000e+01
     vertex  2.180155e+01  1.342345e+01  2.750000e+01
   endloop
 endfacet
 facet normal  0.000000e+00  0.000000e+00  1.000000e+00
   outer loop
     vertex  2.477907e+01  1.231442e+01  2.750000e+01
     vertex  2.473291e+01  1.232111e+01  2.750000e+01
     vertex  2.448939e+01  1.079036e+01  2.750000e+01
   endloop
 endfacet
 facet normal  0.000000e+00  0.000000e+00  1.000000e+00
   outer loop
     vertex  2.477907e+01  1.231442e+01  2.750000e+01
     vertex  2.448939e+01  1.079036e+01  2.750000e+01
     vertex  2.457763e+01  1.077756e+01  2.750000e+01
   endloop
 endfacet
 facet normal  0.000000e+00  0.000000e+00  1.000000e+00
   outer loop
     vertex  2.477907e+01  1.231442e+01  2.750000e+01
     vertex  2.457763e+01  1.077756e+01  2.750000e+01
     vertex  2.466620e+01  1.076719e+01  2.750000e+01
   endloop
 endfacet
 facet normal  0.000000e+00  0.000000e+00  1.000000e+00
   outer loop
     vertex  2.331294e+01  1.379064e+01  2.750000e+01
     vertex  2.177474e+01  1.359975e+01  2.750000e+01
     vertex  2.178694e+01  1.351141e+01  2.750000e+01
   endloop
 endfacet
 facet normal  0.000000e+00  0.000000e+00  1.000000e+00
   outer loop
     vertex  2.331294e+01  1.379064e+01  2.750000e+01
     vertex  2.178694e+01  1.351141e+01  2.750000e+01
     vertex  2.331932e+01  1.374443e+01  2.750000e+01
   endloop
 endfacet
 facet normal  0.000000e+00  0.000000e+00  1.000000e+00
   outer loop
     vertex  2.482539e+01  1.230899e+01  2.750000e+01
     vertex  2.477907e+01  1.231442e+01  2.750000e+01
     vertex  2.466620e+01  1.076719e+01  2.750000e+01
   endloop
 endfacet
 facet normal  0.000000e+00  0.000000e+00  1.000000e+00
   outer loop
     vertex  2.330783e+01  1.383700e+01  2.750000e+01
     vertex  2.176497e+01  1.368838e+01  2.750000e+01
     vertex  2.177474e+01  1.359975e+01  2.750000e+01
   endloop
 endfacet
 facet normal  0.000000e+00  0.000000e+00  1.000000e+00
   outer loop
     vertex  2.330783e+01  1.383700e+01  2.750000e+01
     vertex  2.177474e+01  1.359975e+01  2.750000e+01
     vertex  2.331294e+01  1.379064e+01  2.750000e+01
   endloop
 endfacet
 facet normal  0.000000e+00  0.000000e+00  1.000000e+00
   outer loop
     vertex  2.487185e+01  1.230484e+01  2.750000e+01
     vertex  2.466620e+01  1.076719e+01  2.750000e+01
     vertex  2.475501e+01  1.075925e+01  2.750000e+01
   endloop
 endfacet
 facet normal  0.000000e+00  0.000000e+00  1.000000e+00
   outer loop
     vertex  2.487185e+01  1.230484e+01  2.750000e+01
     vertex  2.475501e+01  1.075925e+01  2.750000e+01
     vertex  2.484401e+01  1.075375e+01  2.750000e+01
   endloop
 endfacet
 facet normal  0.000000e+00  0.000000e+00  1.000000e+00
   outer loop
     vertex  2.487185e+01  1.230484e+01  2.750000e+01
     vertex  2.482539e+01  1.230899e+01  2.750000e+01
     vertex  2.466620e+01  1.076719e+01  2.750000e+01
   endloop
 endfacet
 facet normal  0.000000e+00  0.000000e+00  1.000000e+00
   outer loop
     vertex  2.330400e+01  1.388348e+01  2.750000e+01
     vertex  2.175764e+01  1.377725e+01  2.750000e+01
     vertex  2.176497e+01  1.368838e+01  2.750000e+01
   endloop
 endfacet
 facet normal  0.000000e+00  0.000000e+00  1.000000e+00
   outer loop
     vertex  2.330400e+01  1.388348e+01  2.750000e+01
     vertex  2.176497e+01  1.368838e+01  2.750000e+01
     vertex  2.330783e+01  1.383700e+01  2.750000e+01
   endloop
 endfacet
 facet normal  0.000000e+00  0.000000e+00  1.000000e+00
   outer loop
     vertex  2.491840e+01  1.230196e+01  2.750000e+01
     vertex  2.487185e+01  1.230484e+01  2.750000e+01
     vertex  2.484401e+01  1.075375e+01  2.750000e+01
   endloop
 endfacet
 facet normal  0.000000e+00  0.000000e+00  1.000000e+00
   outer loop
     vertex  2.330144e+01  1.393005e+01  2.750000e+01
     vertex  2.175275e+01  1.386628e+01  2.750000e+01
     vertex  2.175764e+01  1.377725e+01  2.750000e+01
   endloop
 endfacet
 facet normal  0.000000e+00  0.000000e+00  1.000000e+00
   outer loop
     vertex  2.330144e+01  1.393005e+01  2.750000e+01
     vertex  2.175764e+01  1.377725e+01  2.750000e+01
     vertex  2.330400e+01  1.388348e+01  2.750000e+01
   endloop
 endfacet
 facet normal  0.000000e+00  0.000000e+00  1.000000e+00
   outer loop
     vertex  2.496502e+01  1.230036e+01  2.750000e+01
     vertex  2.491840e+01  1.230196e+01  2.750000e+01
     vertex  2.484401e+01  1.075375e+01  2.750000e+01
   endloop
 endfacet
 facet normal  0.000000e+00  0.000000e+00  1.000000e+00
   outer loop
     vertex  2.496502e+01  1.230036e+01  2.750000e+01
     vertex  2.484401e+01  1.075375e+01  2.750000e+01
     vertex  2.493313e+01  1.075069e+01  2.750000e+01
   endloop
 endfacet
 facet normal  0.000000e+00  0.000000e+00  1.000000e+00
   outer loop
     vertex  2.330016e+01  1.397668e+01  2.750000e+01
     vertex  2.175031e+01  1.395542e+01  2.750000e+01
     vertex  2.175275e+01  1.386628e+01  2.750000e+01
   endloop
 endfacet
 facet normal  0.000000e+00  0.000000e+00  1.000000e+00
   outer loop
     vertex  2.330016e+01  1.397668e+01  2.750000e+01
     vertex  2.175275e+01  1.386628e+01  2.750000e+01
     vertex  2.330144e+01  1.393005e+01  2.750000e+01
   endloop
 endfacet
 facet normal  0.000000e+00  0.000000e+00  1.000000e+00
   outer loop
     vertex  2.501166e+01  1.230004e+01  2.750000e+01
     vertex  2.496502e+01  1.230036e+01  2.750000e+01
     vertex  2.493313e+01  1.075069e+01  2.750000e+01
   endloop
 endfacet
 facet normal  0.000000e+00  0.000000e+00  1.000000e+00
   outer loop
     vertex  2.501166e+01  1.230004e+01  2.750000e+01
     vertex  2.493313e+01  1.075069e+01  2.750000e+01
     vertex  2.502229e+01  1.075008e+01  2.750000e+01
   endloop
 endfacet
 facet normal  0.000000e+00  0.000000e+00  1.000000e+00
   outer loop
     vertex  2.330016e+01  1.402332e+01  2.750000e+01
     vertex  2.175031e+01  1.404458e+01  2.750000e+01
     vertex  2.175031e+01  1.395542e+01  2.750000e+01
   endloop
 endfacet
 facet normal  0.000000e+00  0.000000e+00  1.000000e+00
   outer loop
     vertex  2.330016e+01  1.402332e+01  2.750000e+01
     vertex  2.175031e+01  1.395542e+01  2.750000e+01
     vertex  2.330016e+01  1.397668e+01  2.750000e+01
   endloop
 endfacet
 facet normal  0.000000e+00  0.000000e+00  1.000000e+00
   outer loop
     vertex  2.505829e+01  1.230100e+01  2.750000e+01
     vertex  2.501166e+01  1.230004e+01  2.750000e+01
     vertex  2.502229e+01  1.075008e+01  2.750000e+01
   endloop
 endfacet
 facet normal  0.000000e+00  0.000000e+00  1.000000e+00
   outer loop
     vertex  2.505829e+01  1.230100e+01  2.750000e+01
     vertex  2.502229e+01  1.075008e+01  2.750000e+01
     vertex  2.511144e+01  1.075191e+01  2.750000e+01
   endloop
 endfacet
 facet normal  0.000000e+00  0.000000e+00  1.000000e+00
   outer loop
     vertex  2.330144e+01  1.406995e+01  2.750000e+01
     vertex  2.175275e+01  1.413372e+01  2.750000e+01
     vertex  2.175031e+01  1.404458e+01  2.750000e+01
   endloop
 endfacet
 facet normal  0.000000e+00  0.000000e+00  1.000000e+00
   outer loop
     vertex  2.330144e+01  1.406995e+01  2.750000e+01
     vertex  2.175031e+01  1.404458e+01  2.750000e+01
     vertex  2.330016e+01  1.402332e+01  2.750000e+01
   endloop
 endfacet
 facet normal  0.000000e+00  0.000000e+00  1.000000e+00
   outer loop
     vertex  2.510488e+01  1.230324e+01  2.750000e+01
     vertex  2.505829e+01  1.230100e+01  2.750000e+01
     vertex  2.511144e+01  1.075191e+01  2.750000e+01
   endloop
 endfacet
 facet normal  0.000000e+00  0.000000e+00  1.000000e+00
   outer loop
     vertex  2.510488e+01  1.230324e+01  2.750000e+01
     vertex  2.511144e+01  1.075191e+01  2.750000e+01
     vertex  2.520051e+01  1.075619e+01  2.750000e+01
   endloop
 endfacet
 facet normal  0.000000e+00  0.000000e+00  1.000000e+00
   outer loop
     vertex  2.330400e+01  1.411652e+01  2.750000e+01
     vertex  2.175764e+01  1.422275e+01  2.750000e+01
     vertex  2.175275e+01  1.413372e+01  2.750000e+01
   endloop
 endfacet
 facet normal  0.000000e+00  0.000000e+00  1.000000e+00
   outer loop
     vertex  2.330400e+01  1.411652e+01  2.750000e+01
     vertex  2.175275e+01  1.413372e+01  2.750000e+01
     vertex  2.330144e+01  1.406995e+01  2.750000e+01
   endloop
 endfacet
 facet normal  0.000000e+00  0.000000e+00  1.000000e+00
   outer loop
     vertex  2.515139e+01  1.230675e+01  2.750000e+01
     vertex  2.510488e+01  1.230324e+01  2.750000e+01
     vertex  2.520051e+01  1.075619e+01  2.750000e+01
   endloop
 endfacet
 facet normal  0.000000e+00  0.000000e+00  1.000000e+00
   outer loop
     vertex  2.515139e+01  1.230675e+01  2.750000e+01
     vertex  2.520051e+01  1.075619e+01  2.750000e+01
     vertex  2.528942e+01  1.076291e+01  2.750000e+01
   endloop
 endfacet
 facet normal  0.000000e+00  0.000000e+00  1.000000e+00
   outer loop
     vertex  2.330783e+01  1.416300e+01  2.750000e+01
     vertex  2.176497e+01  1.431162e+01  2.750000e+01
     vertex  2.175764e+01  1.422275e+01  2.750000e+01
   endloop
 endfacet
 facet normal  0.000000e+00  0.000000e+00  1.000000e+00
   outer loop
     vertex  2.330783e+01  1.416300e+01  2.750000e+01
     vertex  2.175764e+01  1.422275e+01  2.750000e+01
     vertex  2.330400e+01  1.411652e+01  2.750000e+01
   endloop
 endfacet
 facet normal  0.000000e+00  0.000000e+00  1.000000e+00
   outer loop
     vertex  2.519779e+01  1.231154e+01  2.750000e+01
     vertex  2.515139e+01  1.230675e+01  2.750000e+01
     vertex  2.528942e+01  1.076291e+01  2.750000e+01
   endloop
 endfacet
 facet normal  0.000000e+00  0.000000e+00  1.000000e+00
   outer loop
     vertex  2.519779e+01  1.231154e+01  2.750000e+01
     vertex  2.528942e+01  1.076291e+01  2.750000e+01
     vertex  2.537812e+01  1.077207e+01  2.750000e+01
   endloop
 endfacet
 facet normal  0.000000e+00  0.000000e+00  1.000000e+00
   outer loop
     vertex  2.331294e+01  1.420936e+01  2.750000e+01
     vertex  2.177474e+01  1.440025e+01  2.750000e+01
     vertex  2.176497e+01  1.431162e+01  2.750000e+01
   endloop
 endfacet
 facet normal  0.000000e+00  0.000000e+00  1.000000e+00
   outer loop
     vertex  2.331294e+01  1.420936e+01  2.750000e+01
     vertex  2.176497e+01  1.431162e+01  2.750000e+01
     vertex  2.330783e+01  1.416300e+01  2.750000e+01
   endloop
 endfacet
 facet normal  0.000000e+00  0.000000e+00  1.000000e+00
   outer loop
     vertex  2.524403e+01  1.231761e+01  2.750000e+01
     vertex  2.519779e+01  1.231154e+01  2.750000e+01
     vertex  2.537812e+01  1.077207e+01  2.750000e+01
   endloop
 endfacet
 facet normal  0.000000e+00  0.000000e+00  1.000000e+00
   outer loop
     vertex  2.524403e+01  1.231761e+01  2.750000e+01
     vertex  2.537812e+01  1.077207e+01  2.750000e+01
     vertex  2.546653e+01  1.078366e+01  2.750000e+01
   endloop
 endfacet
 facet normal  0.000000e+00  0.000000e+00  1.000000e+00
   outer loop
     vertex  2.331932e+01  1.425557e+01  2.750000e+01
     vertex  2.178694e+01  1.448859e+01  2.750000e+01
     vertex  2.177474e+01  1.440025e+01  2.750000e+01
   endloop
 endfacet
 facet normal  0.000000e+00  0.000000e+00  1.000000e+00
   outer loop
     vertex  2.331932e+01  1.425557e+01  2.750000e+01
     vertex  2.177474e+01  1.440025e+01  2.750000e+01
     vertex  2.331294e+01  1.420936e+01  2.750000e+01
   endloop
 endfacet
 facet normal  0.000000e+00  0.000000e+00  1.000000e+00
   outer loop
     vertex  2.529010e+01  1.232493e+01  2.750000e+01
     vertex  2.524403e+01  1.231761e+01  2.750000e+01
     vertex  2.546653e+01  1.078366e+01  2.750000e+01
   endloop
 endfacet
 facet normal  0.000000e+00  0.000000e+00  1.000000e+00
   outer loop
     vertex  2.529010e+01  1.232493e+01  2.750000e+01
     vertex  2.546653e+01  1.078366e+01  2.750000e+01
     vertex  2.555460e+01  1.079767e+01  2.750000e+01
   endloop
 endfacet
 facet normal  0.000000e+00  0.000000e+00  1.000000e+00
   outer loop
     vertex  2.332696e+01  1.430158e+01  2.750000e+01
     vertex  2.181857e+01  1.466408e+01  2.750000e+01
     vertex  2.180155e+01  1.457655e+01  2.750000e+01
   endloop
 endfacet
 facet normal  0.000000e+00  0.000000e+00  1.000000e+00
   outer loop
     vertex  2.332696e+01  1.430158e+01  2.750000e+01
     vertex  2.180155e+01  1.457655e+01  2.750000e+01
     vertex  2.178694e+01  1.448859e+01  2.750000e+01
   endloop
 endfacet
 facet normal  0.000000e+00  0.000000e+00  1.000000e+00
   outer loop
     vertex  2.332696e+01  1.430158e+01  2.750000e+01
     vertex  2.178694e+01  1.448859e+01  2.750000e+01
     vertex  2.331932e+01  1.425557e+01  2.750000e+01
   endloop
 endfacet
 facet normal  0.000000e+00  0.000000e+00  1.000000e+00
   outer loop
     vertex  2.533594e+01  1.233352e+01  2.750000e+01
     vertex  2.529010e+01  1.232493e+01  2.750000e+01
     vertex  2.555460e+01  1.079767e+01  2.750000e+01
   endloop
 endfacet
 facet normal  0.000000e+00  0.000000e+00  1.000000e+00
   outer loop
     vertex  2.533594e+01  1.233352e+01  2.750000e+01
     vertex  2.555460e+01  1.079767e+01  2.750000e+01
     vertex  2.564224e+01  1.081409e+01  2.750000e+01
   endloop
 endfacet
 facet normal  0.000000e+00  0.000000e+00  1.000000e+00
   outer loop
     vertex  2.533594e+01  1.233352e+01  2.750000e+01
     vertex  2.564224e+01  1.081409e+01  2.750000e+01
     vertex  2.572940e+01  1.083291e+01  2.750000e+01
   endloop
 endfacet
 facet normal  0.000000e+00  0.000000e+00  1.000000e+00
   outer loop
     vertex  2.333587e+01  1.434736e+01  2.750000e+01
     vertex  2.181857e+01  1.466408e+01  2.750000e+01
     vertex  2.332696e+01  1.430158e+01  2.750000e+01
   endloop
 endfacet
 facet normal  0.000000e+00  0.000000e+00  1.000000e+00
   outer loop
     vertex  2.538153e+01  1.234337e+01  2.750000e+01
     vertex  2.533594e+01  1.233352e+01  2.750000e+01
     vertex  2.572940e+01  1.083291e+01  2.750000e+01
   endloop
 endfacet
 facet normal  0.000000e+00  0.000000e+00  1.000000e+00
   outer loop
     vertex  2.334602e+01  1.439289e+01  2.750000e+01
     vertex  2.183799e+01  1.475111e+01  2.750000e+01
     vertex  2.181857e+01  1.466408e+01  2.750000e+01
   endloop
 endfacet
 facet normal  0.000000e+00  0.000000e+00  1.000000e+00
   outer loop
     vertex  2.334602e+01  1.439289e+01  2.750000e+01
     vertex  2.181857e+01  1.466408e+01  2.750000e+01
     vertex  2.333587e+01  1.434736e+01  2.750000e+01
   endloop
 endfacet
 facet normal  0.000000e+00  0.000000e+00  1.000000e+00
   outer loop
     vertex  2.542684e+01  1.235446e+01  2.750000e+01
     vertex  2.538153e+01  1.234337e+01  2.750000e+01
     vertex  2.572940e+01  1.083291e+01  2.750000e+01
   endloop
 endfacet
 facet normal  0.000000e+00  0.000000e+00  1.000000e+00
   outer loop
     vertex  2.542684e+01  1.235446e+01  2.750000e+01
     vertex  2.572940e+01  1.083291e+01  2.750000e+01
     vertex  2.581601e+01  1.085411e+01  2.750000e+01
   endloop
 endfacet
 facet normal  0.000000e+00  0.000000e+00  1.000000e+00
   outer loop
     vertex  2.335742e+01  1.443811e+01  2.750000e+01
     vertex  2.185978e+01  1.483757e+01  2.750000e+01
     vertex  2.183799e+01  1.475111e+01  2.750000e+01
   endloop
 endfacet
 facet normal  0.000000e+00  0.000000e+00  1.000000e+00
   outer loop
     vertex  2.335742e+01  1.443811e+01  2.750000e+01
     vertex  2.183799e+01  1.475111e+01  2.750000e+01
     vertex  2.334602e+01  1.439289e+01  2.750000e+01
   endloop
 endfacet
 facet normal  0.000000e+00  0.000000e+00  1.000000e+00
   outer loop
     vertex  2.547182e+01  1.236679e+01  2.750000e+01
     vertex  2.542684e+01  1.235446e+01  2.750000e+01
     vertex  2.581601e+01  1.085411e+01  2.750000e+01
   endloop
 endfacet
 facet normal  0.000000e+00  0.000000e+00  1.000000e+00
   outer loop
     vertex  2.547182e+01  1.236679e+01  2.750000e+01
     vertex  2.581601e+01  1.085411e+01  2.750000e+01
     vertex  2.590201e+01  1.087768e+01  2.750000e+01
   endloop
 endfacet
 facet normal  0.000000e+00  0.000000e+00  1.000000e+00
   outer loop
     vertex  2.337006e+01  1.448301e+01  2.750000e+01
     vertex  2.188394e+01  1.492341e+01  2.750000e+01
     vertex  2.185978e+01  1.483757e+01  2.750000e+01
   endloop
 endfacet
 facet normal  0.000000e+00  0.000000e+00  1.000000e+00
   outer loop
     vertex  2.337006e+01  1.448301e+01  2.750000e+01
     vertex  2.185978e+01  1.483757e+01  2.750000e+01
     vertex  2.335742e+01  1.443811e+01  2.750000e+01
   endloop
 endfacet
 facet normal  0.000000e+00  0.000000e+00  1.000000e+00
   outer loop
     vertex  2.551645e+01  1.238035e+01  2.750000e+01
     vertex  2.590201e+01  1.087768e+01  2.750000e+01
     vertex  2.598733e+01  1.090360e+01  2.750000e+01
   endloop
 endfacet
 facet normal  0.000000e+00  0.000000e+00  1.000000e+00
   outer loop
     vertex  2.551645e+01  1.238035e+01  2.750000e+01
     vertex  2.547182e+01  1.236679e+01  2.750000e+01
     vertex  2.590201e+01  1.087768e+01  2.750000e+01
   endloop
 endfacet
 facet normal  0.000000e+00  0.000000e+00  1.000000e+00
   outer loop
     vertex  2.338393e+01  1.452755e+01  2.750000e+01
     vertex  2.191045e+01  1.500854e+01  2.750000e+01
     vertex  2.188394e+01  1.492341e+01  2.750000e+01
   endloop
 endfacet
 facet normal  0.000000e+00  0.000000e+00  1.000000e+00
   outer loop
     vertex  2.338393e+01  1.452755e+01  2.750000e+01
     vertex  2.188394e+01  1.492341e+01  2.750000e+01
     vertex  2.337006e+01  1.448301e+01  2.750000e+01
   endloop
 endfacet
 facet normal  0.000000e+00  0.000000e+00  1.000000e+00
   outer loop
     vertex  2.556069e+01  1.239512e+01  2.750000e+01
     vertex  2.551645e+01  1.238035e+01  2.750000e+01
     vertex  2.598733e+01  1.090360e+01  2.750000e+01
   endloop
 endfacet
 facet normal  0.000000e+00  0.000000e+00  1.000000e+00
   outer loop
     vertex  2.556069e+01  1.239512e+01  2.750000e+01
     vertex  2.598733e+01  1.090360e+01  2.750000e+01
     vertex  2.607190e+01  1.093185e+01  2.750000e+01
   endloop
 endfacet
 facet normal  0.000000e+00  0.000000e+00  1.000000e+00
   outer loop
     vertex  2.339901e+01  1.457168e+01  2.750000e+01
     vertex  2.193928e+01  1.509292e+01  2.750000e+01
     vertex  2.191045e+01  1.500854e+01  2.750000e+01
   endloop
 endfacet
 facet normal  0.000000e+00  0.000000e+00  1.000000e+00
   outer loop
     vertex  2.339901e+01  1.457168e+01  2.750000e+01
     vertex  2.191045e+01  1.500854e+01  2.750000e+01
     vertex  2.338393e+01  1.452755e+01  2.750000e+01
   endloop
 endfacet
 facet normal  0.000000e+00  0.000000e+00  1.000000e+00
   outer loop
     vertex  2.560451e+01  1.241111e+01  2.750000e+01
     vertex  2.607190e+01  1.093185e+01  2.750000e+01
     vertex  2.615567e+01  1.096242e+01  2.750000e+01
   endloop
 endfacet
 facet normal  0.000000e+00  0.000000e+00  1.000000e+00
   outer loop
     vertex  2.560451e+01  1.241111e+01  2.750000e+01
     vertex  2.556069e+01  1.239512e+01  2.750000e+01
     vertex  2.607190e+01  1.093185e+01  2.750000e+01
   endloop
 endfacet
 facet normal  0.000000e+00  0.000000e+00  1.000000e+00
   outer loop
     vertex  2.341529e+01  1.461539e+01  2.750000e+01
     vertex  2.197041e+01  1.517648e+01  2.750000e+01
     vertex  2.193928e+01  1.509292e+01  2.750000e+01
   endloop
 endfacet
 facet normal  0.000000e+00  0.000000e+00  1.000000e+00
   outer loop
     vertex  2.341529e+01  1.461539e+01  2.750000e+01
     vertex  2.193928e+01  1.509292e+01  2.750000e+01
     vertex  2.339901e+01  1.457168e+01  2.750000e+01
   endloop
 endfacet
 facet normal  0.000000e+00  0.000000e+00  1.000000e+00
   outer loop
     vertex  2.564787e+01  1.242829e+01  2.750000e+01
     vertex  2.560451e+01  1.241111e+01  2.750000e+01
     vertex  2.615567e+01  1.096242e+01  2.750000e+01
   endloop
 endfacet
 facet normal  0.000000e+00  0.000000e+00  1.000000e+00
   outer loop
     vertex  2.564787e+01  1.242829e+01  2.750000e+01
     vertex  2.615567e+01  1.096242e+01  2.750000e+01
     vertex  2.623857e+01  1.099526e+01  2.750000e+01
   endloop
 endfacet
 facet normal  0.000000e+00  0.000000e+00  1.000000e+00
   outer loop
     vertex  2.343277e+01  1.465863e+01  2.750000e+01
     vertex  2.200383e+01  1.525915e+01  2.750000e+01
     vertex  2.197041e+01  1.517648e+01  2.750000e+01
   endloop
 endfacet
 facet normal  0.000000e+00  0.000000e+00  1.000000e+00
   outer loop
     vertex  2.343277e+01  1.465863e+01  2.750000e+01
     vertex  2.197041e+01  1.517648e+01  2.750000e+01
     vertex  2.341529e+01  1.461539e+01  2.750000e+01
   endloop
 endfacet
 facet normal  0.000000e+00  0.000000e+00  1.000000e+00
   outer loop
     vertex  2.569074e+01  1.244666e+01  2.750000e+01
     vertex  2.564787e+01  1.242829e+01  2.750000e+01
     vertex  2.623857e+01  1.099526e+01  2.750000e+01
   endloop
 endfacet
 facet normal  0.000000e+00  0.000000e+00  1.000000e+00
   outer loop
     vertex  2.569074e+01  1.244666e+01  2.750000e+01
     vertex  2.623857e+01  1.099526e+01  2.750000e+01
     vertex  2.632054e+01  1.103037e+01  2.750000e+01
   endloop
 endfacet
 facet normal  0.000000e+00  0.000000e+00  1.000000e+00
   outer loop
     vertex  2.345143e+01  1.470138e+01  2.750000e+01
     vertex  2.200383e+01  1.525915e+01  2.750000e+01
     vertex  2.343277e+01  1.465863e+01  2.750000e+01
   endloop
 endfacet
 facet normal  0.000000e+00  0.000000e+00  1.000000e+00
   outer loop
     vertex  2.345143e+01  1.470138e+01  2.750000e+01
     vertex  2.203950e+01  1.534087e+01  2.750000e+01
     vertex  2.200383e+01  1.525915e+01  2.750000e+01
   endloop
 endfacet
 facet normal  0.000000e+00  0.000000e+00  1.000000e+00
   outer loop
     vertex  2.573310e+01  1.246619e+01  2.750000e+01
     vertex  2.569074e+01  1.244666e+01  2.750000e+01
     vertex  2.632054e+01  1.103037e+01  2.750000e+01
   endloop
 endfacet
 facet normal  0.000000e+00  0.000000e+00  1.000000e+00
   outer loop
     vertex  2.573310e+01  1.246619e+01  2.750000e+01
     vertex  2.632054e+01  1.103037e+01  2.750000e+01
     vertex  2.640151e+01  1.106772e+01  2.750000e+01
   endloop
 endfacet
 facet normal  0.000000e+00  0.000000e+00  1.000000e+00
   outer loop
     vertex  2.347126e+01  1.474360e+01  2.750000e+01
     vertex  2.203950e+01  1.534087e+01  2.750000e+01
     vertex  2.345143e+01  1.470138e+01  2.750000e+01
   endloop
 endfacet
 facet normal  0.000000e+00  0.000000e+00  1.000000e+00
   outer loop
     vertex  2.347126e+01  1.474360e+01  2.750000e+01
     vertex  2.211750e+01  1.550123e+01  2.750000e+01
     vertex  2.207740e+01  1.542159e+01  2.750000e+01
   endloop
 endfacet
 facet normal  0.000000e+00  0.000000e+00  1.000000e+00
   outer loop
     vertex  2.347126e+01  1.474360e+01  2.750000e+01
     vertex  2.207740e+01  1.542159e+01  2.750000e+01
     vertex  2.203950e+01  1.534087e+01  2.750000e+01
   endloop
 endfacet
 facet normal  0.000000e+00  0.000000e+00  1.000000e+00
   outer loop
     vertex  2.577490e+01  1.248688e+01  2.750000e+01
     vertex  2.640151e+01  1.106772e+01  2.750000e+01
     vertex  2.648142e+01  1.110727e+01  2.750000e+01
   endloop
 endfacet
 facet normal  0.000000e+00  0.000000e+00  1.000000e+00
   outer loop
     vertex  2.577490e+01  1.248688e+01  2.750000e+01
     vertex  2.573310e+01  1.246619e+01  2.750000e+01
     vertex  2.640151e+01  1.106772e+01  2.750000e+01
   endloop
 endfacet
 facet normal  0.000000e+00  0.000000e+00  1.000000e+00
   outer loop
     vertex  2.349223e+01  1.478526e+01  2.750000e+01
     vertex  2.211750e+01  1.550123e+01  2.750000e+01
     vertex  2.347126e+01  1.474360e+01  2.750000e+01
   endloop
 endfacet
 facet normal  0.000000e+00  0.000000e+00  1.000000e+00
   outer loop
     vertex  2.581612e+01  1.250871e+01  2.750000e+01
     vertex  2.577490e+01  1.248688e+01  2.750000e+01
     vertex  2.648142e+01  1.110727e+01  2.750000e+01
   endloop
 endfacet
 facet normal  0.000000e+00  0.000000e+00  1.000000e+00
   outer loop
     vertex  2.581612e+01  1.250871e+01  2.750000e+01
     vertex  2.648142e+01  1.110727e+01  2.750000e+01
     vertex  2.656023e+01  1.114900e+01  2.750000e+01
   endloop
 endfacet
 facet normal  0.000000e+00  0.000000e+00  1.000000e+00
   outer loop
     vertex  2.351434e+01  1.482633e+01  2.750000e+01
     vertex  2.211750e+01  1.550123e+01  2.750000e+01
     vertex  2.349223e+01  1.478526e+01  2.750000e+01
   endloop
 endfacet
 facet normal  0.000000e+00  0.000000e+00  1.000000e+00
   outer loop
     vertex  2.351434e+01  1.482633e+01  2.750000e+01
     vertex  2.215977e+01  1.557975e+01  2.750000e+01
     vertex  2.211750e+01  1.550123e+01  2.750000e+01
   endloop
 endfacet
 facet normal  0.000000e+00  0.000000e+00  1.000000e+00
   outer loop
     vertex  2.585672e+01  1.253166e+01  2.750000e+01
     vertex  2.581612e+01  1.250871e+01  2.750000e+01
     vertex  2.656023e+01  1.114900e+01  2.750000e+01
   endloop
 endfacet
 facet normal  0.000000e+00  0.000000e+00  1.000000e+00
   outer loop
     vertex  2.585672e+01  1.253166e+01  2.750000e+01
     vertex  2.656023e+01  1.114900e+01  2.750000e+01
     vertex  2.663785e+01  1.119288e+01  2.750000e+01
   endloop
 endfacet
 facet normal  0.000000e+00  0.000000e+00  1.000000e+00
   outer loop
     vertex  2.353757e+01  1.486678e+01  2.750000e+01
     vertex  2.215977e+01  1.557975e+01  2.750000e+01
     vertex  2.351434e+01  1.482633e+01  2.750000e+01
   endloop
 endfacet
 facet normal  0.000000e+00  0.000000e+00  1.000000e+00
   outer loop
     vertex  2.353757e+01  1.486678e+01  2.750000e+01
     vertex  2.220418e+01  1.565707e+01  2.750000e+01
     vertex  2.215977e+01  1.557975e+01  2.750000e+01
   endloop
 endfacet
 facet normal  0.000000e+00  0.000000e+00  1.000000e+00
   outer loop
     vertex  2.589668e+01  1.255572e+01  2.750000e+01
     vertex  2.585672e+01  1.253166e+01  2.750000e+01
     vertex  2.663785e+01  1.119288e+01  2.750000e+01
   endloop
 endfacet
 facet normal  0.000000e+00  0.000000e+00  1.000000e+00
   outer loop
     vertex  2.589668e+01  1.255572e+01  2.750000e+01
     vertex  2.663785e+01  1.119288e+01  2.750000e+01
     vertex  2.671425e+01  1.123887e+01  2.750000e+01
   endloop
 endfacet
 facet normal  0.000000e+00  0.000000e+00  1.000000e+00
   outer loop
     vertex  2.356190e+01  1.490657e+01  2.750000e+01
     vertex  2.220418e+01  1.565707e+01  2.750000e+01
     vertex  2.353757e+01  1.486678e+01  2.750000e+01
   endloop
 endfacet
 facet normal  0.000000e+00  0.000000e+00  1.000000e+00
   outer loop
     vertex  2.356190e+01  1.490657e+01  2.750000e+01
     vertex  2.225069e+01  1.573315e+01  2.750000e+01
     vertex  2.220418e+01  1.565707e+01  2.750000e+01
   endloop
 endfacet
 facet normal  0.000000e+00  0.000000e+00  1.000000e+00
   outer loop
     vertex  2.593597e+01  1.258086e+01  2.750000e+01
     vertex  2.671425e+01  1.123887e+01  2.750000e+01
     vertex  2.678935e+01  1.128694e+01  2.750000e+01
   endloop
 endfacet
 facet normal  0.000000e+00  0.000000e+00  1.000000e+00
   outer loop
     vertex  2.593597e+01  1.258086e+01  2.750000e+01
     vertex  2.678935e+01  1.128694e+01  2.750000e+01
     vertex  2.686311e+01  1.133705e+01  2.750000e+01
   endloop
 endfacet
 facet normal  0.000000e+00  0.000000e+00  1.000000e+00
   outer loop
     vertex  2.593597e+01  1.258086e+01  2.750000e+01
     vertex  2.589668e+01  1.255572e+01  2.750000e+01
     vertex  2.671425e+01  1.123887e+01  2.750000e+01
   endloop
 endfacet
 facet normal  0.000000e+00  0.000000e+00  1.000000e+00
   outer loop
     vertex  2.358731e+01  1.494568e+01  2.750000e+01
     vertex  2.225069e+01  1.573315e+01  2.750000e+01
     vertex  2.356190e+01  1.490657e+01  2.750000e+01
   endloop
 endfacet
 facet normal  0.000000e+00  0.000000e+00  1.000000e+00
   outer loop
     vertex  2.358731e+01  1.494568e+01  2.750000e+01
     vertex  2.229927e+01  1.580792e+01  2.750000e+01
     vertex  2.225069e+01  1.573315e+01  2.750000e+01
   endloop
 endfacet
 facet normal  0.000000e+00  0.000000e+00  1.000000e+00
   outer loop
     vertex  2.597455e+01  1.260707e+01  2.750000e+01
     vertex  2.593597e+01  1.258086e+01  2.750000e+01
     vertex  2.686311e+01  1.133705e+01  2.750000e+01
   endloop
 endfacet
 facet normal  0.000000e+00  0.000000e+00  1.000000e+00
   outer loop
     vertex  2.361379e+01  1.498408e+01  2.750000e+01
     vertex  2.229927e+01  1.580792e+01  2.750000e+01
     vertex  2.358731e+01  1.494568e+01  2.750000e+01
   endloop
 endfacet
 facet normal  0.000000e+00  0.000000e+00  1.000000e+00
   outer loop
     vertex  2.361379e+01  1.498408e+01  2.750000e+01
     vertex  2.234989e+01  1.588133e+01  2.750000e+01
     vertex  2.229927e+01  1.580792e+01  2.750000e+01
   endloop
 endfacet
 facet normal  0.000000e+00  0.000000e+00  1.000000e+00
   outer loop
     vertex  2.601240e+01  1.263433e+01  2.750000e+01
     vertex  2.597455e+01  1.260707e+01  2.750000e+01
     vertex  2.686311e+01  1.133705e+01  2.750000e+01
   endloop
 endfacet
 facet normal  0.000000e+00  0.000000e+00  1.000000e+00
   outer loop
     vertex  2.601240e+01  1.263433e+01  2.750000e+01
     vertex  2.686311e+01  1.133705e+01  2.750000e+01
     vertex  2.693546e+01  1.138916e+01  2.750000e+01
   endloop
 endfacet
 facet normal  0.000000e+00  0.000000e+00  1.000000e+00
   outer loop
     vertex  2.364131e+01  1.502174e+01  2.750000e+01
     vertex  2.234989e+01  1.588133e+01  2.750000e+01
     vertex  2.361379e+01  1.498408e+01  2.750000e+01
   endloop
 endfacet
 facet normal  0.000000e+00  0.000000e+00  1.000000e+00
   outer loop
     vertex  2.364131e+01  1.502174e+01  2.750000e+01
     vertex  2.245706e+01  1.602385e+01  2.750000e+01
     vertex  2.240250e+01  1.595333e+01  2.750000e+01
   endloop
 endfacet
 facet normal  0.000000e+00  0.000000e+00  1.000000e+00
   outer loop
     vertex  2.364131e+01  1.502174e+01  2.750000e+01
     vertex  2.240250e+01  1.595333e+01  2.750000e+01
     vertex  2.234989e+01  1.588133e+01  2.750000e+01
   endloop
 endfacet
 facet normal  0.000000e+00  0.000000e+00  1.000000e+00
   outer loop
     vertex  2.604948e+01  1.266262e+01  2.750000e+01
     vertex  2.601240e+01  1.263433e+01  2.750000e+01
     vertex  2.693546e+01  1.138916e+01  2.750000e+01
   endloop
 endfacet
 facet normal  0.000000e+00  0.000000e+00  1.000000e+00
   outer loop
     vertex  2.604948e+01  1.266262e+01  2.750000e+01
     vertex  2.693546e+01  1.138916e+01  2.750000e+01
     vertex  2.700636e+01  1.144324e+01  2.750000e+01
   endloop
 endfacet
 facet normal  0.000000e+00  0.000000e+00  1.000000e+00
   outer loop
     vertex  2.366985e+01  1.505863e+01  2.750000e+01
     vertex  2.245706e+01  1.602385e+01  2.750000e+01
     vertex  2.364131e+01  1.502174e+01  2.750000e+01
   endloop
 endfacet
 facet normal  0.000000e+00  0.000000e+00  1.000000e+00
   outer loop
     vertex  2.608578e+01  1.269191e+01  2.750000e+01
     vertex  2.604948e+01  1.266262e+01  2.750000e+01
     vertex  2.700636e+01  1.144324e+01  2.750000e+01
   endloop
 endfacet
 facet normal  0.000000e+00  0.000000e+00  1.000000e+00
   outer loop
     vertex  2.608578e+01  1.269191e+01  2.750000e+01
     vertex  2.700636e+01  1.144324e+01  2.750000e+01
     vertex  2.707575e+01  1.149925e+01  2.750000e+01
   endloop
 endfacet
 facet normal  0.000000e+00  0.000000e+00  1.000000e+00
   outer loop
     vertex  2.369939e+01  1.509472e+01  2.750000e+01
     vertex  2.245706e+01  1.602385e+01  2.750000e+01
     vertex  2.366985e+01  1.505863e+01  2.750000e+01
   endloop
 endfacet
 facet normal  0.000000e+00  0.000000e+00  1.000000e+00
   outer loop
     vertex  2.369939e+01  1.509472e+01  2.750000e+01
     vertex  2.251354e+01  1.609285e+01  2.750000e+01
     vertex  2.245706e+01  1.602385e+01  2.750000e+01
   endloop
 endfacet
 facet normal  0.000000e+00  0.000000e+00  1.000000e+00
   outer loop
     vertex  2.612125e+01  1.272219e+01  2.750000e+01
     vertex  2.608578e+01  1.269191e+01  2.750000e+01
     vertex  2.707575e+01  1.149925e+01  2.750000e+01
   endloop
 endfacet
 facet normal  0.000000e+00  0.000000e+00  1.000000e+00
   outer loop
     vertex  2.612125e+01  1.272219e+01  2.750000e+01
     vertex  2.707575e+01  1.149925e+01  2.750000e+01
     vertex  2.714357e+01  1.155713e+01  2.750000e+01
   endloop
 endfacet
 facet normal  0.000000e+00  0.000000e+00  1.000000e+00
   outer loop
     vertex  2.372991e+01  1.512999e+01  2.750000e+01
     vertex  2.257189e+01  1.616028e+01  2.750000e+01
     vertex  2.251354e+01  1.609285e+01  2.750000e+01
   endloop
 endfacet
 facet normal  0.000000e+00  0.000000e+00  1.000000e+00
   outer loop
     vertex  2.372991e+01  1.512999e+01  2.750000e+01
     vertex  2.251354e+01  1.609285e+01  2.750000e+01
     vertex  2.369939e+01  1.509472e+01  2.750000e+01
   endloop
 endfacet
 facet normal  0.000000e+00  0.000000e+00  1.000000e+00
   outer loop
     vertex  2.615589e+01  1.275343e+01  2.750000e+01
     vertex  2.714357e+01  1.155713e+01  2.750000e+01
     vertex  2.720978e+01  1.161686e+01  2.750000e+01
   endloop
 endfacet
 facet normal  0.000000e+00  0.000000e+00  1.000000e+00
   outer loop
     vertex  2.615589e+01  1.275343e+01  2.750000e+01
     vertex  2.612125e+01  1.272219e+01  2.750000e+01
     vertex  2.714357e+01  1.155713e+01  2.750000e+01
   endloop
 endfacet
 facet normal  0.000000e+00  0.000000e+00  1.000000e+00
   outer loop
     vertex  2.376139e+01  1.516441e+01  2.750000e+01
     vertex  2.257189e+01  1.616028e+01  2.750000e+01
     vertex  2.372991e+01  1.512999e+01  2.750000e+01
   endloop
 endfacet
 facet normal  0.000000e+00  0.000000e+00  1.000000e+00
   outer loop
     vertex  2.376139e+01  1.516441e+01  2.750000e+01
     vertex  2.263207e+01  1.622608e+01  2.750000e+01
     vertex  2.257189e+01  1.616028e+01  2.750000e+01
   endloop
 endfacet
 facet normal  0.000000e+00  0.000000e+00  1.000000e+00
   outer loop
     vertex  2.618965e+01  1.278561e+01  2.750000e+01
     vertex  2.615589e+01  1.275343e+01  2.750000e+01
     vertex  2.720978e+01  1.161686e+01  2.750000e+01
   endloop
 endfacet
 facet normal  0.000000e+00  0.000000e+00  1.000000e+00
   outer loop
     vertex  2.618965e+01  1.278561e+01  2.750000e+01
     vertex  2.720978e+01  1.161686e+01  2.750000e+01
     vertex  2.727433e+01  1.167838e+01  2.750000e+01
   endloop
 endfacet
 facet normal  0.000000e+00  0.000000e+00  1.000000e+00
   outer loop
     vertex  2.379380e+01  1.519795e+01  2.750000e+01
     vertex  2.269403e+01  1.629020e+01  2.750000e+01
     vertex  2.263207e+01  1.622608e+01  2.750000e+01
   endloop
 endfacet
 facet normal  0.000000e+00  0.000000e+00  1.000000e+00
   outer loop
     vertex  2.379380e+01  1.519795e+01  2.750000e+01
     vertex  2.263207e+01  1.622608e+01  2.750000e+01
     vertex  2.376139e+01  1.516441e+01  2.750000e+01
   endloop
 endfacet
 facet normal  0.000000e+00  0.000000e+00  1.000000e+00
   outer loop
     vertex  2.622252e+01  1.281871e+01  2.750000e+01
     vertex  2.618965e+01  1.278561e+01  2.750000e+01
     vertex  2.727433e+01  1.167838e+01  2.750000e+01
   endloop
 endfacet
 facet normal  0.000000e+00  0.000000e+00  1.000000e+00
   outer loop
     vertex  2.382712e+01  1.523059e+01  2.750000e+01
     vertex  2.269403e+01  1.629020e+01  2.750000e+01
     vertex  2.379380e+01  1.519795e+01  2.750000e+01
   endloop
 endfacet
 facet normal  0.000000e+00  0.000000e+00  1.000000e+00
   outer loop
     vertex  2.733717e+01  1.174165e+01  2.750000e+01
     vertex  2.622252e+01  1.281871e+01  2.750000e+01
     vertex  2.727433e+01  1.167838e+01  2.750000e+01
   endloop
 endfacet
 facet normal  0.000000e+00  0.000000e+00  1.000000e+00
   outer loop
     vertex  2.275773e+01  1.635260e+01  2.750000e+01
     vertex  2.269403e+01  1.629020e+01  2.750000e+01
     vertex  2.382712e+01  1.523059e+01  2.750000e+01
   endloop
 endfacet
 facet normal  0.000000e+00  0.000000e+00  1.000000e+00
   outer loop
     vertex  2.739824e+01  1.180662e+01  2.750000e+01
     vertex  2.622252e+01  1.281871e+01  2.750000e+01
     vertex  2.733717e+01  1.174165e+01  2.750000e+01
   endloop
 endfacet
 facet normal  0.000000e+00  0.000000e+00  1.000000e+00
   outer loop
     vertex  2.739824e+01  1.180662e+01  2.750000e+01
     vertex  2.625447e+01  1.285269e+01  2.750000e+01
     vertex  2.622252e+01  1.281871e+01  2.750000e+01
   endloop
 endfacet
 facet normal  0.000000e+00  0.000000e+00  1.000000e+00
   outer loop
     vertex  2.282312e+01  1.641323e+01  2.750000e+01
     vertex  2.382712e+01  1.523059e+01  2.750000e+01
     vertex  2.386132e+01  1.526231e+01  2.750000e+01
   endloop
 endfacet
 facet normal  0.000000e+00  0.000000e+00  1.000000e+00
   outer loop
     vertex  2.282312e+01  1.641323e+01  2.750000e+01
     vertex  2.275773e+01  1.635260e+01  2.750000e+01
     vertex  2.382712e+01  1.523059e+01  2.750000e+01
   endloop
 endfacet
 facet normal  0.000000e+00  0.000000e+00  1.000000e+00
   outer loop
     vertex  2.745751e+01  1.187323e+01  2.750000e+01
     vertex  2.625447e+01  1.285269e+01  2.750000e+01
     vertex  2.739824e+01  1.180662e+01  2.750000e+01
   endloop
 endfacet
 facet normal  0.000000e+00  0.000000e+00  1.000000e+00
   outer loop
     vertex  2.745751e+01  1.187323e+01  2.750000e+01
     vertex  2.628547e+01  1.288754e+01  2.750000e+01
     vertex  2.625447e+01  1.285269e+01  2.750000e+01
   endloop
 endfacet
 facet normal  0.000000e+00  0.000000e+00  1.000000e+00
   outer loop
     vertex  2.289014e+01  1.647204e+01  2.750000e+01
     vertex  2.386132e+01  1.526231e+01  2.750000e+01
     vertex  2.389638e+01  1.529307e+01  2.750000e+01
   endloop
 endfacet
 facet normal  0.000000e+00  0.000000e+00  1.000000e+00
   outer loop
     vertex  2.289014e+01  1.647204e+01  2.750000e+01
     vertex  2.282312e+01  1.641323e+01  2.750000e+01
     vertex  2.386132e+01  1.526231e+01  2.750000e+01
   endloop
 endfacet
 facet normal  0.000000e+00  0.000000e+00  1.000000e+00
   outer loop
     vertex  2.751493e+01  1.194145e+01  2.750000e+01
     vertex  2.631550e+01  1.292322e+01  2.750000e+01
     vertex  2.628547e+01  1.288754e+01  2.750000e+01
   endloop
 endfacet
 facet normal  0.000000e+00  0.000000e+00  1.000000e+00
   outer loop
     vertex  2.751493e+01  1.194145e+01  2.750000e+01
     vertex  2.634455e+01  1.295972e+01  2.750000e+01
     vertex  2.631550e+01  1.292322e+01  2.750000e+01
   endloop
 endfacet
 facet normal  0.000000e+00  0.000000e+00  1.000000e+00
   outer loop
     vertex  2.751493e+01  1.194145e+01  2.750000e+01
     vertex  2.628547e+01  1.288754e+01  2.750000e+01
     vertex  2.745751e+01  1.187323e+01  2.750000e+01
   endloop
 endfacet
 facet normal  0.000000e+00  0.000000e+00  1.000000e+00
   outer loop
     vertex  2.295875e+01  1.652899e+01  2.750000e+01
     vertex  2.389638e+01  1.529307e+01  2.750000e+01
     vertex  2.393227e+01  1.532286e+01  2.750000e+01
   endloop
 endfacet
 facet normal  0.000000e+00  0.000000e+00  1.000000e+00
   outer loop
     vertex  2.295875e+01  1.652899e+01  2.750000e+01
     vertex  2.289014e+01  1.647204e+01  2.750000e+01
     vertex  2.389638e+01  1.529307e+01  2.750000e+01
   endloop
 endfacet
 facet normal  0.000000e+00  0.000000e+00  1.000000e+00
   outer loop
     vertex  2.757046e+01  1.201122e+01  2.750000e+01
     vertex  2.637258e+01  1.299700e+01  2.750000e+01
     vertex  2.634455e+01  1.295972e+01  2.750000e+01
   endloop
 endfacet
 facet normal  0.000000e+00  0.000000e+00  1.000000e+00
   outer loop
     vertex  2.757046e+01  1.201122e+01  2.750000e+01
     vertex  2.634455e+01  1.295972e+01  2.750000e+01
     vertex  2.751493e+01  1.194145e+01  2.750000e+01
   endloop
 endfacet
 facet normal  0.000000e+00  0.000000e+00  1.000000e+00
   outer loop
     vertex  2.302890e+01  1.658404e+01  2.750000e+01
     vertex  2.393227e+01  1.532286e+01  2.750000e+01
     vertex  2.396896e+01  1.535165e+01  2.750000e+01
   endloop
 endfacet
 facet normal  0.000000e+00  0.000000e+00  1.000000e+00
   outer loop
     vertex  2.302890e+01  1.658404e+01  2.750000e+01
     vertex  2.295875e+01  1.652899e+01  2.750000e+01
     vertex  2.393227e+01  1.532286e+01  2.750000e+01
   endloop
 endfacet
 facet normal  0.000000e+00  0.000000e+00  1.000000e+00
   outer loop
     vertex  2.762405e+01  1.208249e+01  2.750000e+01
     vertex  2.637258e+01  1.299700e+01  2.750000e+01
     vertex  2.757046e+01  1.201122e+01  2.750000e+01
   endloop
 endfacet
 facet normal  0.000000e+00  0.000000e+00  1.000000e+00
   outer loop
     vertex  2.310054e+01  1.663715e+01  2.750000e+01
     vertex  2.396896e+01  1.535165e+01  2.750000e+01
     vertex  2.400643e+01  1.537943e+01  2.750000e+01
   endloop
 endfacet
 facet normal  0.000000e+00  0.000000e+00  1.000000e+00
   outer loop
     vertex  2.310054e+01  1.663715e+01  2.750000e+01
     vertex  2.302890e+01  1.658404e+01  2.750000e+01
     vertex  2.396896e+01  1.535165e+01  2.750000e+01
   endloop
 endfacet
 facet normal  0.000000e+00  0.000000e+00  1.000000e+00
   outer loop
     vertex  2.767567e+01  1.215520e+01  2.750000e+01
     vertex  2.639958e+01  1.303503e+01  2.750000e+01
     vertex  2.637258e+01  1.299700e+01  2.750000e+01
   endloop
 endfacet
 facet normal  0.000000e+00  0.000000e+00  1.000000e+00
   outer loop
     vertex  2.767567e+01  1.215520e+01  2.750000e+01
     vertex  2.637258e+01  1.299700e+01  2.750000e+01
     vertex  2.762405e+01  1.208249e+01  2.750000e+01
   endloop
 endfacet
 facet normal  0.000000e+00  0.000000e+00  1.000000e+00
   outer loop
     vertex  2.317360e+01  1.668826e+01  2.750000e+01
     vertex  2.400643e+01  1.537943e+01  2.750000e+01
     vertex  2.404465e+01  1.540617e+01  2.750000e+01
   endloop
 endfacet
 facet normal  0.000000e+00  0.000000e+00  1.000000e+00
   outer loop
     vertex  2.317360e+01  1.668826e+01  2.750000e+01
     vertex  2.310054e+01  1.663715e+01  2.750000e+01
     vertex  2.400643e+01  1.537943e+01  2.750000e+01
   endloop
 endfacet
 facet normal  0.000000e+00  0.000000e+00  1.000000e+00
   outer loop
     vertex  2.772527e+01  1.222930e+01  2.750000e+01
     vertex  2.642553e+01  1.307379e+01  2.750000e+01
     vertex  2.639958e+01  1.303503e+01  2.750000e+01
   endloop
 endfacet
 facet normal  0.000000e+00  0.000000e+00  1.000000e+00
   outer loop
     vertex  2.772527e+01  1.222930e+01  2.750000e+01
     vertex  2.639958e+01  1.303503e+01  2.750000e+01
     vertex  2.767567e+01  1.215520e+01  2.750000e+01
   endloop
 endfacet
 facet normal  0.000000e+00  0.000000e+00  1.000000e+00
   outer loop
     vertex  2.324804e+01  1.673736e+01  2.750000e+01
     vertex  2.404465e+01  1.540617e+01  2.750000e+01
     vertex  2.408359e+01  1.543185e+01  2.750000e+01
   endloop
 endfacet
 facet normal  0.000000e+00  0.000000e+00  1.000000e+00
   outer loop
     vertex  2.324804e+01  1.673736e+01  2.750000e+01
     vertex  2.317360e+01  1.668826e+01  2.750000e+01
     vertex  2.404465e+01  1.540617e+01  2.750000e+01
   endloop
 endfacet
 facet normal  0.000000e+00  0.000000e+00  1.000000e+00
   outer loop
     vertex  2.777283e+01  1.230473e+01  2.750000e+01
     vertex  2.645040e+01  1.311324e+01  2.750000e+01
     vertex  2.642553e+01  1.307379e+01  2.750000e+01
   endloop
 endfacet
 facet normal  0.000000e+00  0.000000e+00  1.000000e+00
   outer loop
     vertex  2.777283e+01  1.230473e+01  2.750000e+01
     vertex  2.642553e+01  1.307379e+01  2.750000e+01
     vertex  2.772527e+01  1.222930e+01  2.750000e+01
   endloop
 endfacet
 facet normal  0.000000e+00  0.000000e+00  1.000000e+00
   outer loop
     vertex  2.332379e+01  1.678439e+01  2.750000e+01
     vertex  2.408359e+01  1.543185e+01  2.750000e+01
     vertex  2.412321e+01  1.545645e+01  2.750000e+01
   endloop
 endfacet
 facet normal  0.000000e+00  0.000000e+00  1.000000e+00
   outer loop
     vertex  2.332379e+01  1.678439e+01  2.750000e+01
     vertex  2.324804e+01  1.673736e+01  2.750000e+01
     vertex  2.408359e+01  1.543185e+01  2.750000e+01
   endloop
 endfacet
 facet normal  0.000000e+00  0.000000e+00  1.000000e+00
   outer loop
     vertex  2.781829e+01  1.238144e+01  2.750000e+01
     vertex  2.647418e+01  1.315337e+01  2.750000e+01
     vertex  2.645040e+01  1.311324e+01  2.750000e+01
   endloop
 endfacet
 facet normal  0.000000e+00  0.000000e+00  1.000000e+00
   outer loop
     vertex  2.781829e+01  1.238144e+01  2.750000e+01
     vertex  2.645040e+01  1.311324e+01  2.750000e+01
     vertex  2.777283e+01  1.230473e+01  2.750000e+01
   endloop
 endfacet
 facet normal  0.000000e+00  0.000000e+00  1.000000e+00
   outer loop
     vertex  2.340081e+01  1.682933e+01  2.750000e+01
     vertex  2.412321e+01  1.545645e+01  2.750000e+01
     vertex  2.416350e+01  1.547996e+01  2.750000e+01
   endloop
 endfacet
 facet normal  0.000000e+00  0.000000e+00  1.000000e+00
   outer loop
     vertex  2.340081e+01  1.682933e+01  2.750000e+01
     vertex  2.332379e+01  1.678439e+01  2.750000e+01
     vertex  2.412321e+01  1.545645e+01  2.750000e+01
   endloop
 endfacet
 facet normal  0.000000e+00  0.000000e+00  1.000000e+00
   outer loop
     vertex  2.786163e+01  1.245937e+01  2.750000e+01
     vertex  2.647418e+01  1.315337e+01  2.750000e+01
     vertex  2.781829e+01  1.238144e+01  2.750000e+01
   endloop
 endfacet
 facet normal  0.000000e+00  0.000000e+00  1.000000e+00
   outer loop
     vertex  2.786163e+01  1.245937e+01  2.750000e+01
     vertex  2.649685e+01  1.319413e+01  2.750000e+01
     vertex  2.647418e+01  1.315337e+01  2.750000e+01
   endloop
 endfacet
 facet normal  0.000000e+00  0.000000e+00  1.000000e+00
   outer loop
     vertex  2.786163e+01  1.245937e+01  2.750000e+01
     vertex  2.651840e+01  1.323550e+01  2.750000e+01
     vertex  2.649685e+01  1.319413e+01  2.750000e+01
   endloop
 endfacet
 facet normal  0.000000e+00  0.000000e+00  1.000000e+00
   outer loop
     vertex  2.347903e+01  1.687213e+01  2.750000e+01
     vertex  2.420442e+01  1.550235e+01  2.750000e+01
     vertex  2.424593e+01  1.552361e+01  2.750000e+01
   endloop
 endfacet
 facet normal  0.000000e+00  0.000000e+00  1.000000e+00
   outer loop
     vertex  2.347903e+01  1.687213e+01  2.750000e+01
     vertex  2.416350e+01  1.547996e+01  2.750000e+01
     vertex  2.420442e+01  1.550235e+01  2.750000e+01
   endloop
 endfacet
 facet normal  0.000000e+00  0.000000e+00  1.000000e+00
   outer loop
     vertex  2.347903e+01  1.687213e+01  2.750000e+01
     vertex  2.340081e+01  1.682933e+01  2.750000e+01
     vertex  2.416350e+01  1.547996e+01  2.750000e+01
   endloop
 endfacet
 facet normal  0.000000e+00  0.000000e+00  1.000000e+00
   outer loop
     vertex  2.790282e+01  1.253845e+01  2.750000e+01
     vertex  2.651840e+01  1.323550e+01  2.750000e+01
     vertex  2.786163e+01  1.245937e+01  2.750000e+01
   endloop
 endfacet
 facet normal  0.000000e+00  0.000000e+00  1.000000e+00
   outer loop
     vertex  2.355840e+01  1.691278e+01  2.750000e+01
     vertex  2.347903e+01  1.687213e+01  2.750000e+01
     vertex  2.424593e+01  1.552361e+01  2.750000e+01
   endloop
 endfacet
 facet normal  0.000000e+00  0.000000e+00  1.000000e+00
   outer loop
     vertex  2.794183e+01  1.261864e+01  2.750000e+01
     vertex  2.651840e+01  1.323550e+01  2.750000e+01
     vertex  2.790282e+01  1.253845e+01  2.750000e+01
   endloop
 endfacet
 facet normal  0.000000e+00  0.000000e+00  1.000000e+00
   outer loop
     vertex  2.794183e+01  1.261864e+01  2.750000e+01
     vertex  2.653880e+01  1.327744e+01  2.750000e+01
     vertex  2.651840e+01  1.323550e+01  2.750000e+01
   endloop
 endfacet
 facet normal  0.000000e+00  0.000000e+00  1.000000e+00
   outer loop
     vertex  2.363885e+01  1.695123e+01  2.750000e+01
     vertex  2.424593e+01  1.552361e+01  2.750000e+01
     vertex  2.428801e+01  1.554372e+01  2.750000e+01
   endloop
 endfacet
 facet normal  0.000000e+00  0.000000e+00  1.000000e+00
   outer loop
     vertex  2.363885e+01  1.695123e+01  2.750000e+01
     vertex  2.355840e+01  1.691278e+01  2.750000e+01
     vertex  2.424593e+01  1.552361e+01  2.750000e+01
   endloop
 endfacet
 facet normal  0.000000e+00  0.000000e+00  1.000000e+00
   outer loop
     vertex  2.797862e+01  1.269986e+01  2.750000e+01
     vertex  2.655804e+01  1.331993e+01  2.750000e+01
     vertex  2.653880e+01  1.327744e+01  2.750000e+01
   endloop
 endfacet
 facet normal  0.000000e+00  0.000000e+00  1.000000e+00
   outer loop
     vertex  2.797862e+01  1.269986e+01  2.750000e+01
     vertex  2.657612e+01  1.336293e+01  2.750000e+01
     vertex  2.655804e+01  1.331993e+01  2.750000e+01
   endloop
 endfacet
 facet normal  0.000000e+00  0.000000e+00  1.000000e+00
   outer loop
     vertex  2.797862e+01  1.269986e+01  2.750000e+01
     vertex  2.653880e+01  1.327744e+01  2.750000e+01
     vertex  2.794183e+01  1.261864e+01  2.750000e+01
   endloop
 endfacet
 facet normal  0.000000e+00  0.000000e+00  1.000000e+00
   outer loop
     vertex  2.372033e+01  1.698746e+01  2.750000e+01
     vertex  2.363885e+01  1.695123e+01  2.750000e+01
     vertex  2.428801e+01  1.554372e+01  2.750000e+01
   endloop
 endfacet
 facet normal  0.000000e+00  0.000000e+00  1.000000e+00
   outer loop
     vertex  2.372033e+01  1.698746e+01  2.750000e+01
     vertex  2.428801e+01  1.554372e+01  2.750000e+01
     vertex  2.433063e+01  1.556267e+01  2.750000e+01
   endloop
 endfacet
 facet normal  0.000000e+00  0.000000e+00  1.000000e+00
   outer loop
     vertex  2.801316e+01  1.278207e+01  2.750000e+01
     vertex  2.657612e+01  1.336293e+01  2.750000e+01
     vertex  2.797862e+01  1.269986e+01  2.750000e+01
   endloop
 endfacet
 facet normal  0.000000e+00  0.000000e+00  1.000000e+00
   outer loop
     vertex  2.380277e+01  1.702145e+01  2.750000e+01
     vertex  2.372033e+01  1.698746e+01  2.750000e+01
     vertex  2.433063e+01  1.556267e+01  2.750000e+01
   endloop
 endfacet
 facet normal  0.000000e+00  0.000000e+00  1.000000e+00
   outer loop
     vertex  2.380277e+01  1.702145e+01  2.750000e+01
     vertex  2.433063e+01  1.556267e+01  2.750000e+01
     vertex  2.437375e+01  1.558045e+01  2.750000e+01
   endloop
 endfacet
 facet normal  0.000000e+00  0.000000e+00  1.000000e+00
   outer loop
     vertex  2.804544e+01  1.286519e+01  2.750000e+01
     vertex  2.659300e+01  1.340641e+01  2.750000e+01
     vertex  2.657612e+01  1.336293e+01  2.750000e+01
   endloop
 endfacet
 facet normal  0.000000e+00  0.000000e+00  1.000000e+00
   outer loop
     vertex  2.804544e+01  1.286519e+01  2.750000e+01
     vertex  2.657612e+01  1.336293e+01  2.750000e+01
     vertex  2.801316e+01  1.278207e+01  2.750000e+01
   endloop
 endfacet
 facet normal  0.000000e+00  0.000000e+00  1.000000e+00
   outer loop
     vertex  2.388611e+01  1.705315e+01  2.750000e+01
     vertex  2.380277e+01  1.702145e+01  2.750000e+01
     vertex  2.437375e+01  1.558045e+01  2.750000e+01
   endloop
 endfacet
 facet normal  0.000000e+00  0.000000e+00  1.000000e+00
   outer loop
     vertex  2.388611e+01  1.705315e+01  2.750000e+01
     vertex  2.437375e+01  1.558045e+01  2.750000e+01
     vertex  2.441735e+01  1.559703e+01  2.750000e+01
   endloop
 endfacet
 facet normal  0.000000e+00  0.000000e+00  1.000000e+00
   outer loop
     vertex  2.807543e+01  1.294917e+01  2.750000e+01
     vertex  2.660868e+01  1.345033e+01  2.750000e+01
     vertex  2.659300e+01  1.340641e+01  2.750000e+01
   endloop
 endfacet
 facet normal  0.000000e+00  0.000000e+00  1.000000e+00
   outer loop
     vertex  2.807543e+01  1.294917e+01  2.750000e+01
     vertex  2.659300e+01  1.340641e+01  2.750000e+01
     vertex  2.804544e+01  1.286519e+01  2.750000e+01
   endloop
 endfacet
 facet normal  0.000000e+00  0.000000e+00  1.000000e+00
   outer loop
     vertex  2.397029e+01  1.708256e+01  2.750000e+01
     vertex  2.388611e+01  1.705315e+01  2.750000e+01
     vertex  2.441735e+01  1.559703e+01  2.750000e+01
   endloop
 endfacet
 facet normal  0.000000e+00  0.000000e+00  1.000000e+00
   outer loop
     vertex  2.397029e+01  1.708256e+01  2.750000e+01
     vertex  2.441735e+01  1.559703e+01  2.750000e+01
     vertex  2.446138e+01  1.561242e+01  2.750000e+01
   endloop
 endfacet
 facet normal  0.000000e+00  0.000000e+00  1.000000e+00
   outer loop
     vertex  2.810310e+01  1.303393e+01  2.750000e+01
     vertex  2.660868e+01  1.345033e+01  2.750000e+01
     vertex  2.807543e+01  1.294917e+01  2.750000e+01
   endloop
 endfacet
 facet normal  0.000000e+00  0.000000e+00  1.000000e+00
   outer loop
     vertex  2.810310e+01  1.303393e+01  2.750000e+01
     vertex  2.662316e+01  1.349467e+01  2.750000e+01
     vertex  2.660868e+01  1.345033e+01  2.750000e+01
   endloop
 endfacet
 facet normal  0.000000e+00  0.000000e+00  1.000000e+00
   outer loop
     vertex  2.405524e+01  1.710965e+01  2.750000e+01
     vertex  2.397029e+01  1.708256e+01  2.750000e+01
     vertex  2.446138e+01  1.561242e+01  2.750000e+01
   endloop
 endfacet
 facet normal  0.000000e+00  0.000000e+00  1.000000e+00
   outer loop
     vertex  2.405524e+01  1.710965e+01  2.750000e+01
     vertex  2.446138e+01  1.561242e+01  2.750000e+01
     vertex  2.450582e+01  1.562659e+01  2.750000e+01
   endloop
 endfacet
 facet normal  0.000000e+00  0.000000e+00  1.000000e+00
   outer loop
     vertex  2.812843e+01  1.311943e+01  2.750000e+01
     vertex  2.663641e+01  1.353939e+01  2.750000e+01
     vertex  2.662316e+01  1.349467e+01  2.750000e+01
   endloop
 endfacet
 facet normal  0.000000e+00  0.000000e+00  1.000000e+00
   outer loop
     vertex  2.812843e+01  1.311943e+01  2.750000e+01
     vertex  2.664843e+01  1.358446e+01  2.750000e+01
     vertex  2.663641e+01  1.353939e+01  2.750000e+01
   endloop
 endfacet
 facet normal  0.000000e+00  0.000000e+00  1.000000e+00
   outer loop
     vertex  2.812843e+01  1.311943e+01  2.750000e+01
     vertex  2.662316e+01  1.349467e+01  2.750000e+01
     vertex  2.810310e+01  1.303393e+01  2.750000e+01
   endloop
 endfacet
 facet normal  0.000000e+00  0.000000e+00  1.000000e+00
   outer loop
     vertex  2.414091e+01  1.713440e+01  2.750000e+01
     vertex  2.405524e+01  1.710965e+01  2.750000e+01
     vertex  2.450582e+01  1.562659e+01  2.750000e+01
   endloop
 endfacet
 facet normal  0.000000e+00  0.000000e+00  1.000000e+00
   outer loop
     vertex  2.414091e+01  1.713440e+01  2.750000e+01
     vertex  2.450582e+01  1.562659e+01  2.750000e+01
     vertex  2.455063e+01  1.563953e+01  2.750000e+01
   endloop
 endfacet
 facet normal  0.000000e+00  0.000000e+00  1.000000e+00
   outer loop
     vertex  2.815141e+01  1.320558e+01  2.750000e+01
     vertex  2.664843e+01  1.358446e+01  2.750000e+01
     vertex  2.812843e+01  1.311943e+01  2.750000e+01
   endloop
 endfacet
 facet normal  0.000000e+00  0.000000e+00  1.000000e+00
   outer loop
     vertex  2.422722e+01  1.715679e+01  2.750000e+01
     vertex  2.414091e+01  1.713440e+01  2.750000e+01
     vertex  2.455063e+01  1.563953e+01  2.750000e+01
   endloop
 endfacet
 facet normal  0.000000e+00  0.000000e+00  1.000000e+00
   outer loop
     vertex  2.422722e+01  1.715679e+01  2.750000e+01
     vertex  2.455063e+01  1.563953e+01  2.750000e+01
     vertex  2.459578e+01  1.565124e+01  2.750000e+01
   endloop
 endfacet
 facet normal  0.000000e+00  0.000000e+00  1.000000e+00
   outer loop
     vertex  2.817202e+01  1.329234e+01  2.750000e+01
     vertex  2.665921e+01  1.362984e+01  2.750000e+01
     vertex  2.664843e+01  1.358446e+01  2.750000e+01
   endloop
 endfacet
 facet normal  0.000000e+00  0.000000e+00  1.000000e+00
   outer loop
     vertex  2.817202e+01  1.329234e+01  2.750000e+01
     vertex  2.664843e+01  1.358446e+01  2.750000e+01
     vertex  2.815141e+01  1.320558e+01  2.750000e+01
   endloop
 endfacet
 facet normal  0.000000e+00  0.000000e+00  1.000000e+00
   outer loop
     vertex  2.431411e+01  1.717680e+01  2.750000e+01
     vertex  2.459578e+01  1.565124e+01  2.750000e+01
     vertex  2.464123e+01  1.566171e+01  2.750000e+01
   endloop
 endfacet
 facet normal  0.000000e+00  0.000000e+00  1.000000e+00
   outer loop
     vertex  2.431411e+01  1.717680e+01  2.750000e+01
     vertex  2.422722e+01  1.715679e+01  2.750000e+01
     vertex  2.459578e+01  1.565124e+01  2.750000e+01
   endloop
 endfacet
 facet normal  0.000000e+00  0.000000e+00  1.000000e+00
   outer loop
     vertex  2.819024e+01  1.337963e+01  2.750000e+01
     vertex  2.666874e+01  1.367550e+01  2.750000e+01
     vertex  2.665921e+01  1.362984e+01  2.750000e+01
   endloop
 endfacet
 facet normal  0.000000e+00  0.000000e+00  1.000000e+00
   outer loop
     vertex  2.819024e+01  1.337963e+01  2.750000e+01
     vertex  2.665921e+01  1.362984e+01  2.750000e+01
     vertex  2.817202e+01  1.329234e+01  2.750000e+01
   endloop
 endfacet
 facet normal  0.000000e+00  0.000000e+00  1.000000e+00
   outer loop
     vertex  2.440153e+01  1.719442e+01  2.750000e+01
     vertex  2.431411e+01  1.717680e+01  2.750000e+01
     vertex  2.464123e+01  1.566171e+01  2.750000e+01
   endloop
 endfacet
 facet normal  0.000000e+00  0.000000e+00  1.000000e+00
   outer loop
     vertex  2.440153e+01  1.719442e+01  2.750000e+01
     vertex  2.468695e+01  1.567093e+01  2.750000e+01
     vertex  2.473291e+01  1.567889e+01  2.750000e+01
   endloop
 endfacet
 facet normal  0.000000e+00  0.000000e+00  1.000000e+00
   outer loop
     vertex  2.440153e+01  1.719442e+01  2.750000e+01
     vertex  2.464123e+01  1.566171e+01  2.750000e+01
     vertex  2.468695e+01  1.567093e+01  2.750000e+01
   endloop
 endfacet
 facet normal  0.000000e+00  0.000000e+00  1.000000e+00
   outer loop
     vertex  2.820606e+01  1.346738e+01  2.750000e+01
     vertex  2.667702e+01  1.372140e+01  2.750000e+01
     vertex  2.666874e+01  1.367550e+01  2.750000e+01
   endloop
 endfacet
 facet normal  0.000000e+00  0.000000e+00  1.000000e+00
   outer loop
     vertex  2.820606e+01  1.346738e+01  2.750000e+01
     vertex  2.668403e+01  1.376751e+01  2.750000e+01
     vertex  2.667702e+01  1.372140e+01  2.750000e+01
   endloop
 endfacet
 facet normal  0.000000e+00  0.000000e+00  1.000000e+00
   outer loop
     vertex  2.820606e+01  1.346738e+01  2.750000e+01
     vertex  2.666874e+01  1.367550e+01  2.750000e+01
     vertex  2.819024e+01  1.337963e+01  2.750000e+01
   endloop
 endfacet
 facet normal  0.000000e+00  0.000000e+00  1.000000e+00
   outer loop
     vertex  2.448939e+01  1.720964e+01  2.750000e+01
     vertex  2.440153e+01  1.719442e+01  2.750000e+01
     vertex  2.473291e+01  1.567889e+01  2.750000e+01
   endloop
 endfacet
 facet normal  0.000000e+00  0.000000e+00  1.000000e+00
   outer loop
     vertex  2.448939e+01  1.720964e+01  2.750000e+01
     vertex  2.473291e+01  1.567889e+01  2.750000e+01
     vertex  2.477907e+01  1.568558e+01  2.750000e+01
   endloop
 endfacet
 facet normal  0.000000e+00  0.000000e+00  1.000000e+00
   outer loop
     vertex  2.821946e+01  1.355554e+01  2.750000e+01
     vertex  2.668403e+01  1.376751e+01  2.750000e+01
     vertex  2.820606e+01  1.346738e+01  2.750000e+01
   endloop
 endfacet
 facet normal  0.000000e+00  0.000000e+00  1.000000e+00
   outer loop
     vertex  2.457763e+01  1.722244e+01  2.750000e+01
     vertex  2.448939e+01  1.720964e+01  2.750000e+01
     vertex  2.477907e+01  1.568558e+01  2.750000e+01
   endloop
 endfacet
 facet normal  0.000000e+00  0.000000e+00  1.000000e+00
   outer loop
     vertex  2.823045e+01  1.364403e+01  2.750000e+01
     vertex  2.668403e+01  1.376751e+01  2.750000e+01
     vertex  2.821946e+01  1.355554e+01  2.750000e+01
   endloop
 endfacet
 facet normal  0.000000e+00  0.000000e+00  1.000000e+00
   outer loop
     vertex  2.823045e+01  1.364403e+01  2.750000e+01
     vertex  2.668977e+01  1.381380e+01  2.750000e+01
     vertex  2.668403e+01  1.376751e+01  2.750000e+01
   endloop
 endfacet
 facet normal  0.000000e+00  0.000000e+00  1.000000e+00
   outer loop
     vertex  2.466620e+01  1.723281e+01  2.750000e+01
     vertex  2.457763e+01  1.722244e+01  2.750000e+01
     vertex  2.477907e+01  1.568558e+01  2.750000e+01
   endloop
 endfacet
 facet normal  0.000000e+00  0.000000e+00  1.000000e+00
   outer loop
     vertex  2.466620e+01  1.723281e+01  2.750000e+01
     vertex  2.477907e+01  1.568558e+01  2.750000e+01
     vertex  2.482539e+01  1.569101e+01  2.750000e+01
   endloop
 endfacet
 facet normal  0.000000e+00  0.000000e+00  1.000000e+00
   outer loop
     vertex  2.823900e+01  1.373279e+01  2.750000e+01
     vertex  2.668977e+01  1.381380e+01  2.750000e+01
     vertex  2.823045e+01  1.364403e+01  2.750000e+01
   endloop
 endfacet
 facet normal  0.000000e+00  0.000000e+00  1.000000e+00
   outer loop
     vertex  2.823900e+01  1.373279e+01  2.750000e+01
     vertex  2.669424e+01  1.386023e+01  2.750000e+01
     vertex  2.668977e+01  1.381380e+01  2.750000e+01
   endloop
 endfacet
 facet normal  0.000000e+00  0.000000e+00  1.000000e+00
   outer loop
     vertex  2.823900e+01  1.373279e+01  2.750000e+01
     vertex  2.669744e+01  1.390676e+01  2.750000e+01
     vertex  2.669424e+01  1.386023e+01  2.750000e+01
   endloop
 endfacet
 facet normal  0.000000e+00  0.000000e+00  1.000000e+00
   outer loop
     vertex  2.475501e+01  1.724075e+01  2.750000e+01
     vertex  2.466620e+01  1.723281e+01  2.750000e+01
     vertex  2.482539e+01  1.569101e+01  2.750000e+01
   endloop
 endfacet
 facet normal  0.000000e+00  0.000000e+00  1.000000e+00
   outer loop
     vertex  2.475501e+01  1.724075e+01  2.750000e+01
     vertex  2.482539e+01  1.569101e+01  2.750000e+01
     vertex  2.487185e+01  1.569516e+01  2.750000e+01
   endloop
 endfacet
 facet normal  0.000000e+00  0.000000e+00  1.000000e+00
   outer loop
     vertex  2.824511e+01  1.382175e+01  2.750000e+01
     vertex  2.669744e+01  1.390676e+01  2.750000e+01
     vertex  2.823900e+01  1.373279e+01  2.750000e+01
   endloop
 endfacet
 facet normal  0.000000e+00  0.000000e+00  1.000000e+00
   outer loop
     vertex  2.824511e+01  1.382175e+01  2.750000e+01
     vertex  2.669936e+01  1.395336e+01  2.750000e+01
     vertex  2.669744e+01  1.390676e+01  2.750000e+01
   endloop
 endfacet
 facet normal  0.000000e+00  0.000000e+00  1.000000e+00
   outer loop
     vertex  2.484401e+01  1.724625e+01  2.750000e+01
     vertex  2.475501e+01  1.724075e+01  2.750000e+01
     vertex  2.487185e+01  1.569516e+01  2.750000e+01
   endloop
 endfacet
 facet normal  0.000000e+00  0.000000e+00  1.000000e+00
   outer loop
     vertex  2.484401e+01  1.724625e+01  2.750000e+01
     vertex  2.491840e+01  1.569804e+01  2.750000e+01
     vertex  2.496502e+01  1.569964e+01  2.750000e+01
   endloop
 endfacet
 facet normal  0.000000e+00  0.000000e+00  1.000000e+00
   outer loop
     vertex  2.484401e+01  1.724625e+01  2.750000e+01
     vertex  2.487185e+01  1.569516e+01  2.750000e+01
     vertex  2.491840e+01  1.569804e+01  2.750000e+01
   endloop
 endfacet
 facet normal  0.000000e+00  0.000000e+00  1.000000e+00
   outer loop
     vertex  2.824878e+01  1.391084e+01  2.750000e+01
     vertex  2.669936e+01  1.395336e+01  2.750000e+01
     vertex  2.824511e+01  1.382175e+01  2.750000e+01
   endloop
 endfacet
 facet normal  0.000000e+00  0.000000e+00  1.000000e+00
   outer loop
     vertex  2.493313e+01  1.724931e+01  2.750000e+01
     vertex  2.484401e+01  1.724625e+01  2.750000e+01
     vertex  2.496502e+01  1.569964e+01  2.750000e+01
   endloop
 endfacet
 facet normal  0.000000e+00  0.000000e+00  1.000000e+00
   outer loop
     vertex  2.825000e+01  1.400000e+01  2.750000e+01
     vertex  2.670000e+01  1.400000e+01  2.750000e+01
     vertex  2.669936e+01  1.395336e+01  2.750000e+01
   endloop
 endfacet
 facet normal  0.000000e+00  0.000000e+00  1.000000e+00
   outer loop
     vertex  2.825000e+01  1.400000e+01  2.750000e+01
     vertex  2.669936e+01  1.395336e+01  2.750000e+01
     vertex  2.824878e+01  1.391084e+01  2.750000e+01
   endloop
 endfacet
 facet normal  0.000000e+00  0.000000e+00  1.000000e+00
   outer loop
     vertex  2.502229e+01  1.724992e+01  2.750000e+01
     vertex  2.493313e+01  1.724931e+01  2.750000e+01
     vertex  2.496502e+01  1.569964e+01  2.750000e+01
   endloop
 endfacet
 facet normal  0.000000e+00  0.000000e+00  1.000000e+00
   outer loop
     vertex  2.502229e+01  1.724992e+01  2.750000e+01
     vertex  2.496502e+01  1.569964e+01  2.750000e+01
     vertex  2.501166e+01  1.569996e+01  2.750000e+01
   endloop
 endfacet
 facet normal  0.000000e+00  0.000000e+00  1.000000e+00
   outer loop
     vertex  2.824878e+01  1.408916e+01  2.750000e+01
     vertex  2.669936e+01  1.404664e+01  2.750000e+01
     vertex  2.670000e+01  1.400000e+01  2.750000e+01
   endloop
 endfacet
 facet normal  0.000000e+00  0.000000e+00  1.000000e+00
   outer loop
     vertex  2.824878e+01  1.408916e+01  2.750000e+01
     vertex  2.669744e+01  1.409324e+01  2.750000e+01
     vertex  2.669936e+01  1.404664e+01  2.750000e+01
   endloop
 endfacet
 facet normal  0.000000e+00  0.000000e+00  1.000000e+00
   outer loop
     vertex  2.824878e+01  1.408916e+01  2.750000e+01
     vertex  2.670000e+01  1.400000e+01  2.750000e+01
     vertex  2.825000e+01  1.400000e+01  2.750000e+01
   endloop
 endfacet
 facet normal  0.000000e+00  0.000000e+00  1.000000e+00
   outer loop
     vertex  2.511144e+01  1.724809e+01  2.750000e+01
     vertex  2.502229e+01  1.724992e+01  2.750000e+01
     vertex  2.501166e+01  1.569996e+01  2.750000e+01
   endloop
 endfacet
 facet normal  0.000000e+00  0.000000e+00  1.000000e+00
   outer loop
     vertex  2.511144e+01  1.724809e+01  2.750000e+01
     vertex  2.501166e+01  1.569996e+01  2.750000e+01
     vertex  2.505829e+01  1.569900e+01  2.750000e+01
   endloop
 endfacet
 facet normal  0.000000e+00  0.000000e+00  1.000000e+00
   outer loop
     vertex  2.824511e+01  1.417825e+01  2.750000e+01
     vertex  2.669744e+01  1.409324e+01  2.750000e+01
     vertex  2.824878e+01  1.408916e+01  2.750000e+01
   endloop
 endfacet
 facet normal  0.000000e+00  0.000000e+00  1.000000e+00
   outer loop
     vertex  2.520051e+01  1.724381e+01  2.750000e+01
     vertex  2.511144e+01  1.724809e+01  2.750000e+01
     vertex  2.505829e+01  1.569900e+01  2.750000e+01
   endloop
 endfacet
 facet normal  0.000000e+00  0.000000e+00  1.000000e+00
   outer loop
     vertex  2.520051e+01  1.724381e+01  2.750000e+01
     vertex  2.505829e+01  1.569900e+01  2.750000e+01
     vertex  2.510488e+01  1.569676e+01  2.750000e+01
   endloop
 endfacet
 facet normal  0.000000e+00  0.000000e+00  1.000000e+00
   outer loop
     vertex  2.823900e+01  1.426721e+01  2.750000e+01
     vertex  2.669424e+01  1.413977e+01  2.750000e+01
     vertex  2.669744e+01  1.409324e+01  2.750000e+01
   endloop
 endfacet
 facet normal  0.000000e+00  0.000000e+00  1.000000e+00
   outer loop
     vertex  2.823900e+01  1.426721e+01  2.750000e+01
     vertex  2.669744e+01  1.409324e+01  2.750000e+01
     vertex  2.824511e+01  1.417825e+01  2.750000e+01
   endloop
 endfacet
 facet normal  0.000000e+00  0.000000e+00  1.000000e+00
   outer loop
     vertex  2.528942e+01  1.723709e+01  2.750000e+01
     vertex  2.520051e+01  1.724381e+01  2.750000e+01
     vertex  2.510488e+01  1.569676e+01  2.750000e+01
   endloop
 endfacet
 facet normal  0.000000e+00  0.000000e+00  1.000000e+00
   outer loop
     vertex  2.528942e+01  1.723709e+01  2.750000e+01
     vertex  2.510488e+01  1.569676e+01  2.750000e+01
     vertex  2.515139e+01  1.569325e+01  2.750000e+01
   endloop
 endfacet
 facet normal  0.000000e+00  0.000000e+00  1.000000e+00
   outer loop
     vertex  2.823045e+01  1.435597e+01  2.750000e+01
     vertex  2.668977e+01  1.418620e+01  2.750000e+01
     vertex  2.669424e+01  1.413977e+01  2.750000e+01
   endloop
 endfacet
 facet normal  0.000000e+00  0.000000e+00  1.000000e+00
   outer loop
     vertex  2.823045e+01  1.435597e+01  2.750000e+01
     vertex  2.668403e+01  1.423249e+01  2.750000e+01
     vertex  2.668977e+01  1.418620e+01  2.750000e+01
   endloop
 endfacet
 facet normal  0.000000e+00  0.000000e+00  1.000000e+00
   outer loop
     vertex  2.823045e+01  1.435597e+01  2.750000e+01
     vertex  2.669424e+01  1.413977e+01  2.750000e+01
     vertex  2.823900e+01  1.426721e+01  2.750000e+01
   endloop
 endfacet
 facet normal  0.000000e+00  0.000000e+00  1.000000e+00
   outer loop
     vertex  2.537812e+01  1.722793e+01  2.750000e+01
     vertex  2.528942e+01  1.723709e+01  2.750000e+01
     vertex  2.515139e+01  1.569325e+01  2.750000e+01
   endloop
 endfacet
 facet normal  0.000000e+00  0.000000e+00  1.000000e+00
   outer loop
     vertex  2.537812e+01  1.722793e+01  2.750000e+01
     vertex  2.515139e+01  1.569325e+01  2.750000e+01
     vertex  2.519779e+01  1.568846e+01  2.750000e+01
   endloop
 endfacet
 facet normal  0.000000e+00  0.000000e+00  1.000000e+00
   outer loop
     vertex  2.821946e+01  1.444446e+01  2.750000e+01
     vertex  2.668403e+01  1.423249e+01  2.750000e+01
     vertex  2.823045e+01  1.435597e+01  2.750000e+01
   endloop
 endfacet
 facet normal  0.000000e+00  0.000000e+00  1.000000e+00
   outer loop
     vertex  2.546653e+01  1.721634e+01  2.750000e+01
     vertex  2.537812e+01  1.722793e+01  2.750000e+01
     vertex  2.519779e+01  1.568846e+01  2.750000e+01
   endloop
 endfacet
 facet normal  0.000000e+00  0.000000e+00  1.000000e+00
   outer loop
     vertex  2.546653e+01  1.721634e+01  2.750000e+01
     vertex  2.519779e+01  1.568846e+01  2.750000e+01
     vertex  2.524403e+01  1.568239e+01  2.750000e+01
   endloop
 endfacet
 facet normal  0.000000e+00  0.000000e+00  1.000000e+00
   outer loop
     vertex  2.820606e+01  1.453262e+01  2.750000e+01
     vertex  2.668403e+01  1.423249e+01  2.750000e+01
     vertex  2.821946e+01  1.444446e+01  2.750000e+01
   endloop
 endfacet
 facet normal  0.000000e+00  0.000000e+00  1.000000e+00
   outer loop
     vertex  2.820606e+01  1.453262e+01  2.750000e+01
     vertex  2.667702e+01  1.427860e+01  2.750000e+01
     vertex  2.668403e+01  1.423249e+01  2.750000e+01
   endloop
 endfacet
 facet normal  0.000000e+00  0.000000e+00  1.000000e+00
   outer loop
     vertex  2.555460e+01  1.720233e+01  2.750000e+01
     vertex  2.546653e+01  1.721634e+01  2.750000e+01
     vertex  2.524403e+01  1.568239e+01  2.750000e+01
   endloop
 endfacet
 facet normal  0.000000e+00  0.000000e+00  1.000000e+00
   outer loop
     vertex  2.555460e+01  1.720233e+01  2.750000e+01
     vertex  2.524403e+01  1.568239e+01  2.750000e+01
     vertex  2.529010e+01  1.567507e+01  2.750000e+01
   endloop
 endfacet
 facet normal  0.000000e+00  0.000000e+00  1.000000e+00
   outer loop
     vertex  2.819024e+01  1.462037e+01  2.750000e+01
     vertex  2.667702e+01  1.427860e+01  2.750000e+01
     vertex  2.820606e+01  1.453262e+01  2.750000e+01
   endloop
 endfacet
 facet normal  0.000000e+00  0.000000e+00  1.000000e+00
   outer loop
     vertex  2.819024e+01  1.462037e+01  2.750000e+01
     vertex  2.666874e+01  1.432450e+01  2.750000e+01
     vertex  2.667702e+01  1.427860e+01  2.750000e+01
   endloop
 endfacet
 facet normal  0.000000e+00  0.000000e+00  1.000000e+00
   outer loop
     vertex  2.819024e+01  1.462037e+01  2.750000e+01
     vertex  2.665921e+01  1.437016e+01  2.750000e+01
     vertex  2.666874e+01  1.432450e+01  2.750000e+01
   endloop
 endfacet
 facet normal  0.000000e+00  0.000000e+00  1.000000e+00
   outer loop
     vertex  2.564224e+01  1.718591e+01  2.750000e+01
     vertex  2.529010e+01  1.567507e+01  2.750000e+01
     vertex  2.533594e+01  1.566648e+01  2.750000e+01
   endloop
 endfacet
 facet normal  0.000000e+00  0.000000e+00  1.000000e+00
   outer loop
     vertex  2.564224e+01  1.718591e+01  2.750000e+01
     vertex  2.555460e+01  1.720233e+01  2.750000e+01
     vertex  2.529010e+01  1.567507e+01  2.750000e+01
   endloop
 endfacet
 facet normal  0.000000e+00  0.000000e+00  1.000000e+00
   outer loop
     vertex  2.817202e+01  1.470766e+01  2.750000e+01
     vertex  2.664843e+01  1.441554e+01  2.750000e+01
     vertex  2.665921e+01  1.437016e+01  2.750000e+01
   endloop
 endfacet
 facet normal  0.000000e+00  0.000000e+00  1.000000e+00
   outer loop
     vertex  2.817202e+01  1.470766e+01  2.750000e+01
     vertex  2.665921e+01  1.437016e+01  2.750000e+01
     vertex  2.819024e+01  1.462037e+01  2.750000e+01
   endloop
 endfacet
 facet normal  0.000000e+00  0.000000e+00  1.000000e+00
   outer loop
     vertex  2.572940e+01  1.716709e+01  2.750000e+01
     vertex  2.533594e+01  1.566648e+01  2.750000e+01
     vertex  2.538153e+01  1.565663e+01  2.750000e+01
   endloop
 endfacet
 facet normal  0.000000e+00  0.000000e+00  1.000000e+00
   outer loop
     vertex  2.572940e+01  1.716709e+01  2.750000e+01
     vertex  2.564224e+01  1.718591e+01  2.750000e+01
     vertex  2.533594e+01  1.566648e+01  2.750000e+01
   endloop
 endfacet
 facet normal  0.000000e+00  0.000000e+00  1.000000e+00
   outer loop
     vertex  2.815141e+01  1.479442e+01  2.750000e+01
     vertex  2.664843e+01  1.441554e+01  2.750000e+01
     vertex  2.817202e+01  1.470766e+01  2.750000e+01
   endloop
 endfacet
 facet normal  0.000000e+00  0.000000e+00  1.000000e+00
   outer loop
     vertex  2.581601e+01  1.714589e+01  2.750000e+01
     vertex  2.538153e+01  1.565663e+01  2.750000e+01
     vertex  2.542684e+01  1.564554e+01  2.750000e+01
   endloop
 endfacet
 facet normal  0.000000e+00  0.000000e+00  1.000000e+00
   outer loop
     vertex  2.581601e+01  1.714589e+01  2.750000e+01
     vertex  2.572940e+01  1.716709e+01  2.750000e+01
     vertex  2.538153e+01  1.565663e+01  2.750000e+01
   endloop
 endfacet
 facet normal  0.000000e+00  0.000000e+00  1.000000e+00
   outer loop
     vertex  2.812843e+01  1.488057e+01  2.750000e+01
     vertex  2.663641e+01  1.446061e+01  2.750000e+01
     vertex  2.664843e+01  1.441554e+01  2.750000e+01
   endloop
 endfacet
 facet normal  0.000000e+00  0.000000e+00  1.000000e+00
   outer loop
     vertex  2.812843e+01  1.488057e+01  2.750000e+01
     vertex  2.664843e+01  1.441554e+01  2.750000e+01
     vertex  2.815141e+01  1.479442e+01  2.750000e+01
   endloop
 endfacet
 facet normal  0.000000e+00  0.000000e+00  1.000000e+00
   outer loop
     vertex  2.590201e+01  1.712232e+01  2.750000e+01
     vertex  2.581601e+01  1.714589e+01  2.750000e+01
     vertex  2.542684e+01  1.564554e+01  2.750000e+01
   endloop
 endfacet
 facet normal  0.000000e+00  0.000000e+00  1.000000e+00
   outer loop
     vertex  2.590201e+01  1.712232e+01  2.750000e+01
     vertex  2.542684e+01  1.564554e+01  2.750000e+01
     vertex  2.547182e+01  1.563321e+01  2.750000e+01
   endloop
 endfacet
 facet normal  0.000000e+00  0.000000e+00  1.000000e+00
   outer loop
     vertex  2.810310e+01  1.496607e+01  2.750000e+01
     vertex  2.662316e+01  1.450533e+01  2.750000e+01
     vertex  2.663641e+01  1.446061e+01  2.750000e+01
   endloop
 endfacet
 facet normal  0.000000e+00  0.000000e+00  1.000000e+00
   outer loop
     vertex  2.810310e+01  1.496607e+01  2.750000e+01
     vertex  2.663641e+01  1.446061e+01  2.750000e+01
     vertex  2.812843e+01  1.488057e+01  2.750000e+01
   endloop
 endfacet
 facet normal  0.000000e+00  0.000000e+00  1.000000e+00
   outer loop
     vertex  2.598733e+01  1.709640e+01  2.750000e+01
     vertex  2.590201e+01  1.712232e+01  2.750000e+01
     vertex  2.547182e+01  1.563321e+01  2.750000e+01
   endloop
 endfacet
 facet normal  0.000000e+00  0.000000e+00  1.000000e+00
   outer loop
     vertex  2.598733e+01  1.709640e+01  2.750000e+01
     vertex  2.547182e+01  1.563321e+01  2.750000e+01
     vertex  2.551645e+01  1.561965e+01  2.750000e+01
   endloop
 endfacet
 facet normal  0.000000e+00  0.000000e+00  1.000000e+00
   outer loop
     vertex  2.807543e+01  1.505083e+01  2.750000e+01
     vertex  2.660868e+01  1.454967e+01  2.750000e+01
     vertex  2.662316e+01  1.450533e+01  2.750000e+01
   endloop
 endfacet
 facet normal  0.000000e+00  0.000000e+00  1.000000e+00
   outer loop
     vertex  2.807543e+01  1.505083e+01  2.750000e+01
     vertex  2.662316e+01  1.450533e+01  2.750000e+01
     vertex  2.810310e+01  1.496607e+01  2.750000e+01
   endloop
 endfacet
 facet normal  0.000000e+00  0.000000e+00  1.000000e+00
   outer loop
     vertex  2.607190e+01  1.706815e+01  2.750000e+01
     vertex  2.556069e+01  1.560488e+01  2.750000e+01
     vertex  2.560451e+01  1.558889e+01  2.750000e+01
   endloop
 endfacet
 facet normal  0.000000e+00  0.000000e+00  1.000000e+00
   outer loop
     vertex  2.607190e+01  1.706815e+01  2.750000e+01
     vertex  2.551645e+01  1.561965e+01  2.750000e+01
     vertex  2.556069e+01  1.560488e+01  2.750000e+01
   endloop
 endfacet
 facet normal  0.000000e+00  0.000000e+00  1.000000e+00
   outer loop
     vertex  2.607190e+01  1.706815e+01  2.750000e+01
     vertex  2.598733e+01  1.709640e+01  2.750000e+01
     vertex  2.551645e+01  1.561965e+01  2.750000e+01
   endloop
 endfacet
 facet normal  0.000000e+00  0.000000e+00  1.000000e+00
   outer loop
     vertex  2.804544e+01  1.513481e+01  2.750000e+01
     vertex  2.659300e+01  1.459359e+01  2.750000e+01
     vertex  2.660868e+01  1.454967e+01  2.750000e+01
   endloop
 endfacet
 facet normal  0.000000e+00  0.000000e+00  1.000000e+00
   outer loop
     vertex  2.804544e+01  1.513481e+01  2.750000e+01
     vertex  2.657612e+01  1.463707e+01  2.750000e+01
     vertex  2.659300e+01  1.459359e+01  2.750000e+01
   endloop
 endfacet
 facet normal  0.000000e+00  0.000000e+00  1.000000e+00
   outer loop
     vertex  2.804544e+01  1.513481e+01  2.750000e+01
     vertex  2.660868e+01  1.454967e+01  2.750000e+01
     vertex  2.807543e+01  1.505083e+01  2.750000e+01
   endloop
 endfacet
 facet normal  0.000000e+00  0.000000e+00  1.000000e+00
   outer loop
     vertex  2.615567e+01  1.703758e+01  2.750000e+01
     vertex  2.607190e+01  1.706815e+01  2.750000e+01
     vertex  2.560451e+01  1.558889e+01  2.750000e+01
   endloop
 endfacet
 facet normal  0.000000e+00  0.000000e+00  1.000000e+00
   outer loop
     vertex  2.801316e+01  1.521793e+01  2.750000e+01
     vertex  2.657612e+01  1.463707e+01  2.750000e+01
     vertex  2.804544e+01  1.513481e+01  2.750000e+01
   endloop
 endfacet
 facet normal  0.000000e+00  0.000000e+00  1.000000e+00
   outer loop
     vertex  2.623857e+01  1.700474e+01  2.750000e+01
     vertex  2.560451e+01  1.558889e+01  2.750000e+01
     vertex  2.564787e+01  1.557171e+01  2.750000e+01
   endloop
 endfacet
 facet normal  0.000000e+00  0.000000e+00  1.000000e+00
   outer loop
     vertex  2.623857e+01  1.700474e+01  2.750000e+01
     vertex  2.615567e+01  1.703758e+01  2.750000e+01
     vertex  2.560451e+01  1.558889e+01  2.750000e+01
   endloop
 endfacet
 facet normal  0.000000e+00  0.000000e+00  1.000000e+00
   outer loop
     vertex  2.797862e+01  1.530014e+01  2.750000e+01
     vertex  2.657612e+01  1.463707e+01  2.750000e+01
     vertex  2.801316e+01  1.521793e+01  2.750000e+01
   endloop
 endfacet
 facet normal  0.000000e+00  0.000000e+00  1.000000e+00
   outer loop
     vertex  2.797862e+01  1.530014e+01  2.750000e+01
     vertex  2.655804e+01  1.468007e+01  2.750000e+01
     vertex  2.657612e+01  1.463707e+01  2.750000e+01
   endloop
 endfacet
 facet normal  0.000000e+00  0.000000e+00  1.000000e+00
   outer loop
     vertex  2.632054e+01  1.696963e+01  2.750000e+01
     vertex  2.623857e+01  1.700474e+01  2.750000e+01
     vertex  2.564787e+01  1.557171e+01  2.750000e+01
   endloop
 endfacet
 facet normal  0.000000e+00  0.000000e+00  1.000000e+00
   outer loop
     vertex  2.632054e+01  1.696963e+01  2.750000e+01
     vertex  2.564787e+01  1.557171e+01  2.750000e+01
     vertex  2.569074e+01  1.555334e+01  2.750000e+01
   endloop
 endfacet
 facet normal  0.000000e+00  0.000000e+00  1.000000e+00
   outer loop
     vertex  2.794183e+01  1.538136e+01  2.750000e+01
     vertex  2.653880e+01  1.472256e+01  2.750000e+01
     vertex  2.655804e+01  1.468007e+01  2.750000e+01
   endloop
 endfacet
 facet normal  0.000000e+00  0.000000e+00  1.000000e+00
   outer loop
     vertex  2.794183e+01  1.538136e+01  2.750000e+01
     vertex  2.655804e+01  1.468007e+01  2.750000e+01
     vertex  2.797862e+01  1.530014e+01  2.750000e+01
   endloop
 endfacet
 facet normal  0.000000e+00  0.000000e+00  1.000000e+00
   outer loop
     vertex  2.794183e+01  1.538136e+01  2.750000e+01
     vertex  2.651840e+01  1.476450e+01  2.750000e+01
     vertex  2.653880e+01  1.472256e+01  2.750000e+01
   endloop
 endfacet
 facet normal  0.000000e+00  0.000000e+00  1.000000e+00
   outer loop
     vertex  2.640151e+01  1.693228e+01  2.750000e+01
     vertex  2.632054e+01  1.696963e+01  2.750000e+01
     vertex  2.569074e+01  1.555334e+01  2.750000e+01
   endloop
 endfacet
 facet normal  0.000000e+00  0.000000e+00  1.000000e+00
   outer loop
     vertex  2.640151e+01  1.693228e+01  2.750000e+01
     vertex  2.569074e+01  1.555334e+01  2.750000e+01
     vertex  2.573310e+01  1.553381e+01  2.750000e+01
   endloop
 endfacet
 facet normal  0.000000e+00  0.000000e+00  1.000000e+00
   outer loop
     vertex  2.790282e+01  1.546155e+01  2.750000e+01
     vertex  2.651840e+01  1.476450e+01  2.750000e+01
     vertex  2.794183e+01  1.538136e+01  2.750000e+01
   endloop
 endfacet
 facet normal  0.000000e+00  0.000000e+00  1.000000e+00
   outer loop
     vertex  2.648142e+01  1.689273e+01  2.750000e+01
     vertex  2.640151e+01  1.693228e+01  2.750000e+01
     vertex  2.573310e+01  1.553381e+01  2.750000e+01
   endloop
 endfacet
 facet normal  0.000000e+00  0.000000e+00  1.000000e+00
   outer loop
     vertex  2.648142e+01  1.689273e+01  2.750000e+01
     vertex  2.577490e+01  1.551312e+01  2.750000e+01
     vertex  2.581612e+01  1.549129e+01  2.750000e+01
   endloop
 endfacet
 facet normal  0.000000e+00  0.000000e+00  1.000000e+00
   outer loop
     vertex  2.648142e+01  1.689273e+01  2.750000e+01
     vertex  2.573310e+01  1.553381e+01  2.750000e+01
     vertex  2.577490e+01  1.551312e+01  2.750000e+01
   endloop
 endfacet
 facet normal  0.000000e+00  0.000000e+00  1.000000e+00
   outer loop
     vertex  2.786163e+01  1.554063e+01  2.750000e+01
     vertex  2.651840e+01  1.476450e+01  2.750000e+01
     vertex  2.790282e+01  1.546155e+01  2.750000e+01
   endloop
 endfacet
 facet normal  0.000000e+00  0.000000e+00  1.000000e+00
   outer loop
     vertex  2.786163e+01  1.554063e+01  2.750000e+01
     vertex  2.649685e+01  1.480587e+01  2.750000e+01
     vertex  2.651840e+01  1.476450e+01  2.750000e+01
   endloop
 endfacet
 facet normal  0.000000e+00  0.000000e+00  1.000000e+00
   outer loop
     vertex  2.656023e+01  1.685100e+01  2.750000e+01
     vertex  2.648142e+01  1.689273e+01  2.750000e+01
     vertex  2.581612e+01  1.549129e+01  2.750000e+01
   endloop
 endfacet
 facet normal  0.000000e+00  0.000000e+00  1.000000e+00
   outer loop
     vertex  2.656023e+01  1.685100e+01  2.750000e+01
     vertex  2.581612e+01  1.549129e+01  2.750000e+01
     vertex  2.585672e+01  1.546834e+01  2.750000e+01
   endloop
 endfacet
 facet normal  0.000000e+00  0.000000e+00  1.000000e+00
   outer loop
     vertex  2.781829e+01  1.561856e+01  2.750000e+01
     vertex  2.649685e+01  1.480587e+01  2.750000e+01
     vertex  2.786163e+01  1.554063e+01  2.750000e+01
   endloop
 endfacet
 facet normal  0.000000e+00  0.000000e+00  1.000000e+00
   outer loop
     vertex  2.781829e+01  1.561856e+01  2.750000e+01
     vertex  2.647418e+01  1.484663e+01  2.750000e+01
     vertex  2.649685e+01  1.480587e+01  2.750000e+01
   endloop
 endfacet
 facet normal  0.000000e+00  0.000000e+00  1.000000e+00
   outer loop
     vertex  2.663785e+01  1.680712e+01  2.750000e+01
     vertex  2.656023e+01  1.685100e+01  2.750000e+01
     vertex  2.585672e+01  1.546834e+01  2.750000e+01
   endloop
 endfacet
 facet normal  0.000000e+00  0.000000e+00  1.000000e+00
   outer loop
     vertex  2.777283e+01  1.569527e+01  2.750000e+01
     vertex  2.645040e+01  1.488676e+01  2.750000e+01
     vertex  2.647418e+01  1.484663e+01  2.750000e+01
   endloop
 endfacet
 facet normal  0.000000e+00  0.000000e+00  1.000000e+00
   outer loop
     vertex  2.777283e+01  1.569527e+01  2.750000e+01
     vertex  2.647418e+01  1.484663e+01  2.750000e+01
     vertex  2.781829e+01  1.561856e+01  2.750000e+01
   endloop
 endfacet
 facet normal  0.000000e+00  0.000000e+00  1.000000e+00
   outer loop
     vertex  2.671425e+01  1.676113e+01  2.750000e+01
     vertex  2.663785e+01  1.680712e+01  2.750000e+01
     vertex  2.585672e+01  1.546834e+01  2.750000e+01
   endloop
 endfacet
 facet normal  0.000000e+00  0.000000e+00  1.000000e+00
   outer loop
     vertex  2.671425e+01  1.676113e+01  2.750000e+01
     vertex  2.589668e+01  1.544428e+01  2.750000e+01
     vertex  2.593597e+01  1.541914e+01  2.750000e+01
   endloop
 endfacet
 facet normal  0.000000e+00  0.000000e+00  1.000000e+00
   outer loop
     vertex  2.671425e+01  1.676113e+01  2.750000e+01
     vertex  2.585672e+01  1.546834e+01  2.750000e+01
     vertex  2.589668e+01  1.544428e+01  2.750000e+01
   endloop
 endfacet
 facet normal  0.000000e+00  0.000000e+00  1.000000e+00
   outer loop
     vertex  2.772527e+01  1.577070e+01  2.750000e+01
     vertex  2.645040e+01  1.488676e+01  2.750000e+01
     vertex  2.777283e+01  1.569527e+01  2.750000e+01
   endloop
 endfacet
 facet normal  0.000000e+00  0.000000e+00  1.000000e+00
   outer loop
     vertex  2.772527e+01  1.577070e+01  2.750000e+01
     vertex  2.642553e+01  1.492621e+01  2.750000e+01
     vertex  2.645040e+01  1.488676e+01  2.750000e+01
   endloop
 endfacet
 facet normal  0.000000e+00  0.000000e+00  1.000000e+00
   outer loop
     vertex  2.772527e+01  1.577070e+01  2.750000e+01
     vertex  2.639958e+01  1.496497e+01  2.750000e+01
     vertex  2.642553e+01  1.492621e+01  2.750000e+01
   endloop
 endfacet
 facet normal  0.000000e+00  0.000000e+00  1.000000e+00
   outer loop
     vertex  2.678935e+01  1.671306e+01  2.750000e+01
     vertex  2.671425e+01  1.676113e+01  2.750000e+01
     vertex  2.593597e+01  1.541914e+01  2.750000e+01
   endloop
 endfacet
 facet normal  0.000000e+00  0.000000e+00  1.000000e+00
   outer loop
     vertex  2.678935e+01  1.671306e+01  2.750000e+01
     vertex  2.593597e+01  1.541914e+01  2.750000e+01
     vertex  2.597455e+01  1.539293e+01  2.750000e+01
   endloop
 endfacet
 facet normal  0.000000e+00  0.000000e+00  1.000000e+00
   outer loop
     vertex  2.767567e+01  1.584480e+01  2.750000e+01
     vertex  2.639958e+01  1.496497e+01  2.750000e+01
     vertex  2.772527e+01  1.577070e+01  2.750000e+01
   endloop
 endfacet
 facet normal  0.000000e+00  0.000000e+00  1.000000e+00
   outer loop
     vertex  2.767567e+01  1.584480e+01  2.750000e+01
     vertex  2.637258e+01  1.500300e+01  2.750000e+01
     vertex  2.639958e+01  1.496497e+01  2.750000e+01
   endloop
 endfacet
 facet normal  0.000000e+00  0.000000e+00  1.000000e+00
   outer loop
     vertex  2.686311e+01  1.666295e+01  2.750000e+01
     vertex  2.678935e+01  1.671306e+01  2.750000e+01
     vertex  2.597455e+01  1.539293e+01  2.750000e+01
   endloop
 endfacet
 facet normal  0.000000e+00  0.000000e+00  1.000000e+00
   outer loop
     vertex  2.762405e+01  1.591751e+01  2.750000e+01
     vertex  2.637258e+01  1.500300e+01  2.750000e+01
     vertex  2.767567e+01  1.584480e+01  2.750000e+01
   endloop
 endfacet
 facet normal  0.000000e+00  0.000000e+00  1.000000e+00
   outer loop
     vertex  2.693546e+01  1.661084e+01  2.750000e+01
     vertex  2.686311e+01  1.666295e+01  2.750000e+01
     vertex  2.597455e+01  1.539293e+01  2.750000e+01
   endloop
 endfacet
 facet normal  0.000000e+00  0.000000e+00  1.000000e+00
   outer loop
     vertex  2.693546e+01  1.661084e+01  2.750000e+01
     vertex  2.597455e+01  1.539293e+01  2.750000e+01
     vertex  2.601240e+01  1.536567e+01  2.750000e+01
   endloop
 endfacet
 facet normal  0.000000e+00  0.000000e+00  1.000000e+00
   outer loop
     vertex  2.757046e+01  1.598878e+01  2.750000e+01
     vertex  2.637258e+01  1.500300e+01  2.750000e+01
     vertex  2.762405e+01  1.591751e+01  2.750000e+01
   endloop
 endfacet
 facet normal  0.000000e+00  0.000000e+00  1.000000e+00
   outer loop
     vertex  2.757046e+01  1.598878e+01  2.750000e+01
     vertex  2.634455e+01  1.504028e+01  2.750000e+01
     vertex  2.637258e+01  1.500300e+01  2.750000e+01
   endloop
 endfacet
 facet normal  0.000000e+00  0.000000e+00  1.000000e+00
   outer loop
     vertex  2.757046e+01  1.598878e+01  2.750000e+01
     vertex  2.631550e+01  1.507678e+01  2.750000e+01
     vertex  2.634455e+01  1.504028e+01  2.750000e+01
   endloop
 endfacet
 facet normal  0.000000e+00  0.000000e+00  1.000000e+00
   outer loop
     vertex  2.700636e+01  1.655676e+01  2.750000e+01
     vertex  2.693546e+01  1.661084e+01  2.750000e+01
     vertex  2.601240e+01  1.536567e+01  2.750000e+01
   endloop
 endfacet
 facet normal  0.000000e+00  0.000000e+00  1.000000e+00
   outer loop
     vertex  2.700636e+01  1.655676e+01  2.750000e+01
     vertex  2.601240e+01  1.536567e+01  2.750000e+01
     vertex  2.604948e+01  1.533738e+01  2.750000e+01
   endloop
 endfacet
 facet normal  0.000000e+00  0.000000e+00  1.000000e+00
   outer loop
     vertex  2.751493e+01  1.605855e+01  2.750000e+01
     vertex  2.631550e+01  1.507678e+01  2.750000e+01
     vertex  2.757046e+01  1.598878e+01  2.750000e+01
   endloop
 endfacet
 facet normal  0.000000e+00  0.000000e+00  1.000000e+00
   outer loop
     vertex  2.707575e+01  1.650075e+01  2.750000e+01
     vertex  2.700636e+01  1.655676e+01  2.750000e+01
     vertex  2.604948e+01  1.533738e+01  2.750000e+01
   endloop
 endfacet
 facet normal  0.000000e+00  0.000000e+00  1.000000e+00
   outer loop
     vertex  2.707575e+01  1.650075e+01  2.750000e+01
     vertex  2.604948e+01  1.533738e+01  2.750000e+01
     vertex  2.608578e+01  1.530809e+01  2.750000e+01
   endloop
 endfacet
 facet normal  0.000000e+00  0.000000e+00  1.000000e+00
   outer loop
     vertex  2.745751e+01  1.612677e+01  2.750000e+01
     vertex  2.631550e+01  1.507678e+01  2.750000e+01
     vertex  2.751493e+01  1.605855e+01  2.750000e+01
   endloop
 endfacet
 facet normal  0.000000e+00  0.000000e+00  1.000000e+00
   outer loop
     vertex  2.745751e+01  1.612677e+01  2.750000e+01
     vertex  2.628547e+01  1.511246e+01  2.750000e+01
     vertex  2.631550e+01  1.507678e+01  2.750000e+01
   endloop
 endfacet
 facet normal  0.000000e+00  0.000000e+00  1.000000e+00
   outer loop
     vertex  2.745751e+01  1.612677e+01  2.750000e+01
     vertex  2.625447e+01  1.514731e+01  2.750000e+01
     vertex  2.628547e+01  1.511246e+01  2.750000e+01
   endloop
 endfacet
 facet normal  0.000000e+00  0.000000e+00  1.000000e+00
   outer loop
     vertex  2.714357e+01  1.644287e+01  2.750000e+01
     vertex  2.707575e+01  1.650075e+01  2.750000e+01
     vertex  2.608578e+01  1.530809e+01  2.750000e+01
   endloop
 endfacet
 facet normal  0.000000e+00  0.000000e+00  1.000000e+00
   outer loop
     vertex  2.714357e+01  1.644287e+01  2.750000e+01
     vertex  2.608578e+01  1.530809e+01  2.750000e+01
     vertex  2.612125e+01  1.527781e+01  2.750000e+01
   endloop
 endfacet
 facet normal  0.000000e+00  0.000000e+00  1.000000e+00
   outer loop
     vertex  2.739824e+01  1.619338e+01  2.750000e+01
     vertex  2.625447e+01  1.514731e+01  2.750000e+01
     vertex  2.745751e+01  1.612677e+01  2.750000e+01
   endloop
 endfacet
 facet normal  0.000000e+00  0.000000e+00  1.000000e+00
   outer loop
     vertex  2.720978e+01  1.638314e+01  2.750000e+01
     vertex  2.714357e+01  1.644287e+01  2.750000e+01
     vertex  2.612125e+01  1.527781e+01  2.750000e+01
   endloop
 endfacet
 facet normal  0.000000e+00  0.000000e+00  1.000000e+00
   outer loop
     vertex  2.720978e+01  1.638314e+01  2.750000e+01
     vertex  2.612125e+01  1.527781e+01  2.750000e+01
     vertex  2.615589e+01  1.524657e+01  2.750000e+01
   endloop
 endfacet
 facet normal  0.000000e+00  0.000000e+00  1.000000e+00
   outer loop
     vertex  2.733717e+01  1.625835e+01  2.750000e+01
     vertex  2.622252e+01  1.518129e+01  2.750000e+01
     vertex  2.625447e+01  1.514731e+01  2.750000e+01
   endloop
 endfacet
 facet normal  0.000000e+00  0.000000e+00  1.000000e+00
   outer loop
     vertex  2.733717e+01  1.625835e+01  2.750000e+01
     vertex  2.618965e+01  1.521439e+01  2.750000e+01
     vertex  2.622252e+01  1.518129e+01  2.750000e+01
   endloop
 endfacet
 facet normal  0.000000e+00  0.000000e+00  1.000000e+00
   outer loop
     vertex  2.733717e+01  1.625835e+01  2.750000e+01
     vertex  2.625447e+01  1.514731e+01  2.750000e+01
     vertex  2.739824e+01  1.619338e+01  2.750000e+01
   endloop
 endfacet
 facet normal  0.000000e+00  0.000000e+00  1.000000e+00
   outer loop
     vertex  2.727433e+01  1.632162e+01  2.750000e+01
     vertex  2.615589e+01  1.524657e+01  2.750000e+01
     vertex  2.618965e+01  1.521439e+01  2.750000e+01
   endloop
 endfacet
 facet normal  0.000000e+00  0.000000e+00  1.000000e+00
   outer loop
     vertex  2.727433e+01  1.632162e+01  2.750000e+01
     vertex  2.618965e+01  1.521439e+01  2.750000e+01
     vertex  2.733717e+01  1.625835e+01  2.750000e+01
   endloop
 endfacet
 facet normal  0.000000e+00  0.000000e+00  1.000000e+00
   outer loop
     vertex  2.727433e+01  1.632162e+01  2.750000e+01
     vertex  2.720978e+01  1.638314e+01  2.750000e+01
     vertex  2.615589e+01  1.524657e+01  2.750000e+01
   endloop
 endfacet
 facet normal -9.999059e-01 -1.371831e-02  0.000000e+00
   outer loop
     vertex  2.669936e+01  2.604664e+01  2.750000e+01
     vertex  2.670000e+01  2.600000e+01  2.350000e+01
     vertex  2.670000e+01  2.600000e+01  2.750000e+01
   endloop
 endfacet
 facet normal -9.999059e-01 -1.371831e-02 -0.000000e+00
   outer loop
     vertex  2.669936e+01  2.604664e+01  2.750000e+01
     vertex  2.669936e+01  2.604664e+01  2.350000e+01
     vertex  2.670000e+01  2.600000e+01  2.350000e+01
   endloop
 endfacet
 facet normal -9.991532e-01 -4.114462e-02 -0.000000e+00
   outer loop
     vertex  2.669744e+01  2.609324e+01  2.750000e+01
     vertex  2.669744e+01  2.609324e+01  2.350000e+01
     vertex  2.669936e+01  2.604664e+01  2.350000e+01
   endloop
 endfacet
 facet normal -9.991532e-01 -4.114462e-02  0.000000e+00
   outer loop
     vertex  2.669744e+01  2.609324e+01  2.750000e+01
     vertex  2.669936e+01  2.604664e+01  2.350000e+01
     vertex  2.669936e+01  2.604664e+01  2.750000e+01
   endloop
 endfacet
 facet normal -9.976484e-01 -6.853995e-02 -0.000000e+00
   outer loop
     vertex  2.669424e+01  2.613977e+01  2.750000e+01
     vertex  2.669424e+01  2.613977e+01  2.350000e+01
     vertex  2.669744e+01  2.609324e+01  2.350000e+01
   endloop
 endfacet
 facet normal -9.976484e-01 -6.853995e-02  0.000000e+00
   outer loop
     vertex  2.669424e+01  2.613977e+01  2.750000e+01
     vertex  2.669744e+01  2.609324e+01  2.350000e+01
     vertex  2.669744e+01  2.609324e+01  2.750000e+01
   endloop
 endfacet
 facet normal -9.953925e-01 -9.588368e-02 -0.000000e+00
   outer loop
     vertex  2.668977e+01  2.618620e+01  2.750000e+01
     vertex  2.668977e+01  2.618620e+01  2.350000e+01
     vertex  2.669424e+01  2.613977e+01  2.350000e+01
   endloop
 endfacet
 facet normal -9.953925e-01 -9.588368e-02  0.000000e+00
   outer loop
     vertex  2.668977e+01  2.618620e+01  2.750000e+01
     vertex  2.669424e+01  2.613977e+01  2.350000e+01
     vertex  2.669424e+01  2.613977e+01  2.750000e+01
   endloop
 endfacet
 facet normal -9.923874e-01 -1.231552e-01 -0.000000e+00
   outer loop
     vertex  2.668403e+01  2.623249e+01  2.750000e+01
     vertex  2.668403e+01  2.623249e+01  2.350000e+01
     vertex  2.668977e+01  2.618620e+01  2.350000e+01
   endloop
 endfacet
 facet normal -9.923874e-01 -1.231552e-01  0.000000e+00
   outer loop
     vertex  2.668403e+01  2.623249e+01  2.750000e+01
     vertex  2.668977e+01  2.618620e+01  2.350000e+01
     vertex  2.668977e+01  2.618620e+01  2.750000e+01
   endloop
 endfacet
 facet normal -9.886353e-01 -1.503341e-01 -0.000000e+00
   outer loop
     vertex  2.667702e+01  2.627860e+01  2.750000e+01
     vertex  2.667702e+01  2.627860e+01  2.350000e+01
     vertex  2.668403e+01  2.623249e+01  2.350000e+01
   endloop
 endfacet
 facet normal -9.886353e-01 -1.503341e-01  0.000000e+00
   outer loop
     vertex  2.667702e+01  2.627860e+01  2.750000e+01
     vertex  2.668403e+01  2.623249e+01  2.350000e+01
     vertex  2.668403e+01  2.623249e+01  2.750000e+01
   endloop
 endfacet
 facet normal -9.841389e-01 -1.773998e-01 -0.000000e+00
   outer loop
     vertex  2.666874e+01  2.632450e+01  2.750000e+01
     vertex  2.666874e+01  2.632450e+01  2.350000e+01
     vertex  2.667702e+01  2.627860e+01  2.350000e+01
   endloop
 endfacet
 facet normal -9.841389e-01 -1.773998e-01  0.000000e+00
   outer loop
     vertex  2.666874e+01  2.632450e+01  2.750000e+01
     vertex  2.667702e+01  2.627860e+01  2.350000e+01
     vertex  2.667702e+01  2.627860e+01  2.750000e+01
   endloop
 endfacet
 facet normal -9.789017e-01 -2.043319e-01 -0.000000e+00
   outer loop
     vertex  2.665921e+01  2.637016e+01  2.750000e+01
     vertex  2.665921e+01  2.637016e+01  2.350000e+01
     vertex  2.666874e+01  2.632450e+01  2.350000e+01
   endloop
 endfacet
 facet normal -9.789017e-01 -2.043319e-01  0.000000e+00
   outer loop
     vertex  2.665921e+01  2.637016e+01  2.750000e+01
     vertex  2.666874e+01  2.632450e+01  2.350000e+01
     vertex  2.666874e+01  2.632450e+01  2.750000e+01
   endloop
 endfacet
 facet normal -9.729276e-01 -2.311102e-01 -0.000000e+00
   outer loop
     vertex  2.664843e+01  2.641554e+01  2.750000e+01
     vertex  2.664843e+01  2.641554e+01  2.350000e+01
     vertex  2.665921e+01  2.637016e+01  2.350000e+01
   endloop
 endfacet
 facet normal -9.662211e-01 -2.577146e-01 -0.000000e+00
   outer loop
     vertex  2.664843e+01  2.641554e+01  2.750000e+01
     vertex  2.663641e+01  2.646061e+01  2.350000e+01
     vertex  2.664843e+01  2.641554e+01  2.350000e+01
   endloop
 endfacet
 facet normal -9.729276e-01 -2.311102e-01  0.000000e+00
   outer loop
     vertex  2.664843e+01  2.641554e+01  2.750000e+01
     vertex  2.665921e+01  2.637016e+01  2.350000e+01
     vertex  2.665921e+01  2.637016e+01  2.750000e+01
   endloop
 endfacet
 facet normal -9.662211e-01 -2.577146e-01 -0.000000e+00
   outer loop
     vertex  2.663641e+01  2.646061e+01  2.750000e+01
     vertex  2.663641e+01  2.646061e+01  2.350000e+01
     vertex  2.664843e+01  2.641554e+01  2.750000e+01
   endloop
 endfacet
 facet normal -9.587873e-01 -2.841250e-01  0.000000e+00
   outer loop
     vertex  2.662316e+01  2.650533e+01  2.750000e+01
     vertex  2.663641e+01  2.646061e+01  2.350000e+01
     vertex  2.663641e+01  2.646061e+01  2.750000e+01
   endloop
 endfacet
 facet normal -9.587873e-01 -2.841250e-01 -0.000000e+00
   outer loop
     vertex  2.662316e+01  2.650533e+01  2.750000e+01
     vertex  2.662316e+01  2.650533e+01  2.350000e+01
     vertex  2.663641e+01  2.646061e+01  2.350000e+01
   endloop
 endfacet
 facet normal -9.506317e-01 -3.103214e-01  0.000000e+00
   outer loop
     vertex  2.660868e+01  2.654967e+01  2.750000e+01
     vertex  2.662316e+01  2.650533e+01  2.350000e+01
     vertex  2.662316e+01  2.650533e+01  2.750000e+01
   endloop
 endfacet
 facet normal -9.506317e-01 -3.103214e-01 -0.000000e+00
   outer loop
     vertex  2.660868e+01  2.654967e+01  2.750000e+01
     vertex  2.660868e+01  2.654967e+01  2.350000e+01
     vertex  2.662316e+01  2.650533e+01  2.350000e+01
   endloop
 endfacet
 facet normal -9.417605e-01 -3.362843e-01  0.000000e+00
   outer loop
     vertex  2.659300e+01  2.659359e+01  2.750000e+01
     vertex  2.660868e+01  2.654967e+01  2.350000e+01
     vertex  2.660868e+01  2.654967e+01  2.750000e+01
   endloop
 endfacet
 facet normal -9.417605e-01 -3.362843e-01 -0.000000e+00
   outer loop
     vertex  2.659300e+01  2.659359e+01  2.750000e+01
     vertex  2.659300e+01  2.659359e+01  2.350000e+01
     vertex  2.660868e+01  2.654967e+01  2.350000e+01
   endloop
 endfacet
 facet normal -9.321804e-01 -3.619940e-01  0.000000e+00
   outer loop
     vertex  2.657612e+01  2.663707e+01  2.750000e+01
     vertex  2.659300e+01  2.659359e+01  2.350000e+01
     vertex  2.659300e+01  2.659359e+01  2.750000e+01
   endloop
 endfacet
 facet normal -9.321804e-01 -3.619940e-01 -0.000000e+00
   outer loop
     vertex  2.657612e+01  2.663707e+01  2.750000e+01
     vertex  2.657612e+01  2.663707e+01  2.350000e+01
     vertex  2.659300e+01  2.659359e+01  2.350000e+01
   endloop
 endfacet
 facet normal -9.218986e-01 -3.874313e-01 -0.000000e+00
   outer loop
     vertex  2.657612e+01  2.663707e+01  2.750000e+01
     vertex  2.655804e+01  2.668007e+01  2.350000e+01
     vertex  2.657612e+01  2.663707e+01  2.350000e+01
   endloop
 endfacet
 facet normal -9.218986e-01 -3.874313e-01 -0.000000e+00
   outer loop
     vertex  2.655804e+01  2.668007e+01  2.750000e+01
     vertex  2.655804e+01  2.668007e+01  2.350000e+01
     vertex  2.657612e+01  2.663707e+01  2.750000e+01
   endloop
 endfacet
 facet normal -9.109228e-01 -4.125769e-01 -0.000000e+00
   outer loop
     vertex  2.655804e+01  2.668007e+01  2.750000e+01
     vertex  2.653880e+01  2.672256e+01  2.350000e+01
     vertex  2.655804e+01  2.668007e+01  2.350000e+01
   endloop
 endfacet
 facet normal -9.109228e-01 -4.125769e-01 -0.000000e+00
   outer loop
     vertex  2.653880e+01  2.672256e+01  2.750000e+01
     vertex  2.653880e+01  2.672256e+01  2.350000e+01
     vertex  2.655804e+01  2.668007e+01  2.750000e+01
   endloop
 endfacet
 facet normal -8.992613e-01 -4.374119e-01  0.000000e+00
   outer loop
     vertex  2.651840e+01  2.676450e+01  2.750000e+01
     vertex  2.653880e+01  2.672256e+01  2.350000e+01
     vertex  2.653880e+01  2.672256e+01  2.750000e+01
   endloop
 endfacet
 facet normal -8.992613e-01 -4.374119e-01 -0.000000e+00
   outer loop
     vertex  2.651840e+01  2.676450e+01  2.750000e+01
     vertex  2.651840e+01  2.676450e+01  2.350000e+01
     vertex  2.653880e+01  2.672256e+01  2.350000e+01
   endloop
 endfacet
 facet normal -8.869228e-01 -4.619176e-01  0.000000e+00
   outer loop
     vertex  2.649685e+01  2.680587e+01  2.750000e+01
     vertex  2.651840e+01  2.676450e+01  2.350000e+01
     vertex  2.651840e+01  2.676450e+01  2.750000e+01
   endloop
 endfacet
 facet normal -8.869228e-01 -4.619176e-01 -0.000000e+00
   outer loop
     vertex  2.649685e+01  2.680587e+01  2.750000e+01
     vertex  2.649685e+01  2.680587e+01  2.350000e+01
     vertex  2.651840e+01  2.676450e+01  2.350000e+01
   endloop
 endfacet
 facet normal -8.739167e-01 -4.860756e-01 -0.000000e+00
   outer loop
     vertex  2.649685e+01  2.680587e+01  2.750000e+01
     vertex  2.647418e+01  2.684663e+01  2.350000e+01
     vertex  2.649685e+01  2.680587e+01  2.350000e+01
   endloop
 endfacet
 facet normal -8.739167e-01 -4.860756e-01 -0.000000e+00
   outer loop
     vertex  2.647418e+01  2.684663e+01  2.750000e+01
     vertex  2.647418e+01  2.684663e+01  2.350000e+01
     vertex  2.649685e+01  2.680587e+01  2.750000e+01
   endloop
 endfacet
 facet normal -8.602528e-01 -5.098678e-01  0.000000e+00
   outer loop
     vertex  2.645040e+01  2.688676e+01  2.750000e+01
     vertex  2.647418e+01  2.684663e+01  2.350000e+01
     vertex  2.647418e+01  2.684663e+01  2.750000e+01
   endloop
 endfacet
 facet normal -8.602528e-01 -5.098678e-01 -0.000000e+00
   outer loop
     vertex  2.645040e+01  2.688676e+01  2.750000e+01
     vertex  2.645040e+01  2.688676e+01  2.350000e+01
     vertex  2.647418e+01  2.684663e+01  2.350000e+01
   endloop
 endfacet
 facet normal -8.459413e-01 -5.332761e-01  0.000000e+00
   outer loop
     vertex  2.642553e+01  2.692621e+01  2.750000e+01
     vertex  2.645040e+01  2.688676e+01  2.350000e+01
     vertex  2.645040e+01  2.688676e+01  2.750000e+01
   endloop
 endfacet
 facet normal -8.459413e-01 -5.332761e-01 -0.000000e+00
   outer loop
     vertex  2.642553e+01  2.692621e+01  2.750000e+01
     vertex  2.642553e+01  2.692621e+01  2.350000e+01
     vertex  2.645040e+01  2.688676e+01  2.350000e+01
   endloop
 endfacet
 facet normal -8.309929e-01 -5.562829e-01 -0.000000e+00
   outer loop
     vertex  2.639958e+01  2.696497e+01  2.750000e+01
     vertex  2.639958e+01  2.696497e+01  2.350000e+01
     vertex  2.642553e+01  2.692621e+01  2.350000e+01
   endloop
 endfacet
 facet normal -8.309929e-01 -5.562829e-01  0.000000e+00
   outer loop
     vertex  2.639958e+01  2.696497e+01  2.750000e+01
     vertex  2.642553e+01  2.692621e+01  2.350000e+01
     vertex  2.642553e+01  2.692621e+01  2.750000e+01
   endloop
 endfacet
 facet normal -8.154191e-01 -5.788711e-01 -0.000000e+00
   outer loop
     vertex  2.639958e+01  2.696497e+01  2.750000e+01
     vertex  2.637258e+01  2.700300e+01  2.350000e+01
     vertex  2.639958e+01  2.696497e+01  2.350000e+01
   endloop
 endfacet
 facet normal -8.154191e-01 -5.788711e-01 -0.000000e+00
   outer loop
     vertex  2.637258e+01  2.700300e+01  2.750000e+01
     vertex  2.637258e+01  2.700300e+01  2.350000e+01
     vertex  2.639958e+01  2.696497e+01  2.750000e+01
   endloop
 endfacet
 facet normal -7.992314e-01 -6.010234e-01  0.000000e+00
   outer loop
     vertex  2.634455e+01  2.704028e+01  2.750000e+01
     vertex  2.637258e+01  2.700300e+01  2.350000e+01
     vertex  2.637258e+01  2.700300e+01  2.750000e+01
   endloop
 endfacet
 facet normal -7.992314e-01 -6.010234e-01 -0.000000e+00
   outer loop
     vertex  2.634455e+01  2.704028e+01  2.750000e+01
     vertex  2.634455e+01  2.704028e+01  2.350000e+01
     vertex  2.637258e+01  2.700300e+01  2.350000e+01
   endloop
 endfacet
 facet normal -7.824421e-01 -6.227234e-01 -0.000000e+00
   outer loop
     vertex  2.631550e+01  2.707678e+01  2.750000e+01
     vertex  2.631550e+01  2.707678e+01  2.350000e+01
     vertex  2.634455e+01  2.704028e+01  2.350000e+01
   endloop
 endfacet
 facet normal -7.824421e-01 -6.227234e-01  0.000000e+00
   outer loop
     vertex  2.631550e+01  2.707678e+01  2.750000e+01
     vertex  2.634455e+01  2.704028e+01  2.350000e+01
     vertex  2.634455e+01  2.704028e+01  2.750000e+01
   endloop
 endfacet
 facet normal -7.650637e-01 -6.439545e-01 -0.000000e+00
   outer loop
     vertex  2.628547e+01  2.711246e+01  2.750000e+01
     vertex  2.628547e+01  2.711246e+01  2.350000e+01
     vertex  2.631550e+01  2.707678e+01  2.350000e+01
   endloop
 endfacet
 facet normal -7.650637e-01 -6.439545e-01  0.000000e+00
   outer loop
     vertex  2.628547e+01  2.711246e+01  2.750000e+01
     vertex  2.631550e+01  2.707678e+01  2.350000e+01
     vertex  2.631550e+01  2.707678e+01  2.750000e+01
   endloop
 endfacet
 facet normal -7.471095e-01 -6.647010e-01 -0.000000e+00
   outer loop
     vertex  2.625447e+01  2.714731e+01  2.750000e+01
     vertex  2.625447e+01  2.714731e+01  2.350000e+01
     vertex  2.628547e+01  2.711246e+01  2.350000e+01
   endloop
 endfacet
 facet normal -7.471095e-01 -6.647010e-01  0.000000e+00
   outer loop
     vertex  2.625447e+01  2.714731e+01  2.750000e+01
     vertex  2.628547e+01  2.711246e+01  2.350000e+01
     vertex  2.628547e+01  2.711246e+01  2.750000e+01
   endloop
 endfacet
 facet normal -7.285929e-01 -6.849470e-01 -0.000000e+00
   outer loop
     vertex  2.622252e+01  2.718129e+01  2.750000e+01
     vertex  2.622252e+01  2.718129e+01  2.350000e+01
     vertex  2.625447e+01  2.714731e+01  2.350000e+01
   endloop
 endfacet
 facet normal -7.285929e-01 -6.849470e-01  0.000000e+00
   outer loop
     vertex  2.622252e+01  2.718129e+01  2.750000e+01
     vertex  2.625447e+01  2.714731e+01  2.350000e+01
     vertex  2.625447e+01  2.714731e+01  2.750000e+01
   endloop
 endfacet
 facet normal -7.095278e-01 -7.046775e-01 -0.000000e+00
   outer loop
     vertex  2.618965e+01  2.721439e+01  2.750000e+01
     vertex  2.618965e+01  2.721439e+01  2.350000e+01
     vertex  2.622252e+01  2.718129e+01  2.350000e+01
   endloop
 endfacet
 facet normal -7.095278e-01 -7.046775e-01  0.000000e+00
   outer loop
     vertex  2.618965e+01  2.721439e+01  2.750000e+01
     vertex  2.622252e+01  2.718129e+01  2.350000e+01
     vertex  2.622252e+01  2.718129e+01  2.750000e+01
   endloop
 endfacet
 facet normal -6.899286e-01 -7.238775e-01 -0.000000e+00
   outer loop
     vertex  2.615589e+01  2.724657e+01  2.750000e+01
     vertex  2.615589e+01  2.724657e+01  2.350000e+01
     vertex  2.618965e+01  2.721439e+01  2.350000e+01
   endloop
 endfacet
 facet normal -6.899286e-01 -7.238775e-01  0.000000e+00
   outer loop
     vertex  2.615589e+01  2.724657e+01  2.750000e+01
     vertex  2.618965e+01  2.721439e+01  2.350000e+01
     vertex  2.618965e+01  2.721439e+01  2.750000e+01
   endloop
 endfacet
 facet normal -6.698100e-01 -7.425325e-01 -0.000000e+00
   outer loop
     vertex  2.612125e+01  2.727781e+01  2.750000e+01
     vertex  2.612125e+01  2.727781e+01  2.350000e+01
     vertex  2.615589e+01  2.724657e+01  2.350000e+01
   endloop
 endfacet
 facet normal -6.698100e-01 -7.425325e-01  0.000000e+00
   outer loop
     vertex  2.612125e+01  2.727781e+01  2.750000e+01
     vertex  2.615589e+01  2.724657e+01  2.350000e+01
     vertex  2.615589e+01  2.724657e+01  2.750000e+01
   endloop
 endfacet
 facet normal -6.491872e-01 -7.606287e-01 -0.000000e+00
   outer loop
     vertex  2.608578e+01  2.730809e+01  2.750000e+01
     vertex  2.608578e+01  2.730809e+01  2.350000e+01
     vertex  2.612125e+01  2.727781e+01  2.350000e+01
   endloop
 endfacet
 facet normal -6.491872e-01 -7.606287e-01  0.000000e+00
   outer loop
     vertex  2.608578e+01  2.730809e+01  2.750000e+01
     vertex  2.612125e+01  2.727781e+01  2.350000e+01
     vertex  2.612125e+01  2.727781e+01  2.750000e+01
   endloop
 endfacet
 facet normal -6.280757e-01 -7.781522e-01 -0.000000e+00
   outer loop
     vertex  2.604948e+01  2.733738e+01  2.750000e+01
     vertex  2.604948e+01  2.733738e+01  2.350000e+01
     vertex  2.608578e+01  2.730809e+01  2.350000e+01
   endloop
 endfacet
 facet normal -6.280757e-01 -7.781522e-01  0.000000e+00
   outer loop
     vertex  2.604948e+01  2.733738e+01  2.750000e+01
     vertex  2.608578e+01  2.730809e+01  2.350000e+01
     vertex  2.608578e+01  2.730809e+01  2.750000e+01
   endloop
 endfacet
 facet normal -6.064915e-01 -7.950900e-01 -0.000000e+00
   outer loop
     vertex  2.601240e+01  2.736567e+01  2.750000e+01
     vertex  2.601240e+01  2.736567e+01  2.350000e+01
     vertex  2.604948e+01  2.733738e+01  2.350000e+01
   endloop
 endfacet
 facet normal -5.844507e-01 -8.114292e-01 -0.000000e+00
   outer loop
     vertex  2.601240e+01  2.736567e+01  2.750000e+01
     vertex  2.597455e+01  2.739293e+01  2.350000e+01
     vertex  2.601240e+01  2.736567e+01  2.350000e+01
   endloop
 endfacet
 facet normal -6.064915e-01 -7.950900e-01  0.000000e+00
   outer loop
     vertex  2.601240e+01  2.736567e+01  2.750000e+01
     vertex  2.604948e+01  2.733738e+01  2.350000e+01
     vertex  2.604948e+01  2.733738e+01  2.750000e+01
   endloop
 endfacet
 facet normal -5.844507e-01 -8.114292e-01 -0.000000e+00
   outer loop
     vertex  2.597455e+01  2.739293e+01  2.750000e+01
     vertex  2.597455e+01  2.739293e+01  2.350000e+01
     vertex  2.601240e+01  2.736567e+01  2.750000e+01
   endloop
 endfacet
 facet normal -5.619699e-01 -8.271577e-01  0.000000e+00
   outer loop
     vertex  2.593597e+01  2.741914e+01  2.750000e+01
     vertex  2.597455e+01  2.739293e+01  2.350000e+01
     vertex  2.597455e+01  2.739293e+01  2.750000e+01
   endloop
 endfacet
 facet normal -5.619699e-01 -8.271577e-01 -0.000000e+00
   outer loop
     vertex  2.593597e+01  2.741914e+01  2.750000e+01
     vertex  2.593597e+01  2.741914e+01  2.350000e+01
     vertex  2.597455e+01  2.739293e+01  2.350000e+01
   endloop
 endfacet
 facet normal -5.390661e-01 -8.422635e-01  0.000000e+00
   outer loop
     vertex  2.589668e+01  2.744428e+01  2.750000e+01
     vertex  2.593597e+01  2.741914e+01  2.350000e+01
     vertex  2.593597e+01  2.741914e+01  2.750000e+01
   endloop
 endfacet
 facet normal -5.390661e-01 -8.422635e-01 -0.000000e+00
   outer loop
     vertex  2.589668e+01  2.744428e+01  2.750000e+01
     vertex  2.589668e+01  2.744428e+01  2.350000e+01
     vertex  2.593597e+01  2.741914e+01  2.350000e+01
   endloop
 endfacet
 facet normal -5.157565e-01 -8.567352e-01 -0.000000e+00
   outer loop
     vertex  2.589668e+01  2.744428e+01  2.750000e+01
     vertex  2.585672e+01  2.746834e+01  2.350000e+01
     vertex  2.589668e+01  2.744428e+01  2.350000e+01
   endloop
 endfacet
 facet normal -5.157565e-01 -8.567352e-01 -0.000000e+00
   outer loop
     vertex  2.585672e+01  2.746834e+01  2.750000e+01
     vertex  2.585672e+01  2.746834e+01  2.350000e+01
     vertex  2.589668e+01  2.744428e+01  2.750000e+01
   endloop
 endfacet
 facet normal -4.920587e-01 -8.705620e-01  0.000000e+00
   outer loop
     vertex  2.581612e+01  2.749129e+01  2.750000e+01
     vertex  2.585672e+01  2.746834e+01  2.350000e+01
     vertex  2.585672e+01  2.746834e+01  2.750000e+01
   endloop
 endfacet
 facet normal -4.920587e-01 -8.705620e-01 -0.000000e+00
   outer loop
     vertex  2.581612e+01  2.749129e+01  2.750000e+01
     vertex  2.581612e+01  2.749129e+01  2.350000e+01
     vertex  2.585672e+01  2.746834e+01  2.350000e+01
   endloop
 endfacet
 facet normal -4.679904e-01 -8.837335e-01  0.000000e+00
   outer loop
     vertex  2.577490e+01  2.751312e+01  2.750000e+01
     vertex  2.581612e+01  2.749129e+01  2.350000e+01
     vertex  2.581612e+01  2.749129e+01  2.750000e+01
   endloop
 endfacet
 facet normal -4.679904e-01 -8.837335e-01 -0.000000e+00
   outer loop
     vertex  2.577490e+01  2.751312e+01  2.750000e+01
     vertex  2.577490e+01  2.751312e+01  2.350000e+01
     vertex  2.581612e+01  2.749129e+01  2.350000e+01
   endloop
 endfacet
 facet normal -4.435699e-01 -8.962398e-01  0.000000e+00
   outer loop
     vertex  2.573310e+01  2.753381e+01  2.750000e+01
     vertex  2.577490e+01  2.751312e+01  2.350000e+01
     vertex  2.577490e+01  2.751312e+01  2.750000e+01
   endloop
 endfacet
 facet normal -4.435699e-01 -8.962398e-01 -0.000000e+00
   outer loop
     vertex  2.573310e+01  2.753381e+01  2.750000e+01
     vertex  2.573310e+01  2.753381e+01  2.350000e+01
     vertex  2.577490e+01  2.751312e+01  2.350000e+01
   endloop
 endfacet
 facet normal -4.188155e-01 -9.080714e-01  0.000000e+00
   outer loop
     vertex  2.569074e+01  2.755334e+01  2.750000e+01
     vertex  2.573310e+01  2.753381e+01  2.350000e+01
     vertex  2.573310e+01  2.753381e+01  2.750000e+01
   endloop
 endfacet
 facet normal -4.188155e-01 -9.080714e-01 -0.000000e+00
   outer loop
     vertex  2.569074e+01  2.755334e+01  2.750000e+01
     vertex  2.569074e+01  2.755334e+01  2.350000e+01
     vertex  2.573310e+01  2.753381e+01  2.350000e+01
   endloop
 endfacet
 facet normal -3.937458e-01 -9.192194e-01  0.000000e+00
   outer loop
     vertex  2.564787e+01  2.757171e+01  2.750000e+01
     vertex  2.569074e+01  2.755334e+01  2.350000e+01
     vertex  2.569074e+01  2.755334e+01  2.750000e+01
   endloop
 endfacet
 facet normal -3.937458e-01 -9.192194e-01 -0.000000e+00
   outer loop
     vertex  2.564787e+01  2.757171e+01  2.750000e+01
     vertex  2.564787e+01  2.757171e+01  2.350000e+01
     vertex  2.569074e+01  2.755334e+01  2.350000e+01
   endloop
 endfacet
 facet normal -3.683796e-01 -9.296754e-01  0.000000e+00
   outer loop
     vertex  2.560451e+01  2.758889e+01  2.750000e+01
     vertex  2.564787e+01  2.757171e+01  2.350000e+01
     vertex  2.564787e+01  2.757171e+01  2.750000e+01
   endloop
 endfacet
 facet normal -3.683796e-01 -9.296754e-01 -0.000000e+00
   outer loop
     vertex  2.560451e+01  2.758889e+01  2.750000e+01
     vertex  2.560451e+01  2.758889e+01  2.350000e+01
     vertex  2.564787e+01  2.757171e+01  2.350000e+01
   endloop
 endfacet
 facet normal -3.427362e-01 -9.394317e-01  0.000000e+00
   outer loop
     vertex  2.556069e+01  2.760488e+01  2.750000e+01
     vertex  2.560451e+01  2.758889e+01  2.350000e+01
     vertex  2.560451e+01  2.758889e+01  2.750000e+01
   endloop
 endfacet
 facet normal -3.427362e-01 -9.394317e-01 -0.000000e+00
   outer loop
     vertex  2.556069e+01  2.760488e+01  2.750000e+01
     vertex  2.556069e+01  2.760488e+01  2.350000e+01
     vertex  2.560451e+01  2.758889e+01  2.350000e+01
   endloop
 endfacet
 facet normal -3.168348e-01 -9.484807e-01 -0.000000e+00
   outer loop
     vertex  2.556069e+01  2.760488e+01  2.750000e+01
     vertex  2.551645e+01  2.761965e+01  2.350000e+01
     vertex  2.556069e+01  2.760488e+01  2.350000e+01
   endloop
 endfacet
 facet normal -3.168348e-01 -9.484807e-01 -0.000000e+00
   outer loop
     vertex  2.551645e+01  2.761965e+01  2.750000e+01
     vertex  2.551645e+01  2.761965e+01  2.350000e+01
     vertex  2.556069e+01  2.760488e+01  2.750000e+01
   endloop
 endfacet
 facet normal -2.906949e-01 -9.568158e-01  0.000000e+00
   outer loop
     vertex  2.547182e+01  2.763321e+01  2.750000e+01
     vertex  2.551645e+01  2.761965e+01  2.350000e+01
     vertex  2.551645e+01  2.761965e+01  2.750000e+01
   endloop
 endfacet
 facet normal -2.906949e-01 -9.568158e-01 -0.000000e+00
   outer loop
     vertex  2.547182e+01  2.763321e+01  2.750000e+01
     vertex  2.547182e+01  2.763321e+01  2.350000e+01
     vertex  2.551645e+01  2.761965e+01  2.350000e+01
   endloop
 endfacet
 facet normal -2.643362e-01 -9.644306e-01  0.000000e+00
   outer loop
     vertex  2.542684e+01  2.764554e+01  2.750000e+01
     vertex  2.547182e+01  2.763321e+01  2.350000e+01
     vertex  2.547182e+01  2.763321e+01  2.750000e+01
   endloop
 endfacet
 facet normal -2.643362e-01 -9.644306e-01 -0.000000e+00
   outer loop
     vertex  2.542684e+01  2.764554e+01  2.750000e+01
     vertex  2.542684e+01  2.764554e+01  2.350000e+01
     vertex  2.547182e+01  2.763321e+01  2.350000e+01
   endloop
 endfacet
 facet normal -2.377784e-01 -9.713194e-01 -0.000000e+00
   outer loop
     vertex  2.542684e+01  2.764554e+01  2.750000e+01
     vertex  2.538153e+01  2.765663e+01  2.350000e+01
     vertex  2.542684e+01  2.764554e+01  2.350000e+01
   endloop
 endfacet
 facet normal -2.377784e-01 -9.713194e-01 -0.000000e+00
   outer loop
     vertex  2.538153e+01  2.765663e+01  2.750000e+01
     vertex  2.538153e+01  2.765663e+01  2.350000e+01
     vertex  2.542684e+01  2.764554e+01  2.750000e+01
   endloop
 endfacet
 facet normal -2.110417e-01 -9.774771e-01 -0.000000e+00
   outer loop
     vertex  2.538153e+01  2.765663e+01  2.750000e+01
     vertex  2.533594e+01  2.766648e+01  2.350000e+01
     vertex  2.538153e+01  2.765663e+01  2.350000e+01
   endloop
 endfacet
 facet normal -2.110417e-01 -9.774771e-01 -0.000000e+00
   outer loop
     vertex  2.533594e+01  2.766648e+01  2.750000e+01
     vertex  2.533594e+01  2.766648e+01  2.350000e+01
     vertex  2.538153e+01  2.765663e+01  2.750000e+01
   endloop
 endfacet
 facet normal -1.841461e-01 -9.828989e-01  0.000000e+00
   outer loop
     vertex  2.529010e+01  2.767507e+01  2.750000e+01
     vertex  2.533594e+01  2.766648e+01  2.350000e+01
     vertex  2.533594e+01  2.766648e+01  2.750000e+01
   endloop
 endfacet
 facet normal -1.841461e-01 -9.828989e-01 -0.000000e+00
   outer loop
     vertex  2.529010e+01  2.767507e+01  2.750000e+01
     vertex  2.529010e+01  2.767507e+01  2.350000e+01
     vertex  2.533594e+01  2.766648e+01  2.350000e+01
   endloop
 endfacet
 facet normal -1.571119e-01 -9.875808e-01  0.000000e+00
   outer loop
     vertex  2.524403e+01  2.768239e+01  2.750000e+01
     vertex  2.529010e+01  2.767507e+01  2.350000e+01
     vertex  2.529010e+01  2.767507e+01  2.750000e+01
   endloop
 endfacet
 facet normal -1.571119e-01 -9.875808e-01 -0.000000e+00
   outer loop
     vertex  2.524403e+01  2.768239e+01  2.750000e+01
     vertex  2.524403e+01  2.768239e+01  2.350000e+01
     vertex  2.529010e+01  2.767507e+01  2.350000e+01
   endloop
 endfacet
 facet normal -1.299594e-01 -9.915193e-01  0.000000e+00
   outer loop
     vertex  2.519779e+01  2.768846e+01  2.750000e+01
     vertex  2.524403e+01  2.768239e+01  2.350000e+01
     vertex  2.524403e+01  2.768239e+01  2.750000e+01
   endloop
 endfacet
 facet normal -1.299594e-01 -9.915193e-01 -0.000000e+00
   outer loop
     vertex  2.519779e+01  2.768846e+01  2.750000e+01
     vertex  2.519779e+01  2.768846e+01  2.350000e+01
     vertex  2.524403e+01  2.768239e+01  2.350000e+01
   endloop
 endfacet
 facet normal -1.027091e-01 -9.947114e-01  0.000000e+00
   outer loop
     vertex  2.515139e+01  2.769325e+01  2.750000e+01
     vertex  2.519779e+01  2.768846e+01  2.350000e+01
     vertex  2.519779e+01  2.768846e+01  2.750000e+01
   endloop
 endfacet
 facet normal -1.027091e-01 -9.947114e-01 -0.000000e+00
   outer loop
     vertex  2.515139e+01  2.769325e+01  2.750000e+01
     vertex  2.515139e+01  2.769325e+01  2.350000e+01
     vertex  2.519779e+01  2.768846e+01  2.350000e+01
   endloop
 endfacet
 facet normal -7.538152e-02 -9.971548e-01 -0.000000e+00
   outer loop
     vertex  2.515139e+01  2.769325e+01  2.750000e+01
     vertex  2.510488e+01  2.769676e+01  2.350000e+01
     vertex  2.515139e+01  2.769325e+01  2.350000e+01
   endloop
 endfacet
 facet normal -7.538152e-02 -9.971548e-01 -0.000000e+00
   outer loop
     vertex  2.510488e+01  2.769676e+01  2.750000e+01
     vertex  2.510488e+01  2.769676e+01  2.350000e+01
     vertex  2.515139e+01  2.769325e+01  2.750000e+01
   endloop
 endfacet
 facet normal -4.799716e-02 -9.988475e-01  0.000000e+00
   outer loop
     vertex  2.505829e+01  2.769900e+01  2.750000e+01
     vertex  2.510488e+01  2.769676e+01  2.350000e+01
     vertex  2.510488e+01  2.769676e+01  2.750000e+01
   endloop
 endfacet
 facet normal -4.799716e-02 -9.988475e-01 -0.000000e+00
   outer loop
     vertex  2.505829e+01  2.769900e+01  2.750000e+01
     vertex  2.505829e+01  2.769900e+01  2.350000e+01
     vertex  2.510488e+01  2.769676e+01  2.350000e+01
   endloop
 endfacet
 facet normal -2.057667e-02 -9.997883e-01 -0.000000e+00
   outer loop
     vertex  2.501166e+01  2.769996e+01  2.750000e+01
     vertex  2.501166e+01  2.769996e+01  2.350000e+01
     vertex  2.505829e+01  2.769900e+01  2.350000e+01
   endloop
 endfacet
 facet normal -2.057667e-02 -9.997883e-01  0.000000e+00
   outer loop
     vertex  2.501166e+01  2.769996e+01  2.750000e+01
     vertex  2.505829e+01  2.769900e+01  2.350000e+01
     vertex  2.505829e+01  2.769900e+01  2.750000e+01
   endloop
 endfacet
 facet normal  6.859319e-03 -9.999765e-01  0.000000e+00
   outer loop
     vertex  2.501166e+01  2.769996e+01  2.750000e+01
     vertex  2.496502e+01  2.769964e+01  2.350000e+01
     vertex  2.501166e+01  2.769996e+01  2.350000e+01
   endloop
 endfacet
 facet normal  6.859319e-03 -9.999765e-01  0.000000e+00
   outer loop
     vertex  2.496502e+01  2.769964e+01  2.750000e+01
     vertex  2.496502e+01  2.769964e+01  2.350000e+01
     vertex  2.501166e+01  2.769996e+01  2.750000e+01
   endloop
 endfacet
 facet normal  3.429014e-02 -9.994119e-01  0.000000e+00
   outer loop
     vertex  2.491840e+01  2.769804e+01  2.750000e+01
     vertex  2.491840e+01  2.769804e+01  2.350000e+01
     vertex  2.496502e+01  2.769964e+01  2.350000e+01
   endloop
 endfacet
 facet normal  6.169515e-02 -9.980950e-01  0.000000e+00
   outer loop
     vertex  2.491840e+01  2.769804e+01  2.750000e+01
     vertex  2.487185e+01  2.769516e+01  2.350000e+01
     vertex  2.491840e+01  2.769804e+01  2.350000e+01
   endloop
 endfacet
 facet normal  3.429014e-02 -9.994119e-01  0.000000e+00
   outer loop
     vertex  2.491840e+01  2.769804e+01  2.750000e+01
     vertex  2.496502e+01  2.769964e+01  2.350000e+01
     vertex  2.496502e+01  2.769964e+01  2.750000e+01
   endloop
 endfacet
 facet normal  8.905371e-02 -9.960268e-01  0.000000e+00
   outer loop
     vertex  2.487185e+01  2.769516e+01  2.750000e+01
     vertex  2.482539e+01  2.769101e+01  2.350000e+01
     vertex  2.487185e+01  2.769516e+01  2.350000e+01
   endloop
 endfacet
 facet normal  6.169515e-02 -9.980950e-01  0.000000e+00
   outer loop
     vertex  2.487185e+01  2.769516e+01  2.750000e+01
     vertex  2.487185e+01  2.769516e+01  2.350000e+01
     vertex  2.491840e+01  2.769804e+01  2.750000e+01
   endloop
 endfacet
 facet normal  8.905371e-02 -9.960268e-01  0.000000e+00
   outer loop
     vertex  2.482539e+01  2.769101e+01  2.750000e+01
     vertex  2.482539e+01  2.769101e+01  2.350000e+01
     vertex  2.487185e+01  2.769516e+01  2.750000e+01
   endloop
 endfacet
 facet normal  1.163452e-01 -9.932088e-01  0.000000e+00
   outer loop
     vertex  2.477907e+01  2.768558e+01  2.750000e+01
     vertex  2.482539e+01  2.769101e+01  2.350000e+01
     vertex  2.482539e+01  2.769101e+01  2.750000e+01
   endloop
 endfacet
 facet normal  1.163452e-01 -9.932088e-01  0.000000e+00
   outer loop
     vertex  2.477907e+01  2.768558e+01  2.750000e+01
     vertex  2.477907e+01  2.768558e+01  2.350000e+01
     vertex  2.482539e+01  2.769101e+01  2.350000e+01
   endloop
 endfacet
 facet normal  1.435492e-01 -9.896432e-01  0.000000e+00
   outer loop
     vertex  2.477907e+01  2.768558e+01  2.750000e+01
     vertex  2.473291e+01  2.767889e+01  2.350000e+01
     vertex  2.477907e+01  2.768558e+01  2.350000e+01
   endloop
 endfacet
 facet normal  1.435492e-01 -9.896432e-01  0.000000e+00
   outer loop
     vertex  2.473291e+01  2.767889e+01  2.750000e+01
     vertex  2.473291e+01  2.767889e+01  2.350000e+01
     vertex  2.477907e+01  2.768558e+01  2.750000e+01
   endloop
 endfacet
 facet normal  1.706451e-01 -9.853326e-01  0.000000e+00
   outer loop
     vertex  2.468695e+01  2.767093e+01  2.750000e+01
     vertex  2.473291e+01  2.767889e+01  2.350000e+01
     vertex  2.473291e+01  2.767889e+01  2.750000e+01
   endloop
 endfacet
 facet normal  1.706451e-01 -9.853326e-01  0.000000e+00
   outer loop
     vertex  2.468695e+01  2.767093e+01  2.750000e+01
     vertex  2.468695e+01  2.767093e+01  2.350000e+01
     vertex  2.473291e+01  2.767889e+01  2.350000e+01
   endloop
 endfacet
 facet normal  1.976125e-01 -9.802802e-01  0.000000e+00
   outer loop
     vertex  2.468695e+01  2.767093e+01  2.750000e+01
     vertex  2.464123e+01  2.766171e+01  2.350000e+01
     vertex  2.468695e+01  2.767093e+01  2.350000e+01
   endloop
 endfacet
 facet normal  1.976125e-01 -9.802802e-01  0.000000e+00
   outer loop
     vertex  2.464123e+01  2.766171e+01  2.750000e+01
     vertex  2.464123e+01  2.766171e+01  2.350000e+01
     vertex  2.468695e+01  2.767093e+01  2.750000e+01
   endloop
 endfacet
 facet normal  2.244312e-01 -9.744899e-01  0.000000e+00
   outer loop
     vertex  2.459578e+01  2.765124e+01  2.750000e+01
     vertex  2.464123e+01  2.766171e+01  2.350000e+01
     vertex  2.464123e+01  2.766171e+01  2.750000e+01
   endloop
 endfacet
 facet normal  2.244312e-01 -9.744899e-01  0.000000e+00
   outer loop
     vertex  2.459578e+01  2.765124e+01  2.750000e+01
     vertex  2.459578e+01  2.765124e+01  2.350000e+01
     vertex  2.464123e+01  2.766171e+01  2.350000e+01
   endloop
 endfacet
 facet normal  2.510809e-01 -9.679661e-01  0.000000e+00
   outer loop
     vertex  2.459578e+01  2.765124e+01  2.750000e+01
     vertex  2.455063e+01  2.763953e+01  2.350000e+01
     vertex  2.459578e+01  2.765124e+01  2.350000e+01
   endloop
 endfacet
 facet normal  2.510809e-01 -9.679661e-01  0.000000e+00
   outer loop
     vertex  2.455063e+01  2.763953e+01  2.750000e+01
     vertex  2.455063e+01  2.763953e+01  2.350000e+01
     vertex  2.459578e+01  2.765124e+01  2.750000e+01
   endloop
 endfacet
 facet normal  2.775416e-01 -9.607136e-01  0.000000e+00
   outer loop
     vertex  2.450582e+01  2.762659e+01  2.750000e+01
     vertex  2.455063e+01  2.763953e+01  2.350000e+01
     vertex  2.455063e+01  2.763953e+01  2.750000e+01
   endloop
 endfacet
 facet normal  2.775416e-01 -9.607136e-01  0.000000e+00
   outer loop
     vertex  2.450582e+01  2.762659e+01  2.750000e+01
     vertex  2.450582e+01  2.762659e+01  2.350000e+01
     vertex  2.455063e+01  2.763953e+01  2.350000e+01
   endloop
 endfacet
 facet normal  3.037934e-01 -9.527379e-01  0.000000e+00
   outer loop
     vertex  2.446138e+01  2.761242e+01  2.750000e+01
     vertex  2.450582e+01  2.762659e+01  2.350000e+01
     vertex  2.450582e+01  2.762659e+01  2.750000e+01
   endloop
 endfacet
 facet normal  3.037934e-01 -9.527379e-01  0.000000e+00
   outer loop
     vertex  2.446138e+01  2.761242e+01  2.750000e+01
     vertex  2.446138e+01  2.761242e+01  2.350000e+01
     vertex  2.450582e+01  2.762659e+01  2.350000e+01
   endloop
 endfacet
 facet normal  3.298166e-01 -9.440450e-01  0.000000e+00
   outer loop
     vertex  2.446138e+01  2.761242e+01  2.750000e+01
     vertex  2.441735e+01  2.759703e+01  2.350000e+01
     vertex  2.446138e+01  2.761242e+01  2.350000e+01
   endloop
 endfacet
 facet normal  3.298166e-01 -9.440450e-01  0.000000e+00
   outer loop
     vertex  2.441735e+01  2.759703e+01  2.750000e+01
     vertex  2.441735e+01  2.759703e+01  2.350000e+01
     vertex  2.446138e+01  2.761242e+01  2.750000e+01
   endloop
 endfacet
 facet normal  3.555914e-01 -9.346415e-01  0.000000e+00
   outer loop
     vertex  2.437375e+01  2.758045e+01  2.750000e+01
     vertex  2.441735e+01  2.759703e+01  2.350000e+01
     vertex  2.441735e+01  2.759703e+01  2.750000e+01
   endloop
 endfacet
 facet normal  3.555914e-01 -9.346415e-01  0.000000e+00
   outer loop
     vertex  2.437375e+01  2.758045e+01  2.750000e+01
     vertex  2.437375e+01  2.758045e+01  2.350000e+01
     vertex  2.441735e+01  2.759703e+01  2.350000e+01
   endloop
 endfacet
 facet normal  3.810986e-01 -9.245344e-01  0.000000e+00
   outer loop
     vertex  2.433063e+01  2.756267e+01  2.750000e+01
     vertex  2.437375e+01  2.758045e+01  2.350000e+01
     vertex  2.437375e+01  2.758045e+01  2.750000e+01
   endloop
 endfacet
 facet normal  3.810986e-01 -9.245344e-01  0.000000e+00
   outer loop
     vertex  2.433063e+01  2.756267e+01  2.750000e+01
     vertex  2.433063e+01  2.756267e+01  2.350000e+01
     vertex  2.437375e+01  2.758045e+01  2.350000e+01
   endloop
 endfacet
 facet normal  4.063188e-01 -9.137314e-01  0.000000e+00
   outer loop
     vertex  2.428801e+01  2.754372e+01  2.750000e+01
     vertex  2.428801e+01  2.754372e+01  2.350000e+01
     vertex  2.433063e+01  2.756267e+01  2.350000e+01
   endloop
 endfacet
 facet normal  4.063188e-01 -9.137314e-01  0.000000e+00
   outer loop
     vertex  2.428801e+01  2.754372e+01  2.750000e+01
     vertex  2.433063e+01  2.756267e+01  2.350000e+01
     vertex  2.433063e+01  2.756267e+01  2.750000e+01
   endloop
 endfacet
 facet normal  4.312333e-01 -9.022405e-01  0.000000e+00
   outer loop
     vertex  2.424593e+01  2.752361e+01  2.750000e+01
     vertex  2.424593e+01  2.752361e+01  2.350000e+01
     vertex  2.428801e+01  2.754372e+01  2.350000e+01
   endloop
 endfacet
 facet normal  4.312333e-01 -9.022405e-01  0.000000e+00
   outer loop
     vertex  2.424593e+01  2.752361e+01  2.750000e+01
     vertex  2.428801e+01  2.754372e+01  2.350000e+01
     vertex  2.428801e+01  2.754372e+01  2.750000e+01
   endloop
 endfacet
 facet normal  4.558231e-01 -8.900704e-01  0.000000e+00
   outer loop
     vertex  2.420442e+01  2.750235e+01  2.750000e+01
     vertex  2.420442e+01  2.750235e+01  2.350000e+01
     vertex  2.424593e+01  2.752361e+01  2.350000e+01
   endloop
 endfacet
 facet normal  4.800697e-01 -8.772303e-01  0.000000e+00
   outer loop
     vertex  2.420442e+01  2.750235e+01  2.750000e+01
     vertex  2.416350e+01  2.747996e+01  2.350000e+01
     vertex  2.420442e+01  2.750235e+01  2.350000e+01
   endloop
 endfacet
 facet normal  4.558231e-01 -8.900704e-01  0.000000e+00
   outer loop
     vertex  2.420442e+01  2.750235e+01  2.750000e+01
     vertex  2.424593e+01  2.752361e+01  2.350000e+01
     vertex  2.424593e+01  2.752361e+01  2.750000e+01
   endloop
 endfacet
 facet normal  5.039550e-01 -8.637299e-01  0.000000e+00
   outer loop
     vertex  2.416350e+01  2.747996e+01  2.750000e+01
     vertex  2.412321e+01  2.745645e+01  2.350000e+01
     vertex  2.416350e+01  2.747996e+01  2.350000e+01
   endloop
 endfacet
 facet normal  4.800697e-01 -8.772303e-01  0.000000e+00
   outer loop
     vertex  2.416350e+01  2.747996e+01  2.750000e+01
     vertex  2.416350e+01  2.747996e+01  2.350000e+01
     vertex  2.420442e+01  2.750235e+01  2.750000e+01
   endloop
 endfacet
 facet normal  5.274609e-01 -8.495793e-01  0.000000e+00
   outer loop
     vertex  2.412321e+01  2.745645e+01  2.750000e+01
     vertex  2.408359e+01  2.743185e+01  2.350000e+01
     vertex  2.412321e+01  2.745645e+01  2.350000e+01
   endloop
 endfacet
 facet normal  5.039550e-01 -8.637299e-01  0.000000e+00
   outer loop
     vertex  2.412321e+01  2.745645e+01  2.750000e+01
     vertex  2.412321e+01  2.745645e+01  2.350000e+01
     vertex  2.416350e+01  2.747996e+01  2.750000e+01
   endloop
 endfacet
 facet normal  5.274609e-01 -8.495793e-01  0.000000e+00
   outer loop
     vertex  2.408359e+01  2.743185e+01  2.750000e+01
     vertex  2.408359e+01  2.743185e+01  2.350000e+01
     vertex  2.412321e+01  2.745645e+01  2.750000e+01
   endloop
 endfacet
 facet normal  5.505698e-01 -8.347891e-01  0.000000e+00
   outer loop
     vertex  2.404465e+01  2.740617e+01  2.750000e+01
     vertex  2.404465e+01  2.740617e+01  2.350000e+01
     vertex  2.408359e+01  2.743185e+01  2.350000e+01
   endloop
 endfacet
 facet normal  5.505698e-01 -8.347891e-01  0.000000e+00
   outer loop
     vertex  2.404465e+01  2.740617e+01  2.750000e+01
     vertex  2.408359e+01  2.743185e+01  2.350000e+01
     vertex  2.408359e+01  2.743185e+01  2.750000e+01
   endloop
 endfacet
 facet normal  5.732642e-01 -8.193706e-01  0.000000e+00
   outer loop
     vertex  2.400643e+01  2.737943e+01  2.750000e+01
     vertex  2.400643e+01  2.737943e+01  2.350000e+01
     vertex  2.404465e+01  2.740617e+01  2.350000e+01
   endloop
 endfacet
 facet normal  5.955271e-01 -8.033352e-01  0.000000e+00
   outer loop
     vertex  2.400643e+01  2.737943e+01  2.750000e+01
     vertex  2.396896e+01  2.735165e+01  2.350000e+01
     vertex  2.400643e+01  2.737943e+01  2.350000e+01
   endloop
 endfacet
 facet normal  5.732642e-01 -8.193706e-01  0.000000e+00
   outer loop
     vertex  2.400643e+01  2.737943e+01  2.750000e+01
     vertex  2.404465e+01  2.740617e+01  2.350000e+01
     vertex  2.404465e+01  2.740617e+01  2.750000e+01
   endloop
 endfacet
 facet normal  5.955271e-01 -8.033352e-01  0.000000e+00
   outer loop
     vertex  2.396896e+01  2.735165e+01  2.750000e+01
     vertex  2.396896e+01  2.735165e+01  2.350000e+01
     vertex  2.400643e+01  2.737943e+01  2.750000e+01
   endloop
 endfacet
 facet normal  6.173417e-01 -7.866951e-01  0.000000e+00
   outer loop
     vertex  2.393227e+01  2.732286e+01  2.750000e+01
     vertex  2.393227e+01  2.732286e+01  2.350000e+01
     vertex  2.396896e+01  2.735165e+01  2.350000e+01
   endloop
 endfacet
 facet normal  6.386916e-01 -7.694628e-01  0.000000e+00
   outer loop
     vertex  2.393227e+01  2.732286e+01  2.750000e+01
     vertex  2.389638e+01  2.729307e+01  2.350000e+01
     vertex  2.393227e+01  2.732286e+01  2.350000e+01
   endloop
 endfacet
 facet normal  6.173417e-01 -7.866951e-01  0.000000e+00
   outer loop
     vertex  2.393227e+01  2.732286e+01  2.750000e+01
     vertex  2.396896e+01  2.735165e+01  2.350000e+01
     vertex  2.396896e+01  2.735165e+01  2.750000e+01
   endloop
 endfacet
 facet normal  6.386916e-01 -7.694628e-01  0.000000e+00
   outer loop
     vertex  2.389638e+01  2.729307e+01  2.750000e+01
     vertex  2.389638e+01  2.729307e+01  2.350000e+01
     vertex  2.393227e+01  2.732286e+01  2.750000e+01
   endloop
 endfacet
 facet normal  6.595607e-01 -7.516513e-01  0.000000e+00
   outer loop
     vertex  2.386132e+01  2.726231e+01  2.750000e+01
     vertex  2.386132e+01  2.726231e+01  2.350000e+01
     vertex  2.389638e+01  2.729307e+01  2.350000e+01
   endloop
 endfacet
 facet normal  6.595607e-01 -7.516513e-01  0.000000e+00
   outer loop
     vertex  2.386132e+01  2.726231e+01  2.750000e+01
     vertex  2.389638e+01  2.729307e+01  2.350000e+01
     vertex  2.389638e+01  2.729307e+01  2.750000e+01
   endloop
 endfacet
 facet normal  6.799333e-01 -7.332740e-01  0.000000e+00
   outer loop
     vertex  2.382712e+01  2.723059e+01  2.750000e+01
     vertex  2.382712e+01  2.723059e+01  2.350000e+01
     vertex  2.386132e+01  2.726231e+01  2.350000e+01
   endloop
 endfacet
 facet normal  6.997940e-01 -7.143447e-01  0.000000e+00
   outer loop
     vertex  2.382712e+01  2.723059e+01  2.750000e+01
     vertex  2.379380e+01  2.719795e+01  2.350000e+01
     vertex  2.382712e+01  2.723059e+01  2.350000e+01
   endloop
 endfacet
 facet normal  6.799333e-01 -7.332740e-01  0.000000e+00
   outer loop
     vertex  2.382712e+01  2.723059e+01  2.750000e+01
     vertex  2.386132e+01  2.726231e+01  2.350000e+01
     vertex  2.386132e+01  2.726231e+01  2.750000e+01
   endloop
 endfacet
 facet normal  6.997940e-01 -7.143447e-01  0.000000e+00
   outer loop
     vertex  2.379380e+01  2.719795e+01  2.750000e+01
     vertex  2.379380e+01  2.719795e+01  2.350000e+01
     vertex  2.382712e+01  2.723059e+01  2.750000e+01
   endloop
 endfacet
 facet normal  7.191280e-01 -6.948776e-01  0.000000e+00
   outer loop
     vertex  2.379380e+01  2.719795e+01  2.750000e+01
     vertex  2.376139e+01  2.716441e+01  2.350000e+01
     vertex  2.379380e+01  2.719795e+01  2.350000e+01
   endloop
 endfacet
 facet normal  7.191280e-01 -6.948776e-01  0.000000e+00
   outer loop
     vertex  2.376139e+01  2.716441e+01  2.750000e+01
     vertex  2.376139e+01  2.716441e+01  2.350000e+01
     vertex  2.379380e+01  2.719795e+01  2.750000e+01
   endloop
 endfacet
 facet normal  7.379206e-01 -6.748875e-01  0.000000e+00
   outer loop
     vertex  2.376139e+01  2.716441e+01  2.750000e+01
     vertex  2.372991e+01  2.712999e+01  2.350000e+01
     vertex  2.376139e+01  2.716441e+01  2.350000e+01
   endloop
 endfacet
 facet normal  7.379206e-01 -6.748875e-01  0.000000e+00
   outer loop
     vertex  2.372991e+01  2.712999e+01  2.750000e+01
     vertex  2.372991e+01  2.712999e+01  2.350000e+01
     vertex  2.376139e+01  2.716441e+01  2.750000e+01
   endloop
 endfacet
 facet normal  7.561578e-01 -6.543893e-01  0.000000e+00
   outer loop
     vertex  2.369939e+01  2.709472e+01  2.750000e+01
     vertex  2.372991e+01  2.712999e+01  2.350000e+01
     vertex  2.372991e+01  2.712999e+01  2.750000e+01
   endloop
 endfacet
 facet normal  7.561578e-01 -6.543893e-01  0.000000e+00
   outer loop
     vertex  2.369939e+01  2.709472e+01  2.750000e+01
     vertex  2.369939e+01  2.709472e+01  2.350000e+01
     vertex  2.372991e+01  2.712999e+01  2.350000e+01
   endloop
 endfacet
 facet normal  7.738257e-01 -6.333986e-01  0.000000e+00
   outer loop
     vertex  2.369939e+01  2.709472e+01  2.750000e+01
     vertex  2.366985e+01  2.705863e+01  2.350000e+01
     vertex  2.369939e+01  2.709472e+01  2.350000e+01
   endloop
 endfacet
 facet normal  7.738257e-01 -6.333986e-01  0.000000e+00
   outer loop
     vertex  2.366985e+01  2.705863e+01  2.750000e+01
     vertex  2.366985e+01  2.705863e+01  2.350000e+01
     vertex  2.369939e+01  2.709472e+01  2.750000e+01
   endloop
 endfacet
 facet normal  7.909112e-01 -6.119310e-01  0.000000e+00
   outer loop
     vertex  2.364131e+01  2.702174e+01  2.750000e+01
     vertex  2.364131e+01  2.702174e+01  2.350000e+01
     vertex  2.366985e+01  2.705863e+01  2.350000e+01
   endloop
 endfacet
 facet normal  8.074012e-01 -5.900028e-01  0.000000e+00
   outer loop
     vertex  2.364131e+01  2.702174e+01  2.750000e+01
     vertex  2.361379e+01  2.698408e+01  2.350000e+01
     vertex  2.364131e+01  2.702174e+01  2.350000e+01
   endloop
 endfacet
 facet normal  7.909112e-01 -6.119310e-01  0.000000e+00
   outer loop
     vertex  2.364131e+01  2.702174e+01  2.750000e+01
     vertex  2.366985e+01  2.705863e+01  2.350000e+01
     vertex  2.366985e+01  2.705863e+01  2.750000e+01
   endloop
 endfacet
 facet normal  8.074012e-01 -5.900028e-01  0.000000e+00
   outer loop
     vertex  2.361379e+01  2.698408e+01  2.750000e+01
     vertex  2.361379e+01  2.698408e+01  2.350000e+01
     vertex  2.364131e+01  2.702174e+01  2.750000e+01
   endloop
 endfacet
 facet normal  8.232835e-01 -5.676304e-01  0.000000e+00
   outer loop
     vertex  2.358731e+01  2.694568e+01  2.750000e+01
     vertex  2.358731e+01  2.694568e+01  2.350000e+01
     vertex  2.361379e+01  2.698408e+01  2.350000e+01
   endloop
 endfacet
 facet normal  8.232835e-01 -5.676304e-01  0.000000e+00
   outer loop
     vertex  2.358731e+01  2.694568e+01  2.750000e+01
     vertex  2.361379e+01  2.698408e+01  2.350000e+01
     vertex  2.361379e+01  2.698408e+01  2.750000e+01
   endloop
 endfacet
 facet normal  8.385460e-01 -5.448308e-01  0.000000e+00
   outer loop
     vertex  2.356190e+01  2.690657e+01  2.750000e+01
     vertex  2.356190e+01  2.690657e+01  2.350000e+01
     vertex  2.358731e+01  2.694568e+01  2.350000e+01
   endloop
 endfacet
 facet normal  8.385460e-01 -5.448308e-01  0.000000e+00
   outer loop
     vertex  2.356190e+01  2.690657e+01  2.750000e+01
     vertex  2.358731e+01  2.694568e+01  2.350000e+01
     vertex  2.358731e+01  2.694568e+01  2.750000e+01
   endloop
 endfacet
 facet normal  8.531773e-01 -5.216210e-01  0.000000e+00
   outer loop
     vertex  2.353757e+01  2.686678e+01  2.750000e+01
     vertex  2.353757e+01  2.686678e+01  2.350000e+01
     vertex  2.356190e+01  2.690657e+01  2.350000e+01
   endloop
 endfacet
 facet normal  8.531773e-01 -5.216210e-01  0.000000e+00
   outer loop
     vertex  2.353757e+01  2.686678e+01  2.750000e+01
     vertex  2.356190e+01  2.690657e+01  2.350000e+01
     vertex  2.356190e+01  2.690657e+01  2.750000e+01
   endloop
 endfacet
 facet normal  8.671664e-01 -4.980186e-01  0.000000e+00
   outer loop
     vertex  2.351434e+01  2.682633e+01  2.750000e+01
     vertex  2.351434e+01  2.682633e+01  2.350000e+01
     vertex  2.353757e+01  2.686678e+01  2.350000e+01
   endloop
 endfacet
 facet normal  8.671664e-01 -4.980186e-01  0.000000e+00
   outer loop
     vertex  2.351434e+01  2.682633e+01  2.750000e+01
     vertex  2.353757e+01  2.686678e+01  2.350000e+01
     vertex  2.353757e+01  2.686678e+01  2.750000e+01
   endloop
 endfacet
 facet normal  8.805026e-01 -4.740412e-01  0.000000e+00
   outer loop
     vertex  2.349223e+01  2.678526e+01  2.750000e+01
     vertex  2.349223e+01  2.678526e+01  2.350000e+01
     vertex  2.351434e+01  2.682633e+01  2.350000e+01
   endloop
 endfacet
 facet normal  8.805026e-01 -4.740412e-01  0.000000e+00
   outer loop
     vertex  2.349223e+01  2.678526e+01  2.750000e+01
     vertex  2.351434e+01  2.682633e+01  2.350000e+01
     vertex  2.351434e+01  2.682633e+01  2.750000e+01
   endloop
 endfacet
 facet normal  8.931761e-01 -4.497071e-01  0.000000e+00
   outer loop
     vertex  2.347126e+01  2.674360e+01  2.750000e+01
     vertex  2.347126e+01  2.674360e+01  2.350000e+01
     vertex  2.349223e+01  2.678526e+01  2.350000e+01
   endloop
 endfacet
 facet normal  9.051772e-01 -4.250344e-01  0.000000e+00
   outer loop
     vertex  2.347126e+01  2.674360e+01  2.750000e+01
     vertex  2.345143e+01  2.670138e+01  2.350000e+01
     vertex  2.347126e+01  2.674360e+01  2.350000e+01
   endloop
 endfacet
 facet normal  8.931761e-01 -4.497071e-01  0.000000e+00
   outer loop
     vertex  2.347126e+01  2.674360e+01  2.750000e+01
     vertex  2.349223e+01  2.678526e+01  2.350000e+01
     vertex  2.349223e+01  2.678526e+01  2.750000e+01
   endloop
 endfacet
 facet normal  9.051772e-01 -4.250344e-01  0.000000e+00
   outer loop
     vertex  2.345143e+01  2.670138e+01  2.750000e+01
     vertex  2.345143e+01  2.670138e+01  2.350000e+01
     vertex  2.347126e+01  2.674360e+01  2.750000e+01
   endloop
 endfacet
 facet normal  9.164969e-01 -4.000417e-01  0.000000e+00
   outer loop
     vertex  2.343277e+01  2.665863e+01  2.750000e+01
     vertex  2.343277e+01  2.665863e+01  2.350000e+01
     vertex  2.345143e+01  2.670138e+01  2.350000e+01
   endloop
 endfacet
 facet normal  9.271267e-01 -3.747479e-01  0.000000e+00
   outer loop
     vertex  2.343277e+01  2.665863e+01  2.750000e+01
     vertex  2.341529e+01  2.661539e+01  2.350000e+01
     vertex  2.343277e+01  2.665863e+01  2.350000e+01
   endloop
 endfacet
 facet normal  9.164969e-01 -4.000417e-01  0.000000e+00
   outer loop
     vertex  2.343277e+01  2.665863e+01  2.750000e+01
     vertex  2.345143e+01  2.670138e+01  2.350000e+01
     vertex  2.345143e+01  2.670138e+01  2.750000e+01
   endloop
 endfacet
 facet normal  9.271267e-01 -3.747479e-01  0.000000e+00
   outer loop
     vertex  2.341529e+01  2.661539e+01  2.750000e+01
     vertex  2.341529e+01  2.661539e+01  2.350000e+01
     vertex  2.343277e+01  2.665863e+01  2.750000e+01
   endloop
 endfacet
 facet normal  9.370586e-01 -3.491720e-01  0.000000e+00
   outer loop
     vertex  2.339901e+01  2.657168e+01  2.750000e+01
     vertex  2.339901e+01  2.657168e+01  2.350000e+01
     vertex  2.341529e+01  2.661539e+01  2.350000e+01
   endloop
 endfacet
 facet normal  9.370586e-01 -3.491720e-01  0.000000e+00
   outer loop
     vertex  2.339901e+01  2.657168e+01  2.750000e+01
     vertex  2.341529e+01  2.661539e+01  2.350000e+01
     vertex  2.341529e+01  2.661539e+01  2.750000e+01
   endloop
 endfacet
 facet normal  9.462851e-01 -3.233333e-01  0.000000e+00
   outer loop
     vertex  2.338393e+01  2.652755e+01  2.750000e+01
     vertex  2.338393e+01  2.652755e+01  2.350000e+01
     vertex  2.339901e+01  2.657168e+01  2.350000e+01
   endloop
 endfacet
 facet normal  9.462851e-01 -3.233333e-01  0.000000e+00
   outer loop
     vertex  2.338393e+01  2.652755e+01  2.750000e+01
     vertex  2.339901e+01  2.657168e+01  2.350000e+01
     vertex  2.339901e+01  2.657168e+01  2.750000e+01
   endloop
 endfacet
 facet normal  9.547993e-01 -2.972512e-01  0.000000e+00
   outer loop
     vertex  2.337006e+01  2.648301e+01  2.750000e+01
     vertex  2.337006e+01  2.648301e+01  2.350000e+01
     vertex  2.338393e+01  2.652755e+01  2.350000e+01
   endloop
 endfacet
 facet normal  9.625948e-01 -2.709453e-01  0.000000e+00
   outer loop
     vertex  2.337006e+01  2.648301e+01  2.750000e+01
     vertex  2.335742e+01  2.643811e+01  2.350000e+01
     vertex  2.337006e+01  2.648301e+01  2.350000e+01
   endloop
 endfacet
 facet normal  9.547993e-01 -2.972512e-01  0.000000e+00
   outer loop
     vertex  2.337006e+01  2.648301e+01  2.750000e+01
     vertex  2.338393e+01  2.652755e+01  2.350000e+01
     vertex  2.338393e+01  2.652755e+01  2.750000e+01
   endloop
 endfacet
 facet normal  9.625948e-01 -2.709453e-01  0.000000e+00
   outer loop
     vertex  2.335742e+01  2.643811e+01  2.750000e+01
     vertex  2.335742e+01  2.643811e+01  2.350000e+01
     vertex  2.337006e+01  2.648301e+01  2.750000e+01
   endloop
 endfacet
 facet normal  9.696656e-01 -2.444354e-01  0.000000e+00
   outer loop
     vertex  2.334602e+01  2.639289e+01  2.750000e+01
     vertex  2.334602e+01  2.639289e+01  2.350000e+01
     vertex  2.335742e+01  2.643811e+01  2.350000e+01
   endloop
 endfacet
 facet normal  9.696656e-01 -2.444354e-01  0.000000e+00
   outer loop
     vertex  2.334602e+01  2.639289e+01  2.750000e+01
     vertex  2.335742e+01  2.643811e+01  2.350000e+01
     vertex  2.335742e+01  2.643811e+01  2.750000e+01
   endloop
 endfacet
 facet normal  9.760065e-01 -2.177416e-01  0.000000e+00
   outer loop
     vertex  2.333587e+01  2.634736e+01  2.750000e+01
     vertex  2.333587e+01  2.634736e+01  2.350000e+01
     vertex  2.334602e+01  2.639289e+01  2.350000e+01
   endloop
 endfacet
 facet normal  9.760065e-01 -2.177416e-01  0.000000e+00
   outer loop
     vertex  2.333587e+01  2.634736e+01  2.750000e+01
     vertex  2.334602e+01  2.639289e+01  2.350000e+01
     vertex  2.334602e+01  2.639289e+01  2.750000e+01
   endloop
 endfacet
 facet normal  9.816126e-01 -1.908838e-01  0.000000e+00
   outer loop
     vertex  2.332696e+01  2.630158e+01  2.750000e+01
     vertex  2.332696e+01  2.630158e+01  2.350000e+01
     vertex  2.333587e+01  2.634736e+01  2.350000e+01
   endloop
 endfacet
 facet normal  9.864799e-01 -1.638824e-01  0.000000e+00
   outer loop
     vertex  2.332696e+01  2.630158e+01  2.750000e+01
     vertex  2.331932e+01  2.625557e+01  2.350000e+01
     vertex  2.332696e+01  2.630158e+01  2.350000e+01
   endloop
 endfacet
 facet normal  9.816126e-01 -1.908838e-01  0.000000e+00
   outer loop
     vertex  2.332696e+01  2.630158e+01  2.750000e+01
     vertex  2.333587e+01  2.634736e+01  2.350000e+01
     vertex  2.333587e+01  2.634736e+01  2.750000e+01
   endloop
 endfacet
 facet normal  9.906046e-01 -1.367575e-01  0.000000e+00
   outer loop
     vertex  2.331932e+01  2.625557e+01  2.750000e+01
     vertex  2.331294e+01  2.620936e+01  2.350000e+01
     vertex  2.331932e+01  2.625557e+01  2.350000e+01
   endloop
 endfacet
 facet normal  9.864799e-01 -1.638824e-01  0.000000e+00
   outer loop
     vertex  2.331932e+01  2.625557e+01  2.750000e+01
     vertex  2.331932e+01  2.625557e+01  2.350000e+01
     vertex  2.332696e+01  2.630158e+01  2.750000e+01
   endloop
 endfacet
 facet normal  9.906046e-01 -1.367575e-01  0.000000e+00
   outer loop
     vertex  2.331294e+01  2.620936e+01  2.750000e+01
     vertex  2.331294e+01  2.620936e+01  2.350000e+01
     vertex  2.331932e+01  2.625557e+01  2.750000e+01
   endloop
 endfacet
 facet normal  9.939835e-01 -1.095298e-01  0.000000e+00
   outer loop
     vertex  2.330783e+01  2.616300e+01  2.750000e+01
     vertex  2.331294e+01  2.620936e+01  2.350000e+01
     vertex  2.331294e+01  2.620936e+01  2.750000e+01
   endloop
 endfacet
 facet normal  9.939835e-01 -1.095298e-01  0.000000e+00
   outer loop
     vertex  2.330783e+01  2.616300e+01  2.750000e+01
     vertex  2.330783e+01  2.616300e+01  2.350000e+01
     vertex  2.331294e+01  2.620936e+01  2.350000e+01
   endloop
 endfacet
 facet normal  9.966142e-01 -8.221955e-02  0.000000e+00
   outer loop
     vertex  2.330400e+01  2.611652e+01  2.750000e+01
     vertex  2.330783e+01  2.616300e+01  2.350000e+01
     vertex  2.330783e+01  2.616300e+01  2.750000e+01
   endloop
 endfacet
 facet normal  9.966142e-01 -8.221955e-02  0.000000e+00
   outer loop
     vertex  2.330400e+01  2.611652e+01  2.750000e+01
     vertex  2.330400e+01  2.611652e+01  2.350000e+01
     vertex  2.330783e+01  2.616300e+01  2.350000e+01
   endloop
 endfacet
 facet normal  9.984947e-01 -5.484744e-02  0.000000e+00
   outer loop
     vertex  2.330400e+01  2.611652e+01  2.750000e+01
     vertex  2.330144e+01  2.606995e+01  2.350000e+01
     vertex  2.330400e+01  2.611652e+01  2.350000e+01
   endloop
 endfacet
 facet normal  9.984947e-01 -5.484744e-02  0.000000e+00
   outer loop
     vertex  2.330144e+01  2.606995e+01  2.750000e+01
     vertex  2.330144e+01  2.606995e+01  2.350000e+01
     vertex  2.330400e+01  2.611652e+01  2.750000e+01
   endloop
 endfacet
 facet normal  9.996236e-01 -2.743405e-02  0.000000e+00
   outer loop
     vertex  2.330144e+01  2.606995e+01  2.750000e+01
     vertex  2.330016e+01  2.602332e+01  2.350000e+01
     vertex  2.330144e+01  2.606995e+01  2.350000e+01
   endloop
 endfacet
 facet normal  9.996236e-01 -2.743405e-02  0.000000e+00
   outer loop
     vertex  2.330016e+01  2.602332e+01  2.750000e+01
     vertex  2.330016e+01  2.602332e+01  2.350000e+01
     vertex  2.330144e+01  2.606995e+01  2.750000e+01
   endloop
 endfacet
 facet normal  1.000000e+00 -0.000000e+00  0.000000e+00
   outer loop
     vertex  2.330016e+01  2.597668e+01  2.750000e+01
     vertex  2.330016e+01  2.602332e+01  2.350000e+01
     vertex  2.330016e+01  2.602332e+01  2.750000e+01
   endloop
 endfacet
 facet normal  1.000000e+00  0.000000e+00  0.000000e+00
   outer loop
     vertex  2.330016e+01  2.597668e+01  2.750000e+01
     vertex  2.330016e+01  2.597668e+01  2.350000e+01
     vertex  2.330016e+01  2.602332e+01  2.350000e+01
   endloop
 endfacet
 facet normal  9.996236e-01  2.743405e-02  0.000000e+00
   outer loop
     vertex  2.330016e+01  2.597668e+01  2.750000e+01
     vertex  2.330144e+01  2.593005e+01  2.350000e+01
     vertex  2.330016e+01  2.597668e+01  2.350000e+01
   endloop
 endfacet
 facet normal  9.996236e-01  2.743405e-02  0.000000e+00
   outer loop
     vertex  2.330144e+01  2.593005e+01  2.750000e+01
     vertex  2.330144e+01  2.593005e+01  2.350000e+01
     vertex  2.330016e+01  2.597668e+01  2.750000e+01
   endloop
 endfacet
 facet normal  9.984947e-01  5.484744e-02  0.000000e+00
   outer loop
     vertex  2.330400e+01  2.588348e+01  2.750000e+01
     vertex  2.330144e+01  2.593005e+01  2.350000e+01
     vertex  2.330144e+01  2.593005e+01  2.750000e+01
   endloop
 endfacet
 facet normal  9.984947e-01  5.484744e-02  0.000000e+00
   outer loop
     vertex  2.330400e+01  2.588348e+01  2.750000e+01
     vertex  2.330400e+01  2.588348e+01  2.350000e+01
     vertex  2.330144e+01  2.593005e+01  2.350000e+01
   endloop
 endfacet
 facet normal  9.966142e-01  8.221955e-02  0.000000e+00
   outer loop
     vertex  2.330400e+01  2.588348e+01  2.750000e+01
     vertex  2.330783e+01  2.583700e+01  2.350000e+01
     vertex  2.330400e+01  2.588348e+01  2.350000e+01
   endloop
 endfacet
 facet normal  9.966142e-01  8.221955e-02  0.000000e+00
   outer loop
     vertex  2.330783e+01  2.583700e+01  2.750000e+01
     vertex  2.330783e+01  2.583700e+01  2.350000e+01
     vertex  2.330400e+01  2.588348e+01  2.750000e+01
   endloop
 endfacet
 facet normal  9.939835e-01  1.095298e-01  0.000000e+00
   outer loop
     vertex  2.330783e+01  2.583700e+01  2.750000e+01
     vertex  2.331294e+01  2.579064e+01  2.350000e+01
     vertex  2.330783e+01  2.583700e+01  2.350000e+01
   endloop
 endfacet
 facet normal  9.939835e-01  1.095298e-01  0.000000e+00
   outer loop
     vertex  2.331294e+01  2.579064e+01  2.750000e+01
     vertex  2.331294e+01  2.579064e+01  2.350000e+01
     vertex  2.330783e+01  2.583700e+01  2.750000e+01
   endloop
 endfacet
 facet normal  9.906046e-01  1.367575e-01  0.000000e+00
   outer loop
     vertex  2.331932e+01  2.574443e+01  2.750000e+01
     vertex  2.331294e+01  2.579064e+01  2.350000e+01
     vertex  2.331294e+01  2.579064e+01  2.750000e+01
   endloop
 endfacet
 facet normal  9.906046e-01  1.367575e-01  0.000000e+00
   outer loop
     vertex  2.331932e+01  2.574443e+01  2.750000e+01
     vertex  2.331932e+01  2.574443e+01  2.350000e+01
     vertex  2.331294e+01  2.579064e+01  2.350000e+01
   endloop
 endfacet
 facet normal  9.864799e-01  1.638824e-01  0.000000e+00
   outer loop
     vertex  2.332696e+01  2.569842e+01  2.750000e+01
     vertex  2.331932e+01  2.574443e+01  2.350000e+01
     vertex  2.331932e+01  2.574443e+01  2.750000e+01
   endloop
 endfacet
 facet normal  9.864799e-01  1.638824e-01  0.000000e+00
   outer loop
     vertex  2.332696e+01  2.569842e+01  2.750000e+01
     vertex  2.332696e+01  2.569842e+01  2.350000e+01
     vertex  2.331932e+01  2.574443e+01  2.350000e+01
   endloop
 endfacet
 facet normal  9.816126e-01  1.908838e-01  0.000000e+00
   outer loop
     vertex  2.332696e+01  2.569842e+01  2.750000e+01
     vertex  2.333587e+01  2.565264e+01  2.350000e+01
     vertex  2.332696e+01  2.569842e+01  2.350000e+01
   endloop
 endfacet
 facet normal  9.816126e-01  1.908838e-01  0.000000e+00
   outer loop
     vertex  2.333587e+01  2.565264e+01  2.750000e+01
     vertex  2.333587e+01  2.565264e+01  2.350000e+01
     vertex  2.332696e+01  2.569842e+01  2.750000e+01
   endloop
 endfacet
 facet normal  9.760065e-01  2.177416e-01  0.000000e+00
   outer loop
     vertex  2.334602e+01  2.560711e+01  2.750000e+01
     vertex  2.334602e+01  2.560711e+01  2.350000e+01
     vertex  2.333587e+01  2.565264e+01  2.350000e+01
   endloop
 endfacet
 facet normal  9.760065e-01  2.177416e-01  0.000000e+00
   outer loop
     vertex  2.334602e+01  2.560711e+01  2.750000e+01
     vertex  2.333587e+01  2.565264e+01  2.350000e+01
     vertex  2.333587e+01  2.565264e+01  2.750000e+01
   endloop
 endfacet
 facet normal  9.696656e-01  2.444354e-01  0.000000e+00
   outer loop
     vertex  2.335742e+01  2.556189e+01  2.750000e+01
     vertex  2.335742e+01  2.556189e+01  2.350000e+01
     vertex  2.334602e+01  2.560711e+01  2.350000e+01
   endloop
 endfacet
 facet normal  9.625948e-01  2.709453e-01  0.000000e+00
   outer loop
     vertex  2.335742e+01  2.556189e+01  2.750000e+01
     vertex  2.337006e+01  2.551699e+01  2.350000e+01
     vertex  2.335742e+01  2.556189e+01  2.350000e+01
   endloop
 endfacet
 facet normal  9.696656e-01  2.444354e-01  0.000000e+00
   outer loop
     vertex  2.335742e+01  2.556189e+01  2.750000e+01
     vertex  2.334602e+01  2.560711e+01  2.350000e+01
     vertex  2.334602e+01  2.560711e+01  2.750000e+01
   endloop
 endfacet
 facet normal  9.625948e-01  2.709453e-01  0.000000e+00
   outer loop
     vertex  2.337006e+01  2.551699e+01  2.750000e+01
     vertex  2.337006e+01  2.551699e+01  2.350000e+01
     vertex  2.335742e+01  2.556189e+01  2.750000e+01
   endloop
 endfacet
 facet normal  9.547993e-01  2.972512e-01  0.000000e+00
   outer loop
     vertex  2.338393e+01  2.547245e+01  2.750000e+01
     vertex  2.338393e+01  2.547245e+01  2.350000e+01
     vertex  2.337006e+01  2.551699e+01  2.350000e+01
   endloop
 endfacet
 facet normal  9.547993e-01  2.972512e-01  0.000000e+00
   outer loop
     vertex  2.338393e+01  2.547245e+01  2.750000e+01
     vertex  2.337006e+01  2.551699e+01  2.350000e+01
     vertex  2.337006e+01  2.551699e+01  2.750000e+01
   endloop
 endfacet
 facet normal  9.462851e-01  3.233333e-01  0.000000e+00
   outer loop
     vertex  2.339901e+01  2.542832e+01  2.750000e+01
     vertex  2.339901e+01  2.542832e+01  2.350000e+01
     vertex  2.338393e+01  2.547245e+01  2.350000e+01
   endloop
 endfacet
 facet normal  9.462851e-01  3.233333e-01  0.000000e+00
   outer loop
     vertex  2.339901e+01  2.542832e+01  2.750000e+01
     vertex  2.338393e+01  2.547245e+01  2.350000e+01
     vertex  2.338393e+01  2.547245e+01  2.750000e+01
   endloop
 endfacet
 facet normal  9.370586e-01  3.491720e-01  0.000000e+00
   outer loop
     vertex  2.341529e+01  2.538461e+01  2.750000e+01
     vertex  2.341529e+01  2.538461e+01  2.350000e+01
     vertex  2.339901e+01  2.542832e+01  2.350000e+01
   endloop
 endfacet
 facet normal  9.271267e-01  3.747479e-01  0.000000e+00
   outer loop
     vertex  2.341529e+01  2.538461e+01  2.750000e+01
     vertex  2.343277e+01  2.534137e+01  2.350000e+01
     vertex  2.341529e+01  2.538461e+01  2.350000e+01
   endloop
 endfacet
 facet normal  9.370586e-01  3.491720e-01  0.000000e+00
   outer loop
     vertex  2.341529e+01  2.538461e+01  2.750000e+01
     vertex  2.339901e+01  2.542832e+01  2.350000e+01
     vertex  2.339901e+01  2.542832e+01  2.750000e+01
   endloop
 endfacet
 facet normal  9.271267e-01  3.747479e-01  0.000000e+00
   outer loop
     vertex  2.343277e+01  2.534137e+01  2.750000e+01
     vertex  2.343277e+01  2.534137e+01  2.350000e+01
     vertex  2.341529e+01  2.538461e+01  2.750000e+01
   endloop
 endfacet
 facet normal  9.164969e-01  4.000417e-01  0.000000e+00
   outer loop
     vertex  2.345143e+01  2.529862e+01  2.750000e+01
     vertex  2.345143e+01  2.529862e+01  2.350000e+01
     vertex  2.343277e+01  2.534137e+01  2.350000e+01
   endloop
 endfacet
 facet normal  9.164969e-01  4.000417e-01  0.000000e+00
   outer loop
     vertex  2.345143e+01  2.529862e+01  2.750000e+01
     vertex  2.343277e+01  2.534137e+01  2.350000e+01
     vertex  2.343277e+01  2.534137e+01  2.750000e+01
   endloop
 endfacet
 facet normal  9.051772e-01  4.250344e-01  0.000000e+00
   outer loop
     vertex  2.347126e+01  2.525640e+01  2.750000e+01
     vertex  2.347126e+01  2.525640e+01  2.350000e+01
     vertex  2.345143e+01  2.529862e+01  2.350000e+01
   endloop
 endfacet
 facet normal  9.051772e-01  4.250344e-01  0.000000e+00
   outer loop
     vertex  2.347126e+01  2.525640e+01  2.750000e+01
     vertex  2.345143e+01  2.529862e+01  2.350000e+01
     vertex  2.345143e+01  2.529862e+01  2.750000e+01
   endloop
 endfacet
 facet normal  8.931761e-01  4.497071e-01  0.000000e+00
   outer loop
     vertex  2.349223e+01  2.521474e+01  2.750000e+01
     vertex  2.349223e+01  2.521474e+01  2.350000e+01
     vertex  2.347126e+01  2.525640e+01  2.350000e+01
   endloop
 endfacet
 facet normal  8.805026e-01  4.740412e-01  0.000000e+00
   outer loop
     vertex  2.349223e+01  2.521474e+01  2.750000e+01
     vertex  2.351434e+01  2.517367e+01  2.350000e+01
     vertex  2.349223e+01  2.521474e+01  2.350000e+01
   endloop
 endfacet
 facet normal  8.931761e-01  4.497071e-01  0.000000e+00
   outer loop
     vertex  2.349223e+01  2.521474e+01  2.750000e+01
     vertex  2.347126e+01  2.525640e+01  2.350000e+01
     vertex  2.347126e+01  2.525640e+01  2.750000e+01
   endloop
 endfacet
 facet normal  8.671664e-01  4.980186e-01  0.000000e+00
   outer loop
     vertex  2.351434e+01  2.517367e+01  2.750000e+01
     vertex  2.353757e+01  2.513322e+01  2.350000e+01
     vertex  2.351434e+01  2.517367e+01  2.350000e+01
   endloop
 endfacet
 facet normal  8.805026e-01  4.740412e-01  0.000000e+00
   outer loop
     vertex  2.351434e+01  2.517367e+01  2.750000e+01
     vertex  2.351434e+01  2.517367e+01  2.350000e+01
     vertex  2.349223e+01  2.521474e+01  2.750000e+01
   endloop
 endfacet
 facet normal  8.671664e-01  4.980186e-01  0.000000e+00
   outer loop
     vertex  2.353757e+01  2.513322e+01  2.750000e+01
     vertex  2.353757e+01  2.513322e+01  2.350000e+01
     vertex  2.351434e+01  2.517367e+01  2.750000e+01
   endloop
 endfacet
 facet normal  8.531773e-01  5.216210e-01  0.000000e+00
   outer loop
     vertex  2.356190e+01  2.509343e+01  2.750000e+01
     vertex  2.356190e+01  2.509343e+01  2.350000e+01
     vertex  2.353757e+01  2.513322e+01  2.350000e+01
   endloop
 endfacet
 facet normal  8.385460e-01  5.448308e-01  0.000000e+00
   outer loop
     vertex  2.356190e+01  2.509343e+01  2.750000e+01
     vertex  2.358731e+01  2.505432e+01  2.350000e+01
     vertex  2.356190e+01  2.509343e+01  2.350000e+01
   endloop
 endfacet
 facet normal  8.531773e-01  5.216210e-01  0.000000e+00
   outer loop
     vertex  2.356190e+01  2.509343e+01  2.750000e+01
     vertex  2.353757e+01  2.513322e+01  2.350000e+01
     vertex  2.353757e+01  2.513322e+01  2.750000e+01
   endloop
 endfacet
 facet normal  8.385460e-01  5.448308e-01  0.000000e+00
   outer loop
     vertex  2.358731e+01  2.505432e+01  2.750000e+01
     vertex  2.358731e+01  2.505432e+01  2.350000e+01
     vertex  2.356190e+01  2.509343e+01  2.750000e+01
   endloop
 endfacet
 facet normal  8.232835e-01  5.676304e-01  0.000000e+00
   outer loop
     vertex  2.361379e+01  2.501592e+01  2.750000e+01
     vertex  2.358731e+01  2.505432e+01  2.350000e+01
     vertex  2.358731e+01  2.505432e+01  2.750000e+01
   endloop
 endfacet
 facet normal  8.232835e-01  5.676304e-01  0.000000e+00
   outer loop
     vertex  2.361379e+01  2.501592e+01  2.750000e+01
     vertex  2.361379e+01  2.501592e+01  2.350000e+01
     vertex  2.358731e+01  2.505432e+01  2.350000e+01
   endloop
 endfacet
 facet normal  8.074012e-01  5.900028e-01  0.000000e+00
   outer loop
     vertex  2.361379e+01  2.501592e+01  2.750000e+01
     vertex  2.364131e+01  2.497826e+01  2.350000e+01
     vertex  2.361379e+01  2.501592e+01  2.350000e+01
   endloop
 endfacet
 facet normal  8.074012e-01  5.900028e-01  0.000000e+00
   outer loop
     vertex  2.364131e+01  2.497826e+01  2.750000e+01
     vertex  2.364131e+01  2.497826e+01  2.350000e+01
     vertex  2.361379e+01  2.501592e+01  2.750000e+01
   endloop
 endfacet
 facet normal  7.909112e-01  6.119310e-01  0.000000e+00
   outer loop
     vertex  2.366985e+01  2.494137e+01  2.750000e+01
     vertex  2.364131e+01  2.497826e+01  2.350000e+01
     vertex  2.364131e+01  2.497826e+01  2.750000e+01
   endloop
 endfacet
 facet normal  7.909112e-01  6.119310e-01  0.000000e+00
   outer loop
     vertex  2.366985e+01  2.494137e+01  2.750000e+01
     vertex  2.366985e+01  2.494137e+01  2.350000e+01
     vertex  2.364131e+01  2.497826e+01  2.350000e+01
   endloop
 endfacet
 facet normal  7.738257e-01  6.333986e-01  0.000000e+00
   outer loop
     vertex  2.366985e+01  2.494137e+01  2.750000e+01
     vertex  2.369939e+01  2.490528e+01  2.350000e+01
     vertex  2.366985e+01  2.494137e+01  2.350000e+01
   endloop
 endfacet
 facet normal  7.738257e-01  6.333986e-01  0.000000e+00
   outer loop
     vertex  2.369939e+01  2.490528e+01  2.750000e+01
     vertex  2.369939e+01  2.490528e+01  2.350000e+01
     vertex  2.366985e+01  2.494137e+01  2.750000e+01
   endloop
 endfacet
 facet normal  7.561578e-01  6.543893e-01  0.000000e+00
   outer loop
     vertex  2.372991e+01  2.487001e+01  2.750000e+01
     vertex  2.369939e+01  2.490528e+01  2.350000e+01
     vertex  2.369939e+01  2.490528e+01  2.750000e+01
   endloop
 endfacet
 facet normal  7.561578e-01  6.543893e-01  0.000000e+00
   outer loop
     vertex  2.372991e+01  2.487001e+01  2.750000e+01
     vertex  2.372991e+01  2.487001e+01  2.350000e+01
     vertex  2.369939e+01  2.490528e+01  2.350000e+01
   endloop
 endfacet
 facet normal  7.379206e-01  6.748875e-01  0.000000e+00
   outer loop
     vertex  2.376139e+01  2.483559e+01  2.750000e+01
     vertex  2.372991e+01  2.487001e+01  2.350000e+01
     vertex  2.372991e+01  2.487001e+01  2.750000e+01
   endloop
 endfacet
 facet normal  7.379206e-01  6.748875e-01  0.000000e+00
   outer loop
     vertex  2.376139e+01  2.483559e+01  2.750000e+01
     vertex  2.376139e+01  2.483559e+01  2.350000e+01
     vertex  2.372991e+01  2.487001e+01  2.350000e+01
   endloop
 endfacet
 facet normal  7.191280e-01  6.948776e-01  0.000000e+00
   outer loop
     vertex  2.379380e+01  2.480205e+01  2.750000e+01
     vertex  2.376139e+01  2.483559e+01  2.350000e+01
     vertex  2.376139e+01  2.483559e+01  2.750000e+01
   endloop
 endfacet
 facet normal  7.191280e-01  6.948776e-01  0.000000e+00
   outer loop
     vertex  2.379380e+01  2.480205e+01  2.750000e+01
     vertex  2.379380e+01  2.480205e+01  2.350000e+01
     vertex  2.376139e+01  2.483559e+01  2.350000e+01
   endloop
 endfacet
 facet normal  6.997940e-01  7.143447e-01  0.000000e+00
   outer loop
     vertex  2.382712e+01  2.476941e+01  2.750000e+01
     vertex  2.379380e+01  2.480205e+01  2.350000e+01
     vertex  2.379380e+01  2.480205e+01  2.750000e+01
   endloop
 endfacet
 facet normal  6.997940e-01  7.143447e-01  0.000000e+00
   outer loop
     vertex  2.382712e+01  2.476941e+01  2.750000e+01
     vertex  2.382712e+01  2.476941e+01  2.350000e+01
     vertex  2.379380e+01  2.480205e+01  2.350000e+01
   endloop
 endfacet
 facet normal  6.799333e-01  7.332740e-01  0.000000e+00
   outer loop
     vertex  2.382712e+01  2.476941e+01  2.750000e+01
     vertex  2.386132e+01  2.473769e+01  2.350000e+01
     vertex  2.382712e+01  2.476941e+01  2.350000e+01
   endloop
 endfacet
 facet normal  6.799333e-01  7.332740e-01  0.000000e+00
   outer loop
     vertex  2.386132e+01  2.473769e+01  2.750000e+01
     vertex  2.386132e+01  2.473769e+01  2.350000e+01
     vertex  2.382712e+01  2.476941e+01  2.750000e+01
   endloop
 endfacet
 facet normal  6.595607e-01  7.516513e-01  0.000000e+00
   outer loop
     vertex  2.386132e+01  2.473769e+01  2.750000e+01
     vertex  2.389638e+01  2.470693e+01  2.350000e+01
     vertex  2.386132e+01  2.473769e+01  2.350000e+01
   endloop
 endfacet
 facet normal  6.595607e-01  7.516513e-01  0.000000e+00
   outer loop
     vertex  2.389638e+01  2.470693e+01  2.750000e+01
     vertex  2.389638e+01  2.470693e+01  2.350000e+01
     vertex  2.386132e+01  2.473769e+01  2.750000e+01
   endloop
 endfacet
 facet normal  6.386916e-01  7.694628e-01  0.000000e+00
   outer loop
     vertex  2.393227e+01  2.467714e+01  2.750000e+01
     vertex  2.389638e+01  2.470693e+01  2.350000e+01
     vertex  2.389638e+01  2.470693e+01  2.750000e+01
   endloop
 endfacet
 facet normal  6.386916e-01  7.694628e-01  0.000000e+00
   outer loop
     vertex  2.393227e+01  2.467714e+01  2.750000e+01
     vertex  2.393227e+01  2.467714e+01  2.350000e+01
     vertex  2.389638e+01  2.470693e+01  2.350000e+01
   endloop
 endfacet
 facet normal  6.173417e-01  7.866951e-01  0.000000e+00
   outer loop
     vertex  2.396896e+01  2.464835e+01  2.750000e+01
     vertex  2.393227e+01  2.467714e+01  2.350000e+01
     vertex  2.393227e+01  2.467714e+01  2.750000e+01
   endloop
 endfacet
 facet normal  6.173417e-01  7.866951e-01  0.000000e+00
   outer loop
     vertex  2.396896e+01  2.464835e+01  2.750000e+01
     vertex  2.396896e+01  2.464835e+01  2.350000e+01
     vertex  2.393227e+01  2.467714e+01  2.350000e+01
   endloop
 endfacet
 facet normal  5.955271e-01  8.033352e-01  0.000000e+00
   outer loop
     vertex  2.400643e+01  2.462057e+01  2.750000e+01
     vertex  2.396896e+01  2.464835e+01  2.350000e+01
     vertex  2.396896e+01  2.464835e+01  2.750000e+01
   endloop
 endfacet
 facet normal  5.955271e-01  8.033352e-01  0.000000e+00
   outer loop
     vertex  2.400643e+01  2.462057e+01  2.750000e+01
     vertex  2.400643e+01  2.462057e+01  2.350000e+01
     vertex  2.396896e+01  2.464835e+01  2.350000e+01
   endloop
 endfacet
 facet normal  5.732642e-01  8.193706e-01  0.000000e+00
   outer loop
     vertex  2.404465e+01  2.459383e+01  2.750000e+01
     vertex  2.400643e+01  2.462057e+01  2.350000e+01
     vertex  2.400643e+01  2.462057e+01  2.750000e+01
   endloop
 endfacet
 facet normal  5.732642e-01  8.193706e-01  0.000000e+00
   outer loop
     vertex  2.404465e+01  2.459383e+01  2.750000e+01
     vertex  2.404465e+01  2.459383e+01  2.350000e+01
     vertex  2.400643e+01  2.462057e+01  2.350000e+01
   endloop
 endfacet
 facet normal  5.505698e-01  8.347891e-01  0.000000e+00
   outer loop
     vertex  2.408359e+01  2.456815e+01  2.750000e+01
     vertex  2.404465e+01  2.459383e+01  2.350000e+01
     vertex  2.404465e+01  2.459383e+01  2.750000e+01
   endloop
 endfacet
 facet normal  5.505698e-01  8.347891e-01  0.000000e+00
   outer loop
     vertex  2.408359e+01  2.456815e+01  2.750000e+01
     vertex  2.408359e+01  2.456815e+01  2.350000e+01
     vertex  2.404465e+01  2.459383e+01  2.350000e+01
   endloop
 endfacet
 facet normal  5.274609e-01  8.495793e-01  0.000000e+00
   outer loop
     vertex  2.408359e+01  2.456815e+01  2.750000e+01
     vertex  2.412321e+01  2.454355e+01  2.350000e+01
     vertex  2.408359e+01  2.456815e+01  2.350000e+01
   endloop
 endfacet
 facet normal  5.274609e-01  8.495793e-01  0.000000e+00
   outer loop
     vertex  2.412321e+01  2.454355e+01  2.750000e+01
     vertex  2.412321e+01  2.454355e+01  2.350000e+01
     vertex  2.408359e+01  2.456815e+01  2.750000e+01
   endloop
 endfacet
 facet normal  5.039550e-01  8.637299e-01  0.000000e+00
   outer loop
     vertex  2.416350e+01  2.452004e+01  2.750000e+01
     vertex  2.412321e+01  2.454355e+01  2.350000e+01
     vertex  2.412321e+01  2.454355e+01  2.750000e+01
   endloop
 endfacet
 facet normal  5.039550e-01  8.637299e-01  0.000000e+00
   outer loop
     vertex  2.416350e+01  2.452004e+01  2.750000e+01
     vertex  2.416350e+01  2.452004e+01  2.350000e+01
     vertex  2.412321e+01  2.454355e+01  2.350000e+01
   endloop
 endfacet
 facet normal  4.800697e-01  8.772303e-01  0.000000e+00
   outer loop
     vertex  2.420442e+01  2.449765e+01  2.750000e+01
     vertex  2.416350e+01  2.452004e+01  2.350000e+01
     vertex  2.416350e+01  2.452004e+01  2.750000e+01
   endloop
 endfacet
 facet normal  4.800697e-01  8.772303e-01  0.000000e+00
   outer loop
     vertex  2.420442e+01  2.449765e+01  2.750000e+01
     vertex  2.420442e+01  2.449765e+01  2.350000e+01
     vertex  2.416350e+01  2.452004e+01  2.350000e+01
   endloop
 endfacet
 facet normal  4.558231e-01  8.900704e-01  0.000000e+00
   outer loop
     vertex  2.424593e+01  2.447639e+01  2.750000e+01
     vertex  2.420442e+01  2.449765e+01  2.350000e+01
     vertex  2.420442e+01  2.449765e+01  2.750000e+01
   endloop
 endfacet
 facet normal  4.558231e-01  8.900704e-01  0.000000e+00
   outer loop
     vertex  2.424593e+01  2.447639e+01  2.750000e+01
     vertex  2.424593e+01  2.447639e+01  2.350000e+01
     vertex  2.420442e+01  2.449765e+01  2.350000e+01
   endloop
 endfacet
 facet normal  4.312333e-01  9.022405e-01  0.000000e+00
   outer loop
     vertex  2.428801e+01  2.445628e+01  2.750000e+01
     vertex  2.424593e+01  2.447639e+01  2.350000e+01
     vertex  2.424593e+01  2.447639e+01  2.750000e+01
   endloop
 endfacet
 facet normal  4.312333e-01  9.022405e-01  0.000000e+00
   outer loop
     vertex  2.428801e+01  2.445628e+01  2.750000e+01
     vertex  2.428801e+01  2.445628e+01  2.350000e+01
     vertex  2.424593e+01  2.447639e+01  2.350000e+01
   endloop
 endfacet
 facet normal  4.063188e-01  9.137314e-01  0.000000e+00
   outer loop
     vertex  2.433063e+01  2.443733e+01  2.750000e+01
     vertex  2.428801e+01  2.445628e+01  2.350000e+01
     vertex  2.428801e+01  2.445628e+01  2.750000e+01
   endloop
 endfacet
 facet normal  4.063188e-01  9.137314e-01  0.000000e+00
   outer loop
     vertex  2.433063e+01  2.443733e+01  2.750000e+01
     vertex  2.433063e+01  2.443733e+01  2.350000e+01
     vertex  2.428801e+01  2.445628e+01  2.350000e+01
   endloop
 endfacet
 facet normal  3.810986e-01  9.245344e-01  0.000000e+00
   outer loop
     vertex  2.433063e+01  2.443733e+01  2.750000e+01
     vertex  2.437375e+01  2.441955e+01  2.350000e+01
     vertex  2.433063e+01  2.443733e+01  2.350000e+01
   endloop
 endfacet
 facet normal  3.810986e-01  9.245344e-01  0.000000e+00
   outer loop
     vertex  2.437375e+01  2.441955e+01  2.750000e+01
     vertex  2.437375e+01  2.441955e+01  2.350000e+01
     vertex  2.433063e+01  2.443733e+01  2.750000e+01
   endloop
 endfacet
 facet normal  3.555914e-01  9.346415e-01  0.000000e+00
   outer loop
     vertex  2.441735e+01  2.440297e+01  2.750000e+01
     vertex  2.441735e+01  2.440297e+01  2.350000e+01
     vertex  2.437375e+01  2.441955e+01  2.350000e+01
   endloop
 endfacet
 facet normal  3.555914e-01  9.346415e-01  0.000000e+00
   outer loop
     vertex  2.441735e+01  2.440297e+01  2.750000e+01
     vertex  2.437375e+01  2.441955e+01  2.350000e+01
     vertex  2.437375e+01  2.441955e+01  2.750000e+01
   endloop
 endfacet
 facet normal  3.298166e-01  9.440450e-01  0.000000e+00
   outer loop
     vertex  2.446138e+01  2.438758e+01  2.750000e+01
     vertex  2.446138e+01  2.438758e+01  2.350000e+01
     vertex  2.441735e+01  2.440297e+01  2.350000e+01
   endloop
 endfacet
 facet normal  3.298166e-01  9.440450e-01  0.000000e+00
   outer loop
     vertex  2.446138e+01  2.438758e+01  2.750000e+01
     vertex  2.441735e+01  2.440297e+01  2.350000e+01
     vertex  2.441735e+01  2.440297e+01  2.750000e+01
   endloop
 endfacet
 facet normal  3.037934e-01  9.527379e-01  0.000000e+00
   outer loop
     vertex  2.450582e+01  2.437341e+01  2.750000e+01
     vertex  2.450582e+01  2.437341e+01  2.350000e+01
     vertex  2.446138e+01  2.438758e+01  2.350000e+01
   endloop
 endfacet
 facet normal  3.037934e-01  9.527379e-01  0.000000e+00
   outer loop
     vertex  2.450582e+01  2.437341e+01  2.750000e+01
     vertex  2.446138e+01  2.438758e+01  2.350000e+01
     vertex  2.446138e+01  2.438758e+01  2.750000e+01
   endloop
 endfacet
 facet normal  2.775416e-01  9.607136e-01  0.000000e+00
   outer loop
     vertex  2.455063e+01  2.436047e+01  2.750000e+01
     vertex  2.450582e+01  2.437341e+01  2.350000e+01
     vertex  2.450582e+01  2.437341e+01  2.750000e+01
   endloop
 endfacet
 facet normal  2.775416e-01  9.607136e-01  0.000000e+00
   outer loop
     vertex  2.455063e+01  2.436047e+01  2.750000e+01
     vertex  2.455063e+01  2.436047e+01  2.350000e+01
     vertex  2.450582e+01  2.437341e+01  2.350000e+01
   endloop
 endfacet
 facet normal  2.510809e-01  9.679661e-01  0.000000e+00
   outer loop
     vertex  2.455063e+01  2.436047e+01  2.750000e+01
     vertex  2.459578e+01  2.434876e+01  2.350000e+01
     vertex  2.455063e+01  2.436047e+01  2.350000e+01
   endloop
 endfacet
 facet normal  2.510809e-01  9.679661e-01  0.000000e+00
   outer loop
     vertex  2.459578e+01  2.434876e+01  2.750000e+01
     vertex  2.459578e+01  2.434876e+01  2.350000e+01
     vertex  2.455063e+01  2.436047e+01  2.750000e+01
   endloop
 endfacet
 facet normal  2.244312e-01  9.744899e-01  0.000000e+00
   outer loop
     vertex  2.464123e+01  2.433829e+01  2.750000e+01
     vertex  2.459578e+01  2.434876e+01  2.350000e+01
     vertex  2.459578e+01  2.434876e+01  2.750000e+01
   endloop
 endfacet
 facet normal  2.244312e-01  9.744899e-01  0.000000e+00
   outer loop
     vertex  2.464123e+01  2.433829e+01  2.750000e+01
     vertex  2.464123e+01  2.433829e+01  2.350000e+01
     vertex  2.459578e+01  2.434876e+01  2.350000e+01
   endloop
 endfacet
 facet normal  1.976125e-01  9.802802e-01  0.000000e+00
   outer loop
     vertex  2.464123e+01  2.433829e+01  2.750000e+01
     vertex  2.468695e+01  2.432907e+01  2.350000e+01
     vertex  2.464123e+01  2.433829e+01  2.350000e+01
   endloop
 endfacet
 facet normal  1.976125e-01  9.802802e-01  0.000000e+00
   outer loop
     vertex  2.468695e+01  2.432907e+01  2.750000e+01
     vertex  2.468695e+01  2.432907e+01  2.350000e+01
     vertex  2.464123e+01  2.433829e+01  2.750000e+01
   endloop
 endfacet
 facet normal  1.706451e-01  9.853326e-01  0.000000e+00
   outer loop
     vertex  2.473291e+01  2.432111e+01  2.750000e+01
     vertex  2.468695e+01  2.432907e+01  2.350000e+01
     vertex  2.468695e+01  2.432907e+01  2.750000e+01
   endloop
 endfacet
 facet normal  1.706451e-01  9.853326e-01  0.000000e+00
   outer loop
     vertex  2.473291e+01  2.432111e+01  2.750000e+01
     vertex  2.473291e+01  2.432111e+01  2.350000e+01
     vertex  2.468695e+01  2.432907e+01  2.350000e+01
   endloop
 endfacet
 facet normal  1.435492e-01  9.896432e-01  0.000000e+00
   outer loop
     vertex  2.473291e+01  2.432111e+01  2.750000e+01
     vertex  2.477907e+01  2.431442e+01  2.350000e+01
     vertex  2.473291e+01  2.432111e+01  2.350000e+01
   endloop
 endfacet
 facet normal  1.435492e-01  9.896432e-01  0.000000e+00
   outer loop
     vertex  2.477907e+01  2.431442e+01  2.750000e+01
     vertex  2.477907e+01  2.431442e+01  2.350000e+01
     vertex  2.473291e+01  2.432111e+01  2.750000e+01
   endloop
 endfacet
 facet normal  1.163452e-01  9.932088e-01  0.000000e+00
   outer loop
     vertex  2.482539e+01  2.430899e+01  2.750000e+01
     vertex  2.477907e+01  2.431442e+01  2.350000e+01
     vertex  2.477907e+01  2.431442e+01  2.750000e+01
   endloop
 endfacet
 facet normal  1.163452e-01  9.932088e-01  0.000000e+00
   outer loop
     vertex  2.482539e+01  2.430899e+01  2.750000e+01
     vertex  2.482539e+01  2.430899e+01  2.350000e+01
     vertex  2.477907e+01  2.431442e+01  2.350000e+01
   endloop
 endfacet
 facet normal  8.905371e-02  9.960268e-01  0.000000e+00
   outer loop
     vertex  2.487185e+01  2.430484e+01  2.750000e+01
     vertex  2.482539e+01  2.430899e+01  2.350000e+01
     vertex  2.482539e+01  2.430899e+01  2.750000e+01
   endloop
 endfacet
 facet normal  8.905371e-02  9.960268e-01  0.000000e+00
   outer loop
     vertex  2.487185e+01  2.430484e+01  2.750000e+01
     vertex  2.487185e+01  2.430484e+01  2.350000e+01
     vertex  2.482539e+01  2.430899e+01  2.350000e+01
   endloop
 endfacet
 facet normal  6.169515e-02  9.980950e-01  0.000000e+00
   outer loop
     vertex  2.491840e+01  2.430196e+01  2.750000e+01
     vertex  2.487185e+01  2.430484e+01  2.350000e+01
     vertex  2.487185e+01  2.430484e+01  2.750000e+01
   endloop
 endfacet
 facet normal  6.169515e-02  9.980950e-01  0.000000e+00
   outer loop
     vertex  2.491840e+01  2.430196e+01  2.750000e+01
     vertex  2.491840e+01  2.430196e+01  2.350000e+01
     vertex  2.487185e+01  2.430484e+01  2.350000e+01
   endloop
 endfacet
 facet normal  3.429014e-02  9.994119e-01  0.000000e+00
   outer loop
     vertex  2.496502e+01  2.430036e+01  2.750000e+01
     vertex  2.491840e+01  2.430196e+01  2.350000e+01
     vertex  2.491840e+01  2.430196e+01  2.750000e+01
   endloop
 endfacet
 facet normal  3.429014e-02  9.994119e-01  0.000000e+00
   outer loop
     vertex  2.496502e+01  2.430036e+01  2.750000e+01
     vertex  2.496502e+01  2.430036e+01  2.350000e+01
     vertex  2.491840e+01  2.430196e+01  2.350000e+01
   endloop
 endfacet
 facet normal  6.859319e-03  9.999765e-01  0.000000e+00
   outer loop
     vertex  2.496502e+01  2.430036e+01  2.750000e+01
     vertex  2.501166e+01  2.430004e+01  2.350000e+01
     vertex  2.496502e+01  2.430036e+01  2.350000e+01
   endloop
 endfacet
 facet normal  6.859319e-03  9.999765e-01  0.000000e+00
   outer loop
     vertex  2.501166e+01  2.430004e+01  2.750000e+01
     vertex  2.501166e+01  2.430004e+01  2.350000e+01
     vertex  2.496502e+01  2.430036e+01  2.750000e+01
   endloop
 endfacet
 facet normal -2.057667e-02  9.997883e-01  0.000000e+00
   outer loop
     vertex  2.505829e+01  2.430100e+01  2.750000e+01
     vertex  2.501166e+01  2.430004e+01  2.350000e+01
     vertex  2.501166e+01  2.430004e+01  2.750000e+01
   endloop
 endfacet
 facet normal -2.057667e-02  9.997883e-01  0.000000e+00
   outer loop
     vertex  2.505829e+01  2.430100e+01  2.750000e+01
     vertex  2.505829e+01  2.430100e+01  2.350000e+01
     vertex  2.501166e+01  2.430004e+01  2.350000e+01
   endloop
 endfacet
 facet normal -4.799716e-02  9.988475e-01  0.000000e+00
   outer loop
     vertex  2.510488e+01  2.430324e+01  2.750000e+01
     vertex  2.510488e+01  2.430324e+01  2.350000e+01
     vertex  2.505829e+01  2.430100e+01  2.350000e+01
   endloop
 endfacet
 facet normal -7.538152e-02  9.971548e-01  0.000000e+00
   outer loop
     vertex  2.510488e+01  2.430324e+01  2.750000e+01
     vertex  2.515139e+01  2.430675e+01  2.350000e+01
     vertex  2.510488e+01  2.430324e+01  2.350000e+01
   endloop
 endfacet
 facet normal -4.799716e-02  9.988475e-01  0.000000e+00
   outer loop
     vertex  2.510488e+01  2.430324e+01  2.750000e+01
     vertex  2.505829e+01  2.430100e+01  2.350000e+01
     vertex  2.505829e+01  2.430100e+01  2.750000e+01
   endloop
 endfacet
 facet normal -7.538152e-02  9.971548e-01  0.000000e+00
   outer loop
     vertex  2.515139e+01  2.430675e+01  2.750000e+01
     vertex  2.515139e+01  2.430675e+01  2.350000e+01
     vertex  2.510488e+01  2.430324e+01  2.750000e+01
   endloop
 endfacet
 facet normal -1.027091e-01  9.947114e-01  0.000000e+00
   outer loop
     vertex  2.519779e+01  2.431154e+01  2.750000e+01
     vertex  2.519779e+01  2.431154e+01  2.350000e+01
     vertex  2.515139e+01  2.430675e+01  2.350000e+01
   endloop
 endfacet
 facet normal -1.027091e-01  9.947114e-01  0.000000e+00
   outer loop
     vertex  2.519779e+01  2.431154e+01  2.750000e+01
     vertex  2.515139e+01  2.430675e+01  2.350000e+01
     vertex  2.515139e+01  2.430675e+01  2.750000e+01
   endloop
 endfacet
 facet normal -1.299594e-01  9.915193e-01  0.000000e+00
   outer loop
     vertex  2.524403e+01  2.431761e+01  2.750000e+01
     vertex  2.524403e+01  2.431761e+01  2.350000e+01
     vertex  2.519779e+01  2.431154e+01  2.350000e+01
   endloop
 endfacet
 facet normal -1.299594e-01  9.915193e-01  0.000000e+00
   outer loop
     vertex  2.524403e+01  2.431761e+01  2.750000e+01
     vertex  2.519779e+01  2.431154e+01  2.350000e+01
     vertex  2.519779e+01  2.431154e+01  2.750000e+01
   endloop
 endfacet
 facet normal -1.571119e-01  9.875808e-01  0.000000e+00
   outer loop
     vertex  2.529010e+01  2.432493e+01  2.750000e+01
     vertex  2.529010e+01  2.432493e+01  2.350000e+01
     vertex  2.524403e+01  2.431761e+01  2.350000e+01
   endloop
 endfacet
 facet normal -1.571119e-01  9.875808e-01  0.000000e+00
   outer loop
     vertex  2.529010e+01  2.432493e+01  2.750000e+01
     vertex  2.524403e+01  2.431761e+01  2.350000e+01
     vertex  2.524403e+01  2.431761e+01  2.750000e+01
   endloop
 endfacet
 facet normal -1.841461e-01  9.828989e-01  0.000000e+00
   outer loop
     vertex  2.533594e+01  2.433352e+01  2.750000e+01
     vertex  2.533594e+01  2.433352e+01  2.350000e+01
     vertex  2.529010e+01  2.432493e+01  2.350000e+01
   endloop
 endfacet
 facet normal -1.841461e-01  9.828989e-01  0.000000e+00
   outer loop
     vertex  2.533594e+01  2.433352e+01  2.750000e+01
     vertex  2.529010e+01  2.432493e+01  2.350000e+01
     vertex  2.529010e+01  2.432493e+01  2.750000e+01
   endloop
 endfacet
 facet normal -2.110417e-01  9.774771e-01  0.000000e+00
   outer loop
     vertex  2.538153e+01  2.434337e+01  2.750000e+01
     vertex  2.538153e+01  2.434337e+01  2.350000e+01
     vertex  2.533594e+01  2.433352e+01  2.350000e+01
   endloop
 endfacet
 facet normal -2.110417e-01  9.774771e-01  0.000000e+00
   outer loop
     vertex  2.538153e+01  2.434337e+01  2.750000e+01
     vertex  2.533594e+01  2.433352e+01  2.350000e+01
     vertex  2.533594e+01  2.433352e+01  2.750000e+01
   endloop
 endfacet
 facet normal -2.377784e-01  9.713194e-01  0.000000e+00
   outer loop
     vertex  2.542684e+01  2.435446e+01  2.750000e+01
     vertex  2.542684e+01  2.435446e+01  2.350000e+01
     vertex  2.538153e+01  2.434337e+01  2.350000e+01
   endloop
 endfacet
 facet normal -2.643362e-01  9.644306e-01  0.000000e+00
   outer loop
     vertex  2.542684e+01  2.435446e+01  2.750000e+01
     vertex  2.547182e+01  2.436679e+01  2.350000e+01
     vertex  2.542684e+01  2.435446e+01  2.350000e+01
   endloop
 endfacet
 facet normal -2.377784e-01  9.713194e-01  0.000000e+00
   outer loop
     vertex  2.542684e+01  2.435446e+01  2.750000e+01
     vertex  2.538153e+01  2.434337e+01  2.350000e+01
     vertex  2.538153e+01  2.434337e+01  2.750000e+01
   endloop
 endfacet
 facet normal -2.643362e-01  9.644306e-01  0.000000e+00
   outer loop
     vertex  2.547182e+01  2.436679e+01  2.750000e+01
     vertex  2.547182e+01  2.436679e+01  2.350000e+01
     vertex  2.542684e+01  2.435446e+01  2.750000e+01
   endloop
 endfacet
 facet normal -2.906949e-01  9.568158e-01  0.000000e+00
   outer loop
     vertex  2.551645e+01  2.438035e+01  2.750000e+01
     vertex  2.551645e+01  2.438035e+01  2.350000e+01
     vertex  2.547182e+01  2.436679e+01  2.350000e+01
   endloop
 endfacet
 facet normal -2.906949e-01  9.568158e-01  0.000000e+00
   outer loop
     vertex  2.551645e+01  2.438035e+01  2.750000e+01
     vertex  2.547182e+01  2.436679e+01  2.350000e+01
     vertex  2.547182e+01  2.436679e+01  2.750000e+01
   endloop
 endfacet
 facet normal -3.168348e-01  9.484807e-01  0.000000e+00
   outer loop
     vertex  2.556069e+01  2.439512e+01  2.750000e+01
     vertex  2.556069e+01  2.439512e+01  2.350000e+01
     vertex  2.551645e+01  2.438035e+01  2.350000e+01
   endloop
 endfacet
 facet normal -3.168348e-01  9.484807e-01  0.000000e+00
   outer loop
     vertex  2.556069e+01  2.439512e+01  2.750000e+01
     vertex  2.551645e+01  2.438035e+01  2.350000e+01
     vertex  2.551645e+01  2.438035e+01  2.750000e+01
   endloop
 endfacet
 facet normal -3.427362e-01  9.394317e-01  0.000000e+00
   outer loop
     vertex  2.560451e+01  2.441111e+01  2.750000e+01
     vertex  2.560451e+01  2.441111e+01  2.350000e+01
     vertex  2.556069e+01  2.439512e+01  2.350000e+01
   endloop
 endfacet
 facet normal -3.427362e-01  9.394317e-01  0.000000e+00
   outer loop
     vertex  2.560451e+01  2.441111e+01  2.750000e+01
     vertex  2.556069e+01  2.439512e+01  2.350000e+01
     vertex  2.556069e+01  2.439512e+01  2.750000e+01
   endloop
 endfacet
 facet normal -3.683796e-01  9.296754e-01  0.000000e+00
   outer loop
     vertex  2.564787e+01  2.442829e+01  2.750000e+01
     vertex  2.564787e+01  2.442829e+01  2.350000e+01
     vertex  2.560451e+01  2.441111e+01  2.350000e+01
   endloop
 endfacet
 facet normal -3.683796e-01  9.296754e-01  0.000000e+00
   outer loop
     vertex  2.564787e+01  2.442829e+01  2.750000e+01
     vertex  2.560451e+01  2.441111e+01  2.350000e+01
     vertex  2.560451e+01  2.441111e+01  2.750000e+01
   endloop
 endfacet
 facet normal -3.937458e-01  9.192194e-01  0.000000e+00
   outer loop
     vertex  2.569074e+01  2.444666e+01  2.750000e+01
     vertex  2.564787e+01  2.442829e+01  2.350000e+01
     vertex  2.564787e+01  2.442829e+01  2.750000e+01
   endloop
 endfacet
 facet normal -3.937458e-01  9.192194e-01  0.000000e+00
   outer loop
     vertex  2.569074e+01  2.444666e+01  2.750000e+01
     vertex  2.569074e+01  2.444666e+01  2.350000e+01
     vertex  2.564787e+01  2.442829e+01  2.350000e+01
   endloop
 endfacet
 facet normal -4.188155e-01  9.080714e-01  0.000000e+00
   outer loop
     vertex  2.573310e+01  2.446619e+01  2.750000e+01
     vertex  2.569074e+01  2.444666e+01  2.350000e+01
     vertex  2.569074e+01  2.444666e+01  2.750000e+01
   endloop
 endfacet
 facet normal -4.188155e-01  9.080714e-01  0.000000e+00
   outer loop
     vertex  2.573310e+01  2.446619e+01  2.750000e+01
     vertex  2.573310e+01  2.446619e+01  2.350000e+01
     vertex  2.569074e+01  2.444666e+01  2.350000e+01
   endloop
 endfacet
 facet normal -4.435699e-01  8.962398e-01  0.000000e+00
   outer loop
     vertex  2.577490e+01  2.448688e+01  2.750000e+01
     vertex  2.573310e+01  2.446619e+01  2.350000e+01
     vertex  2.573310e+01  2.446619e+01  2.750000e+01
   endloop
 endfacet
 facet normal -4.435699e-01  8.962398e-01  0.000000e+00
   outer loop
     vertex  2.577490e+01  2.448688e+01  2.750000e+01
     vertex  2.577490e+01  2.448688e+01  2.350000e+01
     vertex  2.573310e+01  2.446619e+01  2.350000e+01
   endloop
 endfacet
 facet normal -4.679904e-01  8.837335e-01  0.000000e+00
   outer loop
     vertex  2.581612e+01  2.450871e+01  2.750000e+01
     vertex  2.577490e+01  2.448688e+01  2.350000e+01
     vertex  2.577490e+01  2.448688e+01  2.750000e+01
   endloop
 endfacet
 facet normal -4.679904e-01  8.837335e-01  0.000000e+00
   outer loop
     vertex  2.581612e+01  2.450871e+01  2.750000e+01
     vertex  2.581612e+01  2.450871e+01  2.350000e+01
     vertex  2.577490e+01  2.448688e+01  2.350000e+01
   endloop
 endfacet
 facet normal -4.920587e-01  8.705620e-01  0.000000e+00
   outer loop
     vertex  2.585672e+01  2.453166e+01  2.750000e+01
     vertex  2.585672e+01  2.453166e+01  2.350000e+01
     vertex  2.581612e+01  2.450871e+01  2.350000e+01
   endloop
 endfacet
 facet normal -4.920587e-01  8.705620e-01  0.000000e+00
   outer loop
     vertex  2.585672e+01  2.453166e+01  2.750000e+01
     vertex  2.581612e+01  2.450871e+01  2.350000e+01
     vertex  2.581612e+01  2.450871e+01  2.750000e+01
   endloop
 endfacet
 facet normal -5.157565e-01  8.567352e-01  0.000000e+00
   outer loop
     vertex  2.589668e+01  2.455572e+01  2.750000e+01
     vertex  2.589668e+01  2.455572e+01  2.350000e+01
     vertex  2.585672e+01  2.453166e+01  2.350000e+01
   endloop
 endfacet
 facet normal -5.157565e-01  8.567352e-01  0.000000e+00
   outer loop
     vertex  2.589668e+01  2.455572e+01  2.750000e+01
     vertex  2.585672e+01  2.453166e+01  2.350000e+01
     vertex  2.585672e+01  2.453166e+01  2.750000e+01
   endloop
 endfacet
 facet normal -5.390661e-01  8.422635e-01  0.000000e+00
   outer loop
     vertex  2.593597e+01  2.458086e+01  2.750000e+01
     vertex  2.593597e+01  2.458086e+01  2.350000e+01
     vertex  2.589668e+01  2.455572e+01  2.350000e+01
   endloop
 endfacet
 facet normal -5.390661e-01  8.422635e-01  0.000000e+00
   outer loop
     vertex  2.593597e+01  2.458086e+01  2.750000e+01
     vertex  2.589668e+01  2.455572e+01  2.350000e+01
     vertex  2.589668e+01  2.455572e+01  2.750000e+01
   endloop
 endfacet
 facet normal -5.619699e-01  8.271577e-01  0.000000e+00
   outer loop
     vertex  2.597455e+01  2.460707e+01  2.750000e+01
     vertex  2.597455e+01  2.460707e+01  2.350000e+01
     vertex  2.593597e+01  2.458086e+01  2.350000e+01
   endloop
 endfacet
 facet normal -5.844507e-01  8.114292e-01  0.000000e+00
   outer loop
     vertex  2.597455e+01  2.460707e+01  2.750000e+01
     vertex  2.601240e+01  2.463433e+01  2.350000e+01
     vertex  2.597455e+01  2.460707e+01  2.350000e+01
   endloop
 endfacet
 facet normal -5.619699e-01  8.271577e-01  0.000000e+00
   outer loop
     vertex  2.597455e+01  2.460707e+01  2.750000e+01
     vertex  2.593597e+01  2.458086e+01  2.350000e+01
     vertex  2.593597e+01  2.458086e+01  2.750000e+01
   endloop
 endfacet
 facet normal -5.844507e-01  8.114292e-01  0.000000e+00
   outer loop
     vertex  2.601240e+01  2.463433e+01  2.750000e+01
     vertex  2.601240e+01  2.463433e+01  2.350000e+01
     vertex  2.597455e+01  2.460707e+01  2.750000e+01
   endloop
 endfacet
 facet normal -6.064915e-01  7.950900e-01  0.000000e+00
   outer loop
     vertex  2.604948e+01  2.466262e+01  2.750000e+01
     vertex  2.604948e+01  2.466262e+01  2.350000e+01
     vertex  2.601240e+01  2.463433e+01  2.350000e+01
   endloop
 endfacet
 facet normal -6.064915e-01  7.950900e-01  0.000000e+00
   outer loop
     vertex  2.604948e+01  2.466262e+01  2.750000e+01
     vertex  2.601240e+01  2.463433e+01  2.350000e+01
     vertex  2.601240e+01  2.463433e+01  2.750000e+01
   endloop
 endfacet
 facet normal -6.280757e-01  7.781522e-01  0.000000e+00
   outer loop
     vertex  2.608578e+01  2.469191e+01  2.750000e+01
     vertex  2.608578e+01  2.469191e+01  2.350000e+01
     vertex  2.604948e+01  2.466262e+01  2.350000e+01
   endloop
 endfacet
 facet normal -6.280757e-01  7.781522e-01  0.000000e+00
   outer loop
     vertex  2.608578e+01  2.469191e+01  2.750000e+01
     vertex  2.604948e+01  2.466262e+01  2.350000e+01
     vertex  2.604948e+01  2.466262e+01  2.750000e+01
   endloop
 endfacet
 facet normal -6.491872e-01  7.606287e-01  0.000000e+00
   outer loop
     vertex  2.612125e+01  2.472219e+01  2.750000e+01
     vertex  2.612125e+01  2.472219e+01  2.350000e+01
     vertex  2.608578e+01  2.469191e+01  2.350000e+01
   endloop
 endfacet
 facet normal -6.491872e-01  7.606287e-01  0.000000e+00
   outer loop
     vertex  2.612125e+01  2.472219e+01  2.750000e+01
     vertex  2.608578e+01  2.469191e+01  2.350000e+01
     vertex  2.608578e+01  2.469191e+01  2.750000e+01
   endloop
 endfacet
 facet normal -6.698100e-01  7.425325e-01  0.000000e+00
   outer loop
     vertex  2.615589e+01  2.475343e+01  2.750000e+01
     vertex  2.615589e+01  2.475343e+01  2.350000e+01
     vertex  2.612125e+01  2.472219e+01  2.350000e+01
   endloop
 endfacet
 facet normal -6.698100e-01  7.425325e-01  0.000000e+00
   outer loop
     vertex  2.615589e+01  2.475343e+01  2.750000e+01
     vertex  2.612125e+01  2.472219e+01  2.350000e+01
     vertex  2.612125e+01  2.472219e+01  2.750000e+01
   endloop
 endfacet
 facet normal -6.899286e-01  7.238775e-01  0.000000e+00
   outer loop
     vertex  2.618965e+01  2.478561e+01  2.750000e+01
     vertex  2.618965e+01  2.478561e+01  2.350000e+01
     vertex  2.615589e+01  2.475343e+01  2.350000e+01
   endloop
 endfacet
 facet normal -7.095278e-01  7.046775e-01  0.000000e+00
   outer loop
     vertex  2.618965e+01  2.478561e+01  2.750000e+01
     vertex  2.622252e+01  2.481871e+01  2.350000e+01
     vertex  2.618965e+01  2.478561e+01  2.350000e+01
   endloop
 endfacet
 facet normal -6.899286e-01  7.238775e-01  0.000000e+00
   outer loop
     vertex  2.618965e+01  2.478561e+01  2.750000e+01
     vertex  2.615589e+01  2.475343e+01  2.350000e+01
     vertex  2.615589e+01  2.475343e+01  2.750000e+01
   endloop
 endfacet
 facet normal -7.095278e-01  7.046775e-01  0.000000e+00
   outer loop
     vertex  2.622252e+01  2.481871e+01  2.750000e+01
     vertex  2.622252e+01  2.481871e+01  2.350000e+01
     vertex  2.618965e+01  2.478561e+01  2.750000e+01
   endloop
 endfacet
 facet normal -7.285929e-01  6.849470e-01  0.000000e+00
   outer loop
     vertex  2.625447e+01  2.485269e+01  2.750000e+01
     vertex  2.625447e+01  2.485269e+01  2.350000e+01
     vertex  2.622252e+01  2.481871e+01  2.350000e+01
   endloop
 endfacet
 facet normal -7.471095e-01  6.647010e-01  0.000000e+00
   outer loop
     vertex  2.625447e+01  2.485269e+01  2.750000e+01
     vertex  2.628547e+01  2.488754e+01  2.350000e+01
     vertex  2.625447e+01  2.485269e+01  2.350000e+01
   endloop
 endfacet
 facet normal -7.285929e-01  6.849470e-01  0.000000e+00
   outer loop
     vertex  2.625447e+01  2.485269e+01  2.750000e+01
     vertex  2.622252e+01  2.481871e+01  2.350000e+01
     vertex  2.622252e+01  2.481871e+01  2.750000e+01
   endloop
 endfacet
 facet normal -7.471095e-01  6.647010e-01  0.000000e+00
   outer loop
     vertex  2.628547e+01  2.488754e+01  2.750000e+01
     vertex  2.628547e+01  2.488754e+01  2.350000e+01
     vertex  2.625447e+01  2.485269e+01  2.750000e+01
   endloop
 endfacet
 facet normal -7.650637e-01  6.439545e-01  0.000000e+00
   outer loop
     vertex  2.631550e+01  2.492322e+01  2.750000e+01
     vertex  2.631550e+01  2.492322e+01  2.350000e+01
     vertex  2.628547e+01  2.488754e+01  2.350000e+01
   endloop
 endfacet
 facet normal -7.650637e-01  6.439545e-01  0.000000e+00
   outer loop
     vertex  2.631550e+01  2.492322e+01  2.750000e+01
     vertex  2.628547e+01  2.488754e+01  2.350000e+01
     vertex  2.628547e+01  2.488754e+01  2.750000e+01
   endloop
 endfacet
 facet normal -7.824421e-01  6.227234e-01  0.000000e+00
   outer loop
     vertex  2.634455e+01  2.495972e+01  2.750000e+01
     vertex  2.634455e+01  2.495972e+01  2.350000e+01
     vertex  2.631550e+01  2.492322e+01  2.350000e+01
   endloop
 endfacet
 facet normal -7.824421e-01  6.227234e-01  0.000000e+00
   outer loop
     vertex  2.634455e+01  2.495972e+01  2.750000e+01
     vertex  2.631550e+01  2.492322e+01  2.350000e+01
     vertex  2.631550e+01  2.492322e+01  2.750000e+01
   endloop
 endfacet
 facet normal -7.992314e-01  6.010234e-01  0.000000e+00
   outer loop
     vertex  2.637258e+01  2.499700e+01  2.750000e+01
     vertex  2.637258e+01  2.499700e+01  2.350000e+01
     vertex  2.634455e+01  2.495972e+01  2.350000e+01
   endloop
 endfacet
 facet normal -8.154191e-01  5.788711e-01  0.000000e+00
   outer loop
     vertex  2.637258e+01  2.499700e+01  2.750000e+01
     vertex  2.639958e+01  2.503503e+01  2.350000e+01
     vertex  2.637258e+01  2.499700e+01  2.350000e+01
   endloop
 endfacet
 facet normal -7.992314e-01  6.010234e-01  0.000000e+00
   outer loop
     vertex  2.637258e+01  2.499700e+01  2.750000e+01
     vertex  2.634455e+01  2.495972e+01  2.350000e+01
     vertex  2.634455e+01  2.495972e+01  2.750000e+01
   endloop
 endfacet
 facet normal -8.154191e-01  5.788711e-01  0.000000e+00
   outer loop
     vertex  2.639958e+01  2.503503e+01  2.750000e+01
     vertex  2.639958e+01  2.503503e+01  2.350000e+01
     vertex  2.637258e+01  2.499700e+01  2.750000e+01
   endloop
 endfacet
 facet normal -8.309929e-01  5.562829e-01  0.000000e+00
   outer loop
     vertex  2.642553e+01  2.507379e+01  2.750000e+01
     vertex  2.642553e+01  2.507379e+01  2.350000e+01
     vertex  2.639958e+01  2.503503e+01  2.350000e+01
   endloop
 endfacet
 facet normal -8.309929e-01  5.562829e-01  0.000000e+00
   outer loop
     vertex  2.642553e+01  2.507379e+01  2.750000e+01
     vertex  2.639958e+01  2.503503e+01  2.350000e+01
     vertex  2.639958e+01  2.503503e+01  2.750000e+01
   endloop
 endfacet
 facet normal -8.459413e-01  5.332761e-01  0.000000e+00
   outer loop
     vertex  2.645040e+01  2.511324e+01  2.750000e+01
     vertex  2.645040e+01  2.511324e+01  2.350000e+01
     vertex  2.642553e+01  2.507379e+01  2.350000e+01
   endloop
 endfacet
 facet normal -8.459413e-01  5.332761e-01  0.000000e+00
   outer loop
     vertex  2.645040e+01  2.511324e+01  2.750000e+01
     vertex  2.642553e+01  2.507379e+01  2.350000e+01
     vertex  2.642553e+01  2.507379e+01  2.750000e+01
   endloop
 endfacet
 facet normal -8.602528e-01  5.098678e-01  0.000000e+00
   outer loop
     vertex  2.647418e+01  2.515337e+01  2.750000e+01
     vertex  2.647418e+01  2.515337e+01  2.350000e+01
     vertex  2.645040e+01  2.511324e+01  2.350000e+01
   endloop
 endfacet
 facet normal -8.602528e-01  5.098678e-01  0.000000e+00
   outer loop
     vertex  2.647418e+01  2.515337e+01  2.750000e+01
     vertex  2.645040e+01  2.511324e+01  2.350000e+01
     vertex  2.645040e+01  2.511324e+01  2.750000e+01
   endloop
 endfacet
 facet normal -8.739167e-01  4.860756e-01  0.000000e+00
   outer loop
     vertex  2.649685e+01  2.519413e+01  2.750000e+01
     vertex  2.649685e+01  2.519413e+01  2.350000e+01
     vertex  2.647418e+01  2.515337e+01  2.350000e+01
   endloop
 endfacet
 facet normal -8.739167e-01  4.860756e-01  0.000000e+00
   outer loop
     vertex  2.649685e+01  2.519413e+01  2.750000e+01
     vertex  2.647418e+01  2.515337e+01  2.350000e+01
     vertex  2.647418e+01  2.515337e+01  2.750000e+01
   endloop
 endfacet
 facet normal -8.869228e-01  4.619176e-01  0.000000e+00
   outer loop
     vertex  2.651840e+01  2.523550e+01  2.750000e+01
     vertex  2.649685e+01  2.519413e+01  2.350000e+01
     vertex  2.649685e+01  2.519413e+01  2.750000e+01
   endloop
 endfacet
 facet normal -8.869228e-01  4.619176e-01  0.000000e+00
   outer loop
     vertex  2.651840e+01  2.523550e+01  2.750000e+01
     vertex  2.651840e+01  2.523550e+01  2.350000e+01
     vertex  2.649685e+01  2.519413e+01  2.350000e+01
   endloop
 endfacet
 facet normal -8.992613e-01  4.374119e-01  0.000000e+00
   outer loop
     vertex  2.651840e+01  2.523550e+01  2.750000e+01
     vertex  2.653880e+01  2.527744e+01  2.350000e+01
     vertex  2.651840e+01  2.523550e+01  2.350000e+01
   endloop
 endfacet
 facet normal -8.992613e-01  4.374119e-01  0.000000e+00
   outer loop
     vertex  2.653880e+01  2.527744e+01  2.750000e+01
     vertex  2.653880e+01  2.527744e+01  2.350000e+01
     vertex  2.651840e+01  2.523550e+01  2.750000e+01
   endloop
 endfacet
 facet normal -9.109228e-01  4.125769e-01  0.000000e+00
   outer loop
     vertex  2.655804e+01  2.531993e+01  2.750000e+01
     vertex  2.653880e+01  2.527744e+01  2.350000e+01
     vertex  2.653880e+01  2.527744e+01  2.750000e+01
   endloop
 endfacet
 facet normal -9.109228e-01  4.125769e-01  0.000000e+00
   outer loop
     vertex  2.655804e+01  2.531993e+01  2.750000e+01
     vertex  2.655804e+01  2.531993e+01  2.350000e+01
     vertex  2.653880e+01  2.527744e+01  2.350000e+01
   endloop
 endfacet
 facet normal -9.218986e-01  3.874313e-01  0.000000e+00
   outer loop
     vertex  2.657612e+01  2.536293e+01  2.750000e+01
     vertex  2.655804e+01  2.531993e+01  2.350000e+01
     vertex  2.655804e+01  2.531993e+01  2.750000e+01
   endloop
 endfacet
 facet normal -9.218986e-01  3.874313e-01  0.000000e+00
   outer loop
     vertex  2.657612e+01  2.536293e+01  2.750000e+01
     vertex  2.657612e+01  2.536293e+01  2.350000e+01
     vertex  2.655804e+01  2.531993e+01  2.350000e+01
   endloop
 endfacet
 facet normal -9.321804e-01  3.619940e-01  0.000000e+00
   outer loop
     vertex  2.659300e+01  2.540641e+01  2.750000e+01
     vertex  2.657612e+01  2.536293e+01  2.350000e+01
     vertex  2.657612e+01  2.536293e+01  2.750000e+01
   endloop
 endfacet
 facet normal -9.321804e-01  3.619940e-01  0.000000e+00
   outer loop
     vertex  2.659300e+01  2.540641e+01  2.750000e+01
     vertex  2.659300e+01  2.540641e+01  2.350000e+01
     vertex  2.657612e+01  2.536293e+01  2.350000e+01
   endloop
 endfacet
 facet normal -9.417605e-01  3.362843e-01  0.000000e+00
   outer loop
     vertex  2.660868e+01  2.545033e+01  2.750000e+01
     vertex  2.659300e+01  2.540641e+01  2.350000e+01
     vertex  2.659300e+01  2.540641e+01  2.750000e+01
   endloop
 endfacet
 facet normal -9.417605e-01  3.362843e-01  0.000000e+00
   outer loop
     vertex  2.660868e+01  2.545033e+01  2.750000e+01
     vertex  2.660868e+01  2.545033e+01  2.350000e+01
     vertex  2.659300e+01  2.540641e+01  2.350000e+01
   endloop
 endfacet
 facet normal -9.506317e-01  3.103214e-01  0.000000e+00
   outer loop
     vertex  2.662316e+01  2.549467e+01  2.750000e+01
     vertex  2.660868e+01  2.545033e+01  2.350000e+01
     vertex  2.660868e+01  2.545033e+01  2.750000e+01
   endloop
 endfacet
 facet normal -9.506317e-01  3.103214e-01  0.000000e+00
   outer loop
     vertex  2.662316e+01  2.549467e+01  2.750000e+01
     vertex  2.662316e+01  2.549467e+01  2.350000e+01
     vertex  2.660868e+01  2.545033e+01  2.350000e+01
   endloop
 endfacet
 facet normal -9.587873e-01  2.841250e-01  0.000000e+00
   outer loop
     vertex  2.663641e+01  2.553939e+01  2.750000e+01
     vertex  2.662316e+01  2.549467e+01  2.350000e+01
     vertex  2.662316e+01  2.549467e+01  2.750000e+01
   endloop
 endfacet
 facet normal -9.587873e-01  2.841250e-01  0.000000e+00
   outer loop
     vertex  2.663641e+01  2.553939e+01  2.750000e+01
     vertex  2.663641e+01  2.553939e+01  2.350000e+01
     vertex  2.662316e+01  2.549467e+01  2.350000e+01
   endloop
 endfacet
 facet normal -9.662211e-01  2.577146e-01  0.000000e+00
   outer loop
     vertex  2.664843e+01  2.558446e+01  2.750000e+01
     vertex  2.663641e+01  2.553939e+01  2.350000e+01
     vertex  2.663641e+01  2.553939e+01  2.750000e+01
   endloop
 endfacet
 facet normal -9.662211e-01  2.577146e-01  0.000000e+00
   outer loop
     vertex  2.664843e+01  2.558446e+01  2.750000e+01
     vertex  2.664843e+01  2.558446e+01  2.350000e+01
     vertex  2.663641e+01  2.553939e+01  2.350000e+01
   endloop
 endfacet
 facet normal -9.729276e-01  2.311102e-01  0.000000e+00
   outer loop
     vertex  2.665921e+01  2.562984e+01  2.750000e+01
     vertex  2.664843e+01  2.558446e+01  2.350000e+01
     vertex  2.664843e+01  2.558446e+01  2.750000e+01
   endloop
 endfacet
 facet normal -9.729276e-01  2.311102e-01  0.000000e+00
   outer loop
     vertex  2.665921e+01  2.562984e+01  2.750000e+01
     vertex  2.665921e+01  2.562984e+01  2.350000e+01
     vertex  2.664843e+01  2.558446e+01  2.350000e+01
   endloop
 endfacet
 facet normal -9.789017e-01  2.043319e-01  0.000000e+00
   outer loop
     vertex  2.666874e+01  2.567550e+01  2.750000e+01
     vertex  2.665921e+01  2.562984e+01  2.350000e+01
     vertex  2.665921e+01  2.562984e+01  2.750000e+01
   endloop
 endfacet
 facet normal -9.789017e-01  2.043319e-01  0.000000e+00
   outer loop
     vertex  2.666874e+01  2.567550e+01  2.750000e+01
     vertex  2.666874e+01  2.567550e+01  2.350000e+01
     vertex  2.665921e+01  2.562984e+01  2.350000e+01
   endloop
 endfacet
 facet normal -9.841389e-01  1.773998e-01  0.000000e+00
   outer loop
     vertex  2.667702e+01  2.572140e+01  2.750000e+01
     vertex  2.666874e+01  2.567550e+01  2.350000e+01
     vertex  2.666874e+01  2.567550e+01  2.750000e+01
   endloop
 endfacet
 facet normal -9.841389e-01  1.773998e-01  0.000000e+00
   outer loop
     vertex  2.667702e+01  2.572140e+01  2.750000e+01
     vertex  2.667702e+01  2.572140e+01  2.350000e+01
     vertex  2.666874e+01  2.567550e+01  2.350000e+01
   endloop
 endfacet
 facet normal -9.886353e-01  1.503341e-01  0.000000e+00
   outer loop
     vertex  2.667702e+01  2.572140e+01  2.750000e+01
     vertex  2.668403e+01  2.576751e+01  2.350000e+01
     vertex  2.667702e+01  2.572140e+01  2.350000e+01
   endloop
 endfacet
 facet normal -9.886353e-01  1.503341e-01  0.000000e+00
   outer loop
     vertex  2.668403e+01  2.576751e+01  2.750000e+01
     vertex  2.668403e+01  2.576751e+01  2.350000e+01
     vertex  2.667702e+01  2.572140e+01  2.750000e+01
   endloop
 endfacet
 facet normal -9.923874e-01  1.231552e-01  0.000000e+00
   outer loop
     vertex  2.668977e+01  2.581380e+01  2.750000e+01
     vertex  2.668977e+01  2.581380e+01  2.350000e+01
     vertex  2.668403e+01  2.576751e+01  2.350000e+01
   endloop
 endfacet
 facet normal -9.923874e-01  1.231552e-01  0.000000e+00
   outer loop
     vertex  2.668977e+01  2.581380e+01  2.750000e+01
     vertex  2.668403e+01  2.576751e+01  2.350000e+01
     vertex  2.668403e+01  2.576751e+01  2.750000e+01
   endloop
 endfacet
 facet normal -9.953925e-01  9.588368e-02  0.000000e+00
   outer loop
     vertex  2.669424e+01  2.586023e+01  2.750000e+01
     vertex  2.669424e+01  2.586023e+01  2.350000e+01
     vertex  2.668977e+01  2.581380e+01  2.350000e+01
   endloop
 endfacet
 facet normal -9.953925e-01  9.588368e-02  0.000000e+00
   outer loop
     vertex  2.669424e+01  2.586023e+01  2.750000e+01
     vertex  2.668977e+01  2.581380e+01  2.350000e+01
     vertex  2.668977e+01  2.581380e+01  2.750000e+01
   endloop
 endfacet
 facet normal -9.976484e-01  6.853995e-02  0.000000e+00
   outer loop
     vertex  2.669744e+01  2.590676e+01  2.750000e+01
     vertex  2.669744e+01  2.590676e+01  2.350000e+01
     vertex  2.669424e+01  2.586023e+01  2.350000e+01
   endloop
 endfacet
 facet normal -9.976484e-01  6.853995e-02  0.000000e+00
   outer loop
     vertex  2.669744e+01  2.590676e+01  2.750000e+01
     vertex  2.669424e+01  2.586023e+01  2.350000e+01
     vertex  2.669424e+01  2.586023e+01  2.750000e+01
   endloop
 endfacet
 facet normal -9.991532e-01  4.114462e-02  0.000000e+00
   outer loop
     vertex  2.669936e+01  2.595336e+01  2.750000e+01
     vertex  2.669936e+01  2.595336e+01  2.350000e+01
     vertex  2.669744e+01  2.590676e+01  2.350000e+01
   endloop
 endfacet
 facet normal -9.991532e-01  4.114462e-02  0.000000e+00
   outer loop
     vertex  2.669936e+01  2.595336e+01  2.750000e+01
     vertex  2.669744e+01  2.590676e+01  2.350000e+01
     vertex  2.669744e+01  2.590676e+01  2.750000e+01
   endloop
 endfacet
 facet normal -9.999059e-01  1.371831e-02  0.000000e+00
   outer loop
     vertex  2.670000e+01  2.600000e+01  2.750000e+01
     vertex  2.670000e+01  2.600000e+01  2.350000e+01
     vertex  2.669936e+01  2.595336e+01  2.350000e+01
   endloop
 endfacet
 facet normal -9.999059e-01  1.371831e-02  0.000000e+00
   outer loop
     vertex  2.670000e+01  2.600000e+01  2.750000e+01
     vertex  2.669936e+01  2.595336e+01  2.350000e+01
     vertex  2.669936e+01  2.595336e+01  2.750000e+01
   endloop
 endfacet
 facet normal -9.999059e-01 -1.371831e-02  0.000000e+00
   outer loop
     vertex  2.669936e+01  1.404664e+01  2.750000e+01
     vertex  2.670000e+01  1.400000e+01  2.350000e+01
     vertex  2.670000e+01  1.400000e+01  2.750000e+01
   endloop
 endfacet
 facet normal -9.999059e-01 -1.371831e-02 -0.000000e+00
   outer loop
     vertex  2.669936e+01  1.404664e+01  2.750000e+01
     vertex  2.669936e+01  1.404664e+01  2.350000e+01
     vertex  2.670000e+01  1.400000e+01  2.350000e+01
   endloop
 endfacet
 facet normal -9.991532e-01 -4.114462e-02 -0.000000e+00
   outer loop
     vertex  2.669744e+01  1.409324e+01  2.750000e+01
     vertex  2.669744e+01  1.409324e+01  2.350000e+01
     vertex  2.669936e+01  1.404664e+01  2.350000e+01
   endloop
 endfacet
 facet normal -9.991532e-01 -4.114462e-02  0.000000e+00
   outer loop
     vertex  2.669744e+01  1.409324e+01  2.750000e+01
     vertex  2.669936e+01  1.404664e+01  2.350000e+01
     vertex  2.669936e+01  1.404664e+01  2.750000e+01
   endloop
 endfacet
 facet normal -9.976484e-01 -6.853995e-02 -0.000000e+00
   outer loop
     vertex  2.669424e+01  1.413977e+01  2.750000e+01
     vertex  2.669424e+01  1.413977e+01  2.350000e+01
     vertex  2.669744e+01  1.409324e+01  2.350000e+01
   endloop
 endfacet
 facet normal -9.976484e-01 -6.853995e-02  0.000000e+00
   outer loop
     vertex  2.669424e+01  1.413977e+01  2.750000e+01
     vertex  2.669744e+01  1.409324e+01  2.350000e+01
     vertex  2.669744e+01  1.409324e+01  2.750000e+01
   endloop
 endfacet
 facet normal -9.953925e-01 -9.588368e-02 -0.000000e+00
   outer loop
     vertex  2.668977e+01  1.418620e+01  2.750000e+01
     vertex  2.668977e+01  1.418620e+01  2.350000e+01
     vertex  2.669424e+01  1.413977e+01  2.350000e+01
   endloop
 endfacet
 facet normal -9.953925e-01 -9.588368e-02  0.000000e+00
   outer loop
     vertex  2.668977e+01  1.418620e+01  2.750000e+01
     vertex  2.669424e+01  1.413977e+01  2.350000e+01
     vertex  2.669424e+01  1.413977e+01  2.750000e+01
   endloop
 endfacet
 facet normal -9.923874e-01 -1.231552e-01 -0.000000e+00
   outer loop
     vertex  2.668403e+01  1.423249e+01  2.750000e+01
     vertex  2.668403e+01  1.423249e+01  2.350000e+01
     vertex  2.668977e+01  1.418620e+01  2.350000e+01
   endloop
 endfacet
 facet normal -9.923874e-01 -1.231552e-01  0.000000e+00
   outer loop
     vertex  2.668403e+01  1.423249e+01  2.750000e+01
     vertex  2.668977e+01  1.418620e+01  2.350000e+01
     vertex  2.668977e+01  1.418620e+01  2.750000e+01
   endloop
 endfacet
 facet normal -9.886353e-01 -1.503341e-01 -0.000000e+00
   outer loop
     vertex  2.667702e+01  1.427860e+01  2.750000e+01
     vertex  2.667702e+01  1.427860e+01  2.350000e+01
     vertex  2.668403e+01  1.423249e+01  2.350000e+01
   endloop
 endfacet
 facet normal -9.886353e-01 -1.503341e-01  0.000000e+00
   outer loop
     vertex  2.667702e+01  1.427860e+01  2.750000e+01
     vertex  2.668403e+01  1.423249e+01  2.350000e+01
     vertex  2.668403e+01  1.423249e+01  2.750000e+01
   endloop
 endfacet
 facet normal -9.841389e-01 -1.773998e-01 -0.000000e+00
   outer loop
     vertex  2.666874e+01  1.432450e+01  2.750000e+01
     vertex  2.666874e+01  1.432450e+01  2.350000e+01
     vertex  2.667702e+01  1.427860e+01  2.350000e+01
   endloop
 endfacet
 facet normal -9.841389e-01 -1.773998e-01  0.000000e+00
   outer loop
     vertex  2.666874e+01  1.432450e+01  2.750000e+01
     vertex  2.667702e+01  1.427860e+01  2.350000e+01
     vertex  2.667702e+01  1.427860e+01  2.750000e+01
   endloop
 endfacet
 facet normal -9.789017e-01 -2.043319e-01 -0.000000e+00
   outer loop
     vertex  2.665921e+01  1.437016e+01  2.750000e+01
     vertex  2.665921e+01  1.437016e+01  2.350000e+01
     vertex  2.666874e+01  1.432450e+01  2.350000e+01
   endloop
 endfacet
 facet normal -9.789017e-01 -2.043319e-01  0.000000e+00
   outer loop
     vertex  2.665921e+01  1.437016e+01  2.750000e+01
     vertex  2.666874e+01  1.432450e+01  2.350000e+01
     vertex  2.666874e+01  1.432450e+01  2.750000e+01
   endloop
 endfacet
 facet normal -9.729276e-01 -2.311102e-01 -0.000000e+00
   outer loop
     vertex  2.664843e+01  1.441554e+01  2.750000e+01
     vertex  2.664843e+01  1.441554e+01  2.350000e+01
     vertex  2.665921e+01  1.437016e+01  2.350000e+01
   endloop
 endfacet
 facet normal -9.662211e-01 -2.577146e-01 -0.000000e+00
   outer loop
     vertex  2.664843e+01  1.441554e+01  2.750000e+01
     vertex  2.663641e+01  1.446061e+01  2.350000e+01
     vertex  2.664843e+01  1.441554e+01  2.350000e+01
   endloop
 endfacet
 facet normal -9.729276e-01 -2.311102e-01  0.000000e+00
   outer loop
     vertex  2.664843e+01  1.441554e+01  2.750000e+01
     vertex  2.665921e+01  1.437016e+01  2.350000e+01
     vertex  2.665921e+01  1.437016e+01  2.750000e+01
   endloop
 endfacet
 facet normal -9.662211e-01 -2.577146e-01 -0.000000e+00
   outer loop
     vertex  2.663641e+01  1.446061e+01  2.750000e+01
     vertex  2.663641e+01  1.446061e+01  2.350000e+01
     vertex  2.664843e+01  1.441554e+01  2.750000e+01
   endloop
 endfacet
 facet normal -9.587873e-01 -2.841250e-01  0.000000e+00
   outer loop
     vertex  2.662316e+01  1.450533e+01  2.750000e+01
     vertex  2.663641e+01  1.446061e+01  2.350000e+01
     vertex  2.663641e+01  1.446061e+01  2.750000e+01
   endloop
 endfacet
 facet normal -9.587873e-01 -2.841250e-01 -0.000000e+00
   outer loop
     vertex  2.662316e+01  1.450533e+01  2.750000e+01
     vertex  2.662316e+01  1.450533e+01  2.350000e+01
     vertex  2.663641e+01  1.446061e+01  2.350000e+01
   endloop
 endfacet
 facet normal -9.506317e-01 -3.103214e-01  0.000000e+00
   outer loop
     vertex  2.660868e+01  1.454967e+01  2.750000e+01
     vertex  2.662316e+01  1.450533e+01  2.350000e+01
     vertex  2.662316e+01  1.450533e+01  2.750000e+01
   endloop
 endfacet
 facet normal -9.506317e-01 -3.103214e-01 -0.000000e+00
   outer loop
     vertex  2.660868e+01  1.454967e+01  2.750000e+01
     vertex  2.660868e+01  1.454967e+01  2.350000e+01
     vertex  2.662316e+01  1.450533e+01  2.350000e+01
   endloop
 endfacet
 facet normal -9.417605e-01 -3.362843e-01  0.000000e+00
   outer loop
     vertex  2.659300e+01  1.459359e+01  2.750000e+01
     vertex  2.660868e+01  1.454967e+01  2.350000e+01
     vertex  2.660868e+01  1.454967e+01  2.750000e+01
   endloop
 endfacet
 facet normal -9.417605e-01 -3.362843e-01 -0.000000e+00
   outer loop
     vertex  2.659300e+01  1.459359e+01  2.750000e+01
     vertex  2.659300e+01  1.459359e+01  2.350000e+01
     vertex  2.660868e+01  1.454967e+01  2.350000e+01
   endloop
 endfacet
 facet normal -9.321804e-01 -3.619940e-01  0.000000e+00
   outer loop
     vertex  2.657612e+01  1.463707e+01  2.750000e+01
     vertex  2.659300e+01  1.459359e+01  2.350000e+01
     vertex  2.659300e+01  1.459359e+01  2.750000e+01
   endloop
 endfacet
 facet normal -9.321804e-01 -3.619940e-01 -0.000000e+00
   outer loop
     vertex  2.657612e+01  1.463707e+01  2.750000e+01
     vertex  2.657612e+01  1.463707e+01  2.350000e+01
     vertex  2.659300e+01  1.459359e+01  2.350000e+01
   endloop
 endfacet
 facet normal -9.218986e-01 -3.874313e-01 -0.000000e+00
   outer loop
     vertex  2.657612e+01  1.463707e+01  2.750000e+01
     vertex  2.655804e+01  1.468007e+01  2.350000e+01
     vertex  2.657612e+01  1.463707e+01  2.350000e+01
   endloop
 endfacet
 facet normal -9.218986e-01 -3.874313e-01 -0.000000e+00
   outer loop
     vertex  2.655804e+01  1.468007e+01  2.750000e+01
     vertex  2.655804e+01  1.468007e+01  2.350000e+01
     vertex  2.657612e+01  1.463707e+01  2.750000e+01
   endloop
 endfacet
 facet normal -9.109228e-01 -4.125769e-01 -0.000000e+00
   outer loop
     vertex  2.655804e+01  1.468007e+01  2.750000e+01
     vertex  2.653880e+01  1.472256e+01  2.350000e+01
     vertex  2.655804e+01  1.468007e+01  2.350000e+01
   endloop
 endfacet
 facet normal -9.109228e-01 -4.125769e-01 -0.000000e+00
   outer loop
     vertex  2.653880e+01  1.472256e+01  2.750000e+01
     vertex  2.653880e+01  1.472256e+01  2.350000e+01
     vertex  2.655804e+01  1.468007e+01  2.750000e+01
   endloop
 endfacet
 facet normal -8.992613e-01 -4.374119e-01  0.000000e+00
   outer loop
     vertex  2.651840e+01  1.476450e+01  2.750000e+01
     vertex  2.653880e+01  1.472256e+01  2.350000e+01
     vertex  2.653880e+01  1.472256e+01  2.750000e+01
   endloop
 endfacet
 facet normal -8.992613e-01 -4.374119e-01 -0.000000e+00
   outer loop
     vertex  2.651840e+01  1.476450e+01  2.750000e+01
     vertex  2.651840e+01  1.476450e+01  2.350000e+01
     vertex  2.653880e+01  1.472256e+01  2.350000e+01
   endloop
 endfacet
 facet normal -8.869228e-01 -4.619176e-01  0.000000e+00
   outer loop
     vertex  2.649685e+01  1.480587e+01  2.750000e+01
     vertex  2.651840e+01  1.476450e+01  2.350000e+01
     vertex  2.651840e+01  1.476450e+01  2.750000e+01
   endloop
 endfacet
 facet normal -8.869228e-01 -4.619176e-01 -0.000000e+00
   outer loop
     vertex  2.649685e+01  1.480587e+01  2.750000e+01
     vertex  2.649685e+01  1.480587e+01  2.350000e+01
     vertex  2.651840e+01  1.476450e+01  2.350000e+01
   endloop
 endfacet
 facet normal -8.739167e-01 -4.860756e-01 -0.000000e+00
   outer loop
     vertex  2.649685e+01  1.480587e+01  2.750000e+01
     vertex  2.647418e+01  1.484663e+01  2.350000e+01
     vertex  2.649685e+01  1.480587e+01  2.350000e+01
   endloop
 endfacet
 facet normal -8.739167e-01 -4.860756e-01 -0.000000e+00
   outer loop
     vertex  2.647418e+01  1.484663e+01  2.750000e+01
     vertex  2.647418e+01  1.484663e+01  2.350000e+01
     vertex  2.649685e+01  1.480587e+01  2.750000e+01
   endloop
 endfacet
 facet normal -8.602528e-01 -5.098678e-01  0.000000e+00
   outer loop
     vertex  2.645040e+01  1.488676e+01  2.750000e+01
     vertex  2.647418e+01  1.484663e+01  2.350000e+01
     vertex  2.647418e+01  1.484663e+01  2.750000e+01
   endloop
 endfacet
 facet normal -8.602528e-01 -5.098678e-01 -0.000000e+00
   outer loop
     vertex  2.645040e+01  1.488676e+01  2.750000e+01
     vertex  2.645040e+01  1.488676e+01  2.350000e+01
     vertex  2.647418e+01  1.484663e+01  2.350000e+01
   endloop
 endfacet
 facet normal -8.459413e-01 -5.332761e-01  0.000000e+00
   outer loop
     vertex  2.642553e+01  1.492621e+01  2.750000e+01
     vertex  2.645040e+01  1.488676e+01  2.350000e+01
     vertex  2.645040e+01  1.488676e+01  2.750000e+01
   endloop
 endfacet
 facet normal -8.459413e-01 -5.332761e-01 -0.000000e+00
   outer loop
     vertex  2.642553e+01  1.492621e+01  2.750000e+01
     vertex  2.642553e+01  1.492621e+01  2.350000e+01
     vertex  2.645040e+01  1.488676e+01  2.350000e+01
   endloop
 endfacet
 facet normal -8.309929e-01 -5.562829e-01 -0.000000e+00
   outer loop
     vertex  2.639958e+01  1.496497e+01  2.750000e+01
     vertex  2.639958e+01  1.496497e+01  2.350000e+01
     vertex  2.642553e+01  1.492621e+01  2.350000e+01
   endloop
 endfacet
 facet normal -8.309929e-01 -5.562829e-01  0.000000e+00
   outer loop
     vertex  2.639958e+01  1.496497e+01  2.750000e+01
     vertex  2.642553e+01  1.492621e+01  2.350000e+01
     vertex  2.642553e+01  1.492621e+01  2.750000e+01
   endloop
 endfacet
 facet normal -8.154191e-01 -5.788711e-01 -0.000000e+00
   outer loop
     vertex  2.639958e+01  1.496497e+01  2.750000e+01
     vertex  2.637258e+01  1.500300e+01  2.350000e+01
     vertex  2.639958e+01  1.496497e+01  2.350000e+01
   endloop
 endfacet
 facet normal -8.154191e-01 -5.788711e-01 -0.000000e+00
   outer loop
     vertex  2.637258e+01  1.500300e+01  2.750000e+01
     vertex  2.637258e+01  1.500300e+01  2.350000e+01
     vertex  2.639958e+01  1.496497e+01  2.750000e+01
   endloop
 endfacet
 facet normal -7.992314e-01 -6.010234e-01  0.000000e+00
   outer loop
     vertex  2.634455e+01  1.504028e+01  2.750000e+01
     vertex  2.637258e+01  1.500300e+01  2.350000e+01
     vertex  2.637258e+01  1.500300e+01  2.750000e+01
   endloop
 endfacet
 facet normal -7.992314e-01 -6.010234e-01 -0.000000e+00
   outer loop
     vertex  2.634455e+01  1.504028e+01  2.750000e+01
     vertex  2.634455e+01  1.504028e+01  2.350000e+01
     vertex  2.637258e+01  1.500300e+01  2.350000e+01
   endloop
 endfacet
 facet normal -7.824421e-01 -6.227234e-01 -0.000000e+00
   outer loop
     vertex  2.631550e+01  1.507678e+01  2.750000e+01
     vertex  2.631550e+01  1.507678e+01  2.350000e+01
     vertex  2.634455e+01  1.504028e+01  2.350000e+01
   endloop
 endfacet
 facet normal -7.824421e-01 -6.227234e-01  0.000000e+00
   outer loop
     vertex  2.631550e+01  1.507678e+01  2.750000e+01
     vertex  2.634455e+01  1.504028e+01  2.350000e+01
     vertex  2.634455e+01  1.504028e+01  2.750000e+01
   endloop
 endfacet
 facet normal -7.650637e-01 -6.439545e-01 -0.000000e+00
   outer loop
     vertex  2.628547e+01  1.511246e+01  2.750000e+01
     vertex  2.628547e+01  1.511246e+01  2.350000e+01
     vertex  2.631550e+01  1.507678e+01  2.350000e+01
   endloop
 endfacet
 facet normal -7.650637e-01 -6.439545e-01  0.000000e+00
   outer loop
     vertex  2.628547e+01  1.511246e+01  2.750000e+01
     vertex  2.631550e+01  1.507678e+01  2.350000e+01
     vertex  2.631550e+01  1.507678e+01  2.750000e+01
   endloop
 endfacet
 facet normal -7.471095e-01 -6.647010e-01 -0.000000e+00
   outer loop
     vertex  2.625447e+01  1.514731e+01  2.750000e+01
     vertex  2.625447e+01  1.514731e+01  2.350000e+01
     vertex  2.628547e+01  1.511246e+01  2.350000e+01
   endloop
 endfacet
 facet normal -7.471095e-01 -6.647010e-01  0.000000e+00
   outer loop
     vertex  2.625447e+01  1.514731e+01  2.750000e+01
     vertex  2.628547e+01  1.511246e+01  2.350000e+01
     vertex  2.628547e+01  1.511246e+01  2.750000e+01
   endloop
 endfacet
 facet normal -7.285929e-01 -6.849470e-01 -0.000000e+00
   outer loop
     vertex  2.622252e+01  1.518129e+01  2.750000e+01
     vertex  2.622252e+01  1.518129e+01  2.350000e+01
     vertex  2.625447e+01  1.514731e+01  2.350000e+01
   endloop
 endfacet
 facet normal -7.285929e-01 -6.849470e-01  0.000000e+00
   outer loop
     vertex  2.622252e+01  1.518129e+01  2.750000e+01
     vertex  2.625447e+01  1.514731e+01  2.350000e+01
     vertex  2.625447e+01  1.514731e+01  2.750000e+01
   endloop
 endfacet
 facet normal -7.095278e-01 -7.046775e-01 -0.000000e+00
   outer loop
     vertex  2.618965e+01  1.521439e+01  2.750000e+01
     vertex  2.618965e+01  1.521439e+01  2.350000e+01
     vertex  2.622252e+01  1.518129e+01  2.350000e+01
   endloop
 endfacet
 facet normal -7.095278e-01 -7.046775e-01  0.000000e+00
   outer loop
     vertex  2.618965e+01  1.521439e+01  2.750000e+01
     vertex  2.622252e+01  1.518129e+01  2.350000e+01
     vertex  2.622252e+01  1.518129e+01  2.750000e+01
   endloop
 endfacet
 facet normal -6.899286e-01 -7.238775e-01 -0.000000e+00
   outer loop
     vertex  2.615589e+01  1.524657e+01  2.750000e+01
     vertex  2.615589e+01  1.524657e+01  2.350000e+01
     vertex  2.618965e+01  1.521439e+01  2.350000e+01
   endloop
 endfacet
 facet normal -6.899286e-01 -7.238775e-01  0.000000e+00
   outer loop
     vertex  2.615589e+01  1.524657e+01  2.750000e+01
     vertex  2.618965e+01  1.521439e+01  2.350000e+01
     vertex  2.618965e+01  1.521439e+01  2.750000e+01
   endloop
 endfacet
 facet normal -6.698100e-01 -7.425325e-01 -0.000000e+00
   outer loop
     vertex  2.612125e+01  1.527781e+01  2.750000e+01
     vertex  2.612125e+01  1.527781e+01  2.350000e+01
     vertex  2.615589e+01  1.524657e+01  2.350000e+01
   endloop
 endfacet
 facet normal -6.698100e-01 -7.425325e-01  0.000000e+00
   outer loop
     vertex  2.612125e+01  1.527781e+01  2.750000e+01
     vertex  2.615589e+01  1.524657e+01  2.350000e+01
     vertex  2.615589e+01  1.524657e+01  2.750000e+01
   endloop
 endfacet
 facet normal -6.491872e-01 -7.606287e-01 -0.000000e+00
   outer loop
     vertex  2.608578e+01  1.530809e+01  2.750000e+01
     vertex  2.608578e+01  1.530809e+01  2.350000e+01
     vertex  2.612125e+01  1.527781e+01  2.350000e+01
   endloop
 endfacet
 facet normal -6.491872e-01 -7.606287e-01  0.000000e+00
   outer loop
     vertex  2.608578e+01  1.530809e+01  2.750000e+01
     vertex  2.612125e+01  1.527781e+01  2.350000e+01
     vertex  2.612125e+01  1.527781e+01  2.750000e+01
   endloop
 endfacet
 facet normal -6.280757e-01 -7.781522e-01 -0.000000e+00
   outer loop
     vertex  2.604948e+01  1.533738e+01  2.750000e+01
     vertex  2.604948e+01  1.533738e+01  2.350000e+01
     vertex  2.608578e+01  1.530809e+01  2.350000e+01
   endloop
 endfacet
 facet normal -6.280757e-01 -7.781522e-01  0.000000e+00
   outer loop
     vertex  2.604948e+01  1.533738e+01  2.750000e+01
     vertex  2.608578e+01  1.530809e+01  2.350000e+01
     vertex  2.608578e+01  1.530809e+01  2.750000e+01
   endloop
 endfacet
 facet normal -6.064915e-01 -7.950900e-01 -0.000000e+00
   outer loop
     vertex  2.601240e+01  1.536567e+01  2.750000e+01
     vertex  2.601240e+01  1.536567e+01  2.350000e+01
     vertex  2.604948e+01  1.533738e+01  2.350000e+01
   endloop
 endfacet
 facet normal -5.844507e-01 -8.114292e-01 -0.000000e+00
   outer loop
     vertex  2.601240e+01  1.536567e+01  2.750000e+01
     vertex  2.597455e+01  1.539293e+01  2.350000e+01
     vertex  2.601240e+01  1.536567e+01  2.350000e+01
   endloop
 endfacet
 facet normal -6.064915e-01 -7.950900e-01  0.000000e+00
   outer loop
     vertex  2.601240e+01  1.536567e+01  2.750000e+01
     vertex  2.604948e+01  1.533738e+01  2.350000e+01
     vertex  2.604948e+01  1.533738e+01  2.750000e+01
   endloop
 endfacet
 facet normal -5.844507e-01 -8.114292e-01 -0.000000e+00
   outer loop
     vertex  2.597455e+01  1.539293e+01  2.750000e+01
     vertex  2.597455e+01  1.539293e+01  2.350000e+01
     vertex  2.601240e+01  1.536567e+01  2.750000e+01
   endloop
 endfacet
 facet normal -5.619699e-01 -8.271577e-01  0.000000e+00
   outer loop
     vertex  2.593597e+01  1.541914e+01  2.750000e+01
     vertex  2.597455e+01  1.539293e+01  2.350000e+01
     vertex  2.597455e+01  1.539293e+01  2.750000e+01
   endloop
 endfacet
 facet normal -5.619699e-01 -8.271577e-01 -0.000000e+00
   outer loop
     vertex  2.593597e+01  1.541914e+01  2.750000e+01
     vertex  2.593597e+01  1.541914e+01  2.350000e+01
     vertex  2.597455e+01  1.539293e+01  2.350000e+01
   endloop
 endfacet
 facet normal -5.390661e-01 -8.422635e-01  0.000000e+00
   outer loop
     vertex  2.589668e+01  1.544428e+01  2.750000e+01
     vertex  2.593597e+01  1.541914e+01  2.350000e+01
     vertex  2.593597e+01  1.541914e+01  2.750000e+01
   endloop
 endfacet
 facet normal -5.390661e-01 -8.422635e-01 -0.000000e+00
   outer loop
     vertex  2.589668e+01  1.544428e+01  2.750000e+01
     vertex  2.589668e+01  1.544428e+01  2.350000e+01
     vertex  2.593597e+01  1.541914e+01  2.350000e+01
   endloop
 endfacet
 facet normal -5.157565e-01 -8.567352e-01 -0.000000e+00
   outer loop
     vertex  2.589668e+01  1.544428e+01  2.750000e+01
     vertex  2.585672e+01  1.546834e+01  2.350000e+01
     vertex  2.589668e+01  1.544428e+01  2.350000e+01
   endloop
 endfacet
 facet normal -5.157565e-01 -8.567352e-01 -0.000000e+00
   outer loop
     vertex  2.585672e+01  1.546834e+01  2.750000e+01
     vertex  2.585672e+01  1.546834e+01  2.350000e+01
     vertex  2.589668e+01  1.544428e+01  2.750000e+01
   endloop
 endfacet
 facet normal -4.920587e-01 -8.705620e-01  0.000000e+00
   outer loop
     vertex  2.581612e+01  1.549129e+01  2.750000e+01
     vertex  2.585672e+01  1.546834e+01  2.350000e+01
     vertex  2.585672e+01  1.546834e+01  2.750000e+01
   endloop
 endfacet
 facet normal -4.920587e-01 -8.705620e-01 -0.000000e+00
   outer loop
     vertex  2.581612e+01  1.549129e+01  2.750000e+01
     vertex  2.581612e+01  1.549129e+01  2.350000e+01
     vertex  2.585672e+01  1.546834e+01  2.350000e+01
   endloop
 endfacet
 facet normal -4.679904e-01 -8.837335e-01  0.000000e+00
   outer loop
     vertex  2.577490e+01  1.551312e+01  2.750000e+01
     vertex  2.581612e+01  1.549129e+01  2.350000e+01
     vertex  2.581612e+01  1.549129e+01  2.750000e+01
   endloop
 endfacet
 facet normal -4.679904e-01 -8.837335e-01 -0.000000e+00
   outer loop
     vertex  2.577490e+01  1.551312e+01  2.750000e+01
     vertex  2.577490e+01  1.551312e+01  2.350000e+01
     vertex  2.581612e+01  1.549129e+01  2.350000e+01
   endloop
 endfacet
 facet normal -4.435699e-01 -8.962398e-01  0.000000e+00
   outer loop
     vertex  2.573310e+01  1.553381e+01  2.750000e+01
     vertex  2.577490e+01  1.551312e+01  2.350000e+01
     vertex  2.577490e+01  1.551312e+01  2.750000e+01
   endloop
 endfacet
 facet normal -4.435699e-01 -8.962398e-01 -0.000000e+00
   outer loop
     vertex  2.573310e+01  1.553381e+01  2.750000e+01
     vertex  2.573310e+01  1.553381e+01  2.350000e+01
     vertex  2.577490e+01  1.551312e+01  2.350000e+01
   endloop
 endfacet
 facet normal -4.188155e-01 -9.080714e-01  0.000000e+00
   outer loop
     vertex  2.569074e+01  1.555334e+01  2.750000e+01
     vertex  2.573310e+01  1.553381e+01  2.350000e+01
     vertex  2.573310e+01  1.553381e+01  2.750000e+01
   endloop
 endfacet
 facet normal -4.188155e-01 -9.080714e-01 -0.000000e+00
   outer loop
     vertex  2.569074e+01  1.555334e+01  2.750000e+01
     vertex  2.569074e+01  1.555334e+01  2.350000e+01
     vertex  2.573310e+01  1.553381e+01  2.350000e+01
   endloop
 endfacet
 facet normal -3.937458e-01 -9.192194e-01  0.000000e+00
   outer loop
     vertex  2.564787e+01  1.557171e+01  2.750000e+01
     vertex  2.569074e+01  1.555334e+01  2.350000e+01
     vertex  2.569074e+01  1.555334e+01  2.750000e+01
   endloop
 endfacet
 facet normal -3.937458e-01 -9.192194e-01 -0.000000e+00
   outer loop
     vertex  2.564787e+01  1.557171e+01  2.750000e+01
     vertex  2.564787e+01  1.557171e+01  2.350000e+01
     vertex  2.569074e+01  1.555334e+01  2.350000e+01
   endloop
 endfacet
 facet normal -3.683796e-01 -9.296754e-01  0.000000e+00
   outer loop
     vertex  2.560451e+01  1.558889e+01  2.750000e+01
     vertex  2.564787e+01  1.557171e+01  2.350000e+01
     vertex  2.564787e+01  1.557171e+01  2.750000e+01
   endloop
 endfacet
 facet normal -3.683796e-01 -9.296754e-01 -0.000000e+00
   outer loop
     vertex  2.560451e+01  1.558889e+01  2.750000e+01
     vertex  2.560451e+01  1.558889e+01  2.350000e+01
     vertex  2.564787e+01  1.557171e+01  2.350000e+01
   endloop
 endfacet
 facet normal -3.427362e-01 -9.394317e-01  0.000000e+00
   outer loop
     vertex  2.556069e+01  1.560488e+01  2.750000e+01
     vertex  2.560451e+01  1.558889e+01  2.350000e+01
     vertex  2.560451e+01  1.558889e+01  2.750000e+01
   endloop
 endfacet
 facet normal -3.427362e-01 -9.394317e-01 -0.000000e+00
   outer loop
     vertex  2.556069e+01  1.560488e+01  2.750000e+01
     vertex  2.556069e+01  1.560488e+01  2.350000e+01
     vertex  2.560451e+01  1.558889e+01  2.350000e+01
   endloop
 endfacet
 facet normal -3.168348e-01 -9.484807e-01 -0.000000e+00
   outer loop
     vertex  2.556069e+01  1.560488e+01  2.750000e+01
     vertex  2.551645e+01  1.561965e+01  2.350000e+01
     vertex  2.556069e+01  1.560488e+01  2.350000e+01
   endloop
 endfacet
 facet normal -3.168348e-01 -9.484807e-01 -0.000000e+00
   outer loop
     vertex  2.551645e+01  1.561965e+01  2.750000e+01
     vertex  2.551645e+01  1.561965e+01  2.350000e+01
     vertex  2.556069e+01  1.560488e+01  2.750000e+01
   endloop
 endfacet
 facet normal -2.906949e-01 -9.568158e-01  0.000000e+00
   outer loop
     vertex  2.547182e+01  1.563321e+01  2.750000e+01
     vertex  2.551645e+01  1.561965e+01  2.350000e+01
     vertex  2.551645e+01  1.561965e+01  2.750000e+01
   endloop
 endfacet
 facet normal -2.906949e-01 -9.568158e-01 -0.000000e+00
   outer loop
     vertex  2.547182e+01  1.563321e+01  2.750000e+01
     vertex  2.547182e+01  1.563321e+01  2.350000e+01
     vertex  2.551645e+01  1.561965e+01  2.350000e+01
   endloop
 endfacet
 facet normal -2.643362e-01 -9.644306e-01  0.000000e+00
   outer loop
     vertex  2.542684e+01  1.564554e+01  2.750000e+01
     vertex  2.547182e+01  1.563321e+01  2.350000e+01
     vertex  2.547182e+01  1.563321e+01  2.750000e+01
   endloop
 endfacet
 facet normal -2.643362e-01 -9.644306e-01 -0.000000e+00
   outer loop
     vertex  2.542684e+01  1.564554e+01  2.750000e+01
     vertex  2.542684e+01  1.564554e+01  2.350000e+01
     vertex  2.547182e+01  1.563321e+01  2.350000e+01
   endloop
 endfacet
 facet normal -2.377784e-01 -9.713194e-01 -0.000000e+00
   outer loop
     vertex  2.542684e+01  1.564554e+01  2.750000e+01
     vertex  2.538153e+01  1.565663e+01  2.350000e+01
     vertex  2.542684e+01  1.564554e+01  2.350000e+01
   endloop
 endfacet
 facet normal -2.377784e-01 -9.713194e-01 -0.000000e+00
   outer loop
     vertex  2.538153e+01  1.565663e+01  2.750000e+01
     vertex  2.538153e+01  1.565663e+01  2.350000e+01
     vertex  2.542684e+01  1.564554e+01  2.750000e+01
   endloop
 endfacet
 facet normal -2.110417e-01 -9.774771e-01 -0.000000e+00
   outer loop
     vertex  2.538153e+01  1.565663e+01  2.750000e+01
     vertex  2.533594e+01  1.566648e+01  2.350000e+01
     vertex  2.538153e+01  1.565663e+01  2.350000e+01
   endloop
 endfacet
 facet normal -2.110417e-01 -9.774771e-01 -0.000000e+00
   outer loop
     vertex  2.533594e+01  1.566648e+01  2.750000e+01
     vertex  2.533594e+01  1.566648e+01  2.350000e+01
     vertex  2.538153e+01  1.565663e+01  2.750000e+01
   endloop
 endfacet
 facet normal -1.841461e-01 -9.828989e-01  0.000000e+00
   outer loop
     vertex  2.529010e+01  1.567507e+01  2.750000e+01
     vertex  2.533594e+01  1.566648e+01  2.350000e+01
     vertex  2.533594e+01  1.566648e+01  2.750000e+01
   endloop
 endfacet
 facet normal -1.841461e-01 -9.828989e-01 -0.000000e+00
   outer loop
     vertex  2.529010e+01  1.567507e+01  2.750000e+01
     vertex  2.529010e+01  1.567507e+01  2.350000e+01
     vertex  2.533594e+01  1.566648e+01  2.350000e+01
   endloop
 endfacet
 facet normal -1.571119e-01 -9.875808e-01  0.000000e+00
   outer loop
     vertex  2.524403e+01  1.568239e+01  2.750000e+01
     vertex  2.529010e+01  1.567507e+01  2.350000e+01
     vertex  2.529010e+01  1.567507e+01  2.750000e+01
   endloop
 endfacet
 facet normal -1.571119e-01 -9.875808e-01 -0.000000e+00
   outer loop
     vertex  2.524403e+01  1.568239e+01  2.750000e+01
     vertex  2.524403e+01  1.568239e+01  2.350000e+01
     vertex  2.529010e+01  1.567507e+01  2.350000e+01
   endloop
 endfacet
 facet normal -1.299594e-01 -9.915193e-01  0.000000e+00
   outer loop
     vertex  2.519779e+01  1.568846e+01  2.750000e+01
     vertex  2.524403e+01  1.568239e+01  2.350000e+01
     vertex  2.524403e+01  1.568239e+01  2.750000e+01
   endloop
 endfacet
 facet normal -1.299594e-01 -9.915193e-01 -0.000000e+00
   outer loop
     vertex  2.519779e+01  1.568846e+01  2.750000e+01
     vertex  2.519779e+01  1.568846e+01  2.350000e+01
     vertex  2.524403e+01  1.568239e+01  2.350000e+01
   endloop
 endfacet
 facet normal -1.027091e-01 -9.947114e-01  0.000000e+00
   outer loop
     vertex  2.515139e+01  1.569325e+01  2.750000e+01
     vertex  2.519779e+01  1.568846e+01  2.350000e+01
     vertex  2.519779e+01  1.568846e+01  2.750000e+01
   endloop
 endfacet
 facet normal -1.027091e-01 -9.947114e-01 -0.000000e+00
   outer loop
     vertex  2.515139e+01  1.569325e+01  2.750000e+01
     vertex  2.515139e+01  1.569325e+01  2.350000e+01
     vertex  2.519779e+01  1.568846e+01  2.350000e+01
   endloop
 endfacet
 facet normal -7.538152e-02 -9.971548e-01 -0.000000e+00
   outer loop
     vertex  2.515139e+01  1.569325e+01  2.750000e+01
     vertex  2.510488e+01  1.569676e+01  2.350000e+01
     vertex  2.515139e+01  1.569325e+01  2.350000e+01
   endloop
 endfacet
 facet normal -7.538152e-02 -9.971548e-01 -0.000000e+00
   outer loop
     vertex  2.510488e+01  1.569676e+01  2.750000e+01
     vertex  2.510488e+01  1.569676e+01  2.350000e+01
     vertex  2.515139e+01  1.569325e+01  2.750000e+01
   endloop
 endfacet
 facet normal -4.799716e-02 -9.988475e-01  0.000000e+00
   outer loop
     vertex  2.505829e+01  1.569900e+01  2.750000e+01
     vertex  2.510488e+01  1.569676e+01  2.350000e+01
     vertex  2.510488e+01  1.569676e+01  2.750000e+01
   endloop
 endfacet
 facet normal -4.799716e-02 -9.988475e-01 -0.000000e+00
   outer loop
     vertex  2.505829e+01  1.569900e+01  2.750000e+01
     vertex  2.505829e+01  1.569900e+01  2.350000e+01
     vertex  2.510488e+01  1.569676e+01  2.350000e+01
   endloop
 endfacet
 facet normal -2.057667e-02 -9.997883e-01 -0.000000e+00
   outer loop
     vertex  2.501166e+01  1.569996e+01  2.750000e+01
     vertex  2.501166e+01  1.569996e+01  2.350000e+01
     vertex  2.505829e+01  1.569900e+01  2.350000e+01
   endloop
 endfacet
 facet normal -2.057667e-02 -9.997883e-01  0.000000e+00
   outer loop
     vertex  2.501166e+01  1.569996e+01  2.750000e+01
     vertex  2.505829e+01  1.569900e+01  2.350000e+01
     vertex  2.505829e+01  1.569900e+01  2.750000e+01
   endloop
 endfacet
 facet normal  6.859319e-03 -9.999765e-01  0.000000e+00
   outer loop
     vertex  2.501166e+01  1.569996e+01  2.750000e+01
     vertex  2.496502e+01  1.569964e+01  2.350000e+01
     vertex  2.501166e+01  1.569996e+01  2.350000e+01
   endloop
 endfacet
 facet normal  6.859319e-03 -9.999765e-01  0.000000e+00
   outer loop
     vertex  2.496502e+01  1.569964e+01  2.750000e+01
     vertex  2.496502e+01  1.569964e+01  2.350000e+01
     vertex  2.501166e+01  1.569996e+01  2.750000e+01
   endloop
 endfacet
 facet normal  3.429014e-02 -9.994119e-01  0.000000e+00
   outer loop
     vertex  2.491840e+01  1.569804e+01  2.750000e+01
     vertex  2.491840e+01  1.569804e+01  2.350000e+01
     vertex  2.496502e+01  1.569964e+01  2.350000e+01
   endloop
 endfacet
 facet normal  6.169515e-02 -9.980950e-01  0.000000e+00
   outer loop
     vertex  2.491840e+01  1.569804e+01  2.750000e+01
     vertex  2.487185e+01  1.569516e+01  2.350000e+01
     vertex  2.491840e+01  1.569804e+01  2.350000e+01
   endloop
 endfacet
 facet normal  3.429014e-02 -9.994119e-01  0.000000e+00
   outer loop
     vertex  2.491840e+01  1.569804e+01  2.750000e+01
     vertex  2.496502e+01  1.569964e+01  2.350000e+01
     vertex  2.496502e+01  1.569964e+01  2.750000e+01
   endloop
 endfacet
 facet normal  8.905371e-02 -9.960268e-01  0.000000e+00
   outer loop
     vertex  2.487185e+01  1.569516e+01  2.750000e+01
     vertex  2.482539e+01  1.569101e+01  2.350000e+01
     vertex  2.487185e+01  1.569516e+01  2.350000e+01
   endloop
 endfacet
 facet normal  6.169515e-02 -9.980950e-01  0.000000e+00
   outer loop
     vertex  2.487185e+01  1.569516e+01  2.750000e+01
     vertex  2.487185e+01  1.569516e+01  2.350000e+01
     vertex  2.491840e+01  1.569804e+01  2.750000e+01
   endloop
 endfacet
 facet normal  8.905371e-02 -9.960268e-01  0.000000e+00
   outer loop
     vertex  2.482539e+01  1.569101e+01  2.750000e+01
     vertex  2.482539e+01  1.569101e+01  2.350000e+01
     vertex  2.487185e+01  1.569516e+01  2.750000e+01
   endloop
 endfacet
 facet normal  1.163452e-01 -9.932088e-01  0.000000e+00
   outer loop
     vertex  2.477907e+01  1.568558e+01  2.750000e+01
     vertex  2.482539e+01  1.569101e+01  2.350000e+01
     vertex  2.482539e+01  1.569101e+01  2.750000e+01
   endloop
 endfacet
 facet normal  1.163452e-01 -9.932088e-01  0.000000e+00
   outer loop
     vertex  2.477907e+01  1.568558e+01  2.750000e+01
     vertex  2.477907e+01  1.568558e+01  2.350000e+01
     vertex  2.482539e+01  1.569101e+01  2.350000e+01
   endloop
 endfacet
 facet normal  1.435492e-01 -9.896432e-01  0.000000e+00
   outer loop
     vertex  2.477907e+01  1.568558e+01  2.750000e+01
     vertex  2.473291e+01  1.567889e+01  2.350000e+01
     vertex  2.477907e+01  1.568558e+01  2.350000e+01
   endloop
 endfacet
 facet normal  1.435492e-01 -9.896432e-01  0.000000e+00
   outer loop
     vertex  2.473291e+01  1.567889e+01  2.750000e+01
     vertex  2.473291e+01  1.567889e+01  2.350000e+01
     vertex  2.477907e+01  1.568558e+01  2.750000e+01
   endloop
 endfacet
 facet normal  1.706451e-01 -9.853326e-01  0.000000e+00
   outer loop
     vertex  2.468695e+01  1.567093e+01  2.750000e+01
     vertex  2.473291e+01  1.567889e+01  2.350000e+01
     vertex  2.473291e+01  1.567889e+01  2.750000e+01
   endloop
 endfacet
 facet normal  1.706451e-01 -9.853326e-01  0.000000e+00
   outer loop
     vertex  2.468695e+01  1.567093e+01  2.750000e+01
     vertex  2.468695e+01  1.567093e+01  2.350000e+01
     vertex  2.473291e+01  1.567889e+01  2.350000e+01
   endloop
 endfacet
 facet normal  1.976125e-01 -9.802802e-01  0.000000e+00
   outer loop
     vertex  2.468695e+01  1.567093e+01  2.750000e+01
     vertex  2.464123e+01  1.566171e+01  2.350000e+01
     vertex  2.468695e+01  1.567093e+01  2.350000e+01
   endloop
 endfacet
 facet normal  1.976125e-01 -9.802802e-01  0.000000e+00
   outer loop
     vertex  2.464123e+01  1.566171e+01  2.750000e+01
     vertex  2.464123e+01  1.566171e+01  2.350000e+01
     vertex  2.468695e+01  1.567093e+01  2.750000e+01
   endloop
 endfacet
 facet normal  2.244312e-01 -9.744899e-01  0.000000e+00
   outer loop
     vertex  2.459578e+01  1.565124e+01  2.750000e+01
     vertex  2.464123e+01  1.566171e+01  2.350000e+01
     vertex  2.464123e+01  1.566171e+01  2.750000e+01
   endloop
 endfacet
 facet normal  2.244312e-01 -9.744899e-01  0.000000e+00
   outer loop
     vertex  2.459578e+01  1.565124e+01  2.750000e+01
     vertex  2.459578e+01  1.565124e+01  2.350000e+01
     vertex  2.464123e+01  1.566171e+01  2.350000e+01
   endloop
 endfacet
 facet normal  2.510809e-01 -9.679661e-01  0.000000e+00
   outer loop
     vertex  2.459578e+01  1.565124e+01  2.750000e+01
     vertex  2.455063e+01  1.563953e+01  2.350000e+01
     vertex  2.459578e+01  1.565124e+01  2.350000e+01
   endloop
 endfacet
 facet normal  2.510809e-01 -9.679661e-01  0.000000e+00
   outer loop
     vertex  2.455063e+01  1.563953e+01  2.750000e+01
     vertex  2.455063e+01  1.563953e+01  2.350000e+01
     vertex  2.459578e+01  1.565124e+01  2.750000e+01
   endloop
 endfacet
 facet normal  2.775416e-01 -9.607136e-01  0.000000e+00
   outer loop
     vertex  2.450582e+01  1.562659e+01  2.750000e+01
     vertex  2.455063e+01  1.563953e+01  2.350000e+01
     vertex  2.455063e+01  1.563953e+01  2.750000e+01
   endloop
 endfacet
 facet normal  2.775416e-01 -9.607136e-01  0.000000e+00
   outer loop
     vertex  2.450582e+01  1.562659e+01  2.750000e+01
     vertex  2.450582e+01  1.562659e+01  2.350000e+01
     vertex  2.455063e+01  1.563953e+01  2.350000e+01
   endloop
 endfacet
 facet normal  3.037934e-01 -9.527379e-01  0.000000e+00
   outer loop
     vertex  2.446138e+01  1.561242e+01  2.750000e+01
     vertex  2.450582e+01  1.562659e+01  2.350000e+01
     vertex  2.450582e+01  1.562659e+01  2.750000e+01
   endloop
 endfacet
 facet normal  3.037934e-01 -9.527379e-01  0.000000e+00
   outer loop
     vertex  2.446138e+01  1.561242e+01  2.750000e+01
     vertex  2.446138e+01  1.561242e+01  2.350000e+01
     vertex  2.450582e+01  1.562659e+01  2.350000e+01
   endloop
 endfacet
 facet normal  3.298166e-01 -9.440450e-01  0.000000e+00
   outer loop
     vertex  2.446138e+01  1.561242e+01  2.750000e+01
     vertex  2.441735e+01  1.559703e+01  2.350000e+01
     vertex  2.446138e+01  1.561242e+01  2.350000e+01
   endloop
 endfacet
 facet normal  3.298166e-01 -9.440450e-01  0.000000e+00
   outer loop
     vertex  2.441735e+01  1.559703e+01  2.750000e+01
     vertex  2.441735e+01  1.559703e+01  2.350000e+01
     vertex  2.446138e+01  1.561242e+01  2.750000e+01
   endloop
 endfacet
 facet normal  3.555914e-01 -9.346415e-01  0.000000e+00
   outer loop
     vertex  2.437375e+01  1.558045e+01  2.750000e+01
     vertex  2.441735e+01  1.559703e+01  2.350000e+01
     vertex  2.441735e+01  1.559703e+01  2.750000e+01
   endloop
 endfacet
 facet normal  3.555914e-01 -9.346415e-01  0.000000e+00
   outer loop
     vertex  2.437375e+01  1.558045e+01  2.750000e+01
     vertex  2.437375e+01  1.558045e+01  2.350000e+01
     vertex  2.441735e+01  1.559703e+01  2.350000e+01
   endloop
 endfacet
 facet normal  3.810986e-01 -9.245344e-01  0.000000e+00
   outer loop
     vertex  2.433063e+01  1.556267e+01  2.750000e+01
     vertex  2.437375e+01  1.558045e+01  2.350000e+01
     vertex  2.437375e+01  1.558045e+01  2.750000e+01
   endloop
 endfacet
 facet normal  3.810986e-01 -9.245344e-01  0.000000e+00
   outer loop
     vertex  2.433063e+01  1.556267e+01  2.750000e+01
     vertex  2.433063e+01  1.556267e+01  2.350000e+01
     vertex  2.437375e+01  1.558045e+01  2.350000e+01
   endloop
 endfacet
 facet normal  4.063188e-01 -9.137314e-01  0.000000e+00
   outer loop
     vertex  2.428801e+01  1.554372e+01  2.750000e+01
     vertex  2.428801e+01  1.554372e+01  2.350000e+01
     vertex  2.433063e+01  1.556267e+01  2.350000e+01
   endloop
 endfacet
 facet normal  4.063188e-01 -9.137314e-01  0.000000e+00
   outer loop
     vertex  2.428801e+01  1.554372e+01  2.750000e+01
     vertex  2.433063e+01  1.556267e+01  2.350000e+01
     vertex  2.433063e+01  1.556267e+01  2.750000e+01
   endloop
 endfacet
 facet normal  4.312333e-01 -9.022405e-01  0.000000e+00
   outer loop
     vertex  2.424593e+01  1.552361e+01  2.750000e+01
     vertex  2.424593e+01  1.552361e+01  2.350000e+01
     vertex  2.428801e+01  1.554372e+01  2.350000e+01
   endloop
 endfacet
 facet normal  4.312333e-01 -9.022405e-01  0.000000e+00
   outer loop
     vertex  2.424593e+01  1.552361e+01  2.750000e+01
     vertex  2.428801e+01  1.554372e+01  2.350000e+01
     vertex  2.428801e+01  1.554372e+01  2.750000e+01
   endloop
 endfacet
 facet normal  4.558231e-01 -8.900704e-01  0.000000e+00
   outer loop
     vertex  2.420442e+01  1.550235e+01  2.750000e+01
     vertex  2.420442e+01  1.550235e+01  2.350000e+01
     vertex  2.424593e+01  1.552361e+01  2.350000e+01
   endloop
 endfacet
 facet normal  4.800697e-01 -8.772303e-01  0.000000e+00
   outer loop
     vertex  2.420442e+01  1.550235e+01  2.750000e+01
     vertex  2.416350e+01  1.547996e+01  2.350000e+01
     vertex  2.420442e+01  1.550235e+01  2.350000e+01
   endloop
 endfacet
 facet normal  4.558231e-01 -8.900704e-01  0.000000e+00
   outer loop
     vertex  2.420442e+01  1.550235e+01  2.750000e+01
     vertex  2.424593e+01  1.552361e+01  2.350000e+01
     vertex  2.424593e+01  1.552361e+01  2.750000e+01
   endloop
 endfacet
 facet normal  5.039550e-01 -8.637299e-01  0.000000e+00
   outer loop
     vertex  2.416350e+01  1.547996e+01  2.750000e+01
     vertex  2.412321e+01  1.545645e+01  2.350000e+01
     vertex  2.416350e+01  1.547996e+01  2.350000e+01
   endloop
 endfacet
 facet normal  4.800697e-01 -8.772303e-01  0.000000e+00
   outer loop
     vertex  2.416350e+01  1.547996e+01  2.750000e+01
     vertex  2.416350e+01  1.547996e+01  2.350000e+01
     vertex  2.420442e+01  1.550235e+01  2.750000e+01
   endloop
 endfacet
 facet normal  5.274609e-01 -8.495793e-01  0.000000e+00
   outer loop
     vertex  2.412321e+01  1.545645e+01  2.750000e+01
     vertex  2.408359e+01  1.543185e+01  2.350000e+01
     vertex  2.412321e+01  1.545645e+01  2.350000e+01
   endloop
 endfacet
 facet normal  5.039550e-01 -8.637299e-01  0.000000e+00
   outer loop
     vertex  2.412321e+01  1.545645e+01  2.750000e+01
     vertex  2.412321e+01  1.545645e+01  2.350000e+01
     vertex  2.416350e+01  1.547996e+01  2.750000e+01
   endloop
 endfacet
 facet normal  5.274609e-01 -8.495793e-01  0.000000e+00
   outer loop
     vertex  2.408359e+01  1.543185e+01  2.750000e+01
     vertex  2.408359e+01  1.543185e+01  2.350000e+01
     vertex  2.412321e+01  1.545645e+01  2.750000e+01
   endloop
 endfacet
 facet normal  5.505698e-01 -8.347891e-01  0.000000e+00
   outer loop
     vertex  2.404465e+01  1.540617e+01  2.750000e+01
     vertex  2.404465e+01  1.540617e+01  2.350000e+01
     vertex  2.408359e+01  1.543185e+01  2.350000e+01
   endloop
 endfacet
 facet normal  5.505698e-01 -8.347891e-01  0.000000e+00
   outer loop
     vertex  2.404465e+01  1.540617e+01  2.750000e+01
     vertex  2.408359e+01  1.543185e+01  2.350000e+01
     vertex  2.408359e+01  1.543185e+01  2.750000e+01
   endloop
 endfacet
 facet normal  5.732642e-01 -8.193706e-01  0.000000e+00
   outer loop
     vertex  2.400643e+01  1.537943e+01  2.750000e+01
     vertex  2.400643e+01  1.537943e+01  2.350000e+01
     vertex  2.404465e+01  1.540617e+01  2.350000e+01
   endloop
 endfacet
 facet normal  5.955271e-01 -8.033352e-01  0.000000e+00
   outer loop
     vertex  2.400643e+01  1.537943e+01  2.750000e+01
     vertex  2.396896e+01  1.535165e+01  2.350000e+01
     vertex  2.400643e+01  1.537943e+01  2.350000e+01
   endloop
 endfacet
 facet normal  5.732642e-01 -8.193706e-01  0.000000e+00
   outer loop
     vertex  2.400643e+01  1.537943e+01  2.750000e+01
     vertex  2.404465e+01  1.540617e+01  2.350000e+01
     vertex  2.404465e+01  1.540617e+01  2.750000e+01
   endloop
 endfacet
 facet normal  5.955271e-01 -8.033352e-01  0.000000e+00
   outer loop
     vertex  2.396896e+01  1.535165e+01  2.750000e+01
     vertex  2.396896e+01  1.535165e+01  2.350000e+01
     vertex  2.400643e+01  1.537943e+01  2.750000e+01
   endloop
 endfacet
 facet normal  6.173417e-01 -7.866951e-01  0.000000e+00
   outer loop
     vertex  2.393227e+01  1.532286e+01  2.750000e+01
     vertex  2.393227e+01  1.532286e+01  2.350000e+01
     vertex  2.396896e+01  1.535165e+01  2.350000e+01
   endloop
 endfacet
 facet normal  6.386916e-01 -7.694628e-01  0.000000e+00
   outer loop
     vertex  2.393227e+01  1.532286e+01  2.750000e+01
     vertex  2.389638e+01  1.529307e+01  2.350000e+01
     vertex  2.393227e+01  1.532286e+01  2.350000e+01
   endloop
 endfacet
 facet normal  6.173417e-01 -7.866951e-01  0.000000e+00
   outer loop
     vertex  2.393227e+01  1.532286e+01  2.750000e+01
     vertex  2.396896e+01  1.535165e+01  2.350000e+01
     vertex  2.396896e+01  1.535165e+01  2.750000e+01
   endloop
 endfacet
 facet normal  6.386916e-01 -7.694628e-01  0.000000e+00
   outer loop
     vertex  2.389638e+01  1.529307e+01  2.750000e+01
     vertex  2.389638e+01  1.529307e+01  2.350000e+01
     vertex  2.393227e+01  1.532286e+01  2.750000e+01
   endloop
 endfacet
 facet normal  6.595607e-01 -7.516513e-01  0.000000e+00
   outer loop
     vertex  2.386132e+01  1.526231e+01  2.750000e+01
     vertex  2.386132e+01  1.526231e+01  2.350000e+01
     vertex  2.389638e+01  1.529307e+01  2.350000e+01
   endloop
 endfacet
 facet normal  6.595607e-01 -7.516513e-01  0.000000e+00
   outer loop
     vertex  2.386132e+01  1.526231e+01  2.750000e+01
     vertex  2.389638e+01  1.529307e+01  2.350000e+01
     vertex  2.389638e+01  1.529307e+01  2.750000e+01
   endloop
 endfacet
 facet normal  6.799333e-01 -7.332740e-01  0.000000e+00
   outer loop
     vertex  2.382712e+01  1.523059e+01  2.750000e+01
     vertex  2.382712e+01  1.523059e+01  2.350000e+01
     vertex  2.386132e+01  1.526231e+01  2.350000e+01
   endloop
 endfacet
 facet normal  6.997940e-01 -7.143447e-01  0.000000e+00
   outer loop
     vertex  2.382712e+01  1.523059e+01  2.750000e+01
     vertex  2.379380e+01  1.519795e+01  2.350000e+01
     vertex  2.382712e+01  1.523059e+01  2.350000e+01
   endloop
 endfacet
 facet normal  6.799333e-01 -7.332740e-01  0.000000e+00
   outer loop
     vertex  2.382712e+01  1.523059e+01  2.750000e+01
     vertex  2.386132e+01  1.526231e+01  2.350000e+01
     vertex  2.386132e+01  1.526231e+01  2.750000e+01
   endloop
 endfacet
 facet normal  6.997940e-01 -7.143447e-01  0.000000e+00
   outer loop
     vertex  2.379380e+01  1.519795e+01  2.750000e+01
     vertex  2.379380e+01  1.519795e+01  2.350000e+01
     vertex  2.382712e+01  1.523059e+01  2.750000e+01
   endloop
 endfacet
 facet normal  7.191280e-01 -6.948776e-01  0.000000e+00
   outer loop
     vertex  2.379380e+01  1.519795e+01  2.750000e+01
     vertex  2.376139e+01  1.516441e+01  2.350000e+01
     vertex  2.379380e+01  1.519795e+01  2.350000e+01
   endloop
 endfacet
 facet normal  7.191280e-01 -6.948776e-01  0.000000e+00
   outer loop
     vertex  2.376139e+01  1.516441e+01  2.750000e+01
     vertex  2.376139e+01  1.516441e+01  2.350000e+01
     vertex  2.379380e+01  1.519795e+01  2.750000e+01
   endloop
 endfacet
 facet normal  7.379206e-01 -6.748875e-01  0.000000e+00
   outer loop
     vertex  2.376139e+01  1.516441e+01  2.750000e+01
     vertex  2.372991e+01  1.512999e+01  2.350000e+01
     vertex  2.376139e+01  1.516441e+01  2.350000e+01
   endloop
 endfacet
 facet normal  7.379206e-01 -6.748875e-01  0.000000e+00
   outer loop
     vertex  2.372991e+01  1.512999e+01  2.750000e+01
     vertex  2.372991e+01  1.512999e+01  2.350000e+01
     vertex  2.376139e+01  1.516441e+01  2.750000e+01
   endloop
 endfacet
 facet normal  7.561578e-01 -6.543893e-01  0.000000e+00
   outer loop
     vertex  2.369939e+01  1.509472e+01  2.750000e+01
     vertex  2.372991e+01  1.512999e+01  2.350000e+01
     vertex  2.372991e+01  1.512999e+01  2.750000e+01
   endloop
 endfacet
 facet normal  7.561578e-01 -6.543893e-01  0.000000e+00
   outer loop
     vertex  2.369939e+01  1.509472e+01  2.750000e+01
     vertex  2.369939e+01  1.509472e+01  2.350000e+01
     vertex  2.372991e+01  1.512999e+01  2.350000e+01
   endloop
 endfacet
 facet normal  7.738257e-01 -6.333986e-01  0.000000e+00
   outer loop
     vertex  2.369939e+01  1.509472e+01  2.750000e+01
     vertex  2.366985e+01  1.505863e+01  2.350000e+01
     vertex  2.369939e+01  1.509472e+01  2.350000e+01
   endloop
 endfacet
 facet normal  7.738257e-01 -6.333986e-01  0.000000e+00
   outer loop
     vertex  2.366985e+01  1.505863e+01  2.750000e+01
     vertex  2.366985e+01  1.505863e+01  2.350000e+01
     vertex  2.369939e+01  1.509472e+01  2.750000e+01
   endloop
 endfacet
 facet normal  7.909112e-01 -6.119310e-01  0.000000e+00
   outer loop
     vertex  2.364131e+01  1.502174e+01  2.750000e+01
     vertex  2.364131e+01  1.502174e+01  2.350000e+01
     vertex  2.366985e+01  1.505863e+01  2.350000e+01
   endloop
 endfacet
 facet normal  8.074012e-01 -5.900028e-01  0.000000e+00
   outer loop
     vertex  2.364131e+01  1.502174e+01  2.750000e+01
     vertex  2.361379e+01  1.498408e+01  2.350000e+01
     vertex  2.364131e+01  1.502174e+01  2.350000e+01
   endloop
 endfacet
 facet normal  7.909112e-01 -6.119310e-01  0.000000e+00
   outer loop
     vertex  2.364131e+01  1.502174e+01  2.750000e+01
     vertex  2.366985e+01  1.505863e+01  2.350000e+01
     vertex  2.366985e+01  1.505863e+01  2.750000e+01
   endloop
 endfacet
 facet normal  8.074012e-01 -5.900028e-01  0.000000e+00
   outer loop
     vertex  2.361379e+01  1.498408e+01  2.750000e+01
     vertex  2.361379e+01  1.498408e+01  2.350000e+01
     vertex  2.364131e+01  1.502174e+01  2.750000e+01
   endloop
 endfacet
 facet normal  8.232835e-01 -5.676304e-01  0.000000e+00
   outer loop
     vertex  2.358731e+01  1.494568e+01  2.750000e+01
     vertex  2.358731e+01  1.494568e+01  2.350000e+01
     vertex  2.361379e+01  1.498408e+01  2.350000e+01
   endloop
 endfacet
 facet normal  8.232835e-01 -5.676304e-01  0.000000e+00
   outer loop
     vertex  2.358731e+01  1.494568e+01  2.750000e+01
     vertex  2.361379e+01  1.498408e+01  2.350000e+01
     vertex  2.361379e+01  1.498408e+01  2.750000e+01
   endloop
 endfacet
 facet normal  8.385460e-01 -5.448308e-01  0.000000e+00
   outer loop
     vertex  2.356190e+01  1.490657e+01  2.750000e+01
     vertex  2.356190e+01  1.490657e+01  2.350000e+01
     vertex  2.358731e+01  1.494568e+01  2.350000e+01
   endloop
 endfacet
 facet normal  8.385460e-01 -5.448308e-01  0.000000e+00
   outer loop
     vertex  2.356190e+01  1.490657e+01  2.750000e+01
     vertex  2.358731e+01  1.494568e+01  2.350000e+01
     vertex  2.358731e+01  1.494568e+01  2.750000e+01
   endloop
 endfacet
 facet normal  8.531773e-01 -5.216210e-01  0.000000e+00
   outer loop
     vertex  2.353757e+01  1.486678e+01  2.750000e+01
     vertex  2.353757e+01  1.486678e+01  2.350000e+01
     vertex  2.356190e+01  1.490657e+01  2.350000e+01
   endloop
 endfacet
 facet normal  8.531773e-01 -5.216210e-01  0.000000e+00
   outer loop
     vertex  2.353757e+01  1.486678e+01  2.750000e+01
     vertex  2.356190e+01  1.490657e+01  2.350000e+01
     vertex  2.356190e+01  1.490657e+01  2.750000e+01
   endloop
 endfacet
 facet normal  8.671664e-01 -4.980186e-01  0.000000e+00
   outer loop
     vertex  2.351434e+01  1.482633e+01  2.750000e+01
     vertex  2.351434e+01  1.482633e+01  2.350000e+01
     vertex  2.353757e+01  1.486678e+01  2.350000e+01
   endloop
 endfacet
 facet normal  8.671664e-01 -4.980186e-01  0.000000e+00
   outer loop
     vertex  2.351434e+01  1.482633e+01  2.750000e+01
     vertex  2.353757e+01  1.486678e+01  2.350000e+01
     vertex  2.353757e+01  1.486678e+01  2.750000e+01
   endloop
 endfacet
 facet normal  8.805026e-01 -4.740412e-01  0.000000e+00
   outer loop
     vertex  2.349223e+01  1.478526e+01  2.750000e+01
     vertex  2.349223e+01  1.478526e+01  2.350000e+01
     vertex  2.351434e+01  1.482633e+01  2.350000e+01
   endloop
 endfacet
 facet normal  8.805026e-01 -4.740412e-01  0.000000e+00
   outer loop
     vertex  2.349223e+01  1.478526e+01  2.750000e+01
     vertex  2.351434e+01  1.482633e+01  2.350000e+01
     vertex  2.351434e+01  1.482633e+01  2.750000e+01
   endloop
 endfacet
 facet normal  8.931761e-01 -4.497071e-01  0.000000e+00
   outer loop
     vertex  2.347126e+01  1.474360e+01  2.750000e+01
     vertex  2.347126e+01  1.474360e+01  2.350000e+01
     vertex  2.349223e+01  1.478526e+01  2.350000e+01
   endloop
 endfacet
 facet normal  9.051772e-01 -4.250344e-01  0.000000e+00
   outer loop
     vertex  2.347126e+01  1.474360e+01  2.750000e+01
     vertex  2.345143e+01  1.470138e+01  2.350000e+01
     vertex  2.347126e+01  1.474360e+01  2.350000e+01
   endloop
 endfacet
 facet normal  8.931761e-01 -4.497071e-01  0.000000e+00
   outer loop
     vertex  2.347126e+01  1.474360e+01  2.750000e+01
     vertex  2.349223e+01  1.478526e+01  2.350000e+01
     vertex  2.349223e+01  1.478526e+01  2.750000e+01
   endloop
 endfacet
 facet normal  9.051772e-01 -4.250344e-01  0.000000e+00
   outer loop
     vertex  2.345143e+01  1.470138e+01  2.750000e+01
     vertex  2.345143e+01  1.470138e+01  2.350000e+01
     vertex  2.347126e+01  1.474360e+01  2.750000e+01
   endloop
 endfacet
 facet normal  9.164969e-01 -4.000417e-01  0.000000e+00
   outer loop
     vertex  2.343277e+01  1.465863e+01  2.750000e+01
     vertex  2.343277e+01  1.465863e+01  2.350000e+01
     vertex  2.345143e+01  1.470138e+01  2.350000e+01
   endloop
 endfacet
 facet normal  9.271267e-01 -3.747479e-01  0.000000e+00
   outer loop
     vertex  2.343277e+01  1.465863e+01  2.750000e+01
     vertex  2.341529e+01  1.461539e+01  2.350000e+01
     vertex  2.343277e+01  1.465863e+01  2.350000e+01
   endloop
 endfacet
 facet normal  9.164969e-01 -4.000417e-01  0.000000e+00
   outer loop
     vertex  2.343277e+01  1.465863e+01  2.750000e+01
     vertex  2.345143e+01  1.470138e+01  2.350000e+01
     vertex  2.345143e+01  1.470138e+01  2.750000e+01
   endloop
 endfacet
 facet normal  9.271267e-01 -3.747479e-01  0.000000e+00
   outer loop
     vertex  2.341529e+01  1.461539e+01  2.750000e+01
     vertex  2.341529e+01  1.461539e+01  2.350000e+01
     vertex  2.343277e+01  1.465863e+01  2.750000e+01
   endloop
 endfacet
 facet normal  9.370586e-01 -3.491720e-01  0.000000e+00
   outer loop
     vertex  2.339901e+01  1.457168e+01  2.750000e+01
     vertex  2.339901e+01  1.457168e+01  2.350000e+01
     vertex  2.341529e+01  1.461539e+01  2.350000e+01
   endloop
 endfacet
 facet normal  9.370586e-01 -3.491720e-01  0.000000e+00
   outer loop
     vertex  2.339901e+01  1.457168e+01  2.750000e+01
     vertex  2.341529e+01  1.461539e+01  2.350000e+01
     vertex  2.341529e+01  1.461539e+01  2.750000e+01
   endloop
 endfacet
 facet normal  9.462851e-01 -3.233333e-01  0.000000e+00
   outer loop
     vertex  2.338393e+01  1.452755e+01  2.750000e+01
     vertex  2.338393e+01  1.452755e+01  2.350000e+01
     vertex  2.339901e+01  1.457168e+01  2.350000e+01
   endloop
 endfacet
 facet normal  9.462851e-01 -3.233333e-01  0.000000e+00
   outer loop
     vertex  2.338393e+01  1.452755e+01  2.750000e+01
     vertex  2.339901e+01  1.457168e+01  2.350000e+01
     vertex  2.339901e+01  1.457168e+01  2.750000e+01
   endloop
 endfacet
 facet normal  9.547993e-01 -2.972512e-01  0.000000e+00
   outer loop
     vertex  2.337006e+01  1.448301e+01  2.750000e+01
     vertex  2.337006e+01  1.448301e+01  2.350000e+01
     vertex  2.338393e+01  1.452755e+01  2.350000e+01
   endloop
 endfacet
 facet normal  9.625948e-01 -2.709453e-01  0.000000e+00
   outer loop
     vertex  2.337006e+01  1.448301e+01  2.750000e+01
     vertex  2.335742e+01  1.443811e+01  2.350000e+01
     vertex  2.337006e+01  1.448301e+01  2.350000e+01
   endloop
 endfacet
 facet normal  9.547993e-01 -2.972512e-01  0.000000e+00
   outer loop
     vertex  2.337006e+01  1.448301e+01  2.750000e+01
     vertex  2.338393e+01  1.452755e+01  2.350000e+01
     vertex  2.338393e+01  1.452755e+01  2.750000e+01
   endloop
 endfacet
 facet normal  9.625948e-01 -2.709453e-01  0.000000e+00
   outer loop
     vertex  2.335742e+01  1.443811e+01  2.750000e+01
     vertex  2.335742e+01  1.443811e+01  2.350000e+01
     vertex  2.337006e+01  1.448301e+01  2.750000e+01
   endloop
 endfacet
 facet normal  9.696656e-01 -2.444354e-01  0.000000e+00
   outer loop
     vertex  2.334602e+01  1.439289e+01  2.750000e+01
     vertex  2.334602e+01  1.439289e+01  2.350000e+01
     vertex  2.335742e+01  1.443811e+01  2.350000e+01
   endloop
 endfacet
 facet normal  9.696656e-01 -2.444354e-01  0.000000e+00
   outer loop
     vertex  2.334602e+01  1.439289e+01  2.750000e+01
     vertex  2.335742e+01  1.443811e+01  2.350000e+01
     vertex  2.335742e+01  1.443811e+01  2.750000e+01
   endloop
 endfacet
 facet normal  9.760065e-01 -2.177416e-01  0.000000e+00
   outer loop
     vertex  2.333587e+01  1.434736e+01  2.750000e+01
     vertex  2.333587e+01  1.434736e+01  2.350000e+01
     vertex  2.334602e+01  1.439289e+01  2.350000e+01
   endloop
 endfacet
 facet normal  9.760065e-01 -2.177416e-01  0.000000e+00
   outer loop
     vertex  2.333587e+01  1.434736e+01  2.750000e+01
     vertex  2.334602e+01  1.439289e+01  2.350000e+01
     vertex  2.334602e+01  1.439289e+01  2.750000e+01
   endloop
 endfacet
 facet normal  9.816126e-01 -1.908838e-01  0.000000e+00
   outer loop
     vertex  2.332696e+01  1.430158e+01  2.750000e+01
     vertex  2.332696e+01  1.430158e+01  2.350000e+01
     vertex  2.333587e+01  1.434736e+01  2.350000e+01
   endloop
 endfacet
 facet normal  9.864799e-01 -1.638824e-01  0.000000e+00
   outer loop
     vertex  2.332696e+01  1.430158e+01  2.750000e+01
     vertex  2.331932e+01  1.425557e+01  2.350000e+01
     vertex  2.332696e+01  1.430158e+01  2.350000e+01
   endloop
 endfacet
 facet normal  9.816126e-01 -1.908838e-01  0.000000e+00
   outer loop
     vertex  2.332696e+01  1.430158e+01  2.750000e+01
     vertex  2.333587e+01  1.434736e+01  2.350000e+01
     vertex  2.333587e+01  1.434736e+01  2.750000e+01
   endloop
 endfacet
 facet normal  9.906046e-01 -1.367575e-01  0.000000e+00
   outer loop
     vertex  2.331932e+01  1.425557e+01  2.750000e+01
     vertex  2.331294e+01  1.420936e+01  2.350000e+01
     vertex  2.331932e+01  1.425557e+01  2.350000e+01
   endloop
 endfacet
 facet normal  9.864799e-01 -1.638824e-01  0.000000e+00
   outer loop
     vertex  2.331932e+01  1.425557e+01  2.750000e+01
     vertex  2.331932e+01  1.425557e+01  2.350000e+01
     vertex  2.332696e+01  1.430158e+01  2.750000e+01
   endloop
 endfacet
 facet normal  9.906046e-01 -1.367575e-01  0.000000e+00
   outer loop
     vertex  2.331294e+01  1.420936e+01  2.750000e+01
     vertex  2.331294e+01  1.420936e+01  2.350000e+01
     vertex  2.331932e+01  1.425557e+01  2.750000e+01
   endloop
 endfacet
 facet normal  9.939835e-01 -1.095298e-01  0.000000e+00
   outer loop
     vertex  2.330783e+01  1.416300e+01  2.750000e+01
     vertex  2.331294e+01  1.420936e+01  2.350000e+01
     vertex  2.331294e+01  1.420936e+01  2.750000e+01
   endloop
 endfacet
 facet normal  9.939835e-01 -1.095298e-01  0.000000e+00
   outer loop
     vertex  2.330783e+01  1.416300e+01  2.750000e+01
     vertex  2.330783e+01  1.416300e+01  2.350000e+01
     vertex  2.331294e+01  1.420936e+01  2.350000e+01
   endloop
 endfacet
 facet normal  9.966142e-01 -8.221955e-02  0.000000e+00
   outer loop
     vertex  2.330400e+01  1.411652e+01  2.750000e+01
     vertex  2.330783e+01  1.416300e+01  2.350000e+01
     vertex  2.330783e+01  1.416300e+01  2.750000e+01
   endloop
 endfacet
 facet normal  9.966142e-01 -8.221955e-02  0.000000e+00
   outer loop
     vertex  2.330400e+01  1.411652e+01  2.750000e+01
     vertex  2.330400e+01  1.411652e+01  2.350000e+01
     vertex  2.330783e+01  1.416300e+01  2.350000e+01
   endloop
 endfacet
 facet normal  9.984947e-01 -5.484744e-02  0.000000e+00
   outer loop
     vertex  2.330400e+01  1.411652e+01  2.750000e+01
     vertex  2.330144e+01  1.406995e+01  2.350000e+01
     vertex  2.330400e+01  1.411652e+01  2.350000e+01
   endloop
 endfacet
 facet normal  9.984947e-01 -5.484744e-02  0.000000e+00
   outer loop
     vertex  2.330144e+01  1.406995e+01  2.750000e+01
     vertex  2.330144e+01  1.406995e+01  2.350000e+01
     vertex  2.330400e+01  1.411652e+01  2.750000e+01
   endloop
 endfacet
 facet normal  9.996236e-01 -2.743405e-02  0.000000e+00
   outer loop
     vertex  2.330144e+01  1.406995e+01  2.750000e+01
     vertex  2.330016e+01  1.402332e+01  2.350000e+01
     vertex  2.330144e+01  1.406995e+01  2.350000e+01
   endloop
 endfacet
 facet normal  9.996236e-01 -2.743405e-02  0.000000e+00
   outer loop
     vertex  2.330016e+01  1.402332e+01  2.750000e+01
     vertex  2.330016e+01  1.402332e+01  2.350000e+01
     vertex  2.330144e+01  1.406995e+01  2.750000e+01
   endloop
 endfacet
 facet normal  1.000000e+00 -0.000000e+00  0.000000e+00
   outer loop
     vertex  2.330016e+01  1.397668e+01  2.750000e+01
     vertex  2.330016e+01  1.402332e+01  2.350000e+01
     vertex  2.330016e+01  1.402332e+01  2.750000e+01
   endloop
 endfacet
 facet normal  1.000000e+00  0.000000e+00  0.000000e+00
   outer loop
     vertex  2.330016e+01  1.397668e+01  2.750000e+01
     vertex  2.330016e+01  1.397668e+01  2.350000e+01
     vertex  2.330016e+01  1.402332e+01  2.350000e+01
   endloop
 endfacet
 facet normal  9.996236e-01  2.743405e-02  0.000000e+00
   outer loop
     vertex  2.330016e+01  1.397668e+01  2.750000e+01
     vertex  2.330144e+01  1.393005e+01  2.350000e+01
     vertex  2.330016e+01  1.397668e+01  2.350000e+01
   endloop
 endfacet
 facet normal  9.996236e-01  2.743405e-02  0.000000e+00
   outer loop
     vertex  2.330144e+01  1.393005e+01  2.750000e+01
     vertex  2.330144e+01  1.393005e+01  2.350000e+01
     vertex  2.330016e+01  1.397668e+01  2.750000e+01
   endloop
 endfacet
 facet normal  9.984947e-01  5.484744e-02  0.000000e+00
   outer loop
     vertex  2.330400e+01  1.388348e+01  2.750000e+01
     vertex  2.330144e+01  1.393005e+01  2.350000e+01
     vertex  2.330144e+01  1.393005e+01  2.750000e+01
   endloop
 endfacet
 facet normal  9.984947e-01  5.484744e-02  0.000000e+00
   outer loop
     vertex  2.330400e+01  1.388348e+01  2.750000e+01
     vertex  2.330400e+01  1.388348e+01  2.350000e+01
     vertex  2.330144e+01  1.393005e+01  2.350000e+01
   endloop
 endfacet
 facet normal  9.966142e-01  8.221955e-02  0.000000e+00
   outer loop
     vertex  2.330400e+01  1.388348e+01  2.750000e+01
     vertex  2.330783e+01  1.383700e+01  2.350000e+01
     vertex  2.330400e+01  1.388348e+01  2.350000e+01
   endloop
 endfacet
 facet normal  9.966142e-01  8.221955e-02  0.000000e+00
   outer loop
     vertex  2.330783e+01  1.383700e+01  2.750000e+01
     vertex  2.330783e+01  1.383700e+01  2.350000e+01
     vertex  2.330400e+01  1.388348e+01  2.750000e+01
   endloop
 endfacet
 facet normal  9.939835e-01  1.095298e-01  0.000000e+00
   outer loop
     vertex  2.330783e+01  1.383700e+01  2.750000e+01
     vertex  2.331294e+01  1.379064e+01  2.350000e+01
     vertex  2.330783e+01  1.383700e+01  2.350000e+01
   endloop
 endfacet
 facet normal  9.939835e-01  1.095298e-01  0.000000e+00
   outer loop
     vertex  2.331294e+01  1.379064e+01  2.750000e+01
     vertex  2.331294e+01  1.379064e+01  2.350000e+01
     vertex  2.330783e+01  1.383700e+01  2.750000e+01
   endloop
 endfacet
 facet normal  9.906046e-01  1.367575e-01  0.000000e+00
   outer loop
     vertex  2.331932e+01  1.374443e+01  2.750000e+01
     vertex  2.331294e+01  1.379064e+01  2.350000e+01
     vertex  2.331294e+01  1.379064e+01  2.750000e+01
   endloop
 endfacet
 facet normal  9.906046e-01  1.367575e-01  0.000000e+00
   outer loop
     vertex  2.331932e+01  1.374443e+01  2.750000e+01
     vertex  2.331932e+01  1.374443e+01  2.350000e+01
     vertex  2.331294e+01  1.379064e+01  2.350000e+01
   endloop
 endfacet
 facet normal  9.864799e-01  1.638824e-01  0.000000e+00
   outer loop
     vertex  2.332696e+01  1.369842e+01  2.750000e+01
     vertex  2.331932e+01  1.374443e+01  2.350000e+01
     vertex  2.331932e+01  1.374443e+01  2.750000e+01
   endloop
 endfacet
 facet normal  9.864799e-01  1.638824e-01  0.000000e+00
   outer loop
     vertex  2.332696e+01  1.369842e+01  2.750000e+01
     vertex  2.332696e+01  1.369842e+01  2.350000e+01
     vertex  2.331932e+01  1.374443e+01  2.350000e+01
   endloop
 endfacet
 facet normal  9.816126e-01  1.908838e-01  0.000000e+00
   outer loop
     vertex  2.332696e+01  1.369842e+01  2.750000e+01
     vertex  2.333587e+01  1.365264e+01  2.350000e+01
     vertex  2.332696e+01  1.369842e+01  2.350000e+01
   endloop
 endfacet
 facet normal  9.816126e-01  1.908838e-01  0.000000e+00
   outer loop
     vertex  2.333587e+01  1.365264e+01  2.750000e+01
     vertex  2.333587e+01  1.365264e+01  2.350000e+01
     vertex  2.332696e+01  1.369842e+01  2.750000e+01
   endloop
 endfacet
 facet normal  9.760065e-01  2.177416e-01  0.000000e+00
   outer loop
     vertex  2.334602e+01  1.360711e+01  2.750000e+01
     vertex  2.334602e+01  1.360711e+01  2.350000e+01
     vertex  2.333587e+01  1.365264e+01  2.350000e+01
   endloop
 endfacet
 facet normal  9.760065e-01  2.177416e-01  0.000000e+00
   outer loop
     vertex  2.334602e+01  1.360711e+01  2.750000e+01
     vertex  2.333587e+01  1.365264e+01  2.350000e+01
     vertex  2.333587e+01  1.365264e+01  2.750000e+01
   endloop
 endfacet
 facet normal  9.696656e-01  2.444354e-01  0.000000e+00
   outer loop
     vertex  2.335742e+01  1.356189e+01  2.750000e+01
     vertex  2.335742e+01  1.356189e+01  2.350000e+01
     vertex  2.334602e+01  1.360711e+01  2.350000e+01
   endloop
 endfacet
 facet normal  9.625948e-01  2.709453e-01  0.000000e+00
   outer loop
     vertex  2.335742e+01  1.356189e+01  2.750000e+01
     vertex  2.337006e+01  1.351699e+01  2.350000e+01
     vertex  2.335742e+01  1.356189e+01  2.350000e+01
   endloop
 endfacet
 facet normal  9.696656e-01  2.444354e-01  0.000000e+00
   outer loop
     vertex  2.335742e+01  1.356189e+01  2.750000e+01
     vertex  2.334602e+01  1.360711e+01  2.350000e+01
     vertex  2.334602e+01  1.360711e+01  2.750000e+01
   endloop
 endfacet
 facet normal  9.625948e-01  2.709453e-01  0.000000e+00
   outer loop
     vertex  2.337006e+01  1.351699e+01  2.750000e+01
     vertex  2.337006e+01  1.351699e+01  2.350000e+01
     vertex  2.335742e+01  1.356189e+01  2.750000e+01
   endloop
 endfacet
 facet normal  9.547993e-01  2.972512e-01  0.000000e+00
   outer loop
     vertex  2.338393e+01  1.347245e+01  2.750000e+01
     vertex  2.338393e+01  1.347245e+01  2.350000e+01
     vertex  2.337006e+01  1.351699e+01  2.350000e+01
   endloop
 endfacet
 facet normal  9.547993e-01  2.972512e-01  0.000000e+00
   outer loop
     vertex  2.338393e+01  1.347245e+01  2.750000e+01
     vertex  2.337006e+01  1.351699e+01  2.350000e+01
     vertex  2.337006e+01  1.351699e+01  2.750000e+01
   endloop
 endfacet
 facet normal  9.462851e-01  3.233333e-01  0.000000e+00
   outer loop
     vertex  2.339901e+01  1.342832e+01  2.750000e+01
     vertex  2.339901e+01  1.342832e+01  2.350000e+01
     vertex  2.338393e+01  1.347245e+01  2.350000e+01
   endloop
 endfacet
 facet normal  9.462851e-01  3.233333e-01  0.000000e+00
   outer loop
     vertex  2.339901e+01  1.342832e+01  2.750000e+01
     vertex  2.338393e+01  1.347245e+01  2.350000e+01
     vertex  2.338393e+01  1.347245e+01  2.750000e+01
   endloop
 endfacet
 facet normal  9.370586e-01  3.491720e-01  0.000000e+00
   outer loop
     vertex  2.341529e+01  1.338461e+01  2.750000e+01
     vertex  2.341529e+01  1.338461e+01  2.350000e+01
     vertex  2.339901e+01  1.342832e+01  2.350000e+01
   endloop
 endfacet
 facet normal  9.271267e-01  3.747479e-01  0.000000e+00
   outer loop
     vertex  2.341529e+01  1.338461e+01  2.750000e+01
     vertex  2.343277e+01  1.334137e+01  2.350000e+01
     vertex  2.341529e+01  1.338461e+01  2.350000e+01
   endloop
 endfacet
 facet normal  9.370586e-01  3.491720e-01  0.000000e+00
   outer loop
     vertex  2.341529e+01  1.338461e+01  2.750000e+01
     vertex  2.339901e+01  1.342832e+01  2.350000e+01
     vertex  2.339901e+01  1.342832e+01  2.750000e+01
   endloop
 endfacet
 facet normal  9.271267e-01  3.747479e-01  0.000000e+00
   outer loop
     vertex  2.343277e+01  1.334137e+01  2.750000e+01
     vertex  2.343277e+01  1.334137e+01  2.350000e+01
     vertex  2.341529e+01  1.338461e+01  2.750000e+01
   endloop
 endfacet
 facet normal  9.164969e-01  4.000417e-01  0.000000e+00
   outer loop
     vertex  2.345143e+01  1.329862e+01  2.750000e+01
     vertex  2.345143e+01  1.329862e+01  2.350000e+01
     vertex  2.343277e+01  1.334137e+01  2.350000e+01
   endloop
 endfacet
 facet normal  9.164969e-01  4.000417e-01  0.000000e+00
   outer loop
     vertex  2.345143e+01  1.329862e+01  2.750000e+01
     vertex  2.343277e+01  1.334137e+01  2.350000e+01
     vertex  2.343277e+01  1.334137e+01  2.750000e+01
   endloop
 endfacet
 facet normal  9.051772e-01  4.250344e-01  0.000000e+00
   outer loop
     vertex  2.347126e+01  1.325640e+01  2.750000e+01
     vertex  2.347126e+01  1.325640e+01  2.350000e+01
     vertex  2.345143e+01  1.329862e+01  2.350000e+01
   endloop
 endfacet
 facet normal  9.051772e-01  4.250344e-01  0.000000e+00
   outer loop
     vertex  2.347126e+01  1.325640e+01  2.750000e+01
     vertex  2.345143e+01  1.329862e+01  2.350000e+01
     vertex  2.345143e+01  1.329862e+01  2.750000e+01
   endloop
 endfacet
 facet normal  8.931761e-01  4.497071e-01  0.000000e+00
   outer loop
     vertex  2.349223e+01  1.321474e+01  2.750000e+01
     vertex  2.349223e+01  1.321474e+01  2.350000e+01
     vertex  2.347126e+01  1.325640e+01  2.350000e+01
   endloop
 endfacet
 facet normal  8.805026e-01  4.740412e-01  0.000000e+00
   outer loop
     vertex  2.349223e+01  1.321474e+01  2.750000e+01
     vertex  2.351434e+01  1.317367e+01  2.350000e+01
     vertex  2.349223e+01  1.321474e+01  2.350000e+01
   endloop
 endfacet
 facet normal  8.931761e-01  4.497071e-01  0.000000e+00
   outer loop
     vertex  2.349223e+01  1.321474e+01  2.750000e+01
     vertex  2.347126e+01  1.325640e+01  2.350000e+01
     vertex  2.347126e+01  1.325640e+01  2.750000e+01
   endloop
 endfacet
 facet normal  8.671664e-01  4.980186e-01  0.000000e+00
   outer loop
     vertex  2.351434e+01  1.317367e+01  2.750000e+01
     vertex  2.353757e+01  1.313322e+01  2.350000e+01
     vertex  2.351434e+01  1.317367e+01  2.350000e+01
   endloop
 endfacet
 facet normal  8.805026e-01  4.740412e-01  0.000000e+00
   outer loop
     vertex  2.351434e+01  1.317367e+01  2.750000e+01
     vertex  2.351434e+01  1.317367e+01  2.350000e+01
     vertex  2.349223e+01  1.321474e+01  2.750000e+01
   endloop
 endfacet
 facet normal  8.671664e-01  4.980186e-01  0.000000e+00
   outer loop
     vertex  2.353757e+01  1.313322e+01  2.750000e+01
     vertex  2.353757e+01  1.313322e+01  2.350000e+01
     vertex  2.351434e+01  1.317367e+01  2.750000e+01
   endloop
 endfacet
 facet normal  8.531773e-01  5.216210e-01  0.000000e+00
   outer loop
     vertex  2.356190e+01  1.309343e+01  2.750000e+01
     vertex  2.356190e+01  1.309343e+01  2.350000e+01
     vertex  2.353757e+01  1.313322e+01  2.350000e+01
   endloop
 endfacet
 facet normal  8.385460e-01  5.448308e-01  0.000000e+00
   outer loop
     vertex  2.356190e+01  1.309343e+01  2.750000e+01
     vertex  2.358731e+01  1.305432e+01  2.350000e+01
     vertex  2.356190e+01  1.309343e+01  2.350000e+01
   endloop
 endfacet
 facet normal  8.531773e-01  5.216210e-01  0.000000e+00
   outer loop
     vertex  2.356190e+01  1.309343e+01  2.750000e+01
     vertex  2.353757e+01  1.313322e+01  2.350000e+01
     vertex  2.353757e+01  1.313322e+01  2.750000e+01
   endloop
 endfacet
 facet normal  8.385460e-01  5.448308e-01  0.000000e+00
   outer loop
     vertex  2.358731e+01  1.305432e+01  2.750000e+01
     vertex  2.358731e+01  1.305432e+01  2.350000e+01
     vertex  2.356190e+01  1.309343e+01  2.750000e+01
   endloop
 endfacet
 facet normal  8.232835e-01  5.676304e-01  0.000000e+00
   outer loop
     vertex  2.361379e+01  1.301592e+01  2.750000e+01
     vertex  2.358731e+01  1.305432e+01  2.350000e+01
     vertex  2.358731e+01  1.305432e+01  2.750000e+01
   endloop
 endfacet
 facet normal  8.232835e-01  5.676304e-01  0.000000e+00
   outer loop
     vertex  2.361379e+01  1.301592e+01  2.750000e+01
     vertex  2.361379e+01  1.301592e+01  2.350000e+01
     vertex  2.358731e+01  1.305432e+01  2.350000e+01
   endloop
 endfacet
 facet normal  8.074012e-01  5.900028e-01  0.000000e+00
   outer loop
     vertex  2.361379e+01  1.301592e+01  2.750000e+01
     vertex  2.364131e+01  1.297826e+01  2.350000e+01
     vertex  2.361379e+01  1.301592e+01  2.350000e+01
   endloop
 endfacet
 facet normal  8.074012e-01  5.900028e-01  0.000000e+00
   outer loop
     vertex  2.364131e+01  1.297826e+01  2.750000e+01
     vertex  2.364131e+01  1.297826e+01  2.350000e+01
     vertex  2.361379e+01  1.301592e+01  2.750000e+01
   endloop
 endfacet
 facet normal  7.909112e-01  6.119310e-01  0.000000e+00
   outer loop
     vertex  2.366985e+01  1.294137e+01  2.750000e+01
     vertex  2.364131e+01  1.297826e+01  2.350000e+01
     vertex  2.364131e+01  1.297826e+01  2.750000e+01
   endloop
 endfacet
 facet normal  7.909112e-01  6.119310e-01  0.000000e+00
   outer loop
     vertex  2.366985e+01  1.294137e+01  2.750000e+01
     vertex  2.366985e+01  1.294137e+01  2.350000e+01
     vertex  2.364131e+01  1.297826e+01  2.350000e+01
   endloop
 endfacet
 facet normal  7.738257e-01  6.333986e-01  0.000000e+00
   outer loop
     vertex  2.366985e+01  1.294137e+01  2.750000e+01
     vertex  2.369939e+01  1.290528e+01  2.350000e+01
     vertex  2.366985e+01  1.294137e+01  2.350000e+01
   endloop
 endfacet
 facet normal  7.738257e-01  6.333986e-01  0.000000e+00
   outer loop
     vertex  2.369939e+01  1.290528e+01  2.750000e+01
     vertex  2.369939e+01  1.290528e+01  2.350000e+01
     vertex  2.366985e+01  1.294137e+01  2.750000e+01
   endloop
 endfacet
 facet normal  7.561578e-01  6.543893e-01  0.000000e+00
   outer loop
     vertex  2.372991e+01  1.287001e+01  2.750000e+01
     vertex  2.369939e+01  1.290528e+01  2.350000e+01
     vertex  2.369939e+01  1.290528e+01  2.750000e+01
   endloop
 endfacet
 facet normal  7.561578e-01  6.543893e-01  0.000000e+00
   outer loop
     vertex  2.372991e+01  1.287001e+01  2.750000e+01
     vertex  2.372991e+01  1.287001e+01  2.350000e+01
     vertex  2.369939e+01  1.290528e+01  2.350000e+01
   endloop
 endfacet
 facet normal  7.379206e-01  6.748875e-01  0.000000e+00
   outer loop
     vertex  2.376139e+01  1.283559e+01  2.750000e+01
     vertex  2.372991e+01  1.287001e+01  2.350000e+01
     vertex  2.372991e+01  1.287001e+01  2.750000e+01
   endloop
 endfacet
 facet normal  7.379206e-01  6.748875e-01  0.000000e+00
   outer loop
     vertex  2.376139e+01  1.283559e+01  2.750000e+01
     vertex  2.376139e+01  1.283559e+01  2.350000e+01
     vertex  2.372991e+01  1.287001e+01  2.350000e+01
   endloop
 endfacet
 facet normal  7.191280e-01  6.948776e-01  0.000000e+00
   outer loop
     vertex  2.379380e+01  1.280205e+01  2.750000e+01
     vertex  2.376139e+01  1.283559e+01  2.350000e+01
     vertex  2.376139e+01  1.283559e+01  2.750000e+01
   endloop
 endfacet
 facet normal  7.191280e-01  6.948776e-01  0.000000e+00
   outer loop
     vertex  2.379380e+01  1.280205e+01  2.750000e+01
     vertex  2.379380e+01  1.280205e+01  2.350000e+01
     vertex  2.376139e+01  1.283559e+01  2.350000e+01
   endloop
 endfacet
 facet normal  6.997940e-01  7.143447e-01  0.000000e+00
   outer loop
     vertex  2.382712e+01  1.276941e+01  2.750000e+01
     vertex  2.379380e+01  1.280205e+01  2.350000e+01
     vertex  2.379380e+01  1.280205e+01  2.750000e+01
   endloop
 endfacet
 facet normal  6.997940e-01  7.143447e-01  0.000000e+00
   outer loop
     vertex  2.382712e+01  1.276941e+01  2.750000e+01
     vertex  2.382712e+01  1.276941e+01  2.350000e+01
     vertex  2.379380e+01  1.280205e+01  2.350000e+01
   endloop
 endfacet
 facet normal  6.799333e-01  7.332740e-01  0.000000e+00
   outer loop
     vertex  2.382712e+01  1.276941e+01  2.750000e+01
     vertex  2.386132e+01  1.273769e+01  2.350000e+01
     vertex  2.382712e+01  1.276941e+01  2.350000e+01
   endloop
 endfacet
 facet normal  6.799333e-01  7.332740e-01  0.000000e+00
   outer loop
     vertex  2.386132e+01  1.273769e+01  2.750000e+01
     vertex  2.386132e+01  1.273769e+01  2.350000e+01
     vertex  2.382712e+01  1.276941e+01  2.750000e+01
   endloop
 endfacet
 facet normal  6.595607e-01  7.516513e-01  0.000000e+00
   outer loop
     vertex  2.386132e+01  1.273769e+01  2.750000e+01
     vertex  2.389638e+01  1.270693e+01  2.350000e+01
     vertex  2.386132e+01  1.273769e+01  2.350000e+01
   endloop
 endfacet
 facet normal  6.595607e-01  7.516513e-01  0.000000e+00
   outer loop
     vertex  2.389638e+01  1.270693e+01  2.750000e+01
     vertex  2.389638e+01  1.270693e+01  2.350000e+01
     vertex  2.386132e+01  1.273769e+01  2.750000e+01
   endloop
 endfacet
 facet normal  6.386916e-01  7.694628e-01  0.000000e+00
   outer loop
     vertex  2.393227e+01  1.267714e+01  2.750000e+01
     vertex  2.389638e+01  1.270693e+01  2.350000e+01
     vertex  2.389638e+01  1.270693e+01  2.750000e+01
   endloop
 endfacet
 facet normal  6.386916e-01  7.694628e-01  0.000000e+00
   outer loop
     vertex  2.393227e+01  1.267714e+01  2.750000e+01
     vertex  2.393227e+01  1.267714e+01  2.350000e+01
     vertex  2.389638e+01  1.270693e+01  2.350000e+01
   endloop
 endfacet
 facet normal  6.173417e-01  7.866951e-01  0.000000e+00
   outer loop
     vertex  2.396896e+01  1.264835e+01  2.750000e+01
     vertex  2.393227e+01  1.267714e+01  2.350000e+01
     vertex  2.393227e+01  1.267714e+01  2.750000e+01
   endloop
 endfacet
 facet normal  6.173417e-01  7.866951e-01  0.000000e+00
   outer loop
     vertex  2.396896e+01  1.264835e+01  2.750000e+01
     vertex  2.396896e+01  1.264835e+01  2.350000e+01
     vertex  2.393227e+01  1.267714e+01  2.350000e+01
   endloop
 endfacet
 facet normal  5.955271e-01  8.033352e-01  0.000000e+00
   outer loop
     vertex  2.400643e+01  1.262057e+01  2.750000e+01
     vertex  2.396896e+01  1.264835e+01  2.350000e+01
     vertex  2.396896e+01  1.264835e+01  2.750000e+01
   endloop
 endfacet
 facet normal  5.955271e-01  8.033352e-01  0.000000e+00
   outer loop
     vertex  2.400643e+01  1.262057e+01  2.750000e+01
     vertex  2.400643e+01  1.262057e+01  2.350000e+01
     vertex  2.396896e+01  1.264835e+01  2.350000e+01
   endloop
 endfacet
 facet normal  5.732642e-01  8.193706e-01  0.000000e+00
   outer loop
     vertex  2.404465e+01  1.259383e+01  2.750000e+01
     vertex  2.400643e+01  1.262057e+01  2.350000e+01
     vertex  2.400643e+01  1.262057e+01  2.750000e+01
   endloop
 endfacet
 facet normal  5.732642e-01  8.193706e-01  0.000000e+00
   outer loop
     vertex  2.404465e+01  1.259383e+01  2.750000e+01
     vertex  2.404465e+01  1.259383e+01  2.350000e+01
     vertex  2.400643e+01  1.262057e+01  2.350000e+01
   endloop
 endfacet
 facet normal  5.505698e-01  8.347891e-01  0.000000e+00
   outer loop
     vertex  2.408359e+01  1.256815e+01  2.750000e+01
     vertex  2.404465e+01  1.259383e+01  2.350000e+01
     vertex  2.404465e+01  1.259383e+01  2.750000e+01
   endloop
 endfacet
 facet normal  5.505698e-01  8.347891e-01  0.000000e+00
   outer loop
     vertex  2.408359e+01  1.256815e+01  2.750000e+01
     vertex  2.408359e+01  1.256815e+01  2.350000e+01
     vertex  2.404465e+01  1.259383e+01  2.350000e+01
   endloop
 endfacet
 facet normal  5.274609e-01  8.495793e-01  0.000000e+00
   outer loop
     vertex  2.408359e+01  1.256815e+01  2.750000e+01
     vertex  2.412321e+01  1.254355e+01  2.350000e+01
     vertex  2.408359e+01  1.256815e+01  2.350000e+01
   endloop
 endfacet
 facet normal  5.274609e-01  8.495793e-01  0.000000e+00
   outer loop
     vertex  2.412321e+01  1.254355e+01  2.750000e+01
     vertex  2.412321e+01  1.254355e+01  2.350000e+01
     vertex  2.408359e+01  1.256815e+01  2.750000e+01
   endloop
 endfacet
 facet normal  5.039550e-01  8.637299e-01  0.000000e+00
   outer loop
     vertex  2.416350e+01  1.252004e+01  2.750000e+01
     vertex  2.412321e+01  1.254355e+01  2.350000e+01
     vertex  2.412321e+01  1.254355e+01  2.750000e+01
   endloop
 endfacet
 facet normal  5.039550e-01  8.637299e-01  0.000000e+00
   outer loop
     vertex  2.416350e+01  1.252004e+01  2.750000e+01
     vertex  2.416350e+01  1.252004e+01  2.350000e+01
     vertex  2.412321e+01  1.254355e+01  2.350000e+01
   endloop
 endfacet
 facet normal  4.800697e-01  8.772303e-01  0.000000e+00
   outer loop
     vertex  2.420442e+01  1.249765e+01  2.750000e+01
     vertex  2.416350e+01  1.252004e+01  2.350000e+01
     vertex  2.416350e+01  1.252004e+01  2.750000e+01
   endloop
 endfacet
 facet normal  4.800697e-01  8.772303e-01  0.000000e+00
   outer loop
     vertex  2.420442e+01  1.249765e+01  2.750000e+01
     vertex  2.420442e+01  1.249765e+01  2.350000e+01
     vertex  2.416350e+01  1.252004e+01  2.350000e+01
   endloop
 endfacet
 facet normal  4.558231e-01  8.900704e-01  0.000000e+00
   outer loop
     vertex  2.424593e+01  1.247639e+01  2.750000e+01
     vertex  2.420442e+01  1.249765e+01  2.350000e+01
     vertex  2.420442e+01  1.249765e+01  2.750000e+01
   endloop
 endfacet
 facet normal  4.558231e-01  8.900704e-01  0.000000e+00
   outer loop
     vertex  2.424593e+01  1.247639e+01  2.750000e+01
     vertex  2.424593e+01  1.247639e+01  2.350000e+01
     vertex  2.420442e+01  1.249765e+01  2.350000e+01
   endloop
 endfacet
 facet normal  4.312333e-01  9.022405e-01  0.000000e+00
   outer loop
     vertex  2.428801e+01  1.245628e+01  2.750000e+01
     vertex  2.424593e+01  1.247639e+01  2.350000e+01
     vertex  2.424593e+01  1.247639e+01  2.750000e+01
   endloop
 endfacet
 facet normal  4.312333e-01  9.022405e-01  0.000000e+00
   outer loop
     vertex  2.428801e+01  1.245628e+01  2.750000e+01
     vertex  2.428801e+01  1.245628e+01  2.350000e+01
     vertex  2.424593e+01  1.247639e+01  2.350000e+01
   endloop
 endfacet
 facet normal  4.063188e-01  9.137314e-01  0.000000e+00
   outer loop
     vertex  2.433063e+01  1.243733e+01  2.750000e+01
     vertex  2.428801e+01  1.245628e+01  2.350000e+01
     vertex  2.428801e+01  1.245628e+01  2.750000e+01
   endloop
 endfacet
 facet normal  4.063188e-01  9.137314e-01  0.000000e+00
   outer loop
     vertex  2.433063e+01  1.243733e+01  2.750000e+01
     vertex  2.433063e+01  1.243733e+01  2.350000e+01
     vertex  2.428801e+01  1.245628e+01  2.350000e+01
   endloop
 endfacet
 facet normal  3.810986e-01  9.245344e-01  0.000000e+00
   outer loop
     vertex  2.433063e+01  1.243733e+01  2.750000e+01
     vertex  2.437375e+01  1.241955e+01  2.350000e+01
     vertex  2.433063e+01  1.243733e+01  2.350000e+01
   endloop
 endfacet
 facet normal  3.810986e-01  9.245344e-01  0.000000e+00
   outer loop
     vertex  2.437375e+01  1.241955e+01  2.750000e+01
     vertex  2.437375e+01  1.241955e+01  2.350000e+01
     vertex  2.433063e+01  1.243733e+01  2.750000e+01
   endloop
 endfacet
 facet normal  3.555914e-01  9.346415e-01  0.000000e+00
   outer loop
     vertex  2.441735e+01  1.240297e+01  2.750000e+01
     vertex  2.441735e+01  1.240297e+01  2.350000e+01
     vertex  2.437375e+01  1.241955e+01  2.350000e+01
   endloop
 endfacet
 facet normal  3.555914e-01  9.346415e-01  0.000000e+00
   outer loop
     vertex  2.441735e+01  1.240297e+01  2.750000e+01
     vertex  2.437375e+01  1.241955e+01  2.350000e+01
     vertex  2.437375e+01  1.241955e+01  2.750000e+01
   endloop
 endfacet
 facet normal  3.298166e-01  9.440450e-01  0.000000e+00
   outer loop
     vertex  2.446138e+01  1.238758e+01  2.750000e+01
     vertex  2.446138e+01  1.238758e+01  2.350000e+01
     vertex  2.441735e+01  1.240297e+01  2.350000e+01
   endloop
 endfacet
 facet normal  3.298166e-01  9.440450e-01  0.000000e+00
   outer loop
     vertex  2.446138e+01  1.238758e+01  2.750000e+01
     vertex  2.441735e+01  1.240297e+01  2.350000e+01
     vertex  2.441735e+01  1.240297e+01  2.750000e+01
   endloop
 endfacet
 facet normal  3.037934e-01  9.527379e-01  0.000000e+00
   outer loop
     vertex  2.450582e+01  1.237341e+01  2.750000e+01
     vertex  2.450582e+01  1.237341e+01  2.350000e+01
     vertex  2.446138e+01  1.238758e+01  2.350000e+01
   endloop
 endfacet
 facet normal  3.037934e-01  9.527379e-01  0.000000e+00
   outer loop
     vertex  2.450582e+01  1.237341e+01  2.750000e+01
     vertex  2.446138e+01  1.238758e+01  2.350000e+01
     vertex  2.446138e+01  1.238758e+01  2.750000e+01
   endloop
 endfacet
 facet normal  2.775416e-01  9.607136e-01  0.000000e+00
   outer loop
     vertex  2.455063e+01  1.236047e+01  2.750000e+01
     vertex  2.450582e+01  1.237341e+01  2.350000e+01
     vertex  2.450582e+01  1.237341e+01  2.750000e+01
   endloop
 endfacet
 facet normal  2.775416e-01  9.607136e-01  0.000000e+00
   outer loop
     vertex  2.455063e+01  1.236047e+01  2.750000e+01
     vertex  2.455063e+01  1.236047e+01  2.350000e+01
     vertex  2.450582e+01  1.237341e+01  2.350000e+01
   endloop
 endfacet
 facet normal  2.510809e-01  9.679661e-01  0.000000e+00
   outer loop
     vertex  2.455063e+01  1.236047e+01  2.750000e+01
     vertex  2.459578e+01  1.234876e+01  2.350000e+01
     vertex  2.455063e+01  1.236047e+01  2.350000e+01
   endloop
 endfacet
 facet normal  2.510809e-01  9.679661e-01  0.000000e+00
   outer loop
     vertex  2.459578e+01  1.234876e+01  2.750000e+01
     vertex  2.459578e+01  1.234876e+01  2.350000e+01
     vertex  2.455063e+01  1.236047e+01  2.750000e+01
   endloop
 endfacet
 facet normal  2.244312e-01  9.744899e-01  0.000000e+00
   outer loop
     vertex  2.464123e+01  1.233829e+01  2.750000e+01
     vertex  2.459578e+01  1.234876e+01  2.350000e+01
     vertex  2.459578e+01  1.234876e+01  2.750000e+01
   endloop
 endfacet
 facet normal  2.244312e-01  9.744899e-01  0.000000e+00
   outer loop
     vertex  2.464123e+01  1.233829e+01  2.750000e+01
     vertex  2.464123e+01  1.233829e+01  2.350000e+01
     vertex  2.459578e+01  1.234876e+01  2.350000e+01
   endloop
 endfacet
 facet normal  1.976125e-01  9.802802e-01  0.000000e+00
   outer loop
     vertex  2.464123e+01  1.233829e+01  2.750000e+01
     vertex  2.468695e+01  1.232907e+01  2.350000e+01
     vertex  2.464123e+01  1.233829e+01  2.350000e+01
   endloop
 endfacet
 facet normal  1.976125e-01  9.802802e-01  0.000000e+00
   outer loop
     vertex  2.468695e+01  1.232907e+01  2.750000e+01
     vertex  2.468695e+01  1.232907e+01  2.350000e+01
     vertex  2.464123e+01  1.233829e+01  2.750000e+01
   endloop
 endfacet
 facet normal  1.706451e-01  9.853326e-01  0.000000e+00
   outer loop
     vertex  2.473291e+01  1.232111e+01  2.750000e+01
     vertex  2.468695e+01  1.232907e+01  2.350000e+01
     vertex  2.468695e+01  1.232907e+01  2.750000e+01
   endloop
 endfacet
 facet normal  1.706451e-01  9.853326e-01  0.000000e+00
   outer loop
     vertex  2.473291e+01  1.232111e+01  2.750000e+01
     vertex  2.473291e+01  1.232111e+01  2.350000e+01
     vertex  2.468695e+01  1.232907e+01  2.350000e+01
   endloop
 endfacet
 facet normal  1.435492e-01  9.896432e-01  0.000000e+00
   outer loop
     vertex  2.473291e+01  1.232111e+01  2.750000e+01
     vertex  2.477907e+01  1.231442e+01  2.350000e+01
     vertex  2.473291e+01  1.232111e+01  2.350000e+01
   endloop
 endfacet
 facet normal  1.435492e-01  9.896432e-01  0.000000e+00
   outer loop
     vertex  2.477907e+01  1.231442e+01  2.750000e+01
     vertex  2.477907e+01  1.231442e+01  2.350000e+01
     vertex  2.473291e+01  1.232111e+01  2.750000e+01
   endloop
 endfacet
 facet normal  1.163452e-01  9.932088e-01  0.000000e+00
   outer loop
     vertex  2.482539e+01  1.230899e+01  2.750000e+01
     vertex  2.477907e+01  1.231442e+01  2.350000e+01
     vertex  2.477907e+01  1.231442e+01  2.750000e+01
   endloop
 endfacet
 facet normal  1.163452e-01  9.932088e-01  0.000000e+00
   outer loop
     vertex  2.482539e+01  1.230899e+01  2.750000e+01
     vertex  2.482539e+01  1.230899e+01  2.350000e+01
     vertex  2.477907e+01  1.231442e+01  2.350000e+01
   endloop
 endfacet
 facet normal  8.905371e-02  9.960268e-01  0.000000e+00
   outer loop
     vertex  2.487185e+01  1.230484e+01  2.750000e+01
     vertex  2.482539e+01  1.230899e+01  2.350000e+01
     vertex  2.482539e+01  1.230899e+01  2.750000e+01
   endloop
 endfacet
 facet normal  8.905371e-02  9.960268e-01  0.000000e+00
   outer loop
     vertex  2.487185e+01  1.230484e+01  2.750000e+01
     vertex  2.487185e+01  1.230484e+01  2.350000e+01
     vertex  2.482539e+01  1.230899e+01  2.350000e+01
   endloop
 endfacet
 facet normal  6.169515e-02  9.980950e-01  0.000000e+00
   outer loop
     vertex  2.491840e+01  1.230196e+01  2.750000e+01
     vertex  2.487185e+01  1.230484e+01  2.350000e+01
     vertex  2.487185e+01  1.230484e+01  2.750000e+01
   endloop
 endfacet
 facet normal  6.169515e-02  9.980950e-01  0.000000e+00
   outer loop
     vertex  2.491840e+01  1.230196e+01  2.750000e+01
     vertex  2.491840e+01  1.230196e+01  2.350000e+01
     vertex  2.487185e+01  1.230484e+01  2.350000e+01
   endloop
 endfacet
 facet normal  3.429014e-02  9.994119e-01  0.000000e+00
   outer loop
     vertex  2.496502e+01  1.230036e+01  2.750000e+01
     vertex  2.491840e+01  1.230196e+01  2.350000e+01
     vertex  2.491840e+01  1.230196e+01  2.750000e+01
   endloop
 endfacet
 facet normal  3.429014e-02  9.994119e-01  0.000000e+00
   outer loop
     vertex  2.496502e+01  1.230036e+01  2.750000e+01
     vertex  2.496502e+01  1.230036e+01  2.350000e+01
     vertex  2.491840e+01  1.230196e+01  2.350000e+01
   endloop
 endfacet
 facet normal  6.859319e-03  9.999765e-01  0.000000e+00
   outer loop
     vertex  2.496502e+01  1.230036e+01  2.750000e+01
     vertex  2.501166e+01  1.230004e+01  2.350000e+01
     vertex  2.496502e+01  1.230036e+01  2.350000e+01
   endloop
 endfacet
 facet normal  6.859319e-03  9.999765e-01  0.000000e+00
   outer loop
     vertex  2.501166e+01  1.230004e+01  2.750000e+01
     vertex  2.501166e+01  1.230004e+01  2.350000e+01
     vertex  2.496502e+01  1.230036e+01  2.750000e+01
   endloop
 endfacet
 facet normal -2.057667e-02  9.997883e-01  0.000000e+00
   outer loop
     vertex  2.505829e+01  1.230100e+01  2.750000e+01
     vertex  2.501166e+01  1.230004e+01  2.350000e+01
     vertex  2.501166e+01  1.230004e+01  2.750000e+01
   endloop
 endfacet
 facet normal -2.057667e-02  9.997883e-01  0.000000e+00
   outer loop
     vertex  2.505829e+01  1.230100e+01  2.750000e+01
     vertex  2.505829e+01  1.230100e+01  2.350000e+01
     vertex  2.501166e+01  1.230004e+01  2.350000e+01
   endloop
 endfacet
 facet normal -4.799716e-02  9.988475e-01  0.000000e+00
   outer loop
     vertex  2.510488e+01  1.230324e+01  2.750000e+01
     vertex  2.510488e+01  1.230324e+01  2.350000e+01
     vertex  2.505829e+01  1.230100e+01  2.350000e+01
   endloop
 endfacet
 facet normal -7.538152e-02  9.971548e-01  0.000000e+00
   outer loop
     vertex  2.510488e+01  1.230324e+01  2.750000e+01
     vertex  2.515139e+01  1.230675e+01  2.350000e+01
     vertex  2.510488e+01  1.230324e+01  2.350000e+01
   endloop
 endfacet
 facet normal -4.799716e-02  9.988475e-01  0.000000e+00
   outer loop
     vertex  2.510488e+01  1.230324e+01  2.750000e+01
     vertex  2.505829e+01  1.230100e+01  2.350000e+01
     vertex  2.505829e+01  1.230100e+01  2.750000e+01
   endloop
 endfacet
 facet normal -7.538152e-02  9.971548e-01  0.000000e+00
   outer loop
     vertex  2.515139e+01  1.230675e+01  2.750000e+01
     vertex  2.515139e+01  1.230675e+01  2.350000e+01
     vertex  2.510488e+01  1.230324e+01  2.750000e+01
   endloop
 endfacet
 facet normal -1.027091e-01  9.947114e-01  0.000000e+00
   outer loop
     vertex  2.519779e+01  1.231154e+01  2.750000e+01
     vertex  2.519779e+01  1.231154e+01  2.350000e+01
     vertex  2.515139e+01  1.230675e+01  2.350000e+01
   endloop
 endfacet
 facet normal -1.027091e-01  9.947114e-01  0.000000e+00
   outer loop
     vertex  2.519779e+01  1.231154e+01  2.750000e+01
     vertex  2.515139e+01  1.230675e+01  2.350000e+01
     vertex  2.515139e+01  1.230675e+01  2.750000e+01
   endloop
 endfacet
 facet normal -1.299594e-01  9.915193e-01  0.000000e+00
   outer loop
     vertex  2.524403e+01  1.231761e+01  2.750000e+01
     vertex  2.524403e+01  1.231761e+01  2.350000e+01
     vertex  2.519779e+01  1.231154e+01  2.350000e+01
   endloop
 endfacet
 facet normal -1.299594e-01  9.915193e-01  0.000000e+00
   outer loop
     vertex  2.524403e+01  1.231761e+01  2.750000e+01
     vertex  2.519779e+01  1.231154e+01  2.350000e+01
     vertex  2.519779e+01  1.231154e+01  2.750000e+01
   endloop
 endfacet
 facet normal -1.571119e-01  9.875808e-01  0.000000e+00
   outer loop
     vertex  2.529010e+01  1.232493e+01  2.750000e+01
     vertex  2.529010e+01  1.232493e+01  2.350000e+01
     vertex  2.524403e+01  1.231761e+01  2.350000e+01
   endloop
 endfacet
 facet normal -1.571119e-01  9.875808e-01  0.000000e+00
   outer loop
     vertex  2.529010e+01  1.232493e+01  2.750000e+01
     vertex  2.524403e+01  1.231761e+01  2.350000e+01
     vertex  2.524403e+01  1.231761e+01  2.750000e+01
   endloop
 endfacet
 facet normal -1.841461e-01  9.828989e-01  0.000000e+00
   outer loop
     vertex  2.533594e+01  1.233352e+01  2.750000e+01
     vertex  2.533594e+01  1.233352e+01  2.350000e+01
     vertex  2.529010e+01  1.232493e+01  2.350000e+01
   endloop
 endfacet
 facet normal -1.841461e-01  9.828989e-01  0.000000e+00
   outer loop
     vertex  2.533594e+01  1.233352e+01  2.750000e+01
     vertex  2.529010e+01  1.232493e+01  2.350000e+01
     vertex  2.529010e+01  1.232493e+01  2.750000e+01
   endloop
 endfacet
 facet normal -2.110417e-01  9.774771e-01  0.000000e+00
   outer loop
     vertex  2.538153e+01  1.234337e+01  2.750000e+01
     vertex  2.538153e+01  1.234337e+01  2.350000e+01
     vertex  2.533594e+01  1.233352e+01  2.350000e+01
   endloop
 endfacet
 facet normal -2.110417e-01  9.774771e-01  0.000000e+00
   outer loop
     vertex  2.538153e+01  1.234337e+01  2.750000e+01
     vertex  2.533594e+01  1.233352e+01  2.350000e+01
     vertex  2.533594e+01  1.233352e+01  2.750000e+01
   endloop
 endfacet
 facet normal -2.377784e-01  9.713194e-01  0.000000e+00
   outer loop
     vertex  2.542684e+01  1.235446e+01  2.750000e+01
     vertex  2.542684e+01  1.235446e+01  2.350000e+01
     vertex  2.538153e+01  1.234337e+01  2.350000e+01
   endloop
 endfacet
 facet normal -2.643362e-01  9.644306e-01  0.000000e+00
   outer loop
     vertex  2.542684e+01  1.235446e+01  2.750000e+01
     vertex  2.547182e+01  1.236679e+01  2.350000e+01
     vertex  2.542684e+01  1.235446e+01  2.350000e+01
   endloop
 endfacet
 facet normal -2.377784e-01  9.713194e-01  0.000000e+00
   outer loop
     vertex  2.542684e+01  1.235446e+01  2.750000e+01
     vertex  2.538153e+01  1.234337e+01  2.350000e+01
     vertex  2.538153e+01  1.234337e+01  2.750000e+01
   endloop
 endfacet
 facet normal -2.643362e-01  9.644306e-01  0.000000e+00
   outer loop
     vertex  2.547182e+01  1.236679e+01  2.750000e+01
     vertex  2.547182e+01  1.236679e+01  2.350000e+01
     vertex  2.542684e+01  1.235446e+01  2.750000e+01
   endloop
 endfacet
 facet normal -2.906949e-01  9.568158e-01  0.000000e+00
   outer loop
     vertex  2.551645e+01  1.238035e+01  2.750000e+01
     vertex  2.551645e+01  1.238035e+01  2.350000e+01
     vertex  2.547182e+01  1.236679e+01  2.350000e+01
   endloop
 endfacet
 facet normal -2.906949e-01  9.568158e-01  0.000000e+00
   outer loop
     vertex  2.551645e+01  1.238035e+01  2.750000e+01
     vertex  2.547182e+01  1.236679e+01  2.350000e+01
     vertex  2.547182e+01  1.236679e+01  2.750000e+01
   endloop
 endfacet
 facet normal -3.168348e-01  9.484807e-01  0.000000e+00
   outer loop
     vertex  2.556069e+01  1.239512e+01  2.750000e+01
     vertex  2.556069e+01  1.239512e+01  2.350000e+01
     vertex  2.551645e+01  1.238035e+01  2.350000e+01
   endloop
 endfacet
 facet normal -3.168348e-01  9.484807e-01  0.000000e+00
   outer loop
     vertex  2.556069e+01  1.239512e+01  2.750000e+01
     vertex  2.551645e+01  1.238035e+01  2.350000e+01
     vertex  2.551645e+01  1.238035e+01  2.750000e+01
   endloop
 endfacet
 facet normal -3.427362e-01  9.394317e-01  0.000000e+00
   outer loop
     vertex  2.560451e+01  1.241111e+01  2.750000e+01
     vertex  2.560451e+01  1.241111e+01  2.350000e+01
     vertex  2.556069e+01  1.239512e+01  2.350000e+01
   endloop
 endfacet
 facet normal -3.427362e-01  9.394317e-01  0.000000e+00
   outer loop
     vertex  2.560451e+01  1.241111e+01  2.750000e+01
     vertex  2.556069e+01  1.239512e+01  2.350000e+01
     vertex  2.556069e+01  1.239512e+01  2.750000e+01
   endloop
 endfacet
 facet normal -3.683796e-01  9.296754e-01  0.000000e+00
   outer loop
     vertex  2.564787e+01  1.242829e+01  2.750000e+01
     vertex  2.564787e+01  1.242829e+01  2.350000e+01
     vertex  2.560451e+01  1.241111e+01  2.350000e+01
   endloop
 endfacet
 facet normal -3.683796e-01  9.296754e-01  0.000000e+00
   outer loop
     vertex  2.564787e+01  1.242829e+01  2.750000e+01
     vertex  2.560451e+01  1.241111e+01  2.350000e+01
     vertex  2.560451e+01  1.241111e+01  2.750000e+01
   endloop
 endfacet
 facet normal -3.937458e-01  9.192194e-01  0.000000e+00
   outer loop
     vertex  2.569074e+01  1.244666e+01  2.750000e+01
     vertex  2.564787e+01  1.242829e+01  2.350000e+01
     vertex  2.564787e+01  1.242829e+01  2.750000e+01
   endloop
 endfacet
 facet normal -3.937458e-01  9.192194e-01  0.000000e+00
   outer loop
     vertex  2.569074e+01  1.244666e+01  2.750000e+01
     vertex  2.569074e+01  1.244666e+01  2.350000e+01
     vertex  2.564787e+01  1.242829e+01  2.350000e+01
   endloop
 endfacet
 facet normal -4.188155e-01  9.080714e-01  0.000000e+00
   outer loop
     vertex  2.573310e+01  1.246619e+01  2.750000e+01
     vertex  2.569074e+01  1.244666e+01  2.350000e+01
     vertex  2.569074e+01  1.244666e+01  2.750000e+01
   endloop
 endfacet
 facet normal -4.188155e-01  9.080714e-01  0.000000e+00
   outer loop
     vertex  2.573310e+01  1.246619e+01  2.750000e+01
     vertex  2.573310e+01  1.246619e+01  2.350000e+01
     vertex  2.569074e+01  1.244666e+01  2.350000e+01
   endloop
 endfacet
 facet normal -4.435699e-01  8.962398e-01  0.000000e+00
   outer loop
     vertex  2.577490e+01  1.248688e+01  2.750000e+01
     vertex  2.573310e+01  1.246619e+01  2.350000e+01
     vertex  2.573310e+01  1.246619e+01  2.750000e+01
   endloop
 endfacet
 facet normal -4.435699e-01  8.962398e-01  0.000000e+00
   outer loop
     vertex  2.577490e+01  1.248688e+01  2.750000e+01
     vertex  2.577490e+01  1.248688e+01  2.350000e+01
     vertex  2.573310e+01  1.246619e+01  2.350000e+01
   endloop
 endfacet
 facet normal -4.679904e-01  8.837335e-01  0.000000e+00
   outer loop
     vertex  2.581612e+01  1.250871e+01  2.750000e+01
     vertex  2.577490e+01  1.248688e+01  2.350000e+01
     vertex  2.577490e+01  1.248688e+01  2.750000e+01
   endloop
 endfacet
 facet normal -4.679904e-01  8.837335e-01  0.000000e+00
   outer loop
     vertex  2.581612e+01  1.250871e+01  2.750000e+01
     vertex  2.581612e+01  1.250871e+01  2.350000e+01
     vertex  2.577490e+01  1.248688e+01  2.350000e+01
   endloop
 endfacet
 facet normal -4.920587e-01  8.705620e-01  0.000000e+00
   outer loop
     vertex  2.585672e+01  1.253166e+01  2.750000e+01
     vertex  2.585672e+01  1.253166e+01  2.350000e+01
     vertex  2.581612e+01  1.250871e+01  2.350000e+01
   endloop
 endfacet
 facet normal -4.920587e-01  8.705620e-01  0.000000e+00
   outer loop
     vertex  2.585672e+01  1.253166e+01  2.750000e+01
     vertex  2.581612e+01  1.250871e+01  2.350000e+01
     vertex  2.581612e+01  1.250871e+01  2.750000e+01
   endloop
 endfacet
 facet normal -5.157565e-01  8.567352e-01  0.000000e+00
   outer loop
     vertex  2.589668e+01  1.255572e+01  2.750000e+01
     vertex  2.589668e+01  1.255572e+01  2.350000e+01
     vertex  2.585672e+01  1.253166e+01  2.350000e+01
   endloop
 endfacet
 facet normal -5.157565e-01  8.567352e-01  0.000000e+00
   outer loop
     vertex  2.589668e+01  1.255572e+01  2.750000e+01
     vertex  2.585672e+01  1.253166e+01  2.350000e+01
     vertex  2.585672e+01  1.253166e+01  2.750000e+01
   endloop
 endfacet
 facet normal -5.390661e-01  8.422635e-01  0.000000e+00
   outer loop
     vertex  2.593597e+01  1.258086e+01  2.750000e+01
     vertex  2.593597e+01  1.258086e+01  2.350000e+01
     vertex  2.589668e+01  1.255572e+01  2.350000e+01
   endloop
 endfacet
 facet normal -5.390661e-01  8.422635e-01  0.000000e+00
   outer loop
     vertex  2.593597e+01  1.258086e+01  2.750000e+01
     vertex  2.589668e+01  1.255572e+01  2.350000e+01
     vertex  2.589668e+01  1.255572e+01  2.750000e+01
   endloop
 endfacet
 facet normal -5.619699e-01  8.271577e-01  0.000000e+00
   outer loop
     vertex  2.597455e+01  1.260707e+01  2.750000e+01
     vertex  2.597455e+01  1.260707e+01  2.350000e+01
     vertex  2.593597e+01  1.258086e+01  2.350000e+01
   endloop
 endfacet
 facet normal -5.844507e-01  8.114292e-01  0.000000e+00
   outer loop
     vertex  2.597455e+01  1.260707e+01  2.750000e+01
     vertex  2.601240e+01  1.263433e+01  2.350000e+01
     vertex  2.597455e+01  1.260707e+01  2.350000e+01
   endloop
 endfacet
 facet normal -5.619699e-01  8.271577e-01  0.000000e+00
   outer loop
     vertex  2.597455e+01  1.260707e+01  2.750000e+01
     vertex  2.593597e+01  1.258086e+01  2.350000e+01
     vertex  2.593597e+01  1.258086e+01  2.750000e+01
   endloop
 endfacet
 facet normal -5.844507e-01  8.114292e-01  0.000000e+00
   outer loop
     vertex  2.601240e+01  1.263433e+01  2.750000e+01
     vertex  2.601240e+01  1.263433e+01  2.350000e+01
     vertex  2.597455e+01  1.260707e+01  2.750000e+01
   endloop
 endfacet
 facet normal -6.064915e-01  7.950900e-01  0.000000e+00
   outer loop
     vertex  2.604948e+01  1.266262e+01  2.750000e+01
     vertex  2.604948e+01  1.266262e+01  2.350000e+01
     vertex  2.601240e+01  1.263433e+01  2.350000e+01
   endloop
 endfacet
 facet normal -6.064915e-01  7.950900e-01  0.000000e+00
   outer loop
     vertex  2.604948e+01  1.266262e+01  2.750000e+01
     vertex  2.601240e+01  1.263433e+01  2.350000e+01
     vertex  2.601240e+01  1.263433e+01  2.750000e+01
   endloop
 endfacet
 facet normal -6.280757e-01  7.781522e-01  0.000000e+00
   outer loop
     vertex  2.608578e+01  1.269191e+01  2.750000e+01
     vertex  2.608578e+01  1.269191e+01  2.350000e+01
     vertex  2.604948e+01  1.266262e+01  2.350000e+01
   endloop
 endfacet
 facet normal -6.280757e-01  7.781522e-01  0.000000e+00
   outer loop
     vertex  2.608578e+01  1.269191e+01  2.750000e+01
     vertex  2.604948e+01  1.266262e+01  2.350000e+01
     vertex  2.604948e+01  1.266262e+01  2.750000e+01
   endloop
 endfacet
 facet normal -6.491872e-01  7.606287e-01  0.000000e+00
   outer loop
     vertex  2.612125e+01  1.272219e+01  2.750000e+01
     vertex  2.612125e+01  1.272219e+01  2.350000e+01
     vertex  2.608578e+01  1.269191e+01  2.350000e+01
   endloop
 endfacet
 facet normal -6.491872e-01  7.606287e-01  0.000000e+00
   outer loop
     vertex  2.612125e+01  1.272219e+01  2.750000e+01
     vertex  2.608578e+01  1.269191e+01  2.350000e+01
     vertex  2.608578e+01  1.269191e+01  2.750000e+01
   endloop
 endfacet
 facet normal -6.698100e-01  7.425325e-01  0.000000e+00
   outer loop
     vertex  2.615589e+01  1.275343e+01  2.750000e+01
     vertex  2.615589e+01  1.275343e+01  2.350000e+01
     vertex  2.612125e+01  1.272219e+01  2.350000e+01
   endloop
 endfacet
 facet normal -6.698100e-01  7.425325e-01  0.000000e+00
   outer loop
     vertex  2.615589e+01  1.275343e+01  2.750000e+01
     vertex  2.612125e+01  1.272219e+01  2.350000e+01
     vertex  2.612125e+01  1.272219e+01  2.750000e+01
   endloop
 endfacet
 facet normal -6.899286e-01  7.238775e-01  0.000000e+00
   outer loop
     vertex  2.618965e+01  1.278561e+01  2.750000e+01
     vertex  2.618965e+01  1.278561e+01  2.350000e+01
     vertex  2.615589e+01  1.275343e+01  2.350000e+01
   endloop
 endfacet
 facet normal -7.095278e-01  7.046775e-01  0.000000e+00
   outer loop
     vertex  2.618965e+01  1.278561e+01  2.750000e+01
     vertex  2.622252e+01  1.281871e+01  2.350000e+01
     vertex  2.618965e+01  1.278561e+01  2.350000e+01
   endloop
 endfacet
 facet normal -6.899286e-01  7.238775e-01  0.000000e+00
   outer loop
     vertex  2.618965e+01  1.278561e+01  2.750000e+01
     vertex  2.615589e+01  1.275343e+01  2.350000e+01
     vertex  2.615589e+01  1.275343e+01  2.750000e+01
   endloop
 endfacet
 facet normal -7.095278e-01  7.046775e-01  0.000000e+00
   outer loop
     vertex  2.622252e+01  1.281871e+01  2.750000e+01
     vertex  2.622252e+01  1.281871e+01  2.350000e+01
     vertex  2.618965e+01  1.278561e+01  2.750000e+01
   endloop
 endfacet
 facet normal -7.285929e-01  6.849470e-01  0.000000e+00
   outer loop
     vertex  2.625447e+01  1.285269e+01  2.750000e+01
     vertex  2.625447e+01  1.285269e+01  2.350000e+01
     vertex  2.622252e+01  1.281871e+01  2.350000e+01
   endloop
 endfacet
 facet normal -7.471095e-01  6.647010e-01  0.000000e+00
   outer loop
     vertex  2.625447e+01  1.285269e+01  2.750000e+01
     vertex  2.628547e+01  1.288754e+01  2.350000e+01
     vertex  2.625447e+01  1.285269e+01  2.350000e+01
   endloop
 endfacet
 facet normal -7.285929e-01  6.849470e-01  0.000000e+00
   outer loop
     vertex  2.625447e+01  1.285269e+01  2.750000e+01
     vertex  2.622252e+01  1.281871e+01  2.350000e+01
     vertex  2.622252e+01  1.281871e+01  2.750000e+01
   endloop
 endfacet
 facet normal -7.471095e-01  6.647010e-01  0.000000e+00
   outer loop
     vertex  2.628547e+01  1.288754e+01  2.750000e+01
     vertex  2.628547e+01  1.288754e+01  2.350000e+01
     vertex  2.625447e+01  1.285269e+01  2.750000e+01
   endloop
 endfacet
 facet normal -7.650637e-01  6.439545e-01  0.000000e+00
   outer loop
     vertex  2.631550e+01  1.292322e+01  2.750000e+01
     vertex  2.631550e+01  1.292322e+01  2.350000e+01
     vertex  2.628547e+01  1.288754e+01  2.350000e+01
   endloop
 endfacet
 facet normal -7.650637e-01  6.439545e-01  0.000000e+00
   outer loop
     vertex  2.631550e+01  1.292322e+01  2.750000e+01
     vertex  2.628547e+01  1.288754e+01  2.350000e+01
     vertex  2.628547e+01  1.288754e+01  2.750000e+01
   endloop
 endfacet
 facet normal -7.824421e-01  6.227234e-01  0.000000e+00
   outer loop
     vertex  2.634455e+01  1.295972e+01  2.750000e+01
     vertex  2.634455e+01  1.295972e+01  2.350000e+01
     vertex  2.631550e+01  1.292322e+01  2.350000e+01
   endloop
 endfacet
 facet normal -7.824421e-01  6.227234e-01  0.000000e+00
   outer loop
     vertex  2.634455e+01  1.295972e+01  2.750000e+01
     vertex  2.631550e+01  1.292322e+01  2.350000e+01
     vertex  2.631550e+01  1.292322e+01  2.750000e+01
   endloop
 endfacet
 facet normal -7.992314e-01  6.010234e-01  0.000000e+00
   outer loop
     vertex  2.637258e+01  1.299700e+01  2.750000e+01
     vertex  2.637258e+01  1.299700e+01  2.350000e+01
     vertex  2.634455e+01  1.295972e+01  2.350000e+01
   endloop
 endfacet
 facet normal -8.154191e-01  5.788711e-01  0.000000e+00
   outer loop
     vertex  2.637258e+01  1.299700e+01  2.750000e+01
     vertex  2.639958e+01  1.303503e+01  2.350000e+01
     vertex  2.637258e+01  1.299700e+01  2.350000e+01
   endloop
 endfacet
 facet normal -7.992314e-01  6.010234e-01  0.000000e+00
   outer loop
     vertex  2.637258e+01  1.299700e+01  2.750000e+01
     vertex  2.634455e+01  1.295972e+01  2.350000e+01
     vertex  2.634455e+01  1.295972e+01  2.750000e+01
   endloop
 endfacet
 facet normal -8.154191e-01  5.788711e-01  0.000000e+00
   outer loop
     vertex  2.639958e+01  1.303503e+01  2.750000e+01
     vertex  2.639958e+01  1.303503e+01  2.350000e+01
     vertex  2.637258e+01  1.299700e+01  2.750000e+01
   endloop
 endfacet
 facet normal -8.309929e-01  5.562829e-01  0.000000e+00
   outer loop
     vertex  2.642553e+01  1.307379e+01  2.750000e+01
     vertex  2.642553e+01  1.307379e+01  2.350000e+01
     vertex  2.639958e+01  1.303503e+01  2.350000e+01
   endloop
 endfacet
 facet normal -8.309929e-01  5.562829e-01  0.000000e+00
   outer loop
     vertex  2.642553e+01  1.307379e+01  2.750000e+01
     vertex  2.639958e+01  1.303503e+01  2.350000e+01
     vertex  2.639958e+01  1.303503e+01  2.750000e+01
   endloop
 endfacet
 facet normal -8.459413e-01  5.332761e-01  0.000000e+00
   outer loop
     vertex  2.645040e+01  1.311324e+01  2.750000e+01
     vertex  2.645040e+01  1.311324e+01  2.350000e+01
     vertex  2.642553e+01  1.307379e+01  2.350000e+01
   endloop
 endfacet
 facet normal -8.459413e-01  5.332761e-01  0.000000e+00
   outer loop
     vertex  2.645040e+01  1.311324e+01  2.750000e+01
     vertex  2.642553e+01  1.307379e+01  2.350000e+01
     vertex  2.642553e+01  1.307379e+01  2.750000e+01
   endloop
 endfacet
 facet normal -8.602528e-01  5.098678e-01  0.000000e+00
   outer loop
     vertex  2.647418e+01  1.315337e+01  2.750000e+01
     vertex  2.647418e+01  1.315337e+01  2.350000e+01
     vertex  2.645040e+01  1.311324e+01  2.350000e+01
   endloop
 endfacet
 facet normal -8.602528e-01  5.098678e-01  0.000000e+00
   outer loop
     vertex  2.647418e+01  1.315337e+01  2.750000e+01
     vertex  2.645040e+01  1.311324e+01  2.350000e+01
     vertex  2.645040e+01  1.311324e+01  2.750000e+01
   endloop
 endfacet
 facet normal -8.739167e-01  4.860756e-01  0.000000e+00
   outer loop
     vertex  2.649685e+01  1.319413e+01  2.750000e+01
     vertex  2.649685e+01  1.319413e+01  2.350000e+01
     vertex  2.647418e+01  1.315337e+01  2.350000e+01
   endloop
 endfacet
 facet normal -8.739167e-01  4.860756e-01  0.000000e+00
   outer loop
     vertex  2.649685e+01  1.319413e+01  2.750000e+01
     vertex  2.647418e+01  1.315337e+01  2.350000e+01
     vertex  2.647418e+01  1.315337e+01  2.750000e+01
   endloop
 endfacet
 facet normal -8.869228e-01  4.619176e-01  0.000000e+00
   outer loop
     vertex  2.651840e+01  1.323550e+01  2.750000e+01
     vertex  2.649685e+01  1.319413e+01  2.350000e+01
     vertex  2.649685e+01  1.319413e+01  2.750000e+01
   endloop
 endfacet
 facet normal -8.869228e-01  4.619176e-01  0.000000e+00
   outer loop
     vertex  2.651840e+01  1.323550e+01  2.750000e+01
     vertex  2.651840e+01  1.323550e+01  2.350000e+01
     vertex  2.649685e+01  1.319413e+01  2.350000e+01
   endloop
 endfacet
 facet normal -8.992613e-01  4.374119e-01  0.000000e+00
   outer loop
     vertex  2.651840e+01  1.323550e+01  2.750000e+01
     vertex  2.653880e+01  1.327744e+01  2.350000e+01
     vertex  2.651840e+01  1.323550e+01  2.350000e+01
   endloop
 endfacet
 facet normal -8.992613e-01  4.374119e-01  0.000000e+00
   outer loop
     vertex  2.653880e+01  1.327744e+01  2.750000e+01
     vertex  2.653880e+01  1.327744e+01  2.350000e+01
     vertex  2.651840e+01  1.323550e+01  2.750000e+01
   endloop
 endfacet
 facet normal -9.109228e-01  4.125769e-01  0.000000e+00
   outer loop
     vertex  2.655804e+01  1.331993e+01  2.750000e+01
     vertex  2.653880e+01  1.327744e+01  2.350000e+01
     vertex  2.653880e+01  1.327744e+01  2.750000e+01
   endloop
 endfacet
 facet normal -9.109228e-01  4.125769e-01  0.000000e+00
   outer loop
     vertex  2.655804e+01  1.331993e+01  2.750000e+01
     vertex  2.655804e+01  1.331993e+01  2.350000e+01
     vertex  2.653880e+01  1.327744e+01  2.350000e+01
   endloop
 endfacet
 facet normal -9.218986e-01  3.874313e-01  0.000000e+00
   outer loop
     vertex  2.657612e+01  1.336293e+01  2.750000e+01
     vertex  2.655804e+01  1.331993e+01  2.350000e+01
     vertex  2.655804e+01  1.331993e+01  2.750000e+01
   endloop
 endfacet
 facet normal -9.218986e-01  3.874313e-01  0.000000e+00
   outer loop
     vertex  2.657612e+01  1.336293e+01  2.750000e+01
     vertex  2.657612e+01  1.336293e+01  2.350000e+01
     vertex  2.655804e+01  1.331993e+01  2.350000e+01
   endloop
 endfacet
 facet normal -9.321804e-01  3.619940e-01  0.000000e+00
   outer loop
     vertex  2.659300e+01  1.340641e+01  2.750000e+01
     vertex  2.657612e+01  1.336293e+01  2.350000e+01
     vertex  2.657612e+01  1.336293e+01  2.750000e+01
   endloop
 endfacet
 facet normal -9.321804e-01  3.619940e-01  0.000000e+00
   outer loop
     vertex  2.659300e+01  1.340641e+01  2.750000e+01
     vertex  2.659300e+01  1.340641e+01  2.350000e+01
     vertex  2.657612e+01  1.336293e+01  2.350000e+01
   endloop
 endfacet
 facet normal -9.417605e-01  3.362843e-01  0.000000e+00
   outer loop
     vertex  2.660868e+01  1.345033e+01  2.750000e+01
     vertex  2.659300e+01  1.340641e+01  2.350000e+01
     vertex  2.659300e+01  1.340641e+01  2.750000e+01
   endloop
 endfacet
 facet normal -9.417605e-01  3.362843e-01  0.000000e+00
   outer loop
     vertex  2.660868e+01  1.345033e+01  2.750000e+01
     vertex  2.660868e+01  1.345033e+01  2.350000e+01
     vertex  2.659300e+01  1.340641e+01  2.350000e+01
   endloop
 endfacet
 facet normal -9.506317e-01  3.103214e-01  0.000000e+00
   outer loop
     vertex  2.662316e+01  1.349467e+01  2.750000e+01
     vertex  2.660868e+01  1.345033e+01  2.350000e+01
     vertex  2.660868e+01  1.345033e+01  2.750000e+01
   endloop
 endfacet
 facet normal -9.506317e-01  3.103214e-01  0.000000e+00
   outer loop
     vertex  2.662316e+01  1.349467e+01  2.750000e+01
     vertex  2.662316e+01  1.349467e+01  2.350000e+01
     vertex  2.660868e+01  1.345033e+01  2.350000e+01
   endloop
 endfacet
 facet normal -9.587873e-01  2.841250e-01  0.000000e+00
   outer loop
     vertex  2.663641e+01  1.353939e+01  2.750000e+01
     vertex  2.662316e+01  1.349467e+01  2.350000e+01
     vertex  2.662316e+01  1.349467e+01  2.750000e+01
   endloop
 endfacet
 facet normal -9.587873e-01  2.841250e-01  0.000000e+00
   outer loop
     vertex  2.663641e+01  1.353939e+01  2.750000e+01
     vertex  2.663641e+01  1.353939e+01  2.350000e+01
     vertex  2.662316e+01  1.349467e+01  2.350000e+01
   endloop
 endfacet
 facet normal -9.662211e-01  2.577146e-01  0.000000e+00
   outer loop
     vertex  2.664843e+01  1.358446e+01  2.750000e+01
     vertex  2.663641e+01  1.353939e+01  2.350000e+01
     vertex  2.663641e+01  1.353939e+01  2.750000e+01
   endloop
 endfacet
 facet normal -9.662211e-01  2.577146e-01  0.000000e+00
   outer loop
     vertex  2.664843e+01  1.358446e+01  2.750000e+01
     vertex  2.664843e+01  1.358446e+01  2.350000e+01
     vertex  2.663641e+01  1.353939e+01  2.350000e+01
   endloop
 endfacet
 facet normal -9.729276e-01  2.311102e-01  0.000000e+00
   outer loop
     vertex  2.665921e+01  1.362984e+01  2.750000e+01
     vertex  2.664843e+01  1.358446e+01  2.350000e+01
     vertex  2.664843e+01  1.358446e+01  2.750000e+01
   endloop
 endfacet
 facet normal -9.729276e-01  2.311102e-01  0.000000e+00
   outer loop
     vertex  2.665921e+01  1.362984e+01  2.750000e+01
     vertex  2.665921e+01  1.362984e+01  2.350000e+01
     vertex  2.664843e+01  1.358446e+01  2.350000e+01
   endloop
 endfacet
 facet normal -9.789017e-01  2.043319e-01  0.000000e+00
   outer loop
     vertex  2.666874e+01  1.367550e+01  2.750000e+01
     vertex  2.665921e+01  1.362984e+01  2.350000e+01
     vertex  2.665921e+01  1.362984e+01  2.750000e+01
   endloop
 endfacet
 facet normal -9.789017e-01  2.043319e-01  0.000000e+00
   outer loop
     vertex  2.666874e+01  1.367550e+01  2.750000e+01
     vertex  2.666874e+01  1.367550e+01  2.350000e+01
     vertex  2.665921e+01  1.362984e+01  2.350000e+01
   endloop
 endfacet
 facet normal -9.841389e-01  1.773998e-01  0.000000e+00
   outer loop
     vertex  2.667702e+01  1.372140e+01  2.750000e+01
     vertex  2.666874e+01  1.367550e+01  2.350000e+01
     vertex  2.666874e+01  1.367550e+01  2.750000e+01
   endloop
 endfacet
 facet normal -9.841389e-01  1.773998e-01  0.000000e+00
   outer loop
     vertex  2.667702e+01  1.372140e+01  2.750000e+01
     vertex  2.667702e+01  1.372140e+01  2.350000e+01
     vertex  2.666874e+01  1.367550e+01  2.350000e+01
   endloop
 endfacet
 facet normal -9.886353e-01  1.503341e-01  0.000000e+00
   outer loop
     vertex  2.667702e+01  1.372140e+01  2.750000e+01
     vertex  2.668403e+01  1.376751e+01  2.350000e+01
     vertex  2.667702e+01  1.372140e+01  2.350000e+01
   endloop
 endfacet
 facet normal -9.886353e-01  1.503341e-01  0.000000e+00
   outer loop
     vertex  2.668403e+01  1.376751e+01  2.750000e+01
     vertex  2.668403e+01  1.376751e+01  2.350000e+01
     vertex  2.667702e+01  1.372140e+01  2.750000e+01
   endloop
 endfacet
 facet normal -9.923874e-01  1.231552e-01  0.000000e+00
   outer loop
     vertex  2.668977e+01  1.381380e+01  2.750000e+01
     vertex  2.668977e+01  1.381380e+01  2.350000e+01
     vertex  2.668403e+01  1.376751e+01  2.350000e+01
   endloop
 endfacet
 facet normal -9.923874e-01  1.231552e-01  0.000000e+00
   outer loop
     vertex  2.668977e+01  1.381380e+01  2.750000e+01
     vertex  2.668403e+01  1.376751e+01  2.350000e+01
     vertex  2.668403e+01  1.376751e+01  2.750000e+01
   endloop
 endfacet
 facet normal -9.953925e-01  9.588368e-02  0.000000e+00
   outer loop
     vertex  2.669424e+01  1.386023e+01  2.750000e+01
     vertex  2.669424e+01  1.386023e+01  2.350000e+01
     vertex  2.668977e+01  1.381380e+01  2.350000e+01
   endloop
 endfacet
 facet normal -9.953925e-01  9.588368e-02  0.000000e+00
   outer loop
     vertex  2.669424e+01  1.386023e+01  2.750000e+01
     vertex  2.668977e+01  1.381380e+01  2.350000e+01
     vertex  2.668977e+01  1.381380e+01  2.750000e+01
   endloop
 endfacet
 facet normal -9.976484e-01  6.853995e-02  0.000000e+00
   outer loop
     vertex  2.669744e+01  1.390676e+01  2.750000e+01
     vertex  2.669744e+01  1.390676e+01  2.350000e+01
     vertex  2.669424e+01  1.386023e+01  2.350000e+01
   endloop
 endfacet
 facet normal -9.976484e-01  6.853995e-02  0.000000e+00
   outer loop
     vertex  2.669744e+01  1.390676e+01  2.750000e+01
     vertex  2.669424e+01  1.386023e+01  2.350000e+01
     vertex  2.669424e+01  1.386023e+01  2.750000e+01
   endloop
 endfacet
 facet normal -9.991532e-01  4.114462e-02  0.000000e+00
   outer loop
     vertex  2.669936e+01  1.395336e+01  2.750000e+01
     vertex  2.669936e+01  1.395336e+01  2.350000e+01
     vertex  2.669744e+01  1.390676e+01  2.350000e+01
   endloop
 endfacet
 facet normal -9.991532e-01  4.114462e-02  0.000000e+00
   outer loop
     vertex  2.669936e+01  1.395336e+01  2.750000e+01
     vertex  2.669744e+01  1.390676e+01  2.350000e+01
     vertex  2.669744e+01  1.390676e+01  2.750000e+01
   endloop
 endfacet
 facet normal -9.999059e-01  1.371831e-02  0.000000e+00
   outer loop
     vertex  2.670000e+01  1.400000e+01  2.750000e+01
     vertex  2.670000e+01  1.400000e+01  2.350000e+01
     vertex  2.669936e+01  1.395336e+01  2.350000e+01
   endloop
 endfacet
 facet normal -9.999059e-01  1.371831e-02  0.000000e+00
   outer loop
     vertex  2.670000e+01  1.400000e+01  2.750000e+01
     vertex  2.669936e+01  1.395336e+01  2.350000e+01
     vertex  2.669936e+01  1.395336e+01  2.750000e+01
   endloop
 endfacet
 facet normal  0.000000e+00  0.000000e+00  1.000000e+00
   outer loop
     vertex  2.382712e+01  2.476941e+01  2.750000e+01
     vertex  2.269403e+01  2.370980e+01  2.750000e+01
     vertex  2.275773e+01  2.364740e+01  2.750000e+01
   endloop
 endfacet
 facet normal  0.000000e+00  0.000000e+00  1.000000e+00
   outer loop
     vertex  2.382712e+01  2.476941e+01  2.750000e+01
     vertex  2.379380e+01  2.480205e+01  2.750000e+01
     vertex  2.269403e+01  2.370980e+01  2.750000e+01
   endloop
 endfacet
 facet normal  0.000000e+00  0.000000e+00  1.000000e+00
   outer loop
     vertex  2.376139e+01  2.483559e+01  2.750000e+01
     vertex  2.263207e+01  2.377392e+01  2.750000e+01
     vertex  2.269403e+01  2.370980e+01  2.750000e+01
   endloop
 endfacet
 facet normal  0.000000e+00  0.000000e+00  1.000000e+00
   outer loop
     vertex  2.376139e+01  2.483559e+01  2.750000e+01
     vertex  2.269403e+01  2.370980e+01  2.750000e+01
     vertex  2.379380e+01  2.480205e+01  2.750000e+01
   endloop
 endfacet
 facet normal  0.000000e+00  0.000000e+00  1.000000e+00
   outer loop
     vertex  2.386132e+01  2.473769e+01  2.750000e+01
     vertex  2.275773e+01  2.364740e+01  2.750000e+01
     vertex  2.282312e+01  2.358677e+01  2.750000e+01
   endloop
 endfacet
 facet normal  0.000000e+00  0.000000e+00  1.000000e+00
   outer loop
     vertex  2.386132e+01  2.473769e+01  2.750000e+01
     vertex  2.382712e+01  2.476941e+01  2.750000e+01
     vertex  2.275773e+01  2.364740e+01  2.750000e+01
   endloop
 endfacet
 facet normal  0.000000e+00  0.000000e+00  1.000000e+00
   outer loop
     vertex  2.372991e+01  2.487001e+01  2.750000e+01
     vertex  2.263207e+01  2.377392e+01  2.750000e+01
     vertex  2.376139e+01  2.483559e+01  2.750000e+01
   endloop
 endfacet
 facet normal  0.000000e+00  0.000000e+00  1.000000e+00
   outer loop
     vertex  2.372991e+01  2.487001e+01  2.750000e+01
     vertex  2.257189e+01  2.383972e+01  2.750000e+01
     vertex  2.263207e+01  2.377392e+01  2.750000e+01
   endloop
 endfacet
 facet normal  0.000000e+00  0.000000e+00  1.000000e+00
   outer loop
     vertex  2.389638e+01  2.470693e+01  2.750000e+01
     vertex  2.386132e+01  2.473769e+01  2.750000e+01
     vertex  2.282312e+01  2.358677e+01  2.750000e+01
   endloop
 endfacet
 facet normal  0.000000e+00  0.000000e+00  1.000000e+00
   outer loop
     vertex  2.389638e+01  2.470693e+01  2.750000e+01
     vertex  2.282312e+01  2.358677e+01  2.750000e+01
     vertex  2.289014e+01  2.352796e+01  2.750000e+01
   endloop
 endfacet
 facet normal  0.000000e+00  0.000000e+00  1.000000e+00
   outer loop
     vertex  2.369939e+01  2.490528e+01  2.750000e+01
     vertex  2.257189e+01  2.383972e+01  2.750000e+01
     vertex  2.372991e+01  2.487001e+01  2.750000e+01
   endloop
 endfacet
 facet normal  0.000000e+00  0.000000e+00  1.000000e+00
   outer loop
     vertex  2.369939e+01  2.490528e+01  2.750000e+01
     vertex  2.251354e+01  2.390715e+01  2.750000e+01
     vertex  2.257189e+01  2.383972e+01  2.750000e+01
   endloop
 endfacet
 facet normal  0.000000e+00  0.000000e+00  1.000000e+00
   outer loop
     vertex  2.393227e+01  2.467714e+01  2.750000e+01
     vertex  2.389638e+01  2.470693e+01  2.750000e+01
     vertex  2.289014e+01  2.352796e+01  2.750000e+01
   endloop
 endfacet
 facet normal  0.000000e+00  0.000000e+00  1.000000e+00
   outer loop
     vertex  2.393227e+01  2.467714e+01  2.750000e+01
     vertex  2.289014e+01  2.352796e+01  2.750000e+01
     vertex  2.295875e+01  2.347101e+01  2.750000e+01
   endloop
 endfacet
 facet normal  0.000000e+00  0.000000e+00  1.000000e+00
   outer loop
     vertex  2.366985e+01  2.494137e+01  2.750000e+01
     vertex  2.251354e+01  2.390715e+01  2.750000e+01
     vertex  2.369939e+01  2.490528e+01  2.750000e+01
   endloop
 endfacet
 facet normal  0.000000e+00  0.000000e+00  1.000000e+00
   outer loop
     vertex  2.366985e+01  2.494137e+01  2.750000e+01
     vertex  2.245706e+01  2.397615e+01  2.750000e+01
     vertex  2.251354e+01  2.390715e+01  2.750000e+01
   endloop
 endfacet
 facet normal  0.000000e+00  0.000000e+00  1.000000e+00
   outer loop
     vertex  2.396896e+01  2.464835e+01  2.750000e+01
     vertex  2.393227e+01  2.467714e+01  2.750000e+01
     vertex  2.295875e+01  2.347101e+01  2.750000e+01
   endloop
 endfacet
 facet normal  0.000000e+00  0.000000e+00  1.000000e+00
   outer loop
     vertex  2.396896e+01  2.464835e+01  2.750000e+01
     vertex  2.295875e+01  2.347101e+01  2.750000e+01
     vertex  2.302890e+01  2.341596e+01  2.750000e+01
   endloop
 endfacet
 facet normal  0.000000e+00  0.000000e+00  1.000000e+00
   outer loop
     vertex  2.364131e+01  2.497826e+01  2.750000e+01
     vertex  2.245706e+01  2.397615e+01  2.750000e+01
     vertex  2.366985e+01  2.494137e+01  2.750000e+01
   endloop
 endfacet
 facet normal  0.000000e+00  0.000000e+00  1.000000e+00
   outer loop
     vertex  2.364131e+01  2.497826e+01  2.750000e+01
     vertex  2.240250e+01  2.404667e+01  2.750000e+01
     vertex  2.245706e+01  2.397615e+01  2.750000e+01
   endloop
 endfacet
 facet normal  0.000000e+00  0.000000e+00  1.000000e+00
   outer loop
     vertex  2.400643e+01  2.462057e+01  2.750000e+01
     vertex  2.396896e+01  2.464835e+01  2.750000e+01
     vertex  2.302890e+01  2.341596e+01  2.750000e+01
   endloop
 endfacet
 facet normal  0.000000e+00  0.000000e+00  1.000000e+00
   outer loop
     vertex  2.400643e+01  2.462057e+01  2.750000e+01
     vertex  2.302890e+01  2.341596e+01  2.750000e+01
     vertex  2.310054e+01  2.336285e+01  2.750000e+01
   endloop
 endfacet
 facet normal  0.000000e+00  0.000000e+00  1.000000e+00
   outer loop
     vertex  2.361379e+01  2.501592e+01  2.750000e+01
     vertex  2.234989e+01  2.411867e+01  2.750000e+01
     vertex  2.240250e+01  2.404667e+01  2.750000e+01
   endloop
 endfacet
 facet normal  0.000000e+00  0.000000e+00  1.000000e+00
   outer loop
     vertex  2.361379e+01  2.501592e+01  2.750000e+01
     vertex  2.240250e+01  2.404667e+01  2.750000e+01
     vertex  2.364131e+01  2.497826e+01  2.750000e+01
   endloop
 endfacet
 facet normal  0.000000e+00  0.000000e+00  1.000000e+00
   outer loop
     vertex  2.404465e+01  2.459383e+01  2.750000e+01
     vertex  2.310054e+01  2.336285e+01  2.750000e+01
     vertex  2.317360e+01  2.331174e+01  2.750000e+01
   endloop
 endfacet
 facet normal  0.000000e+00  0.000000e+00  1.000000e+00
   outer loop
     vertex  2.404465e+01  2.459383e+01  2.750000e+01
     vertex  2.400643e+01  2.462057e+01  2.750000e+01
     vertex  2.310054e+01  2.336285e+01  2.750000e+01
   endloop
 endfacet
 facet normal  0.000000e+00  0.000000e+00  1.000000e+00
   outer loop
     vertex  2.358731e+01  2.505432e+01  2.750000e+01
     vertex  2.229927e+01  2.419208e+01  2.750000e+01
     vertex  2.234989e+01  2.411867e+01  2.750000e+01
   endloop
 endfacet
 facet normal  0.000000e+00  0.000000e+00  1.000000e+00
   outer loop
     vertex  2.358731e+01  2.505432e+01  2.750000e+01
     vertex  2.234989e+01  2.411867e+01  2.750000e+01
     vertex  2.361379e+01  2.501592e+01  2.750000e+01
   endloop
 endfacet
 facet normal  0.000000e+00  0.000000e+00  1.000000e+00
   outer loop
     vertex  2.408359e+01  2.456815e+01  2.750000e+01
     vertex  2.404465e+01  2.459383e+01  2.750000e+01
     vertex  2.317360e+01  2.331174e+01  2.750000e+01
   endloop
 endfacet
 facet normal  0.000000e+00  0.000000e+00  1.000000e+00
   outer loop
     vertex  2.408359e+01  2.456815e+01  2.750000e+01
     vertex  2.317360e+01  2.331174e+01  2.750000e+01
     vertex  2.324804e+01  2.326264e+01  2.750000e+01
   endloop
 endfacet
 facet normal  0.000000e+00  0.000000e+00  1.000000e+00
   outer loop
     vertex  2.356190e+01  2.509343e+01  2.750000e+01
     vertex  2.225069e+01  2.426685e+01  2.750000e+01
     vertex  2.229927e+01  2.419208e+01  2.750000e+01
   endloop
 endfacet
 facet normal  0.000000e+00  0.000000e+00  1.000000e+00
   outer loop
     vertex  2.356190e+01  2.509343e+01  2.750000e+01
     vertex  2.229927e+01  2.419208e+01  2.750000e+01
     vertex  2.358731e+01  2.505432e+01  2.750000e+01
   endloop
 endfacet
 facet normal  0.000000e+00  0.000000e+00  1.000000e+00
   outer loop
     vertex  2.412321e+01  2.454355e+01  2.750000e+01
     vertex  2.408359e+01  2.456815e+01  2.750000e+01
     vertex  2.324804e+01  2.326264e+01  2.750000e+01
   endloop
 endfacet
 facet normal  0.000000e+00  0.000000e+00  1.000000e+00
   outer loop
     vertex  2.412321e+01  2.454355e+01  2.750000e+01
     vertex  2.324804e+01  2.326264e+01  2.750000e+01
     vertex  2.332379e+01  2.321561e+01  2.750000e+01
   endloop
 endfacet
 facet normal  0.000000e+00  0.000000e+00  1.000000e+00
   outer loop
     vertex  2.353757e+01  2.513322e+01  2.750000e+01
     vertex  2.225069e+01  2.426685e+01  2.750000e+01
     vertex  2.356190e+01  2.509343e+01  2.750000e+01
   endloop
 endfacet
 facet normal  0.000000e+00  0.000000e+00  1.000000e+00
   outer loop
     vertex  2.353757e+01  2.513322e+01  2.750000e+01
     vertex  2.220418e+01  2.434293e+01  2.750000e+01
     vertex  2.225069e+01  2.426685e+01  2.750000e+01
   endloop
 endfacet
 facet normal  0.000000e+00  0.000000e+00  1.000000e+00
   outer loop
     vertex  2.416350e+01  2.452004e+01  2.750000e+01
     vertex  2.412321e+01  2.454355e+01  2.750000e+01
     vertex  2.332379e+01  2.321561e+01  2.750000e+01
   endloop
 endfacet
 facet normal  0.000000e+00  0.000000e+00  1.000000e+00
   outer loop
     vertex  2.416350e+01  2.452004e+01  2.750000e+01
     vertex  2.332379e+01  2.321561e+01  2.750000e+01
     vertex  2.340081e+01  2.317067e+01  2.750000e+01
   endloop
 endfacet
 facet normal  0.000000e+00  0.000000e+00  1.000000e+00
   outer loop
     vertex  2.351434e+01  2.517367e+01  2.750000e+01
     vertex  2.215977e+01  2.442025e+01  2.750000e+01
     vertex  2.220418e+01  2.434293e+01  2.750000e+01
   endloop
 endfacet
 facet normal  0.000000e+00  0.000000e+00  1.000000e+00
   outer loop
     vertex  2.351434e+01  2.517367e+01  2.750000e+01
     vertex  2.220418e+01  2.434293e+01  2.750000e+01
     vertex  2.353757e+01  2.513322e+01  2.750000e+01
   endloop
 endfacet
 facet normal  0.000000e+00  0.000000e+00  1.000000e+00
   outer loop
     vertex  2.420442e+01  2.449765e+01  2.750000e+01
     vertex  2.340081e+01  2.317067e+01  2.750000e+01
     vertex  2.347903e+01  2.312787e+01  2.750000e+01
   endloop
 endfacet
 facet normal  0.000000e+00  0.000000e+00  1.000000e+00
   outer loop
     vertex  2.420442e+01  2.449765e+01  2.750000e+01
     vertex  2.416350e+01  2.452004e+01  2.750000e+01
     vertex  2.340081e+01  2.317067e+01  2.750000e+01
   endloop
 endfacet
 facet normal  0.000000e+00  0.000000e+00  1.000000e+00
   outer loop
     vertex  2.349223e+01  2.521474e+01  2.750000e+01
     vertex  2.211750e+01  2.449877e+01  2.750000e+01
     vertex  2.215977e+01  2.442025e+01  2.750000e+01
   endloop
 endfacet
 facet normal  0.000000e+00  0.000000e+00  1.000000e+00
   outer loop
     vertex  2.349223e+01  2.521474e+01  2.750000e+01
     vertex  2.215977e+01  2.442025e+01  2.750000e+01
     vertex  2.351434e+01  2.517367e+01  2.750000e+01
   endloop
 endfacet
 facet normal  0.000000e+00  0.000000e+00  1.000000e+00
   outer loop
     vertex  2.424593e+01  2.447639e+01  2.750000e+01
     vertex  2.420442e+01  2.449765e+01  2.750000e+01
     vertex  2.347903e+01  2.312787e+01  2.750000e+01
   endloop
 endfacet
 facet normal  0.000000e+00  0.000000e+00  1.000000e+00
   outer loop
     vertex  2.424593e+01  2.447639e+01  2.750000e+01
     vertex  2.347903e+01  2.312787e+01  2.750000e+01
     vertex  2.355840e+01  2.308722e+01  2.750000e+01
   endloop
 endfacet
 facet normal  0.000000e+00  0.000000e+00  1.000000e+00
   outer loop
     vertex  2.347126e+01  2.525640e+01  2.750000e+01
     vertex  2.207740e+01  2.457841e+01  2.750000e+01
     vertex  2.211750e+01  2.449877e+01  2.750000e+01
   endloop
 endfacet
 facet normal  0.000000e+00  0.000000e+00  1.000000e+00
   outer loop
     vertex  2.347126e+01  2.525640e+01  2.750000e+01
     vertex  2.211750e+01  2.449877e+01  2.750000e+01
     vertex  2.349223e+01  2.521474e+01  2.750000e+01
   endloop
 endfacet
 facet normal  0.000000e+00  0.000000e+00  1.000000e+00
   outer loop
     vertex  2.428801e+01  2.445628e+01  2.750000e+01
     vertex  2.424593e+01  2.447639e+01  2.750000e+01
     vertex  2.355840e+01  2.308722e+01  2.750000e+01
   endloop
 endfacet
 facet normal  0.000000e+00  0.000000e+00  1.000000e+00
   outer loop
     vertex  2.428801e+01  2.445628e+01  2.750000e+01
     vertex  2.355840e+01  2.308722e+01  2.750000e+01
     vertex  2.363885e+01  2.304877e+01  2.750000e+01
   endloop
 endfacet
 facet normal  0.000000e+00  0.000000e+00  1.000000e+00
   outer loop
     vertex  2.428801e+01  2.445628e+01  2.750000e+01
     vertex  2.363885e+01  2.304877e+01  2.750000e+01
     vertex  2.372033e+01  2.301254e+01  2.750000e+01
   endloop
 endfacet
 facet normal  0.000000e+00  0.000000e+00  1.000000e+00
   outer loop
     vertex  2.345143e+01  2.529862e+01  2.750000e+01
     vertex  2.207740e+01  2.457841e+01  2.750000e+01
     vertex  2.347126e+01  2.525640e+01  2.750000e+01
   endloop
 endfacet
 facet normal  0.000000e+00  0.000000e+00  1.000000e+00
   outer loop
     vertex  2.345143e+01  2.529862e+01  2.750000e+01
     vertex  2.203950e+01  2.465913e+01  2.750000e+01
     vertex  2.207740e+01  2.457841e+01  2.750000e+01
   endloop
 endfacet
 facet normal  0.000000e+00  0.000000e+00  1.000000e+00
   outer loop
     vertex  2.433063e+01  2.443733e+01  2.750000e+01
     vertex  2.428801e+01  2.445628e+01  2.750000e+01
     vertex  2.372033e+01  2.301254e+01  2.750000e+01
   endloop
 endfacet
 facet normal  0.000000e+00  0.000000e+00  1.000000e+00
   outer loop
     vertex  2.343277e+01  2.534137e+01  2.750000e+01
     vertex  2.203950e+01  2.465913e+01  2.750000e+01
     vertex  2.345143e+01  2.529862e+01  2.750000e+01
   endloop
 endfacet
 facet normal  0.000000e+00  0.000000e+00  1.000000e+00
   outer loop
     vertex  2.343277e+01  2.534137e+01  2.750000e+01
     vertex  2.200383e+01  2.474085e+01  2.750000e+01
     vertex  2.203950e+01  2.465913e+01  2.750000e+01
   endloop
 endfacet
 facet normal  0.000000e+00  0.000000e+00  1.000000e+00
   outer loop
     vertex  2.437375e+01  2.441955e+01  2.750000e+01
     vertex  2.372033e+01  2.301254e+01  2.750000e+01
     vertex  2.380277e+01  2.297855e+01  2.750000e+01
   endloop
 endfacet
 facet normal  0.000000e+00  0.000000e+00  1.000000e+00
   outer loop
     vertex  2.437375e+01  2.441955e+01  2.750000e+01
     vertex  2.433063e+01  2.443733e+01  2.750000e+01
     vertex  2.372033e+01  2.301254e+01  2.750000e+01
   endloop
 endfacet
 facet normal  0.000000e+00  0.000000e+00  1.000000e+00
   outer loop
     vertex  2.341529e+01  2.538461e+01  2.750000e+01
     vertex  2.197041e+01  2.482352e+01  2.750000e+01
     vertex  2.200383e+01  2.474085e+01  2.750000e+01
   endloop
 endfacet
 facet normal  0.000000e+00  0.000000e+00  1.000000e+00
   outer loop
     vertex  2.341529e+01  2.538461e+01  2.750000e+01
     vertex  2.200383e+01  2.474085e+01  2.750000e+01
     vertex  2.343277e+01  2.534137e+01  2.750000e+01
   endloop
 endfacet
 facet normal  0.000000e+00  0.000000e+00  1.000000e+00
   outer loop
     vertex  2.441735e+01  2.440297e+01  2.750000e+01
     vertex  2.380277e+01  2.297855e+01  2.750000e+01
     vertex  2.388611e+01  2.294685e+01  2.750000e+01
   endloop
 endfacet
 facet normal  0.000000e+00  0.000000e+00  1.000000e+00
   outer loop
     vertex  2.441735e+01  2.440297e+01  2.750000e+01
     vertex  2.437375e+01  2.441955e+01  2.750000e+01
     vertex  2.380277e+01  2.297855e+01  2.750000e+01
   endloop
 endfacet
 facet normal  0.000000e+00  0.000000e+00  1.000000e+00
   outer loop
     vertex  2.339901e+01  2.542832e+01  2.750000e+01
     vertex  2.193928e+01  2.490708e+01  2.750000e+01
     vertex  2.197041e+01  2.482352e+01  2.750000e+01
   endloop
 endfacet
 facet normal  0.000000e+00  0.000000e+00  1.000000e+00
   outer loop
     vertex  2.339901e+01  2.542832e+01  2.750000e+01
     vertex  2.197041e+01  2.482352e+01  2.750000e+01
     vertex  2.341529e+01  2.538461e+01  2.750000e+01
   endloop
 endfacet
 facet normal  0.000000e+00  0.000000e+00  1.000000e+00
   outer loop
     vertex  2.446138e+01  2.438758e+01  2.750000e+01
     vertex  2.388611e+01  2.294685e+01  2.750000e+01
     vertex  2.397029e+01  2.291744e+01  2.750000e+01
   endloop
 endfacet
 facet normal  0.000000e+00  0.000000e+00  1.000000e+00
   outer loop
     vertex  2.446138e+01  2.438758e+01  2.750000e+01
     vertex  2.441735e+01  2.440297e+01  2.750000e+01
     vertex  2.388611e+01  2.294685e+01  2.750000e+01
   endloop
 endfacet
 facet normal  0.000000e+00  0.000000e+00  1.000000e+00
   outer loop
     vertex  2.338393e+01  2.547245e+01  2.750000e+01
     vertex  2.191045e+01  2.499146e+01  2.750000e+01
     vertex  2.193928e+01  2.490708e+01  2.750000e+01
   endloop
 endfacet
 facet normal  0.000000e+00  0.000000e+00  1.000000e+00
   outer loop
     vertex  2.338393e+01  2.547245e+01  2.750000e+01
     vertex  2.193928e+01  2.490708e+01  2.750000e+01
     vertex  2.339901e+01  2.542832e+01  2.750000e+01
   endloop
 endfacet
 facet normal  0.000000e+00  0.000000e+00  1.000000e+00
   outer loop
     vertex  2.450582e+01  2.437341e+01  2.750000e+01
     vertex  2.446138e+01  2.438758e+01  2.750000e+01
     vertex  2.397029e+01  2.291744e+01  2.750000e+01
   endloop
 endfacet
 facet normal  0.000000e+00  0.000000e+00  1.000000e+00
   outer loop
     vertex  2.450582e+01  2.437341e+01  2.750000e+01
     vertex  2.397029e+01  2.291744e+01  2.750000e+01
     vertex  2.405524e+01  2.289035e+01  2.750000e+01
   endloop
 endfacet
 facet normal  0.000000e+00  0.000000e+00  1.000000e+00
   outer loop
     vertex  2.337006e+01  2.551699e+01  2.750000e+01
     vertex  2.188394e+01  2.507659e+01  2.750000e+01
     vertex  2.191045e+01  2.499146e+01  2.750000e+01
   endloop
 endfacet
 facet normal  0.000000e+00  0.000000e+00  1.000000e+00
   outer loop
     vertex  2.337006e+01  2.551699e+01  2.750000e+01
     vertex  2.191045e+01  2.499146e+01  2.750000e+01
     vertex  2.338393e+01  2.547245e+01  2.750000e+01
   endloop
 endfacet
 facet normal  0.000000e+00  0.000000e+00  1.000000e+00
   outer loop
     vertex  2.455063e+01  2.436047e+01  2.750000e+01
     vertex  2.450582e+01  2.437341e+01  2.750000e+01
     vertex  2.405524e+01  2.289035e+01  2.750000e+01
   endloop
 endfacet
 facet normal  0.000000e+00  0.000000e+00  1.000000e+00
   outer loop
     vertex  2.455063e+01  2.436047e+01  2.750000e+01
     vertex  2.405524e+01  2.289035e+01  2.750000e+01
     vertex  2.414091e+01  2.286560e+01  2.750000e+01
   endloop
 endfacet
 facet normal  0.000000e+00  0.000000e+00  1.000000e+00
   outer loop
     vertex  2.335742e+01  2.556189e+01  2.750000e+01
     vertex  2.185978e+01  2.516243e+01  2.750000e+01
     vertex  2.188394e+01  2.507659e+01  2.750000e+01
   endloop
 endfacet
 facet normal  0.000000e+00  0.000000e+00  1.000000e+00
   outer loop
     vertex  2.335742e+01  2.556189e+01  2.750000e+01
     vertex  2.188394e+01  2.507659e+01  2.750000e+01
     vertex  2.337006e+01  2.551699e+01  2.750000e+01
   endloop
 endfacet
 facet normal  0.000000e+00  0.000000e+00  1.000000e+00
   outer loop
     vertex  2.459578e+01  2.434876e+01  2.750000e+01
     vertex  2.455063e+01  2.436047e+01  2.750000e+01
     vertex  2.414091e+01  2.286560e+01  2.750000e+01
   endloop
 endfacet
 facet normal  0.000000e+00  0.000000e+00  1.000000e+00
   outer loop
     vertex  2.459578e+01  2.434876e+01  2.750000e+01
     vertex  2.414091e+01  2.286560e+01  2.750000e+01
     vertex  2.422722e+01  2.284321e+01  2.750000e+01
   endloop
 endfacet
 facet normal  0.000000e+00  0.000000e+00  1.000000e+00
   outer loop
     vertex  2.459578e+01  2.434876e+01  2.750000e+01
     vertex  2.422722e+01  2.284321e+01  2.750000e+01
     vertex  2.431411e+01  2.282320e+01  2.750000e+01
   endloop
 endfacet
 facet normal  0.000000e+00  0.000000e+00  1.000000e+00
   outer loop
     vertex  2.334602e+01  2.560711e+01  2.750000e+01
     vertex  2.185978e+01  2.516243e+01  2.750000e+01
     vertex  2.335742e+01  2.556189e+01  2.750000e+01
   endloop
 endfacet
 facet normal  0.000000e+00  0.000000e+00  1.000000e+00
   outer loop
     vertex  2.334602e+01  2.560711e+01  2.750000e+01
     vertex  2.183799e+01  2.524889e+01  2.750000e+01
     vertex  2.185978e+01  2.516243e+01  2.750000e+01
   endloop
 endfacet
 facet normal  0.000000e+00  0.000000e+00  1.000000e+00
   outer loop
     vertex  2.464123e+01  2.433829e+01  2.750000e+01
     vertex  2.459578e+01  2.434876e+01  2.750000e+01
     vertex  2.431411e+01  2.282320e+01  2.750000e+01
   endloop
 endfacet
 facet normal  0.000000e+00  0.000000e+00  1.000000e+00
   outer loop
     vertex  2.333587e+01  2.565264e+01  2.750000e+01
     vertex  2.181857e+01  2.533592e+01  2.750000e+01
     vertex  2.183799e+01  2.524889e+01  2.750000e+01
   endloop
 endfacet
 facet normal  0.000000e+00  0.000000e+00  1.000000e+00
   outer loop
     vertex  2.333587e+01  2.565264e+01  2.750000e+01
     vertex  2.183799e+01  2.524889e+01  2.750000e+01
     vertex  2.334602e+01  2.560711e+01  2.750000e+01
   endloop
 endfacet
 facet normal  0.000000e+00  0.000000e+00  1.000000e+00
   outer loop
     vertex  2.468695e+01  2.432907e+01  2.750000e+01
     vertex  2.464123e+01  2.433829e+01  2.750000e+01
     vertex  2.431411e+01  2.282320e+01  2.750000e+01
   endloop
 endfacet
 facet normal  0.000000e+00  0.000000e+00  1.000000e+00
   outer loop
     vertex  2.468695e+01  2.432907e+01  2.750000e+01
     vertex  2.431411e+01  2.282320e+01  2.750000e+01
     vertex  2.440153e+01  2.280558e+01  2.750000e+01
   endloop
 endfacet
 facet normal  0.000000e+00  0.000000e+00  1.000000e+00
   outer loop
     vertex  2.332696e+01  2.569842e+01  2.750000e+01
     vertex  2.181857e+01  2.533592e+01  2.750000e+01
     vertex  2.333587e+01  2.565264e+01  2.750000e+01
   endloop
 endfacet
 facet normal  0.000000e+00  0.000000e+00  1.000000e+00
   outer loop
     vertex  2.332696e+01  2.569842e+01  2.750000e+01
     vertex  2.180155e+01  2.542345e+01  2.750000e+01
     vertex  2.181857e+01  2.533592e+01  2.750000e+01
   endloop
 endfacet
 facet normal  0.000000e+00  0.000000e+00  1.000000e+00
   outer loop
     vertex  2.473291e+01  2.432111e+01  2.750000e+01
     vertex  2.440153e+01  2.280558e+01  2.750000e+01
     vertex  2.448939e+01  2.279036e+01  2.750000e+01
   endloop
 endfacet
 facet normal  0.000000e+00  0.000000e+00  1.000000e+00
   outer loop
     vertex  2.473291e+01  2.432111e+01  2.750000e+01
     vertex  2.468695e+01  2.432907e+01  2.750000e+01
     vertex  2.440153e+01  2.280558e+01  2.750000e+01
   endloop
 endfacet
 facet normal  0.000000e+00  0.000000e+00  1.000000e+00
   outer loop
     vertex  2.331932e+01  2.574443e+01  2.750000e+01
     vertex  2.180155e+01  2.542345e+01  2.750000e+01
     vertex  2.332696e+01  2.569842e+01  2.750000e+01
   endloop
 endfacet
 facet normal  0.000000e+00  0.000000e+00  1.000000e+00
   outer loop
     vertex  2.331932e+01  2.574443e+01  2.750000e+01
     vertex  2.178694e+01  2.551141e+01  2.750000e+01
     vertex  2.180155e+01  2.542345e+01  2.750000e+01
   endloop
 endfacet
 facet normal  0.000000e+00  0.000000e+00  1.000000e+00
   outer loop
     vertex  2.477907e+01  2.431442e+01  2.750000e+01
     vertex  2.473291e+01  2.432111e+01  2.750000e+01
     vertex  2.448939e+01  2.279036e+01  2.750000e+01
   endloop
 endfacet
 facet normal  0.000000e+00  0.000000e+00  1.000000e+00
   outer loop
     vertex  2.477907e+01  2.431442e+01  2.750000e+01
     vertex  2.448939e+01  2.279036e+01  2.750000e+01
     vertex  2.457763e+01  2.277756e+01  2.750000e+01
   endloop
 endfacet
 facet normal  0.000000e+00  0.000000e+00  1.000000e+00
   outer loop
     vertex  2.477907e+01  2.431442e+01  2.750000e+01
     vertex  2.457763e+01  2.277756e+01  2.750000e+01
     vertex  2.466620e+01  2.276719e+01  2.750000e+01
   endloop
 endfacet
 facet normal  0.000000e+00  0.000000e+00  1.000000e+00
   outer loop
     vertex  2.331294e+01  2.579064e+01  2.750000e+01
     vertex  2.177474e+01  2.559975e+01  2.750000e+01
     vertex  2.178694e+01  2.551141e+01  2.750000e+01
   endloop
 endfacet
 facet normal  0.000000e+00  0.000000e+00  1.000000e+00
   outer loop
     vertex  2.331294e+01  2.579064e+01  2.750000e+01
     vertex  2.178694e+01  2.551141e+01  2.750000e+01
     vertex  2.331932e+01  2.574443e+01  2.750000e+01
   endloop
 endfacet
 facet normal  0.000000e+00  0.000000e+00  1.000000e+00
   outer loop
     vertex  2.482539e+01  2.430899e+01  2.750000e+01
     vertex  2.477907e+01  2.431442e+01  2.750000e+01
     vertex  2.466620e+01  2.276719e+01  2.750000e+01
   endloop
 endfacet
 facet normal  0.000000e+00  0.000000e+00  1.000000e+00
   outer loop
     vertex  2.330783e+01  2.583700e+01  2.750000e+01
     vertex  2.176497e+01  2.568838e+01  2.750000e+01
     vertex  2.177474e+01  2.559975e+01  2.750000e+01
   endloop
 endfacet
 facet normal  0.000000e+00  0.000000e+00  1.000000e+00
   outer loop
     vertex  2.330783e+01  2.583700e+01  2.750000e+01
     vertex  2.177474e+01  2.559975e+01  2.750000e+01
     vertex  2.331294e+01  2.579064e+01  2.750000e+01
   endloop
 endfacet
 facet normal  0.000000e+00  0.000000e+00  1.000000e+00
   outer loop
     vertex  2.487185e+01  2.430484e+01  2.750000e+01
     vertex  2.466620e+01  2.276719e+01  2.750000e+01
     vertex  2.475501e+01  2.275925e+01  2.750000e+01
   endloop
 endfacet
 facet normal  0.000000e+00  0.000000e+00  1.000000e+00
   outer loop
     vertex  2.487185e+01  2.430484e+01  2.750000e+01
     vertex  2.475501e+01  2.275925e+01  2.750000e+01
     vertex  2.484401e+01  2.275375e+01  2.750000e+01
   endloop
 endfacet
 facet normal  0.000000e+00  0.000000e+00  1.000000e+00
   outer loop
     vertex  2.487185e+01  2.430484e+01  2.750000e+01
     vertex  2.482539e+01  2.430899e+01  2.750000e+01
     vertex  2.466620e+01  2.276719e+01  2.750000e+01
   endloop
 endfacet
 facet normal  0.000000e+00  0.000000e+00  1.000000e+00
   outer loop
     vertex  2.330400e+01  2.588348e+01  2.750000e+01
     vertex  2.175764e+01  2.577725e+01  2.750000e+01
     vertex  2.176497e+01  2.568838e+01  2.750000e+01
   endloop
 endfacet
 facet normal  0.000000e+00  0.000000e+00  1.000000e+00
   outer loop
     vertex  2.330400e+01  2.588348e+01  2.750000e+01
     vertex  2.176497e+01  2.568838e+01  2.750000e+01
     vertex  2.330783e+01  2.583700e+01  2.750000e+01
   endloop
 endfacet
 facet normal  0.000000e+00  0.000000e+00  1.000000e+00
   outer loop
     vertex  2.491840e+01  2.430196e+01  2.750000e+01
     vertex  2.487185e+01  2.430484e+01  2.750000e+01
     vertex  2.484401e+01  2.275375e+01  2.750000e+01
   endloop
 endfacet
 facet normal  0.000000e+00  0.000000e+00  1.000000e+00
   outer loop
     vertex  2.330144e+01  2.593005e+01  2.750000e+01
     vertex  2.175275e+01  2.586628e+01  2.750000e+01
     vertex  2.175764e+01  2.577725e+01  2.750000e+01
   endloop
 endfacet
 facet normal  0.000000e+00  0.000000e+00  1.000000e+00
   outer loop
     vertex  2.330144e+01  2.593005e+01  2.750000e+01
     vertex  2.175764e+01  2.577725e+01  2.750000e+01
     vertex  2.330400e+01  2.588348e+01  2.750000e+01
   endloop
 endfacet
 facet normal  0.000000e+00  0.000000e+00  1.000000e+00
   outer loop
     vertex  2.496502e+01  2.430036e+01  2.750000e+01
     vertex  2.491840e+01  2.430196e+01  2.750000e+01
     vertex  2.484401e+01  2.275375e+01  2.750000e+01
   endloop
 endfacet
 facet normal  0.000000e+00  0.000000e+00  1.000000e+00
   outer loop
     vertex  2.496502e+01  2.430036e+01  2.750000e+01
     vertex  2.484401e+01  2.275375e+01  2.750000e+01
     vertex  2.493313e+01  2.275069e+01  2.750000e+01
   endloop
 endfacet
 facet normal  0.000000e+00  0.000000e+00  1.000000e+00
   outer loop
     vertex  2.330016e+01  2.597668e+01  2.750000e+01
     vertex  2.175031e+01  2.595542e+01  2.750000e+01
     vertex  2.175275e+01  2.586628e+01  2.750000e+01
   endloop
 endfacet
 facet normal  0.000000e+00  0.000000e+00  1.000000e+00
   outer loop
     vertex  2.330016e+01  2.597668e+01  2.750000e+01
     vertex  2.175275e+01  2.586628e+01  2.750000e+01
     vertex  2.330144e+01  2.593005e+01  2.750000e+01
   endloop
 endfacet
 facet normal  0.000000e+00  0.000000e+00  1.000000e+00
   outer loop
     vertex  2.501166e+01  2.430004e+01  2.750000e+01
     vertex  2.496502e+01  2.430036e+01  2.750000e+01
     vertex  2.493313e+01  2.275069e+01  2.750000e+01
   endloop
 endfacet
 facet normal  0.000000e+00  0.000000e+00  1.000000e+00
   outer loop
     vertex  2.501166e+01  2.430004e+01  2.750000e+01
     vertex  2.493313e+01  2.275069e+01  2.750000e+01
     vertex  2.502229e+01  2.275008e+01  2.750000e+01
   endloop
 endfacet
 facet normal  0.000000e+00  0.000000e+00  1.000000e+00
   outer loop
     vertex  2.330016e+01  2.602332e+01  2.750000e+01
     vertex  2.175031e+01  2.604458e+01  2.750000e+01
     vertex  2.175031e+01  2.595542e+01  2.750000e+01
   endloop
 endfacet
 facet normal  0.000000e+00  0.000000e+00  1.000000e+00
   outer loop
     vertex  2.330016e+01  2.602332e+01  2.750000e+01
     vertex  2.175031e+01  2.595542e+01  2.750000e+01
     vertex  2.330016e+01  2.597668e+01  2.750000e+01
   endloop
 endfacet
 facet normal  0.000000e+00  0.000000e+00  1.000000e+00
   outer loop
     vertex  2.505829e+01  2.430100e+01  2.750000e+01
     vertex  2.501166e+01  2.430004e+01  2.750000e+01
     vertex  2.502229e+01  2.275008e+01  2.750000e+01
   endloop
 endfacet
 facet normal  0.000000e+00  0.000000e+00  1.000000e+00
   outer loop
     vertex  2.505829e+01  2.430100e+01  2.750000e+01
     vertex  2.502229e+01  2.275008e+01  2.750000e+01
     vertex  2.511144e+01  2.275191e+01  2.750000e+01
   endloop
 endfacet
 facet normal  0.000000e+00  0.000000e+00  1.000000e+00
   outer loop
     vertex  2.330144e+01  2.606995e+01  2.750000e+01
     vertex  2.175275e+01  2.613372e+01  2.750000e+01
     vertex  2.175031e+01  2.604458e+01  2.750000e+01
   endloop
 endfacet
 facet normal  0.000000e+00  0.000000e+00  1.000000e+00
   outer loop
     vertex  2.330144e+01  2.606995e+01  2.750000e+01
     vertex  2.175031e+01  2.604458e+01  2.750000e+01
     vertex  2.330016e+01  2.602332e+01  2.750000e+01
   endloop
 endfacet
 facet normal  0.000000e+00  0.000000e+00  1.000000e+00
   outer loop
     vertex  2.510488e+01  2.430324e+01  2.750000e+01
     vertex  2.505829e+01  2.430100e+01  2.750000e+01
     vertex  2.511144e+01  2.275191e+01  2.750000e+01
   endloop
 endfacet
 facet normal  0.000000e+00  0.000000e+00  1.000000e+00
   outer loop
     vertex  2.510488e+01  2.430324e+01  2.750000e+01
     vertex  2.511144e+01  2.275191e+01  2.750000e+01
     vertex  2.520051e+01  2.275619e+01  2.750000e+01
   endloop
 endfacet
 facet normal  0.000000e+00  0.000000e+00  1.000000e+00
   outer loop
     vertex  2.330400e+01  2.611652e+01  2.750000e+01
     vertex  2.175764e+01  2.622275e+01  2.750000e+01
     vertex  2.175275e+01  2.613372e+01  2.750000e+01
   endloop
 endfacet
 facet normal  0.000000e+00  0.000000e+00  1.000000e+00
   outer loop
     vertex  2.330400e+01  2.611652e+01  2.750000e+01
     vertex  2.175275e+01  2.613372e+01  2.750000e+01
     vertex  2.330144e+01  2.606995e+01  2.750000e+01
   endloop
 endfacet
 facet normal  0.000000e+00  0.000000e+00  1.000000e+00
   outer loop
     vertex  2.515139e+01  2.430675e+01  2.750000e+01
     vertex  2.510488e+01  2.430324e+01  2.750000e+01
     vertex  2.520051e+01  2.275619e+01  2.750000e+01
   endloop
 endfacet
 facet normal  0.000000e+00  0.000000e+00  1.000000e+00
   outer loop
     vertex  2.515139e+01  2.430675e+01  2.750000e+01
     vertex  2.520051e+01  2.275619e+01  2.750000e+01
     vertex  2.528942e+01  2.276291e+01  2.750000e+01
   endloop
 endfacet
 facet normal  0.000000e+00  0.000000e+00  1.000000e+00
   outer loop
     vertex  2.330783e+01  2.616300e+01  2.750000e+01
     vertex  2.176497e+01  2.631162e+01  2.750000e+01
     vertex  2.175764e+01  2.622275e+01  2.750000e+01
   endloop
 endfacet
 facet normal  0.000000e+00  0.000000e+00  1.000000e+00
   outer loop
     vertex  2.330783e+01  2.616300e+01  2.750000e+01
     vertex  2.175764e+01  2.622275e+01  2.750000e+01
     vertex  2.330400e+01  2.611652e+01  2.750000e+01
   endloop
 endfacet
 facet normal  0.000000e+00  0.000000e+00  1.000000e+00
   outer loop
     vertex  2.519779e+01  2.431154e+01  2.750000e+01
     vertex  2.515139e+01  2.430675e+01  2.750000e+01
     vertex  2.528942e+01  2.276291e+01  2.750000e+01
   endloop
 endfacet
 facet normal  0.000000e+00  0.000000e+00  1.000000e+00
   outer loop
     vertex  2.519779e+01  2.431154e+01  2.750000e+01
     vertex  2.528942e+01  2.276291e+01  2.750000e+01
     vertex  2.537812e+01  2.277207e+01  2.750000e+01
   endloop
 endfacet
 facet normal  0.000000e+00  0.000000e+00  1.000000e+00
   outer loop
     vertex  2.331294e+01  2.620936e+01  2.750000e+01
     vertex  2.177474e+01  2.640025e+01  2.750000e+01
     vertex  2.176497e+01  2.631162e+01  2.750000e+01
   endloop
 endfacet
 facet normal  0.000000e+00  0.000000e+00  1.000000e+00
   outer loop
     vertex  2.331294e+01  2.620936e+01  2.750000e+01
     vertex  2.176497e+01  2.631162e+01  2.750000e+01
     vertex  2.330783e+01  2.616300e+01  2.750000e+01
   endloop
 endfacet
 facet normal  0.000000e+00  0.000000e+00  1.000000e+00
   outer loop
     vertex  2.524403e+01  2.431761e+01  2.750000e+01
     vertex  2.519779e+01  2.431154e+01  2.750000e+01
     vertex  2.537812e+01  2.277207e+01  2.750000e+01
   endloop
 endfacet
 facet normal  0.000000e+00  0.000000e+00  1.000000e+00
   outer loop
     vertex  2.524403e+01  2.431761e+01  2.750000e+01
     vertex  2.537812e+01  2.277207e+01  2.750000e+01
     vertex  2.546653e+01  2.278366e+01  2.750000e+01
   endloop
 endfacet
 facet normal  0.000000e+00  0.000000e+00  1.000000e+00
   outer loop
     vertex  2.331932e+01  2.625557e+01  2.750000e+01
     vertex  2.178694e+01  2.648859e+01  2.750000e+01
     vertex  2.177474e+01  2.640025e+01  2.750000e+01
   endloop
 endfacet
 facet normal  0.000000e+00  0.000000e+00  1.000000e+00
   outer loop
     vertex  2.331932e+01  2.625557e+01  2.750000e+01
     vertex  2.177474e+01  2.640025e+01  2.750000e+01
     vertex  2.331294e+01  2.620936e+01  2.750000e+01
   endloop
 endfacet
 facet normal  0.000000e+00  0.000000e+00  1.000000e+00
   outer loop
     vertex  2.529010e+01  2.432493e+01  2.750000e+01
     vertex  2.524403e+01  2.431761e+01  2.750000e+01
     vertex  2.546653e+01  2.278366e+01  2.750000e+01
   endloop
 endfacet
 facet normal  0.000000e+00  0.000000e+00  1.000000e+00
   outer loop
     vertex  2.529010e+01  2.432493e+01  2.750000e+01
     vertex  2.546653e+01  2.278366e+01  2.750000e+01
     vertex  2.555460e+01  2.279767e+01  2.750000e+01
   endloop
 endfacet
 facet normal  0.000000e+00  0.000000e+00  1.000000e+00
   outer loop
     vertex  2.332696e+01  2.630158e+01  2.750000e+01
     vertex  2.181857e+01  2.666408e+01  2.750000e+01
     vertex  2.180155e+01  2.657655e+01  2.750000e+01
   endloop
 endfacet
 facet normal  0.000000e+00  0.000000e+00  1.000000e+00
   outer loop
     vertex  2.332696e+01  2.630158e+01  2.750000e+01
     vertex  2.180155e+01  2.657655e+01  2.750000e+01
     vertex  2.178694e+01  2.648859e+01  2.750000e+01
   endloop
 endfacet
 facet normal  0.000000e+00  0.000000e+00  1.000000e+00
   outer loop
     vertex  2.332696e+01  2.630158e+01  2.750000e+01
     vertex  2.178694e+01  2.648859e+01  2.750000e+01
     vertex  2.331932e+01  2.625557e+01  2.750000e+01
   endloop
 endfacet
 facet normal  0.000000e+00  0.000000e+00  1.000000e+00
   outer loop
     vertex  2.533594e+01  2.433352e+01  2.750000e+01
     vertex  2.529010e+01  2.432493e+01  2.750000e+01
     vertex  2.555460e+01  2.279767e+01  2.750000e+01
   endloop
 endfacet
 facet normal  0.000000e+00  0.000000e+00  1.000000e+00
   outer loop
     vertex  2.533594e+01  2.433352e+01  2.750000e+01
     vertex  2.555460e+01  2.279767e+01  2.750000e+01
     vertex  2.564224e+01  2.281409e+01  2.750000e+01
   endloop
 endfacet
 facet normal  0.000000e+00  0.000000e+00  1.000000e+00
   outer loop
     vertex  2.533594e+01  2.433352e+01  2.750000e+01
     vertex  2.564224e+01  2.281409e+01  2.750000e+01
     vertex  2.572940e+01  2.283291e+01  2.750000e+01
   endloop
 endfacet
 facet normal  0.000000e+00  0.000000e+00  1.000000e+00
   outer loop
     vertex  2.333587e+01  2.634736e+01  2.750000e+01
     vertex  2.181857e+01  2.666408e+01  2.750000e+01
     vertex  2.332696e+01  2.630158e+01  2.750000e+01
   endloop
 endfacet
 facet normal  0.000000e+00  0.000000e+00  1.000000e+00
   outer loop
     vertex  2.538153e+01  2.434337e+01  2.750000e+01
     vertex  2.533594e+01  2.433352e+01  2.750000e+01
     vertex  2.572940e+01  2.283291e+01  2.750000e+01
   endloop
 endfacet
 facet normal  0.000000e+00  0.000000e+00  1.000000e+00
   outer loop
     vertex  2.334602e+01  2.639289e+01  2.750000e+01
     vertex  2.183799e+01  2.675111e+01  2.750000e+01
     vertex  2.181857e+01  2.666408e+01  2.750000e+01
   endloop
 endfacet
 facet normal  0.000000e+00  0.000000e+00  1.000000e+00
   outer loop
     vertex  2.334602e+01  2.639289e+01  2.750000e+01
     vertex  2.181857e+01  2.666408e+01  2.750000e+01
     vertex  2.333587e+01  2.634736e+01  2.750000e+01
   endloop
 endfacet
 facet normal  0.000000e+00  0.000000e+00  1.000000e+00
   outer loop
     vertex  2.542684e+01  2.435446e+01  2.750000e+01
     vertex  2.538153e+01  2.434337e+01  2.750000e+01
     vertex  2.572940e+01  2.283291e+01  2.750000e+01
   endloop
 endfacet
 facet normal  0.000000e+00  0.000000e+00  1.000000e+00
   outer loop
     vertex  2.542684e+01  2.435446e+01  2.750000e+01
     vertex  2.572940e+01  2.283291e+01  2.750000e+01
     vertex  2.581601e+01  2.285411e+01  2.750000e+01
   endloop
 endfacet
 facet normal  0.000000e+00  0.000000e+00  1.000000e+00
   outer loop
     vertex  2.335742e+01  2.643811e+01  2.750000e+01
     vertex  2.185978e+01  2.683757e+01  2.750000e+01
     vertex  2.183799e+01  2.675111e+01  2.750000e+01
   endloop
 endfacet
 facet normal  0.000000e+00  0.000000e+00  1.000000e+00
   outer loop
     vertex  2.335742e+01  2.643811e+01  2.750000e+01
     vertex  2.183799e+01  2.675111e+01  2.750000e+01
     vertex  2.334602e+01  2.639289e+01  2.750000e+01
   endloop
 endfacet
 facet normal  0.000000e+00  0.000000e+00  1.000000e+00
   outer loop
     vertex  2.547182e+01  2.436679e+01  2.750000e+01
     vertex  2.542684e+01  2.435446e+01  2.750000e+01
     vertex  2.581601e+01  2.285411e+01  2.750000e+01
   endloop
 endfacet
 facet normal  0.000000e+00  0.000000e+00  1.000000e+00
   outer loop
     vertex  2.547182e+01  2.436679e+01  2.750000e+01
     vertex  2.581601e+01  2.285411e+01  2.750000e+01
     vertex  2.590201e+01  2.287768e+01  2.750000e+01
   endloop
 endfacet
 facet normal  0.000000e+00  0.000000e+00  1.000000e+00
   outer loop
     vertex  2.337006e+01  2.648301e+01  2.750000e+01
     vertex  2.188394e+01  2.692341e+01  2.750000e+01
     vertex  2.185978e+01  2.683757e+01  2.750000e+01
   endloop
 endfacet
 facet normal  0.000000e+00  0.000000e+00  1.000000e+00
   outer loop
     vertex  2.337006e+01  2.648301e+01  2.750000e+01
     vertex  2.185978e+01  2.683757e+01  2.750000e+01
     vertex  2.335742e+01  2.643811e+01  2.750000e+01
   endloop
 endfacet
 facet normal  0.000000e+00  0.000000e+00  1.000000e+00
   outer loop
     vertex  2.551645e+01  2.438035e+01  2.750000e+01
     vertex  2.590201e+01  2.287768e+01  2.750000e+01
     vertex  2.598733e+01  2.290360e+01  2.750000e+01
   endloop
 endfacet
 facet normal  0.000000e+00  0.000000e+00  1.000000e+00
   outer loop
     vertex  2.551645e+01  2.438035e+01  2.750000e+01
     vertex  2.547182e+01  2.436679e+01  2.750000e+01
     vertex  2.590201e+01  2.287768e+01  2.750000e+01
   endloop
 endfacet
 facet normal  0.000000e+00  0.000000e+00  1.000000e+00
   outer loop
     vertex  2.338393e+01  2.652755e+01  2.750000e+01
     vertex  2.191045e+01  2.700854e+01  2.750000e+01
     vertex  2.188394e+01  2.692341e+01  2.750000e+01
   endloop
 endfacet
 facet normal  0.000000e+00  0.000000e+00  1.000000e+00
   outer loop
     vertex  2.338393e+01  2.652755e+01  2.750000e+01
     vertex  2.188394e+01  2.692341e+01  2.750000e+01
     vertex  2.337006e+01  2.648301e+01  2.750000e+01
   endloop
 endfacet
 facet normal  0.000000e+00  0.000000e+00  1.000000e+00
   outer loop
     vertex  2.556069e+01  2.439512e+01  2.750000e+01
     vertex  2.551645e+01  2.438035e+01  2.750000e+01
     vertex  2.598733e+01  2.290360e+01  2.750000e+01
   endloop
 endfacet
 facet normal  0.000000e+00  0.000000e+00  1.000000e+00
   outer loop
     vertex  2.556069e+01  2.439512e+01  2.750000e+01
     vertex  2.598733e+01  2.290360e+01  2.750000e+01
     vertex  2.607190e+01  2.293185e+01  2.750000e+01
   endloop
 endfacet
 facet normal  0.000000e+00  0.000000e+00  1.000000e+00
   outer loop
     vertex  2.339901e+01  2.657168e+01  2.750000e+01
     vertex  2.193928e+01  2.709292e+01  2.750000e+01
     vertex  2.191045e+01  2.700854e+01  2.750000e+01
   endloop
 endfacet
 facet normal  0.000000e+00  0.000000e+00  1.000000e+00
   outer loop
     vertex  2.339901e+01  2.657168e+01  2.750000e+01
     vertex  2.191045e+01  2.700854e+01  2.750000e+01
     vertex  2.338393e+01  2.652755e+01  2.750000e+01
   endloop
 endfacet
 facet normal  0.000000e+00  0.000000e+00  1.000000e+00
   outer loop
     vertex  2.560451e+01  2.441111e+01  2.750000e+01
     vertex  2.607190e+01  2.293185e+01  2.750000e+01
     vertex  2.615567e+01  2.296242e+01  2.750000e+01
   endloop
 endfacet
 facet normal  0.000000e+00  0.000000e+00  1.000000e+00
   outer loop
     vertex  2.560451e+01  2.441111e+01  2.750000e+01
     vertex  2.556069e+01  2.439512e+01  2.750000e+01
     vertex  2.607190e+01  2.293185e+01  2.750000e+01
   endloop
 endfacet
 facet normal  0.000000e+00  0.000000e+00  1.000000e+00
   outer loop
     vertex  2.341529e+01  2.661539e+01  2.750000e+01
     vertex  2.197041e+01  2.717648e+01  2.750000e+01
     vertex  2.193928e+01  2.709292e+01  2.750000e+01
   endloop
 endfacet
 facet normal  0.000000e+00  0.000000e+00  1.000000e+00
   outer loop
     vertex  2.341529e+01  2.661539e+01  2.750000e+01
     vertex  2.193928e+01  2.709292e+01  2.750000e+01
     vertex  2.339901e+01  2.657168e+01  2.750000e+01
   endloop
 endfacet
 facet normal  0.000000e+00  0.000000e+00  1.000000e+00
   outer loop
     vertex  2.564787e+01  2.442829e+01  2.750000e+01
     vertex  2.560451e+01  2.441111e+01  2.750000e+01
     vertex  2.615567e+01  2.296242e+01  2.750000e+01
   endloop
 endfacet
 facet normal  0.000000e+00  0.000000e+00  1.000000e+00
   outer loop
     vertex  2.564787e+01  2.442829e+01  2.750000e+01
     vertex  2.615567e+01  2.296242e+01  2.750000e+01
     vertex  2.623857e+01  2.299526e+01  2.750000e+01
   endloop
 endfacet
 facet normal  0.000000e+00  0.000000e+00  1.000000e+00
   outer loop
     vertex  2.343277e+01  2.665863e+01  2.750000e+01
     vertex  2.200383e+01  2.725915e+01  2.750000e+01
     vertex  2.197041e+01  2.717648e+01  2.750000e+01
   endloop
 endfacet
 facet normal  0.000000e+00  0.000000e+00  1.000000e+00
   outer loop
     vertex  2.343277e+01  2.665863e+01  2.750000e+01
     vertex  2.197041e+01  2.717648e+01  2.750000e+01
     vertex  2.341529e+01  2.661539e+01  2.750000e+01
   endloop
 endfacet
 facet normal  0.000000e+00  0.000000e+00  1.000000e+00
   outer loop
     vertex  2.569074e+01  2.444666e+01  2.750000e+01
     vertex  2.564787e+01  2.442829e+01  2.750000e+01
     vertex  2.623857e+01  2.299526e+01  2.750000e+01
   endloop
 endfacet
 facet normal  0.000000e+00  0.000000e+00  1.000000e+00
   outer loop
     vertex  2.569074e+01  2.444666e+01  2.750000e+01
     vertex  2.623857e+01  2.299526e+01  2.750000e+01
     vertex  2.632054e+01  2.303037e+01  2.750000e+01
   endloop
 endfacet
 facet normal  0.000000e+00  0.000000e+00  1.000000e+00
   outer loop
     vertex  2.345143e+01  2.670138e+01  2.750000e+01
     vertex  2.200383e+01  2.725915e+01  2.750000e+01
     vertex  2.343277e+01  2.665863e+01  2.750000e+01
   endloop
 endfacet
 facet normal  0.000000e+00  0.000000e+00  1.000000e+00
   outer loop
     vertex  2.345143e+01  2.670138e+01  2.750000e+01
     vertex  2.203950e+01  2.734087e+01  2.750000e+01
     vertex  2.200383e+01  2.725915e+01  2.750000e+01
   endloop
 endfacet
 facet normal  0.000000e+00  0.000000e+00  1.000000e+00
   outer loop
     vertex  2.573310e+01  2.446619e+01  2.750000e+01
     vertex  2.569074e+01  2.444666e+01  2.750000e+01
     vertex  2.632054e+01  2.303037e+01  2.750000e+01
   endloop
 endfacet
 facet normal  0.000000e+00  0.000000e+00  1.000000e+00
   outer loop
     vertex  2.573310e+01  2.446619e+01  2.750000e+01
     vertex  2.632054e+01  2.303037e+01  2.750000e+01
     vertex  2.640151e+01  2.306772e+01  2.750000e+01
   endloop
 endfacet
 facet normal  0.000000e+00  0.000000e+00  1.000000e+00
   outer loop
     vertex  2.347126e+01  2.674360e+01  2.750000e+01
     vertex  2.203950e+01  2.734087e+01  2.750000e+01
     vertex  2.345143e+01  2.670138e+01  2.750000e+01
   endloop
 endfacet
 facet normal  0.000000e+00  0.000000e+00  1.000000e+00
   outer loop
     vertex  2.347126e+01  2.674360e+01  2.750000e+01
     vertex  2.211750e+01  2.750123e+01  2.750000e+01
     vertex  2.207740e+01  2.742159e+01  2.750000e+01
   endloop
 endfacet
 facet normal  0.000000e+00  0.000000e+00  1.000000e+00
   outer loop
     vertex  2.347126e+01  2.674360e+01  2.750000e+01
     vertex  2.207740e+01  2.742159e+01  2.750000e+01
     vertex  2.203950e+01  2.734087e+01  2.750000e+01
   endloop
 endfacet
 facet normal  0.000000e+00  0.000000e+00  1.000000e+00
   outer loop
     vertex  2.577490e+01  2.448688e+01  2.750000e+01
     vertex  2.640151e+01  2.306772e+01  2.750000e+01
     vertex  2.648142e+01  2.310727e+01  2.750000e+01
   endloop
 endfacet
 facet normal  0.000000e+00  0.000000e+00  1.000000e+00
   outer loop
     vertex  2.577490e+01  2.448688e+01  2.750000e+01
     vertex  2.573310e+01  2.446619e+01  2.750000e+01
     vertex  2.640151e+01  2.306772e+01  2.750000e+01
   endloop
 endfacet
 facet normal  0.000000e+00  0.000000e+00  1.000000e+00
   outer loop
     vertex  2.349223e+01  2.678526e+01  2.750000e+01
     vertex  2.211750e+01  2.750123e+01  2.750000e+01
     vertex  2.347126e+01  2.674360e+01  2.750000e+01
   endloop
 endfacet
 facet normal  0.000000e+00  0.000000e+00  1.000000e+00
   outer loop
     vertex  2.581612e+01  2.450871e+01  2.750000e+01
     vertex  2.577490e+01  2.448688e+01  2.750000e+01
     vertex  2.648142e+01  2.310727e+01  2.750000e+01
   endloop
 endfacet
 facet normal  0.000000e+00  0.000000e+00  1.000000e+00
   outer loop
     vertex  2.581612e+01  2.450871e+01  2.750000e+01
     vertex  2.648142e+01  2.310727e+01  2.750000e+01
     vertex  2.656023e+01  2.314900e+01  2.750000e+01
   endloop
 endfacet
 facet normal  0.000000e+00  0.000000e+00  1.000000e+00
   outer loop
     vertex  2.351434e+01  2.682633e+01  2.750000e+01
     vertex  2.211750e+01  2.750123e+01  2.750000e+01
     vertex  2.349223e+01  2.678526e+01  2.750000e+01
   endloop
 endfacet
 facet normal  0.000000e+00  0.000000e+00  1.000000e+00
   outer loop
     vertex  2.351434e+01  2.682633e+01  2.750000e+01
     vertex  2.215977e+01  2.757975e+01  2.750000e+01
     vertex  2.211750e+01  2.750123e+01  2.750000e+01
   endloop
 endfacet
 facet normal  0.000000e+00  0.000000e+00  1.000000e+00
   outer loop
     vertex  2.585672e+01  2.453166e+01  2.750000e+01
     vertex  2.581612e+01  2.450871e+01  2.750000e+01
     vertex  2.656023e+01  2.314900e+01  2.750000e+01
   endloop
 endfacet
 facet normal  0.000000e+00  0.000000e+00  1.000000e+00
   outer loop
     vertex  2.585672e+01  2.453166e+01  2.750000e+01
     vertex  2.656023e+01  2.314900e+01  2.750000e+01
     vertex  2.663785e+01  2.319288e+01  2.750000e+01
   endloop
 endfacet
 facet normal  0.000000e+00  0.000000e+00  1.000000e+00
   outer loop
     vertex  2.353757e+01  2.686678e+01  2.750000e+01
     vertex  2.215977e+01  2.757975e+01  2.750000e+01
     vertex  2.351434e+01  2.682633e+01  2.750000e+01
   endloop
 endfacet
 facet normal  0.000000e+00  0.000000e+00  1.000000e+00
   outer loop
     vertex  2.353757e+01  2.686678e+01  2.750000e+01
     vertex  2.220418e+01  2.765707e+01  2.750000e+01
     vertex  2.215977e+01  2.757975e+01  2.750000e+01
   endloop
 endfacet
 facet normal  0.000000e+00  0.000000e+00  1.000000e+00
   outer loop
     vertex  2.589668e+01  2.455572e+01  2.750000e+01
     vertex  2.585672e+01  2.453166e+01  2.750000e+01
     vertex  2.663785e+01  2.319288e+01  2.750000e+01
   endloop
 endfacet
 facet normal  0.000000e+00  0.000000e+00  1.000000e+00
   outer loop
     vertex  2.589668e+01  2.455572e+01  2.750000e+01
     vertex  2.663785e+01  2.319288e+01  2.750000e+01
     vertex  2.671425e+01  2.323887e+01  2.750000e+01
   endloop
 endfacet
 facet normal  0.000000e+00  0.000000e+00  1.000000e+00
   outer loop
     vertex  2.356190e+01  2.690657e+01  2.750000e+01
     vertex  2.220418e+01  2.765707e+01  2.750000e+01
     vertex  2.353757e+01  2.686678e+01  2.750000e+01
   endloop
 endfacet
 facet normal  0.000000e+00  0.000000e+00  1.000000e+00
   outer loop
     vertex  2.356190e+01  2.690657e+01  2.750000e+01
     vertex  2.225069e+01  2.773315e+01  2.750000e+01
     vertex  2.220418e+01  2.765707e+01  2.750000e+01
   endloop
 endfacet
 facet normal  0.000000e+00  0.000000e+00  1.000000e+00
   outer loop
     vertex  2.593597e+01  2.458086e+01  2.750000e+01
     vertex  2.671425e+01  2.323887e+01  2.750000e+01
     vertex  2.678935e+01  2.328694e+01  2.750000e+01
   endloop
 endfacet
 facet normal  0.000000e+00  0.000000e+00  1.000000e+00
   outer loop
     vertex  2.593597e+01  2.458086e+01  2.750000e+01
     vertex  2.678935e+01  2.328694e+01  2.750000e+01
     vertex  2.686311e+01  2.333705e+01  2.750000e+01
   endloop
 endfacet
 facet normal  0.000000e+00  0.000000e+00  1.000000e+00
   outer loop
     vertex  2.593597e+01  2.458086e+01  2.750000e+01
     vertex  2.589668e+01  2.455572e+01  2.750000e+01
     vertex  2.671425e+01  2.323887e+01  2.750000e+01
   endloop
 endfacet
 facet normal  0.000000e+00  0.000000e+00  1.000000e+00
   outer loop
     vertex  2.358731e+01  2.694568e+01  2.750000e+01
     vertex  2.225069e+01  2.773315e+01  2.750000e+01
     vertex  2.356190e+01  2.690657e+01  2.750000e+01
   endloop
 endfacet
 facet normal  0.000000e+00  0.000000e+00  1.000000e+00
   outer loop
     vertex  2.358731e+01  2.694568e+01  2.750000e+01
     vertex  2.229927e+01  2.780792e+01  2.750000e+01
     vertex  2.225069e+01  2.773315e+01  2.750000e+01
   endloop
 endfacet
 facet normal  0.000000e+00  0.000000e+00  1.000000e+00
   outer loop
     vertex  2.597455e+01  2.460707e+01  2.750000e+01
     vertex  2.593597e+01  2.458086e+01  2.750000e+01
     vertex  2.686311e+01  2.333705e+01  2.750000e+01
   endloop
 endfacet
 facet normal  0.000000e+00  0.000000e+00  1.000000e+00
   outer loop
     vertex  2.361379e+01  2.698408e+01  2.750000e+01
     vertex  2.229927e+01  2.780792e+01  2.750000e+01
     vertex  2.358731e+01  2.694568e+01  2.750000e+01
   endloop
 endfacet
 facet normal  0.000000e+00  0.000000e+00  1.000000e+00
   outer loop
     vertex  2.361379e+01  2.698408e+01  2.750000e+01
     vertex  2.234989e+01  2.788133e+01  2.750000e+01
     vertex  2.229927e+01  2.780792e+01  2.750000e+01
   endloop
 endfacet
 facet normal  0.000000e+00  0.000000e+00  1.000000e+00
   outer loop
     vertex  2.601240e+01  2.463433e+01  2.750000e+01
     vertex  2.597455e+01  2.460707e+01  2.750000e+01
     vertex  2.686311e+01  2.333705e+01  2.750000e+01
   endloop
 endfacet
 facet normal  0.000000e+00  0.000000e+00  1.000000e+00
   outer loop
     vertex  2.601240e+01  2.463433e+01  2.750000e+01
     vertex  2.686311e+01  2.333705e+01  2.750000e+01
     vertex  2.693546e+01  2.338916e+01  2.750000e+01
   endloop
 endfacet
 facet normal  0.000000e+00  0.000000e+00  1.000000e+00
   outer loop
     vertex  2.364131e+01  2.702174e+01  2.750000e+01
     vertex  2.234989e+01  2.788133e+01  2.750000e+01
     vertex  2.361379e+01  2.698408e+01  2.750000e+01
   endloop
 endfacet
 facet normal  0.000000e+00  0.000000e+00  1.000000e+00
   outer loop
     vertex  2.364131e+01  2.702174e+01  2.750000e+01
     vertex  2.245706e+01  2.802385e+01  2.750000e+01
     vertex  2.240250e+01  2.795333e+01  2.750000e+01
   endloop
 endfacet
 facet normal  0.000000e+00  0.000000e+00  1.000000e+00
   outer loop
     vertex  2.364131e+01  2.702174e+01  2.750000e+01
     vertex  2.240250e+01  2.795333e+01  2.750000e+01
     vertex  2.234989e+01  2.788133e+01  2.750000e+01
   endloop
 endfacet
 facet normal  0.000000e+00  0.000000e+00  1.000000e+00
   outer loop
     vertex  2.604948e+01  2.466262e+01  2.750000e+01
     vertex  2.601240e+01  2.463433e+01  2.750000e+01
     vertex  2.693546e+01  2.338916e+01  2.750000e+01
   endloop
 endfacet
 facet normal  0.000000e+00  0.000000e+00  1.000000e+00
   outer loop
     vertex  2.604948e+01  2.466262e+01  2.750000e+01
     vertex  2.693546e+01  2.338916e+01  2.750000e+01
     vertex  2.700636e+01  2.344324e+01  2.750000e+01
   endloop
 endfacet
 facet normal  0.000000e+00  0.000000e+00  1.000000e+00
   outer loop
     vertex  2.366985e+01  2.705863e+01  2.750000e+01
     vertex  2.245706e+01  2.802385e+01  2.750000e+01
     vertex  2.364131e+01  2.702174e+01  2.750000e+01
   endloop
 endfacet
 facet normal  0.000000e+00  0.000000e+00  1.000000e+00
   outer loop
     vertex  2.608578e+01  2.469191e+01  2.750000e+01
     vertex  2.604948e+01  2.466262e+01  2.750000e+01
     vertex  2.700636e+01  2.344324e+01  2.750000e+01
   endloop
 endfacet
 facet normal  0.000000e+00  0.000000e+00  1.000000e+00
   outer loop
     vertex  2.608578e+01  2.469191e+01  2.750000e+01
     vertex  2.700636e+01  2.344324e+01  2.750000e+01
     vertex  2.707575e+01  2.349925e+01  2.750000e+01
   endloop
 endfacet
 facet normal  0.000000e+00  0.000000e+00  1.000000e+00
   outer loop
     vertex  2.369939e+01  2.709472e+01  2.750000e+01
     vertex  2.245706e+01  2.802385e+01  2.750000e+01
     vertex  2.366985e+01  2.705863e+01  2.750000e+01
   endloop
 endfacet
 facet normal  0.000000e+00  0.000000e+00  1.000000e+00
   outer loop
     vertex  2.369939e+01  2.709472e+01  2.750000e+01
     vertex  2.251354e+01  2.809285e+01  2.750000e+01
     vertex  2.245706e+01  2.802385e+01  2.750000e+01
   endloop
 endfacet
 facet normal  0.000000e+00  0.000000e+00  1.000000e+00
   outer loop
     vertex  2.612125e+01  2.472219e+01  2.750000e+01
     vertex  2.608578e+01  2.469191e+01  2.750000e+01
     vertex  2.707575e+01  2.349925e+01  2.750000e+01
   endloop
 endfacet
 facet normal  0.000000e+00  0.000000e+00  1.000000e+00
   outer loop
     vertex  2.612125e+01  2.472219e+01  2.750000e+01
     vertex  2.707575e+01  2.349925e+01  2.750000e+01
     vertex  2.714357e+01  2.355713e+01  2.750000e+01
   endloop
 endfacet
 facet normal  0.000000e+00  0.000000e+00  1.000000e+00
   outer loop
     vertex  2.372991e+01  2.712999e+01  2.750000e+01
     vertex  2.257189e+01  2.816028e+01  2.750000e+01
     vertex  2.251354e+01  2.809285e+01  2.750000e+01
   endloop
 endfacet
 facet normal  0.000000e+00  0.000000e+00  1.000000e+00
   outer loop
     vertex  2.372991e+01  2.712999e+01  2.750000e+01
     vertex  2.251354e+01  2.809285e+01  2.750000e+01
     vertex  2.369939e+01  2.709472e+01  2.750000e+01
   endloop
 endfacet
 facet normal  0.000000e+00  0.000000e+00  1.000000e+00
   outer loop
     vertex  2.615589e+01  2.475343e+01  2.750000e+01
     vertex  2.714357e+01  2.355713e+01  2.750000e+01
     vertex  2.720978e+01  2.361686e+01  2.750000e+01
   endloop
 endfacet
 facet normal  0.000000e+00  0.000000e+00  1.000000e+00
   outer loop
     vertex  2.615589e+01  2.475343e+01  2.750000e+01
     vertex  2.612125e+01  2.472219e+01  2.750000e+01
     vertex  2.714357e+01  2.355713e+01  2.750000e+01
   endloop
 endfacet
 facet normal  0.000000e+00  0.000000e+00  1.000000e+00
   outer loop
     vertex  2.376139e+01  2.716441e+01  2.750000e+01
     vertex  2.257189e+01  2.816028e+01  2.750000e+01
     vertex  2.372991e+01  2.712999e+01  2.750000e+01
   endloop
 endfacet
 facet normal  0.000000e+00  0.000000e+00  1.000000e+00
   outer loop
     vertex  2.376139e+01  2.716441e+01  2.750000e+01
     vertex  2.263207e+01  2.822608e+01  2.750000e+01
     vertex  2.257189e+01  2.816028e+01  2.750000e+01
   endloop
 endfacet
 facet normal  0.000000e+00  0.000000e+00  1.000000e+00
   outer loop
     vertex  2.618965e+01  2.478561e+01  2.750000e+01
     vertex  2.615589e+01  2.475343e+01  2.750000e+01
     vertex  2.720978e+01  2.361686e+01  2.750000e+01
   endloop
 endfacet
 facet normal  0.000000e+00  0.000000e+00  1.000000e+00
   outer loop
     vertex  2.618965e+01  2.478561e+01  2.750000e+01
     vertex  2.720978e+01  2.361686e+01  2.750000e+01
     vertex  2.727433e+01  2.367838e+01  2.750000e+01
   endloop
 endfacet
 facet normal  0.000000e+00  0.000000e+00  1.000000e+00
   outer loop
     vertex  2.379380e+01  2.719795e+01  2.750000e+01
     vertex  2.269403e+01  2.829020e+01  2.750000e+01
     vertex  2.263207e+01  2.822608e+01  2.750000e+01
   endloop
 endfacet
 facet normal  0.000000e+00  0.000000e+00  1.000000e+00
   outer loop
     vertex  2.379380e+01  2.719795e+01  2.750000e+01
     vertex  2.263207e+01  2.822608e+01  2.750000e+01
     vertex  2.376139e+01  2.716441e+01  2.750000e+01
   endloop
 endfacet
 facet normal  0.000000e+00  0.000000e+00  1.000000e+00
   outer loop
     vertex  2.622252e+01  2.481871e+01  2.750000e+01
     vertex  2.618965e+01  2.478561e+01  2.750000e+01
     vertex  2.727433e+01  2.367838e+01  2.750000e+01
   endloop
 endfacet
 facet normal  0.000000e+00  0.000000e+00  1.000000e+00
   outer loop
     vertex  2.382712e+01  2.723059e+01  2.750000e+01
     vertex  2.269403e+01  2.829020e+01  2.750000e+01
     vertex  2.379380e+01  2.719795e+01  2.750000e+01
   endloop
 endfacet
 facet normal  0.000000e+00  0.000000e+00  1.000000e+00
   outer loop
     vertex  2.733717e+01  2.374165e+01  2.750000e+01
     vertex  2.622252e+01  2.481871e+01  2.750000e+01
     vertex  2.727433e+01  2.367838e+01  2.750000e+01
   endloop
 endfacet
 facet normal  0.000000e+00  0.000000e+00  1.000000e+00
   outer loop
     vertex  2.275773e+01  2.835260e+01  2.750000e+01
     vertex  2.269403e+01  2.829020e+01  2.750000e+01
     vertex  2.382712e+01  2.723059e+01  2.750000e+01
   endloop
 endfacet
 facet normal  0.000000e+00  0.000000e+00  1.000000e+00
   outer loop
     vertex  2.739824e+01  2.380662e+01  2.750000e+01
     vertex  2.622252e+01  2.481871e+01  2.750000e+01
     vertex  2.733717e+01  2.374165e+01  2.750000e+01
   endloop
 endfacet
 facet normal  0.000000e+00  0.000000e+00  1.000000e+00
   outer loop
     vertex  2.739824e+01  2.380662e+01  2.750000e+01
     vertex  2.625447e+01  2.485269e+01  2.750000e+01
     vertex  2.622252e+01  2.481871e+01  2.750000e+01
   endloop
 endfacet
 facet normal  0.000000e+00  0.000000e+00  1.000000e+00
   outer loop
     vertex  2.282312e+01  2.841323e+01  2.750000e+01
     vertex  2.382712e+01  2.723059e+01  2.750000e+01
     vertex  2.386132e+01  2.726231e+01  2.750000e+01
   endloop
 endfacet
 facet normal  0.000000e+00  0.000000e+00  1.000000e+00
   outer loop
     vertex  2.282312e+01  2.841323e+01  2.750000e+01
     vertex  2.275773e+01  2.835260e+01  2.750000e+01
     vertex  2.382712e+01  2.723059e+01  2.750000e+01
   endloop
 endfacet
 facet normal  0.000000e+00  0.000000e+00  1.000000e+00
   outer loop
     vertex  2.745751e+01  2.387323e+01  2.750000e+01
     vertex  2.625447e+01  2.485269e+01  2.750000e+01
     vertex  2.739824e+01  2.380662e+01  2.750000e+01
   endloop
 endfacet
 facet normal  0.000000e+00  0.000000e+00  1.000000e+00
   outer loop
     vertex  2.745751e+01  2.387323e+01  2.750000e+01
     vertex  2.628547e+01  2.488754e+01  2.750000e+01
     vertex  2.625447e+01  2.485269e+01  2.750000e+01
   endloop
 endfacet
 facet normal  0.000000e+00  0.000000e+00  1.000000e+00
   outer loop
     vertex  2.289014e+01  2.847204e+01  2.750000e+01
     vertex  2.386132e+01  2.726231e+01  2.750000e+01
     vertex  2.389638e+01  2.729307e+01  2.750000e+01
   endloop
 endfacet
 facet normal  0.000000e+00  0.000000e+00  1.000000e+00
   outer loop
     vertex  2.289014e+01  2.847204e+01  2.750000e+01
     vertex  2.282312e+01  2.841323e+01  2.750000e+01
     vertex  2.386132e+01  2.726231e+01  2.750000e+01
   endloop
 endfacet
 facet normal  0.000000e+00  0.000000e+00  1.000000e+00
   outer loop
     vertex  2.751493e+01  2.394145e+01  2.750000e+01
     vertex  2.631550e+01  2.492322e+01  2.750000e+01
     vertex  2.628547e+01  2.488754e+01  2.750000e+01
   endloop
 endfacet
 facet normal  0.000000e+00  0.000000e+00  1.000000e+00
   outer loop
     vertex  2.751493e+01  2.394145e+01  2.750000e+01
     vertex  2.634455e+01  2.495972e+01  2.750000e+01
     vertex  2.631550e+01  2.492322e+01  2.750000e+01
   endloop
 endfacet
 facet normal  0.000000e+00  0.000000e+00  1.000000e+00
   outer loop
     vertex  2.751493e+01  2.394145e+01  2.750000e+01
     vertex  2.628547e+01  2.488754e+01  2.750000e+01
     vertex  2.745751e+01  2.387323e+01  2.750000e+01
   endloop
 endfacet
 facet normal  0.000000e+00  0.000000e+00  1.000000e+00
   outer loop
     vertex  2.295875e+01  2.852899e+01  2.750000e+01
     vertex  2.389638e+01  2.729307e+01  2.750000e+01
     vertex  2.393227e+01  2.732286e+01  2.750000e+01
   endloop
 endfacet
 facet normal  0.000000e+00  0.000000e+00  1.000000e+00
   outer loop
     vertex  2.295875e+01  2.852899e+01  2.750000e+01
     vertex  2.289014e+01  2.847204e+01  2.750000e+01
     vertex  2.389638e+01  2.729307e+01  2.750000e+01
   endloop
 endfacet
 facet normal  0.000000e+00  0.000000e+00  1.000000e+00
   outer loop
     vertex  2.757046e+01  2.401122e+01  2.750000e+01
     vertex  2.637258e+01  2.499700e+01  2.750000e+01
     vertex  2.634455e+01  2.495972e+01  2.750000e+01
   endloop
 endfacet
 facet normal  0.000000e+00  0.000000e+00  1.000000e+00
   outer loop
     vertex  2.757046e+01  2.401122e+01  2.750000e+01
     vertex  2.634455e+01  2.495972e+01  2.750000e+01
     vertex  2.751493e+01  2.394145e+01  2.750000e+01
   endloop
 endfacet
 facet normal  0.000000e+00  0.000000e+00  1.000000e+00
   outer loop
     vertex  2.302890e+01  2.858404e+01  2.750000e+01
     vertex  2.393227e+01  2.732286e+01  2.750000e+01
     vertex  2.396896e+01  2.735165e+01  2.750000e+01
   endloop
 endfacet
 facet normal  0.000000e+00  0.000000e+00  1.000000e+00
   outer loop
     vertex  2.302890e+01  2.858404e+01  2.750000e+01
     vertex  2.295875e+01  2.852899e+01  2.750000e+01
     vertex  2.393227e+01  2.732286e+01  2.750000e+01
   endloop
 endfacet
 facet normal  0.000000e+00  0.000000e+00  1.000000e+00
   outer loop
     vertex  2.762405e+01  2.408249e+01  2.750000e+01
     vertex  2.637258e+01  2.499700e+01  2.750000e+01
     vertex  2.757046e+01  2.401122e+01  2.750000e+01
   endloop
 endfacet
 facet normal  0.000000e+00  0.000000e+00  1.000000e+00
   outer loop
     vertex  2.310054e+01  2.863715e+01  2.750000e+01
     vertex  2.396896e+01  2.735165e+01  2.750000e+01
     vertex  2.400643e+01  2.737943e+01  2.750000e+01
   endloop
 endfacet
 facet normal  0.000000e+00  0.000000e+00  1.000000e+00
   outer loop
     vertex  2.310054e+01  2.863715e+01  2.750000e+01
     vertex  2.302890e+01  2.858404e+01  2.750000e+01
     vertex  2.396896e+01  2.735165e+01  2.750000e+01
   endloop
 endfacet
 facet normal  0.000000e+00  0.000000e+00  1.000000e+00
   outer loop
     vertex  2.767567e+01  2.415520e+01  2.750000e+01
     vertex  2.639958e+01  2.503503e+01  2.750000e+01
     vertex  2.637258e+01  2.499700e+01  2.750000e+01
   endloop
 endfacet
 facet normal  0.000000e+00  0.000000e+00  1.000000e+00
   outer loop
     vertex  2.767567e+01  2.415520e+01  2.750000e+01
     vertex  2.637258e+01  2.499700e+01  2.750000e+01
     vertex  2.762405e+01  2.408249e+01  2.750000e+01
   endloop
 endfacet
 facet normal  0.000000e+00  0.000000e+00  1.000000e+00
   outer loop
     vertex  2.317360e+01  2.868826e+01  2.750000e+01
     vertex  2.400643e+01  2.737943e+01  2.750000e+01
     vertex  2.404465e+01  2.740617e+01  2.750000e+01
   endloop
 endfacet
 facet normal  0.000000e+00  0.000000e+00  1.000000e+00
   outer loop
     vertex  2.317360e+01  2.868826e+01  2.750000e+01
     vertex  2.310054e+01  2.863715e+01  2.750000e+01
     vertex  2.400643e+01  2.737943e+01  2.750000e+01
   endloop
 endfacet
 facet normal  0.000000e+00  0.000000e+00  1.000000e+00
   outer loop
     vertex  2.772527e+01  2.422930e+01  2.750000e+01
     vertex  2.642553e+01  2.507379e+01  2.750000e+01
     vertex  2.639958e+01  2.503503e+01  2.750000e+01
   endloop
 endfacet
 facet normal  0.000000e+00  0.000000e+00  1.000000e+00
   outer loop
     vertex  2.772527e+01  2.422930e+01  2.750000e+01
     vertex  2.639958e+01  2.503503e+01  2.750000e+01
     vertex  2.767567e+01  2.415520e+01  2.750000e+01
   endloop
 endfacet
 facet normal  0.000000e+00  0.000000e+00  1.000000e+00
   outer loop
     vertex  2.324804e+01  2.873736e+01  2.750000e+01
     vertex  2.404465e+01  2.740617e+01  2.750000e+01
     vertex  2.408359e+01  2.743185e+01  2.750000e+01
   endloop
 endfacet
 facet normal  0.000000e+00  0.000000e+00  1.000000e+00
   outer loop
     vertex  2.324804e+01  2.873736e+01  2.750000e+01
     vertex  2.317360e+01  2.868826e+01  2.750000e+01
     vertex  2.404465e+01  2.740617e+01  2.750000e+01
   endloop
 endfacet
 facet normal  0.000000e+00  0.000000e+00  1.000000e+00
   outer loop
     vertex  2.777283e+01  2.430473e+01  2.750000e+01
     vertex  2.645040e+01  2.511324e+01  2.750000e+01
     vertex  2.642553e+01  2.507379e+01  2.750000e+01
   endloop
 endfacet
 facet normal  0.000000e+00  0.000000e+00  1.000000e+00
   outer loop
     vertex  2.777283e+01  2.430473e+01  2.750000e+01
     vertex  2.642553e+01  2.507379e+01  2.750000e+01
     vertex  2.772527e+01  2.422930e+01  2.750000e+01
   endloop
 endfacet
 facet normal  0.000000e+00  0.000000e+00  1.000000e+00
   outer loop
     vertex  2.332379e+01  2.878439e+01  2.750000e+01
     vertex  2.408359e+01  2.743185e+01  2.750000e+01
     vertex  2.412321e+01  2.745645e+01  2.750000e+01
   endloop
 endfacet
 facet normal  0.000000e+00  0.000000e+00  1.000000e+00
   outer loop
     vertex  2.332379e+01  2.878439e+01  2.750000e+01
     vertex  2.324804e+01  2.873736e+01  2.750000e+01
     vertex  2.408359e+01  2.743185e+01  2.750000e+01
   endloop
 endfacet
 facet normal  0.000000e+00  0.000000e+00  1.000000e+00
   outer loop
     vertex  2.781829e+01  2.438144e+01  2.750000e+01
     vertex  2.647418e+01  2.515337e+01  2.750000e+01
     vertex  2.645040e+01  2.511324e+01  2.750000e+01
   endloop
 endfacet
 facet normal  0.000000e+00  0.000000e+00  1.000000e+00
   outer loop
     vertex  2.781829e+01  2.438144e+01  2.750000e+01
     vertex  2.645040e+01  2.511324e+01  2.750000e+01
     vertex  2.777283e+01  2.430473e+01  2.750000e+01
   endloop
 endfacet
 facet normal  0.000000e+00  0.000000e+00  1.000000e+00
   outer loop
     vertex  2.340081e+01  2.882933e+01  2.750000e+01
     vertex  2.412321e+01  2.745645e+01  2.750000e+01
     vertex  2.416350e+01  2.747996e+01  2.750000e+01
   endloop
 endfacet
 facet normal  0.000000e+00  0.000000e+00  1.000000e+00
   outer loop
     vertex  2.340081e+01  2.882933e+01  2.750000e+01
     vertex  2.332379e+01  2.878439e+01  2.750000e+01
     vertex  2.412321e+01  2.745645e+01  2.750000e+01
   endloop
 endfacet
 facet normal  0.000000e+00  0.000000e+00  1.000000e+00
   outer loop
     vertex  2.786163e+01  2.445937e+01  2.750000e+01
     vertex  2.647418e+01  2.515337e+01  2.750000e+01
     vertex  2.781829e+01  2.438144e+01  2.750000e+01
   endloop
 endfacet
 facet normal  0.000000e+00  0.000000e+00  1.000000e+00
   outer loop
     vertex  2.786163e+01  2.445937e+01  2.750000e+01
     vertex  2.649685e+01  2.519413e+01  2.750000e+01
     vertex  2.647418e+01  2.515337e+01  2.750000e+01
   endloop
 endfacet
 facet normal  0.000000e+00  0.000000e+00  1.000000e+00
   outer loop
     vertex  2.786163e+01  2.445937e+01  2.750000e+01
     vertex  2.651840e+01  2.523550e+01  2.750000e+01
     vertex  2.649685e+01  2.519413e+01  2.750000e+01
   endloop
 endfacet
 facet normal  0.000000e+00  0.000000e+00  1.000000e+00
   outer loop
     vertex  2.347903e+01  2.887213e+01  2.750000e+01
     vertex  2.420442e+01  2.750235e+01  2.750000e+01
     vertex  2.424593e+01  2.752361e+01  2.750000e+01
   endloop
 endfacet
 facet normal  0.000000e+00  0.000000e+00  1.000000e+00
   outer loop
     vertex  2.347903e+01  2.887213e+01  2.750000e+01
     vertex  2.416350e+01  2.747996e+01  2.750000e+01
     vertex  2.420442e+01  2.750235e+01  2.750000e+01
   endloop
 endfacet
 facet normal  0.000000e+00  0.000000e+00  1.000000e+00
   outer loop
     vertex  2.347903e+01  2.887213e+01  2.750000e+01
     vertex  2.340081e+01  2.882933e+01  2.750000e+01
     vertex  2.416350e+01  2.747996e+01  2.750000e+01
   endloop
 endfacet
 facet normal  0.000000e+00  0.000000e+00  1.000000e+00
   outer loop
     vertex  2.790282e+01  2.453845e+01  2.750000e+01
     vertex  2.651840e+01  2.523550e+01  2.750000e+01
     vertex  2.786163e+01  2.445937e+01  2.750000e+01
   endloop
 endfacet
 facet normal  0.000000e+00  0.000000e+00  1.000000e+00
   outer loop
     vertex  2.355840e+01  2.891278e+01  2.750000e+01
     vertex  2.347903e+01  2.887213e+01  2.750000e+01
     vertex  2.424593e+01  2.752361e+01  2.750000e+01
   endloop
 endfacet
 facet normal  0.000000e+00  0.000000e+00  1.000000e+00
   outer loop
     vertex  2.794183e+01  2.461864e+01  2.750000e+01
     vertex  2.651840e+01  2.523550e+01  2.750000e+01
     vertex  2.790282e+01  2.453845e+01  2.750000e+01
   endloop
 endfacet
 facet normal  0.000000e+00  0.000000e+00  1.000000e+00
   outer loop
     vertex  2.794183e+01  2.461864e+01  2.750000e+01
     vertex  2.653880e+01  2.527744e+01  2.750000e+01
     vertex  2.651840e+01  2.523550e+01  2.750000e+01
   endloop
 endfacet
 facet normal  0.000000e+00  0.000000e+00  1.000000e+00
   outer loop
     vertex  2.363885e+01  2.895123e+01  2.750000e+01
     vertex  2.424593e+01  2.752361e+01  2.750000e+01
     vertex  2.428801e+01  2.754372e+01  2.750000e+01
   endloop
 endfacet
 facet normal  0.000000e+00  0.000000e+00  1.000000e+00
   outer loop
     vertex  2.363885e+01  2.895123e+01  2.750000e+01
     vertex  2.355840e+01  2.891278e+01  2.750000e+01
     vertex  2.424593e+01  2.752361e+01  2.750000e+01
   endloop
 endfacet
 facet normal  0.000000e+00  0.000000e+00  1.000000e+00
   outer loop
     vertex  2.797862e+01  2.469986e+01  2.750000e+01
     vertex  2.655804e+01  2.531993e+01  2.750000e+01
     vertex  2.653880e+01  2.527744e+01  2.750000e+01
   endloop
 endfacet
 facet normal  0.000000e+00  0.000000e+00  1.000000e+00
   outer loop
     vertex  2.797862e+01  2.469986e+01  2.750000e+01
     vertex  2.657612e+01  2.536293e+01  2.750000e+01
     vertex  2.655804e+01  2.531993e+01  2.750000e+01
   endloop
 endfacet
 facet normal  0.000000e+00  0.000000e+00  1.000000e+00
   outer loop
     vertex  2.797862e+01  2.469986e+01  2.750000e+01
     vertex  2.653880e+01  2.527744e+01  2.750000e+01
     vertex  2.794183e+01  2.461864e+01  2.750000e+01
   endloop
 endfacet
 facet normal  0.000000e+00  0.000000e+00  1.000000e+00
   outer loop
     vertex  2.372033e+01  2.898746e+01  2.750000e+01
     vertex  2.363885e+01  2.895123e+01  2.750000e+01
     vertex  2.428801e+01  2.754372e+01  2.750000e+01
   endloop
 endfacet
 facet normal  0.000000e+00  0.000000e+00  1.000000e+00
   outer loop
     vertex  2.372033e+01  2.898746e+01  2.750000e+01
     vertex  2.428801e+01  2.754372e+01  2.750000e+01
     vertex  2.433063e+01  2.756267e+01  2.750000e+01
   endloop
 endfacet
 facet normal  0.000000e+00  0.000000e+00  1.000000e+00
   outer loop
     vertex  2.801316e+01  2.478207e+01  2.750000e+01
     vertex  2.657612e+01  2.536293e+01  2.750000e+01
     vertex  2.797862e+01  2.469986e+01  2.750000e+01
   endloop
 endfacet
 facet normal  0.000000e+00  0.000000e+00  1.000000e+00
   outer loop
     vertex  2.380277e+01  2.902145e+01  2.750000e+01
     vertex  2.372033e+01  2.898746e+01  2.750000e+01
     vertex  2.433063e+01  2.756267e+01  2.750000e+01
   endloop
 endfacet
 facet normal  0.000000e+00  0.000000e+00  1.000000e+00
   outer loop
     vertex  2.380277e+01  2.902145e+01  2.750000e+01
     vertex  2.433063e+01  2.756267e+01  2.750000e+01
     vertex  2.437375e+01  2.758045e+01  2.750000e+01
   endloop
 endfacet
 facet normal  0.000000e+00  0.000000e+00  1.000000e+00
   outer loop
     vertex  2.804544e+01  2.486519e+01  2.750000e+01
     vertex  2.659300e+01  2.540641e+01  2.750000e+01
     vertex  2.657612e+01  2.536293e+01  2.750000e+01
   endloop
 endfacet
 facet normal  0.000000e+00  0.000000e+00  1.000000e+00
   outer loop
     vertex  2.804544e+01  2.486519e+01  2.750000e+01
     vertex  2.657612e+01  2.536293e+01  2.750000e+01
     vertex  2.801316e+01  2.478207e+01  2.750000e+01
   endloop
 endfacet
 facet normal  0.000000e+00  0.000000e+00  1.000000e+00
   outer loop
     vertex  2.388611e+01  2.905315e+01  2.750000e+01
     vertex  2.380277e+01  2.902145e+01  2.750000e+01
     vertex  2.437375e+01  2.758045e+01  2.750000e+01
   endloop
 endfacet
 facet normal  0.000000e+00  0.000000e+00  1.000000e+00
   outer loop
     vertex  2.388611e+01  2.905315e+01  2.750000e+01
     vertex  2.437375e+01  2.758045e+01  2.750000e+01
     vertex  2.441735e+01  2.759703e+01  2.750000e+01
   endloop
 endfacet
 facet normal  0.000000e+00  0.000000e+00  1.000000e+00
   outer loop
     vertex  2.807543e+01  2.494917e+01  2.750000e+01
     vertex  2.660868e+01  2.545033e+01  2.750000e+01
     vertex  2.659300e+01  2.540641e+01  2.750000e+01
   endloop
 endfacet
 facet normal  0.000000e+00  0.000000e+00  1.000000e+00
   outer loop
     vertex  2.807543e+01  2.494917e+01  2.750000e+01
     vertex  2.659300e+01  2.540641e+01  2.750000e+01
     vertex  2.804544e+01  2.486519e+01  2.750000e+01
   endloop
 endfacet
 facet normal  0.000000e+00  0.000000e+00  1.000000e+00
   outer loop
     vertex  2.397029e+01  2.908256e+01  2.750000e+01
     vertex  2.388611e+01  2.905315e+01  2.750000e+01
     vertex  2.441735e+01  2.759703e+01  2.750000e+01
   endloop
 endfacet
 facet normal  0.000000e+00  0.000000e+00  1.000000e+00
   outer loop
     vertex  2.397029e+01  2.908256e+01  2.750000e+01
     vertex  2.441735e+01  2.759703e+01  2.750000e+01
     vertex  2.446138e+01  2.761242e+01  2.750000e+01
   endloop
 endfacet
 facet normal  0.000000e+00  0.000000e+00  1.000000e+00
   outer loop
     vertex  2.810310e+01  2.503393e+01  2.750000e+01
     vertex  2.660868e+01  2.545033e+01  2.750000e+01
     vertex  2.807543e+01  2.494917e+01  2.750000e+01
   endloop
 endfacet
 facet normal  0.000000e+00  0.000000e+00  1.000000e+00
   outer loop
     vertex  2.810310e+01  2.503393e+01  2.750000e+01
     vertex  2.662316e+01  2.549467e+01  2.750000e+01
     vertex  2.660868e+01  2.545033e+01  2.750000e+01
   endloop
 endfacet
 facet normal  0.000000e+00  0.000000e+00  1.000000e+00
   outer loop
     vertex  2.405524e+01  2.910965e+01  2.750000e+01
     vertex  2.397029e+01  2.908256e+01  2.750000e+01
     vertex  2.446138e+01  2.761242e+01  2.750000e+01
   endloop
 endfacet
 facet normal  0.000000e+00  0.000000e+00  1.000000e+00
   outer loop
     vertex  2.405524e+01  2.910965e+01  2.750000e+01
     vertex  2.446138e+01  2.761242e+01  2.750000e+01
     vertex  2.450582e+01  2.762659e+01  2.750000e+01
   endloop
 endfacet
 facet normal  0.000000e+00  0.000000e+00  1.000000e+00
   outer loop
     vertex  2.812843e+01  2.511943e+01  2.750000e+01
     vertex  2.663641e+01  2.553939e+01  2.750000e+01
     vertex  2.662316e+01  2.549467e+01  2.750000e+01
   endloop
 endfacet
 facet normal  0.000000e+00  0.000000e+00  1.000000e+00
   outer loop
     vertex  2.812843e+01  2.511943e+01  2.750000e+01
     vertex  2.664843e+01  2.558446e+01  2.750000e+01
     vertex  2.663641e+01  2.553939e+01  2.750000e+01
   endloop
 endfacet
 facet normal  0.000000e+00  0.000000e+00  1.000000e+00
   outer loop
     vertex  2.812843e+01  2.511943e+01  2.750000e+01
     vertex  2.662316e+01  2.549467e+01  2.750000e+01
     vertex  2.810310e+01  2.503393e+01  2.750000e+01
   endloop
 endfacet
 facet normal  0.000000e+00  0.000000e+00  1.000000e+00
   outer loop
     vertex  2.414091e+01  2.913440e+01  2.750000e+01
     vertex  2.405524e+01  2.910965e+01  2.750000e+01
     vertex  2.450582e+01  2.762659e+01  2.750000e+01
   endloop
 endfacet
 facet normal  0.000000e+00  0.000000e+00  1.000000e+00
   outer loop
     vertex  2.414091e+01  2.913440e+01  2.750000e+01
     vertex  2.450582e+01  2.762659e+01  2.750000e+01
     vertex  2.455063e+01  2.763953e+01  2.750000e+01
   endloop
 endfacet
 facet normal  0.000000e+00  0.000000e+00  1.000000e+00
   outer loop
     vertex  2.815141e+01  2.520558e+01  2.750000e+01
     vertex  2.664843e+01  2.558446e+01  2.750000e+01
     vertex  2.812843e+01  2.511943e+01  2.750000e+01
   endloop
 endfacet
 facet normal  0.000000e+00  0.000000e+00  1.000000e+00
   outer loop
     vertex  2.422722e+01  2.915679e+01  2.750000e+01
     vertex  2.414091e+01  2.913440e+01  2.750000e+01
     vertex  2.455063e+01  2.763953e+01  2.750000e+01
   endloop
 endfacet
 facet normal  0.000000e+00  0.000000e+00  1.000000e+00
   outer loop
     vertex  2.422722e+01  2.915679e+01  2.750000e+01
     vertex  2.455063e+01  2.763953e+01  2.750000e+01
     vertex  2.459578e+01  2.765124e+01  2.750000e+01
   endloop
 endfacet
 facet normal  0.000000e+00  0.000000e+00  1.000000e+00
   outer loop
     vertex  2.817202e+01  2.529234e+01  2.750000e+01
     vertex  2.665921e+01  2.562984e+01  2.750000e+01
     vertex  2.664843e+01  2.558446e+01  2.750000e+01
   endloop
 endfacet
 facet normal  0.000000e+00  0.000000e+00  1.000000e+00
   outer loop
     vertex  2.817202e+01  2.529234e+01  2.750000e+01
     vertex  2.664843e+01  2.558446e+01  2.750000e+01
     vertex  2.815141e+01  2.520558e+01  2.750000e+01
   endloop
 endfacet
 facet normal  0.000000e+00  0.000000e+00  1.000000e+00
   outer loop
     vertex  2.431411e+01  2.917680e+01  2.750000e+01
     vertex  2.459578e+01  2.765124e+01  2.750000e+01
     vertex  2.464123e+01  2.766171e+01  2.750000e+01
   endloop
 endfacet
 facet normal  0.000000e+00  0.000000e+00  1.000000e+00
   outer loop
     vertex  2.431411e+01  2.917680e+01  2.750000e+01
     vertex  2.422722e+01  2.915679e+01  2.750000e+01
     vertex  2.459578e+01  2.765124e+01  2.750000e+01
   endloop
 endfacet
 facet normal  0.000000e+00  0.000000e+00  1.000000e+00
   outer loop
     vertex  2.819024e+01  2.537963e+01  2.750000e+01
     vertex  2.666874e+01  2.567550e+01  2.750000e+01
     vertex  2.665921e+01  2.562984e+01  2.750000e+01
   endloop
 endfacet
 facet normal  0.000000e+00  0.000000e+00  1.000000e+00
   outer loop
     vertex  2.819024e+01  2.537963e+01  2.750000e+01
     vertex  2.665921e+01  2.562984e+01  2.750000e+01
     vertex  2.817202e+01  2.529234e+01  2.750000e+01
   endloop
 endfacet
 facet normal  0.000000e+00  0.000000e+00  1.000000e+00
   outer loop
     vertex  2.440153e+01  2.919442e+01  2.750000e+01
     vertex  2.431411e+01  2.917680e+01  2.750000e+01
     vertex  2.464123e+01  2.766171e+01  2.750000e+01
   endloop
 endfacet
 facet normal  0.000000e+00  0.000000e+00  1.000000e+00
   outer loop
     vertex  2.440153e+01  2.919442e+01  2.750000e+01
     vertex  2.468695e+01  2.767093e+01  2.750000e+01
     vertex  2.473291e+01  2.767889e+01  2.750000e+01
   endloop
 endfacet
 facet normal  0.000000e+00  0.000000e+00  1.000000e+00
   outer loop
     vertex  2.440153e+01  2.919442e+01  2.750000e+01
     vertex  2.464123e+01  2.766171e+01  2.750000e+01
     vertex  2.468695e+01  2.767093e+01  2.750000e+01
   endloop
 endfacet
 facet normal  0.000000e+00  0.000000e+00  1.000000e+00
   outer loop
     vertex  2.820606e+01  2.546738e+01  2.750000e+01
     vertex  2.667702e+01  2.572140e+01  2.750000e+01
     vertex  2.666874e+01  2.567550e+01  2.750000e+01
   endloop
 endfacet
 facet normal  0.000000e+00  0.000000e+00  1.000000e+00
   outer loop
     vertex  2.820606e+01  2.546738e+01  2.750000e+01
     vertex  2.668403e+01  2.576751e+01  2.750000e+01
     vertex  2.667702e+01  2.572140e+01  2.750000e+01
   endloop
 endfacet
 facet normal  0.000000e+00  0.000000e+00  1.000000e+00
   outer loop
     vertex  2.820606e+01  2.546738e+01  2.750000e+01
     vertex  2.666874e+01  2.567550e+01  2.750000e+01
     vertex  2.819024e+01  2.537963e+01  2.750000e+01
   endloop
 endfacet
 facet normal  0.000000e+00  0.000000e+00  1.000000e+00
   outer loop
     vertex  2.448939e+01  2.920964e+01  2.750000e+01
     vertex  2.440153e+01  2.919442e+01  2.750000e+01
     vertex  2.473291e+01  2.767889e+01  2.750000e+01
   endloop
 endfacet
 facet normal  0.000000e+00  0.000000e+00  1.000000e+00
   outer loop
     vertex  2.448939e+01  2.920964e+01  2.750000e+01
     vertex  2.473291e+01  2.767889e+01  2.750000e+01
     vertex  2.477907e+01  2.768558e+01  2.750000e+01
   endloop
 endfacet
 facet normal  0.000000e+00  0.000000e+00  1.000000e+00
   outer loop
     vertex  2.821946e+01  2.555554e+01  2.750000e+01
     vertex  2.668403e+01  2.576751e+01  2.750000e+01
     vertex  2.820606e+01  2.546738e+01  2.750000e+01
   endloop
 endfacet
 facet normal  0.000000e+00  0.000000e+00  1.000000e+00
   outer loop
     vertex  2.457763e+01  2.922244e+01  2.750000e+01
     vertex  2.448939e+01  2.920964e+01  2.750000e+01
     vertex  2.477907e+01  2.768558e+01  2.750000e+01
   endloop
 endfacet
 facet normal  0.000000e+00  0.000000e+00  1.000000e+00
   outer loop
     vertex  2.823045e+01  2.564403e+01  2.750000e+01
     vertex  2.668403e+01  2.576751e+01  2.750000e+01
     vertex  2.821946e+01  2.555554e+01  2.750000e+01
   endloop
 endfacet
 facet normal  0.000000e+00  0.000000e+00  1.000000e+00
   outer loop
     vertex  2.823045e+01  2.564403e+01  2.750000e+01
     vertex  2.668977e+01  2.581380e+01  2.750000e+01
     vertex  2.668403e+01  2.576751e+01  2.750000e+01
   endloop
 endfacet
 facet normal  0.000000e+00  0.000000e+00  1.000000e+00
   outer loop
     vertex  2.466620e+01  2.923281e+01  2.750000e+01
     vertex  2.457763e+01  2.922244e+01  2.750000e+01
     vertex  2.477907e+01  2.768558e+01  2.750000e+01
   endloop
 endfacet
 facet normal  0.000000e+00  0.000000e+00  1.000000e+00
   outer loop
     vertex  2.466620e+01  2.923281e+01  2.750000e+01
     vertex  2.477907e+01  2.768558e+01  2.750000e+01
     vertex  2.482539e+01  2.769101e+01  2.750000e+01
   endloop
 endfacet
 facet normal  0.000000e+00  0.000000e+00  1.000000e+00
   outer loop
     vertex  2.823900e+01  2.573279e+01  2.750000e+01
     vertex  2.668977e+01  2.581380e+01  2.750000e+01
     vertex  2.823045e+01  2.564403e+01  2.750000e+01
   endloop
 endfacet
 facet normal  0.000000e+00  0.000000e+00  1.000000e+00
   outer loop
     vertex  2.823900e+01  2.573279e+01  2.750000e+01
     vertex  2.669424e+01  2.586023e+01  2.750000e+01
     vertex  2.668977e+01  2.581380e+01  2.750000e+01
   endloop
 endfacet
 facet normal  0.000000e+00  0.000000e+00  1.000000e+00
   outer loop
     vertex  2.823900e+01  2.573279e+01  2.750000e+01
     vertex  2.669744e+01  2.590676e+01  2.750000e+01
     vertex  2.669424e+01  2.586023e+01  2.750000e+01
   endloop
 endfacet
 facet normal  0.000000e+00  0.000000e+00  1.000000e+00
   outer loop
     vertex  2.475501e+01  2.924075e+01  2.750000e+01
     vertex  2.466620e+01  2.923281e+01  2.750000e+01
     vertex  2.482539e+01  2.769101e+01  2.750000e+01
   endloop
 endfacet
 facet normal  0.000000e+00  0.000000e+00  1.000000e+00
   outer loop
     vertex  2.475501e+01  2.924075e+01  2.750000e+01
     vertex  2.482539e+01  2.769101e+01  2.750000e+01
     vertex  2.487185e+01  2.769516e+01  2.750000e+01
   endloop
 endfacet
 facet normal  0.000000e+00  0.000000e+00  1.000000e+00
   outer loop
     vertex  2.824511e+01  2.582175e+01  2.750000e+01
     vertex  2.669744e+01  2.590676e+01  2.750000e+01
     vertex  2.823900e+01  2.573279e+01  2.750000e+01
   endloop
 endfacet
 facet normal  0.000000e+00  0.000000e+00  1.000000e+00
   outer loop
     vertex  2.824511e+01  2.582175e+01  2.750000e+01
     vertex  2.669936e+01  2.595336e+01  2.750000e+01
     vertex  2.669744e+01  2.590676e+01  2.750000e+01
   endloop
 endfacet
 facet normal  0.000000e+00  0.000000e+00  1.000000e+00
   outer loop
     vertex  2.484401e+01  2.924625e+01  2.750000e+01
     vertex  2.475501e+01  2.924075e+01  2.750000e+01
     vertex  2.487185e+01  2.769516e+01  2.750000e+01
   endloop
 endfacet
 facet normal  0.000000e+00  0.000000e+00  1.000000e+00
   outer loop
     vertex  2.484401e+01  2.924625e+01  2.750000e+01
     vertex  2.491840e+01  2.769804e+01  2.750000e+01
     vertex  2.496502e+01  2.769964e+01  2.750000e+01
   endloop
 endfacet
 facet normal  0.000000e+00  0.000000e+00  1.000000e+00
   outer loop
     vertex  2.484401e+01  2.924625e+01  2.750000e+01
     vertex  2.487185e+01  2.769516e+01  2.750000e+01
     vertex  2.491840e+01  2.769804e+01  2.750000e+01
   endloop
 endfacet
 facet normal  0.000000e+00  0.000000e+00  1.000000e+00
   outer loop
     vertex  2.824878e+01  2.591084e+01  2.750000e+01
     vertex  2.669936e+01  2.595336e+01  2.750000e+01
     vertex  2.824511e+01  2.582175e+01  2.750000e+01
   endloop
 endfacet
 facet normal  0.000000e+00  0.000000e+00  1.000000e+00
   outer loop
     vertex  2.493313e+01  2.924931e+01  2.750000e+01
     vertex  2.484401e+01  2.924625e+01  2.750000e+01
     vertex  2.496502e+01  2.769964e+01  2.750000e+01
   endloop
 endfacet
 facet normal  0.000000e+00  0.000000e+00  1.000000e+00
   outer loop
     vertex  2.825000e+01  2.600000e+01  2.750000e+01
     vertex  2.670000e+01  2.600000e+01  2.750000e+01
     vertex  2.669936e+01  2.595336e+01  2.750000e+01
   endloop
 endfacet
 facet normal  0.000000e+00  0.000000e+00  1.000000e+00
   outer loop
     vertex  2.825000e+01  2.600000e+01  2.750000e+01
     vertex  2.669936e+01  2.595336e+01  2.750000e+01
     vertex  2.824878e+01  2.591084e+01  2.750000e+01
   endloop
 endfacet
 facet normal  0.000000e+00  0.000000e+00  1.000000e+00
   outer loop
     vertex  2.502229e+01  2.924992e+01  2.750000e+01
     vertex  2.493313e+01  2.924931e+01  2.750000e+01
     vertex  2.496502e+01  2.769964e+01  2.750000e+01
   endloop
 endfacet
 facet normal  0.000000e+00  0.000000e+00  1.000000e+00
   outer loop
     vertex  2.502229e+01  2.924992e+01  2.750000e+01
     vertex  2.496502e+01  2.769964e+01  2.750000e+01
     vertex  2.501166e+01  2.769996e+01  2.750000e+01
   endloop
 endfacet
 facet normal  0.000000e+00  0.000000e+00  1.000000e+00
   outer loop
     vertex  2.824878e+01  2.608916e+01  2.750000e+01
     vertex  2.669936e+01  2.604664e+01  2.750000e+01
     vertex  2.670000e+01  2.600000e+01  2.750000e+01
   endloop
 endfacet
 facet normal  0.000000e+00  0.000000e+00  1.000000e+00
   outer loop
     vertex  2.824878e+01  2.608916e+01  2.750000e+01
     vertex  2.669744e+01  2.609324e+01  2.750000e+01
     vertex  2.669936e+01  2.604664e+01  2.750000e+01
   endloop
 endfacet
 facet normal  0.000000e+00  0.000000e+00  1.000000e+00
   outer loop
     vertex  2.824878e+01  2.608916e+01  2.750000e+01
     vertex  2.670000e+01  2.600000e+01  2.750000e+01
     vertex  2.825000e+01  2.600000e+01  2.750000e+01
   endloop
 endfacet
 facet normal  0.000000e+00  0.000000e+00  1.000000e+00
   outer loop
     vertex  2.511144e+01  2.924809e+01  2.750000e+01
     vertex  2.502229e+01  2.924992e+01  2.750000e+01
     vertex  2.501166e+01  2.769996e+01  2.750000e+01
   endloop
 endfacet
 facet normal  0.000000e+00  0.000000e+00  1.000000e+00
   outer loop
     vertex  2.511144e+01  2.924809e+01  2.750000e+01
     vertex  2.501166e+01  2.769996e+01  2.750000e+01
     vertex  2.505829e+01  2.769900e+01  2.750000e+01
   endloop
 endfacet
 facet normal  0.000000e+00  0.000000e+00  1.000000e+00
   outer loop
     vertex  2.824511e+01  2.617825e+01  2.750000e+01
     vertex  2.669744e+01  2.609324e+01  2.750000e+01
     vertex  2.824878e+01  2.608916e+01  2.750000e+01
   endloop
 endfacet
 facet normal  0.000000e+00  0.000000e+00  1.000000e+00
   outer loop
     vertex  2.520051e+01  2.924381e+01  2.750000e+01
     vertex  2.511144e+01  2.924809e+01  2.750000e+01
     vertex  2.505829e+01  2.769900e+01  2.750000e+01
   endloop
 endfacet
 facet normal  0.000000e+00  0.000000e+00  1.000000e+00
   outer loop
     vertex  2.520051e+01  2.924381e+01  2.750000e+01
     vertex  2.505829e+01  2.769900e+01  2.750000e+01
     vertex  2.510488e+01  2.769676e+01  2.750000e+01
   endloop
 endfacet
 facet normal  0.000000e+00  0.000000e+00  1.000000e+00
   outer loop
     vertex  2.823900e+01  2.626721e+01  2.750000e+01
     vertex  2.669424e+01  2.613977e+01  2.750000e+01
     vertex  2.669744e+01  2.609324e+01  2.750000e+01
   endloop
 endfacet
 facet normal  0.000000e+00  0.000000e+00  1.000000e+00
   outer loop
     vertex  2.823900e+01  2.626721e+01  2.750000e+01
     vertex  2.669744e+01  2.609324e+01  2.750000e+01
     vertex  2.824511e+01  2.617825e+01  2.750000e+01
   endloop
 endfacet
 facet normal  0.000000e+00  0.000000e+00  1.000000e+00
   outer loop
     vertex  2.528942e+01  2.923709e+01  2.750000e+01
     vertex  2.520051e+01  2.924381e+01  2.750000e+01
     vertex  2.510488e+01  2.769676e+01  2.750000e+01
   endloop
 endfacet
 facet normal  0.000000e+00  0.000000e+00  1.000000e+00
   outer loop
     vertex  2.528942e+01  2.923709e+01  2.750000e+01
     vertex  2.510488e+01  2.769676e+01  2.750000e+01
     vertex  2.515139e+01  2.769325e+01  2.750000e+01
   endloop
 endfacet
 facet normal  0.000000e+00  0.000000e+00  1.000000e+00
   outer loop
     vertex  2.823045e+01  2.635597e+01  2.750000e+01
     vertex  2.668977e+01  2.618620e+01  2.750000e+01
     vertex  2.669424e+01  2.613977e+01  2.750000e+01
   endloop
 endfacet
 facet normal  0.000000e+00  0.000000e+00  1.000000e+00
   outer loop
     vertex  2.823045e+01  2.635597e+01  2.750000e+01
     vertex  2.668403e+01  2.623249e+01  2.750000e+01
     vertex  2.668977e+01  2.618620e+01  2.750000e+01
   endloop
 endfacet
 facet normal  0.000000e+00  0.000000e+00  1.000000e+00
   outer loop
     vertex  2.823045e+01  2.635597e+01  2.750000e+01
     vertex  2.669424e+01  2.613977e+01  2.750000e+01
     vertex  2.823900e+01  2.626721e+01  2.750000e+01
   endloop
 endfacet
 facet normal  0.000000e+00  0.000000e+00  1.000000e+00
   outer loop
     vertex  2.537812e+01  2.922793e+01  2.750000e+01
     vertex  2.528942e+01  2.923709e+01  2.750000e+01
     vertex  2.515139e+01  2.769325e+01  2.750000e+01
   endloop
 endfacet
 facet normal  0.000000e+00  0.000000e+00  1.000000e+00
   outer loop
     vertex  2.537812e+01  2.922793e+01  2.750000e+01
     vertex  2.515139e+01  2.769325e+01  2.750000e+01
     vertex  2.519779e+01  2.768846e+01  2.750000e+01
   endloop
 endfacet
 facet normal  0.000000e+00  0.000000e+00  1.000000e+00
   outer loop
     vertex  2.821946e+01  2.644446e+01  2.750000e+01
     vertex  2.668403e+01  2.623249e+01  2.750000e+01
     vertex  2.823045e+01  2.635597e+01  2.750000e+01
   endloop
 endfacet
 facet normal  0.000000e+00  0.000000e+00  1.000000e+00
   outer loop
     vertex  2.546653e+01  2.921634e+01  2.750000e+01
     vertex  2.537812e+01  2.922793e+01  2.750000e+01
     vertex  2.519779e+01  2.768846e+01  2.750000e+01
   endloop
 endfacet
 facet normal  0.000000e+00  0.000000e+00  1.000000e+00
   outer loop
     vertex  2.546653e+01  2.921634e+01  2.750000e+01
     vertex  2.519779e+01  2.768846e+01  2.750000e+01
     vertex  2.524403e+01  2.768239e+01  2.750000e+01
   endloop
 endfacet
 facet normal  0.000000e+00  0.000000e+00  1.000000e+00
   outer loop
     vertex  2.820606e+01  2.653262e+01  2.750000e+01
     vertex  2.668403e+01  2.623249e+01  2.750000e+01
     vertex  2.821946e+01  2.644446e+01  2.750000e+01
   endloop
 endfacet
 facet normal  0.000000e+00  0.000000e+00  1.000000e+00
   outer loop
     vertex  2.820606e+01  2.653262e+01  2.750000e+01
     vertex  2.667702e+01  2.627860e+01  2.750000e+01
     vertex  2.668403e+01  2.623249e+01  2.750000e+01
   endloop
 endfacet
 facet normal  0.000000e+00  0.000000e+00  1.000000e+00
   outer loop
     vertex  2.555460e+01  2.920233e+01  2.750000e+01
     vertex  2.546653e+01  2.921634e+01  2.750000e+01
     vertex  2.524403e+01  2.768239e+01  2.750000e+01
   endloop
 endfacet
 facet normal  0.000000e+00  0.000000e+00  1.000000e+00
   outer loop
     vertex  2.555460e+01  2.920233e+01  2.750000e+01
     vertex  2.524403e+01  2.768239e+01  2.750000e+01
     vertex  2.529010e+01  2.767507e+01  2.750000e+01
   endloop
 endfacet
 facet normal  0.000000e+00  0.000000e+00  1.000000e+00
   outer loop
     vertex  2.819024e+01  2.662037e+01  2.750000e+01
     vertex  2.667702e+01  2.627860e+01  2.750000e+01
     vertex  2.820606e+01  2.653262e+01  2.750000e+01
   endloop
 endfacet
 facet normal  0.000000e+00  0.000000e+00  1.000000e+00
   outer loop
     vertex  2.819024e+01  2.662037e+01  2.750000e+01
     vertex  2.666874e+01  2.632450e+01  2.750000e+01
     vertex  2.667702e+01  2.627860e+01  2.750000e+01
   endloop
 endfacet
 facet normal  0.000000e+00  0.000000e+00  1.000000e+00
   outer loop
     vertex  2.819024e+01  2.662037e+01  2.750000e+01
     vertex  2.665921e+01  2.637016e+01  2.750000e+01
     vertex  2.666874e+01  2.632450e+01  2.750000e+01
   endloop
 endfacet
 facet normal  0.000000e+00  0.000000e+00  1.000000e+00
   outer loop
     vertex  2.564224e+01  2.918591e+01  2.750000e+01
     vertex  2.529010e+01  2.767507e+01  2.750000e+01
     vertex  2.533594e+01  2.766648e+01  2.750000e+01
   endloop
 endfacet
 facet normal  0.000000e+00  0.000000e+00  1.000000e+00
   outer loop
     vertex  2.564224e+01  2.918591e+01  2.750000e+01
     vertex  2.555460e+01  2.920233e+01  2.750000e+01
     vertex  2.529010e+01  2.767507e+01  2.750000e+01
   endloop
 endfacet
 facet normal  0.000000e+00  0.000000e+00  1.000000e+00
   outer loop
     vertex  2.817202e+01  2.670766e+01  2.750000e+01
     vertex  2.664843e+01  2.641554e+01  2.750000e+01
     vertex  2.665921e+01  2.637016e+01  2.750000e+01
   endloop
 endfacet
 facet normal  0.000000e+00  0.000000e+00  1.000000e+00
   outer loop
     vertex  2.817202e+01  2.670766e+01  2.750000e+01
     vertex  2.665921e+01  2.637016e+01  2.750000e+01
     vertex  2.819024e+01  2.662037e+01  2.750000e+01
   endloop
 endfacet
 facet normal  0.000000e+00  0.000000e+00  1.000000e+00
   outer loop
     vertex  2.572940e+01  2.916709e+01  2.750000e+01
     vertex  2.533594e+01  2.766648e+01  2.750000e+01
     vertex  2.538153e+01  2.765663e+01  2.750000e+01
   endloop
 endfacet
 facet normal  0.000000e+00  0.000000e+00  1.000000e+00
   outer loop
     vertex  2.572940e+01  2.916709e+01  2.750000e+01
     vertex  2.564224e+01  2.918591e+01  2.750000e+01
     vertex  2.533594e+01  2.766648e+01  2.750000e+01
   endloop
 endfacet
 facet normal  0.000000e+00  0.000000e+00  1.000000e+00
   outer loop
     vertex  2.815141e+01  2.679442e+01  2.750000e+01
     vertex  2.664843e+01  2.641554e+01  2.750000e+01
     vertex  2.817202e+01  2.670766e+01  2.750000e+01
   endloop
 endfacet
 facet normal  0.000000e+00  0.000000e+00  1.000000e+00
   outer loop
     vertex  2.581601e+01  2.914589e+01  2.750000e+01
     vertex  2.538153e+01  2.765663e+01  2.750000e+01
     vertex  2.542684e+01  2.764554e+01  2.750000e+01
   endloop
 endfacet
 facet normal  0.000000e+00  0.000000e+00  1.000000e+00
   outer loop
     vertex  2.581601e+01  2.914589e+01  2.750000e+01
     vertex  2.572940e+01  2.916709e+01  2.750000e+01
     vertex  2.538153e+01  2.765663e+01  2.750000e+01
   endloop
 endfacet
 facet normal  0.000000e+00  0.000000e+00  1.000000e+00
   outer loop
     vertex  2.812843e+01  2.688057e+01  2.750000e+01
     vertex  2.663641e+01  2.646061e+01  2.750000e+01
     vertex  2.664843e+01  2.641554e+01  2.750000e+01
   endloop
 endfacet
 facet normal  0.000000e+00  0.000000e+00  1.000000e+00
   outer loop
     vertex  2.812843e+01  2.688057e+01  2.750000e+01
     vertex  2.664843e+01  2.641554e+01  2.750000e+01
     vertex  2.815141e+01  2.679442e+01  2.750000e+01
   endloop
 endfacet
 facet normal  0.000000e+00  0.000000e+00  1.000000e+00
   outer loop
     vertex  2.590201e+01  2.912232e+01  2.750000e+01
     vertex  2.581601e+01  2.914589e+01  2.750000e+01
     vertex  2.542684e+01  2.764554e+01  2.750000e+01
   endloop
 endfacet
 facet normal  0.000000e+00  0.000000e+00  1.000000e+00
   outer loop
     vertex  2.590201e+01  2.912232e+01  2.750000e+01
     vertex  2.542684e+01  2.764554e+01  2.750000e+01
     vertex  2.547182e+01  2.763321e+01  2.750000e+01
   endloop
 endfacet
 facet normal  0.000000e+00  0.000000e+00  1.000000e+00
   outer loop
     vertex  2.810310e+01  2.696607e+01  2.750000e+01
     vertex  2.662316e+01  2.650533e+01  2.750000e+01
     vertex  2.663641e+01  2.646061e+01  2.750000e+01
   endloop
 endfacet
 facet normal  0.000000e+00  0.000000e+00  1.000000e+00
   outer loop
     vertex  2.810310e+01  2.696607e+01  2.750000e+01
     vertex  2.663641e+01  2.646061e+01  2.750000e+01
     vertex  2.812843e+01  2.688057e+01  2.750000e+01
   endloop
 endfacet
 facet normal  0.000000e+00  0.000000e+00  1.000000e+00
   outer loop
     vertex  2.598733e+01  2.909640e+01  2.750000e+01
     vertex  2.590201e+01  2.912232e+01  2.750000e+01
     vertex  2.547182e+01  2.763321e+01  2.750000e+01
   endloop
 endfacet
 facet normal  0.000000e+00  0.000000e+00  1.000000e+00
   outer loop
     vertex  2.598733e+01  2.909640e+01  2.750000e+01
     vertex  2.547182e+01  2.763321e+01  2.750000e+01
     vertex  2.551645e+01  2.761965e+01  2.750000e+01
   endloop
 endfacet
 facet normal  0.000000e+00  0.000000e+00  1.000000e+00
   outer loop
     vertex  2.807543e+01  2.705083e+01  2.750000e+01
     vertex  2.660868e+01  2.654967e+01  2.750000e+01
     vertex  2.662316e+01  2.650533e+01  2.750000e+01
   endloop
 endfacet
 facet normal  0.000000e+00  0.000000e+00  1.000000e+00
   outer loop
     vertex  2.807543e+01  2.705083e+01  2.750000e+01
     vertex  2.662316e+01  2.650533e+01  2.750000e+01
     vertex  2.810310e+01  2.696607e+01  2.750000e+01
   endloop
 endfacet
 facet normal  0.000000e+00  0.000000e+00  1.000000e+00
   outer loop
     vertex  2.607190e+01  2.906815e+01  2.750000e+01
     vertex  2.556069e+01  2.760488e+01  2.750000e+01
     vertex  2.560451e+01  2.758889e+01  2.750000e+01
   endloop
 endfacet
 facet normal  0.000000e+00  0.000000e+00  1.000000e+00
   outer loop
     vertex  2.607190e+01  2.906815e+01  2.750000e+01
     vertex  2.551645e+01  2.761965e+01  2.750000e+01
     vertex  2.556069e+01  2.760488e+01  2.750000e+01
   endloop
 endfacet
 facet normal  0.000000e+00  0.000000e+00  1.000000e+00
   outer loop
     vertex  2.607190e+01  2.906815e+01  2.750000e+01
     vertex  2.598733e+01  2.909640e+01  2.750000e+01
     vertex  2.551645e+01  2.761965e+01  2.750000e+01
   endloop
 endfacet
 facet normal  0.000000e+00  0.000000e+00  1.000000e+00
   outer loop
     vertex  2.804544e+01  2.713481e+01  2.750000e+01
     vertex  2.659300e+01  2.659359e+01  2.750000e+01
     vertex  2.660868e+01  2.654967e+01  2.750000e+01
   endloop
 endfacet
 facet normal  0.000000e+00  0.000000e+00  1.000000e+00
   outer loop
     vertex  2.804544e+01  2.713481e+01  2.750000e+01
     vertex  2.657612e+01  2.663707e+01  2.750000e+01
     vertex  2.659300e+01  2.659359e+01  2.750000e+01
   endloop
 endfacet
 facet normal  0.000000e+00  0.000000e+00  1.000000e+00
   outer loop
     vertex  2.804544e+01  2.713481e+01  2.750000e+01
     vertex  2.660868e+01  2.654967e+01  2.750000e+01
     vertex  2.807543e+01  2.705083e+01  2.750000e+01
   endloop
 endfacet
 facet normal  0.000000e+00  0.000000e+00  1.000000e+00
   outer loop
     vertex  2.615567e+01  2.903758e+01  2.750000e+01
     vertex  2.607190e+01  2.906815e+01  2.750000e+01
     vertex  2.560451e+01  2.758889e+01  2.750000e+01
   endloop
 endfacet
 facet normal  0.000000e+00  0.000000e+00  1.000000e+00
   outer loop
     vertex  2.801316e+01  2.721793e+01  2.750000e+01
     vertex  2.657612e+01  2.663707e+01  2.750000e+01
     vertex  2.804544e+01  2.713481e+01  2.750000e+01
   endloop
 endfacet
 facet normal  0.000000e+00  0.000000e+00  1.000000e+00
   outer loop
     vertex  2.623857e+01  2.900474e+01  2.750000e+01
     vertex  2.560451e+01  2.758889e+01  2.750000e+01
     vertex  2.564787e+01  2.757171e+01  2.750000e+01
   endloop
 endfacet
 facet normal  0.000000e+00  0.000000e+00  1.000000e+00
   outer loop
     vertex  2.623857e+01  2.900474e+01  2.750000e+01
     vertex  2.615567e+01  2.903758e+01  2.750000e+01
     vertex  2.560451e+01  2.758889e+01  2.750000e+01
   endloop
 endfacet
 facet normal  0.000000e+00  0.000000e+00  1.000000e+00
   outer loop
     vertex  2.797862e+01  2.730014e+01  2.750000e+01
     vertex  2.657612e+01  2.663707e+01  2.750000e+01
     vertex  2.801316e+01  2.721793e+01  2.750000e+01
   endloop
 endfacet
 facet normal  0.000000e+00  0.000000e+00  1.000000e+00
   outer loop
     vertex  2.797862e+01  2.730014e+01  2.750000e+01
     vertex  2.655804e+01  2.668007e+01  2.750000e+01
     vertex  2.657612e+01  2.663707e+01  2.750000e+01
   endloop
 endfacet
 facet normal  0.000000e+00  0.000000e+00  1.000000e+00
   outer loop
     vertex  2.632054e+01  2.896963e+01  2.750000e+01
     vertex  2.623857e+01  2.900474e+01  2.750000e+01
     vertex  2.564787e+01  2.757171e+01  2.750000e+01
   endloop
 endfacet
 facet normal  0.000000e+00  0.000000e+00  1.000000e+00
   outer loop
     vertex  2.632054e+01  2.896963e+01  2.750000e+01
     vertex  2.564787e+01  2.757171e+01  2.750000e+01
     vertex  2.569074e+01  2.755334e+01  2.750000e+01
   endloop
 endfacet
 facet normal  0.000000e+00  0.000000e+00  1.000000e+00
   outer loop
     vertex  2.794183e+01  2.738136e+01  2.750000e+01
     vertex  2.653880e+01  2.672256e+01  2.750000e+01
     vertex  2.655804e+01  2.668007e+01  2.750000e+01
   endloop
 endfacet
 facet normal  0.000000e+00  0.000000e+00  1.000000e+00
   outer loop
     vertex  2.794183e+01  2.738136e+01  2.750000e+01
     vertex  2.655804e+01  2.668007e+01  2.750000e+01
     vertex  2.797862e+01  2.730014e+01  2.750000e+01
   endloop
 endfacet
 facet normal  0.000000e+00  0.000000e+00  1.000000e+00
   outer loop
     vertex  2.794183e+01  2.738136e+01  2.750000e+01
     vertex  2.651840e+01  2.676450e+01  2.750000e+01
     vertex  2.653880e+01  2.672256e+01  2.750000e+01
   endloop
 endfacet
 facet normal  0.000000e+00  0.000000e+00  1.000000e+00
   outer loop
     vertex  2.640151e+01  2.893228e+01  2.750000e+01
     vertex  2.632054e+01  2.896963e+01  2.750000e+01
     vertex  2.569074e+01  2.755334e+01  2.750000e+01
   endloop
 endfacet
 facet normal  0.000000e+00  0.000000e+00  1.000000e+00
   outer loop
     vertex  2.640151e+01  2.893228e+01  2.750000e+01
     vertex  2.569074e+01  2.755334e+01  2.750000e+01
     vertex  2.573310e+01  2.753381e+01  2.750000e+01
   endloop
 endfacet
 facet normal  0.000000e+00  0.000000e+00  1.000000e+00
   outer loop
     vertex  2.790282e+01  2.746155e+01  2.750000e+01
     vertex  2.651840e+01  2.676450e+01  2.750000e+01
     vertex  2.794183e+01  2.738136e+01  2.750000e+01
   endloop
 endfacet
 facet normal  0.000000e+00  0.000000e+00  1.000000e+00
   outer loop
     vertex  2.648142e+01  2.889273e+01  2.750000e+01
     vertex  2.640151e+01  2.893228e+01  2.750000e+01
     vertex  2.573310e+01  2.753381e+01  2.750000e+01
   endloop
 endfacet
 facet normal  0.000000e+00  0.000000e+00  1.000000e+00
   outer loop
     vertex  2.648142e+01  2.889273e+01  2.750000e+01
     vertex  2.577490e+01  2.751312e+01  2.750000e+01
     vertex  2.581612e+01  2.749129e+01  2.750000e+01
   endloop
 endfacet
 facet normal  0.000000e+00  0.000000e+00  1.000000e+00
   outer loop
     vertex  2.648142e+01  2.889273e+01  2.750000e+01
     vertex  2.573310e+01  2.753381e+01  2.750000e+01
     vertex  2.577490e+01  2.751312e+01  2.750000e+01
   endloop
 endfacet
 facet normal  0.000000e+00  0.000000e+00  1.000000e+00
   outer loop
     vertex  2.786163e+01  2.754063e+01  2.750000e+01
     vertex  2.651840e+01  2.676450e+01  2.750000e+01
     vertex  2.790282e+01  2.746155e+01  2.750000e+01
   endloop
 endfacet
 facet normal  0.000000e+00  0.000000e+00  1.000000e+00
   outer loop
     vertex  2.786163e+01  2.754063e+01  2.750000e+01
     vertex  2.649685e+01  2.680587e+01  2.750000e+01
     vertex  2.651840e+01  2.676450e+01  2.750000e+01
   endloop
 endfacet
 facet normal  0.000000e+00  0.000000e+00  1.000000e+00
   outer loop
     vertex  2.656023e+01  2.885100e+01  2.750000e+01
     vertex  2.648142e+01  2.889273e+01  2.750000e+01
     vertex  2.581612e+01  2.749129e+01  2.750000e+01
   endloop
 endfacet
 facet normal  0.000000e+00  0.000000e+00  1.000000e+00
   outer loop
     vertex  2.656023e+01  2.885100e+01  2.750000e+01
     vertex  2.581612e+01  2.749129e+01  2.750000e+01
     vertex  2.585672e+01  2.746834e+01  2.750000e+01
   endloop
 endfacet
 facet normal  0.000000e+00  0.000000e+00  1.000000e+00
   outer loop
     vertex  2.781829e+01  2.761856e+01  2.750000e+01
     vertex  2.649685e+01  2.680587e+01  2.750000e+01
     vertex  2.786163e+01  2.754063e+01  2.750000e+01
   endloop
 endfacet
 facet normal  0.000000e+00  0.000000e+00  1.000000e+00
   outer loop
     vertex  2.781829e+01  2.761856e+01  2.750000e+01
     vertex  2.647418e+01  2.684663e+01  2.750000e+01
     vertex  2.649685e+01  2.680587e+01  2.750000e+01
   endloop
 endfacet
 facet normal  0.000000e+00  0.000000e+00  1.000000e+00
   outer loop
     vertex  2.663785e+01  2.880712e+01  2.750000e+01
     vertex  2.656023e+01  2.885100e+01  2.750000e+01
     vertex  2.585672e+01  2.746834e+01  2.750000e+01
   endloop
 endfacet
 facet normal  0.000000e+00  0.000000e+00  1.000000e+00
   outer loop
     vertex  2.777283e+01  2.769527e+01  2.750000e+01
     vertex  2.645040e+01  2.688676e+01  2.750000e+01
     vertex  2.647418e+01  2.684663e+01  2.750000e+01
   endloop
 endfacet
 facet normal  0.000000e+00  0.000000e+00  1.000000e+00
   outer loop
     vertex  2.777283e+01  2.769527e+01  2.750000e+01
     vertex  2.647418e+01  2.684663e+01  2.750000e+01
     vertex  2.781829e+01  2.761856e+01  2.750000e+01
   endloop
 endfacet
 facet normal  0.000000e+00  0.000000e+00  1.000000e+00
   outer loop
     vertex  2.671425e+01  2.876113e+01  2.750000e+01
     vertex  2.663785e+01  2.880712e+01  2.750000e+01
     vertex  2.585672e+01  2.746834e+01  2.750000e+01
   endloop
 endfacet
 facet normal  0.000000e+00  0.000000e+00  1.000000e+00
   outer loop
     vertex  2.671425e+01  2.876113e+01  2.750000e+01
     vertex  2.589668e+01  2.744428e+01  2.750000e+01
     vertex  2.593597e+01  2.741914e+01  2.750000e+01
   endloop
 endfacet
 facet normal  0.000000e+00  0.000000e+00  1.000000e+00
   outer loop
     vertex  2.671425e+01  2.876113e+01  2.750000e+01
     vertex  2.585672e+01  2.746834e+01  2.750000e+01
     vertex  2.589668e+01  2.744428e+01  2.750000e+01
   endloop
 endfacet
 facet normal  0.000000e+00  0.000000e+00  1.000000e+00
   outer loop
     vertex  2.772527e+01  2.777070e+01  2.750000e+01
     vertex  2.645040e+01  2.688676e+01  2.750000e+01
     vertex  2.777283e+01  2.769527e+01  2.750000e+01
   endloop
 endfacet
 facet normal  0.000000e+00  0.000000e+00  1.000000e+00
   outer loop
     vertex  2.772527e+01  2.777070e+01  2.750000e+01
     vertex  2.642553e+01  2.692621e+01  2.750000e+01
     vertex  2.645040e+01  2.688676e+01  2.750000e+01
   endloop
 endfacet
 facet normal  0.000000e+00  0.000000e+00  1.000000e+00
   outer loop
     vertex  2.772527e+01  2.777070e+01  2.750000e+01
     vertex  2.639958e+01  2.696497e+01  2.750000e+01
     vertex  2.642553e+01  2.692621e+01  2.750000e+01
   endloop
 endfacet
 facet normal  0.000000e+00  0.000000e+00  1.000000e+00
   outer loop
     vertex  2.678935e+01  2.871306e+01  2.750000e+01
     vertex  2.671425e+01  2.876113e+01  2.750000e+01
     vertex  2.593597e+01  2.741914e+01  2.750000e+01
   endloop
 endfacet
 facet normal  0.000000e+00  0.000000e+00  1.000000e+00
   outer loop
     vertex  2.678935e+01  2.871306e+01  2.750000e+01
     vertex  2.593597e+01  2.741914e+01  2.750000e+01
     vertex  2.597455e+01  2.739293e+01  2.750000e+01
   endloop
 endfacet
 facet normal  0.000000e+00  0.000000e+00  1.000000e+00
   outer loop
     vertex  2.767567e+01  2.784480e+01  2.750000e+01
     vertex  2.639958e+01  2.696497e+01  2.750000e+01
     vertex  2.772527e+01  2.777070e+01  2.750000e+01
   endloop
 endfacet
 facet normal  0.000000e+00  0.000000e+00  1.000000e+00
   outer loop
     vertex  2.767567e+01  2.784480e+01  2.750000e+01
     vertex  2.637258e+01  2.700300e+01  2.750000e+01
     vertex  2.639958e+01  2.696497e+01  2.750000e+01
   endloop
 endfacet
 facet normal  0.000000e+00  0.000000e+00  1.000000e+00
   outer loop
     vertex  2.686311e+01  2.866295e+01  2.750000e+01
     vertex  2.678935e+01  2.871306e+01  2.750000e+01
     vertex  2.597455e+01  2.739293e+01  2.750000e+01
   endloop
 endfacet
 facet normal  0.000000e+00  0.000000e+00  1.000000e+00
   outer loop
     vertex  2.762405e+01  2.791751e+01  2.750000e+01
     vertex  2.637258e+01  2.700300e+01  2.750000e+01
     vertex  2.767567e+01  2.784480e+01  2.750000e+01
   endloop
 endfacet
 facet normal  0.000000e+00  0.000000e+00  1.000000e+00
   outer loop
     vertex  2.693546e+01  2.861084e+01  2.750000e+01
     vertex  2.686311e+01  2.866295e+01  2.750000e+01
     vertex  2.597455e+01  2.739293e+01  2.750000e+01
   endloop
 endfacet
 facet normal  0.000000e+00  0.000000e+00  1.000000e+00
   outer loop
     vertex  2.693546e+01  2.861084e+01  2.750000e+01
     vertex  2.597455e+01  2.739293e+01  2.750000e+01
     vertex  2.601240e+01  2.736567e+01  2.750000e+01
   endloop
 endfacet
 facet normal  0.000000e+00  0.000000e+00  1.000000e+00
   outer loop
     vertex  2.757046e+01  2.798878e+01  2.750000e+01
     vertex  2.637258e+01  2.700300e+01  2.750000e+01
     vertex  2.762405e+01  2.791751e+01  2.750000e+01
   endloop
 endfacet
 facet normal  0.000000e+00  0.000000e+00  1.000000e+00
   outer loop
     vertex  2.757046e+01  2.798878e+01  2.750000e+01
     vertex  2.634455e+01  2.704028e+01  2.750000e+01
     vertex  2.637258e+01  2.700300e+01  2.750000e+01
   endloop
 endfacet
 facet normal  0.000000e+00  0.000000e+00  1.000000e+00
   outer loop
     vertex  2.757046e+01  2.798878e+01  2.750000e+01
     vertex  2.631550e+01  2.707678e+01  2.750000e+01
     vertex  2.634455e+01  2.704028e+01  2.750000e+01
   endloop
 endfacet
 facet normal  0.000000e+00  0.000000e+00  1.000000e+00
   outer loop
     vertex  2.700636e+01  2.855676e+01  2.750000e+01
     vertex  2.693546e+01  2.861084e+01  2.750000e+01
     vertex  2.601240e+01  2.736567e+01  2.750000e+01
   endloop
 endfacet
 facet normal  0.000000e+00  0.000000e+00  1.000000e+00
   outer loop
     vertex  2.700636e+01  2.855676e+01  2.750000e+01
     vertex  2.601240e+01  2.736567e+01  2.750000e+01
     vertex  2.604948e+01  2.733738e+01  2.750000e+01
   endloop
 endfacet
 facet normal  0.000000e+00  0.000000e+00  1.000000e+00
   outer loop
     vertex  2.751493e+01  2.805855e+01  2.750000e+01
     vertex  2.631550e+01  2.707678e+01  2.750000e+01
     vertex  2.757046e+01  2.798878e+01  2.750000e+01
   endloop
 endfacet
 facet normal  0.000000e+00  0.000000e+00  1.000000e+00
   outer loop
     vertex  2.707575e+01  2.850075e+01  2.750000e+01
     vertex  2.700636e+01  2.855676e+01  2.750000e+01
     vertex  2.604948e+01  2.733738e+01  2.750000e+01
   endloop
 endfacet
 facet normal  0.000000e+00  0.000000e+00  1.000000e+00
   outer loop
     vertex  2.707575e+01  2.850075e+01  2.750000e+01
     vertex  2.604948e+01  2.733738e+01  2.750000e+01
     vertex  2.608578e+01  2.730809e+01  2.750000e+01
   endloop
 endfacet
 facet normal  0.000000e+00  0.000000e+00  1.000000e+00
   outer loop
     vertex  2.745751e+01  2.812677e+01  2.750000e+01
     vertex  2.631550e+01  2.707678e+01  2.750000e+01
     vertex  2.751493e+01  2.805855e+01  2.750000e+01
   endloop
 endfacet
 facet normal  0.000000e+00  0.000000e+00  1.000000e+00
   outer loop
     vertex  2.745751e+01  2.812677e+01  2.750000e+01
     vertex  2.628547e+01  2.711246e+01  2.750000e+01
     vertex  2.631550e+01  2.707678e+01  2.750000e+01
   endloop
 endfacet
 facet normal  0.000000e+00  0.000000e+00  1.000000e+00
   outer loop
     vertex  2.745751e+01  2.812677e+01  2.750000e+01
     vertex  2.625447e+01  2.714731e+01  2.750000e+01
     vertex  2.628547e+01  2.711246e+01  2.750000e+01
   endloop
 endfacet
 facet normal  0.000000e+00  0.000000e+00  1.000000e+00
   outer loop
     vertex  2.714357e+01  2.844287e+01  2.750000e+01
     vertex  2.707575e+01  2.850075e+01  2.750000e+01
     vertex  2.608578e+01  2.730809e+01  2.750000e+01
   endloop
 endfacet
 facet normal  0.000000e+00  0.000000e+00  1.000000e+00
   outer loop
     vertex  2.714357e+01  2.844287e+01  2.750000e+01
     vertex  2.608578e+01  2.730809e+01  2.750000e+01
     vertex  2.612125e+01  2.727781e+01  2.750000e+01
   endloop
 endfacet
 facet normal  0.000000e+00  0.000000e+00  1.000000e+00
   outer loop
     vertex  2.739824e+01  2.819338e+01  2.750000e+01
     vertex  2.625447e+01  2.714731e+01  2.750000e+01
     vertex  2.745751e+01  2.812677e+01  2.750000e+01
   endloop
 endfacet
 facet normal  0.000000e+00  0.000000e+00  1.000000e+00
   outer loop
     vertex  2.720978e+01  2.838314e+01  2.750000e+01
     vertex  2.714357e+01  2.844287e+01  2.750000e+01
     vertex  2.612125e+01  2.727781e+01  2.750000e+01
   endloop
 endfacet
 facet normal  0.000000e+00  0.000000e+00  1.000000e+00
   outer loop
     vertex  2.720978e+01  2.838314e+01  2.750000e+01
     vertex  2.612125e+01  2.727781e+01  2.750000e+01
     vertex  2.615589e+01  2.724657e+01  2.750000e+01
   endloop
 endfacet
 facet normal  0.000000e+00  0.000000e+00  1.000000e+00
   outer loop
     vertex  2.733717e+01  2.825835e+01  2.750000e+01
     vertex  2.622252e+01  2.718129e+01  2.750000e+01
     vertex  2.625447e+01  2.714731e+01  2.750000e+01
   endloop
 endfacet
 facet normal  0.000000e+00  0.000000e+00  1.000000e+00
   outer loop
     vertex  2.733717e+01  2.825835e+01  2.750000e+01
     vertex  2.618965e+01  2.721439e+01  2.750000e+01
     vertex  2.622252e+01  2.718129e+01  2.750000e+01
   endloop
 endfacet
 facet normal  0.000000e+00  0.000000e+00  1.000000e+00
   outer loop
     vertex  2.733717e+01  2.825835e+01  2.750000e+01
     vertex  2.625447e+01  2.714731e+01  2.750000e+01
     vertex  2.739824e+01  2.819338e+01  2.750000e+01
   endloop
 endfacet
 facet normal  0.000000e+00  0.000000e+00  1.000000e+00
   outer loop
     vertex  2.727433e+01  2.832162e+01  2.750000e+01
     vertex  2.615589e+01  2.724657e+01  2.750000e+01
     vertex  2.618965e+01  2.721439e+01  2.750000e+01
   endloop
 endfacet
 facet normal  0.000000e+00  0.000000e+00  1.000000e+00
   outer loop
     vertex  2.727433e+01  2.832162e+01  2.750000e+01
     vertex  2.618965e+01  2.721439e+01  2.750000e+01
     vertex  2.733717e+01  2.825835e+01  2.750000e+01
   endloop
 endfacet
 facet normal  0.000000e+00  0.000000e+00  1.000000e+00
   outer loop
     vertex  2.727433e+01  2.832162e+01  2.750000e+01
     vertex  2.720978e+01  2.838314e+01  2.750000e+01
     vertex  2.615589e+01  2.724657e+01  2.750000e+01
   endloop
 endfacet
endsolid
