solid 
 facet normal -1.000000e+00  0.000000e+00  0.000000e+00
   outer loop
     vertex  1.571500e+02  3.100000e+01  1.380000e+01
     vertex  1.571500e+02  7.846000e+01  1.130000e+01
     vertex  1.571500e+02  3.100000e+01  1.130000e+01
   endloop
 endfacet
 facet normal -1.000000e+00  0.000000e+00  0.000000e+00
   outer loop
     vertex  1.571500e+02  3.100000e+01  1.380000e+01
     vertex  1.571500e+02  7.846000e+01  1.380000e+01
     vertex  1.571500e+02  7.846000e+01  1.130000e+01
   endloop
 endfacet
 facet normal  0.000000e+00 -1.000000e+00 -0.000000e+00
   outer loop
     vertex  1.671500e+02  3.100000e+01  1.380000e+01
     vertex  1.571500e+02  3.100000e+01  1.130000e+01
     vertex  1.671500e+02  3.100000e+01  1.130000e+01
   endloop
 endfacet
 facet normal -0.000000e+00 -1.000000e+00  0.000000e+00
   outer loop
     vertex  1.671500e+02  3.100000e+01  1.380000e+01
     vertex  1.571500e+02  3.100000e+01  1.380000e+01
     vertex  1.571500e+02  3.100000e+01  1.130000e+01
   endloop
 endfacet
 facet normal  0.000000e+00  0.000000e+00  1.000000e+00
   outer loop
     vertex  1.609771e+02  3.376941e+01  1.380000e+01
     vertex  1.609438e+02  3.380205e+01  1.380000e+01
     vertex  1.571500e+02  3.100000e+01  1.380000e+01
   endloop
 endfacet
 facet normal  0.000000e+00  0.000000e+00  1.000000e+00
   outer loop
     vertex  1.609114e+02  3.383559e+01  1.380000e+01
     vertex  1.571500e+02  3.100000e+01  1.380000e+01
     vertex  1.609438e+02  3.380205e+01  1.380000e+01
   endloop
 endfacet
 facet normal  0.000000e+00  0.000000e+00  1.000000e+00
   outer loop
     vertex  1.610113e+02  3.373769e+01  1.380000e+01
     vertex  1.609771e+02  3.376941e+01  1.380000e+01
     vertex  1.571500e+02  3.100000e+01  1.380000e+01
   endloop
 endfacet
 facet normal  0.000000e+00  0.000000e+00  1.000000e+00
   outer loop
     vertex  1.608799e+02  3.387001e+01  1.380000e+01
     vertex  1.571500e+02  3.100000e+01  1.380000e+01
     vertex  1.609114e+02  3.383559e+01  1.380000e+01
   endloop
 endfacet
 facet normal  0.000000e+00  0.000000e+00  1.000000e+00
   outer loop
     vertex  1.610464e+02  3.370693e+01  1.380000e+01
     vertex  1.610113e+02  3.373769e+01  1.380000e+01
     vertex  1.571500e+02  3.100000e+01  1.380000e+01
   endloop
 endfacet
 facet normal  0.000000e+00  0.000000e+00  1.000000e+00
   outer loop
     vertex  1.608494e+02  3.390528e+01  1.380000e+01
     vertex  1.571500e+02  3.100000e+01  1.380000e+01
     vertex  1.608799e+02  3.387001e+01  1.380000e+01
   endloop
 endfacet
 facet normal  0.000000e+00  0.000000e+00  1.000000e+00
   outer loop
     vertex  1.610823e+02  3.367714e+01  1.380000e+01
     vertex  1.610464e+02  3.370693e+01  1.380000e+01
     vertex  1.571500e+02  3.100000e+01  1.380000e+01
   endloop
 endfacet
 facet normal  0.000000e+00  0.000000e+00  1.000000e+00
   outer loop
     vertex  1.608198e+02  3.394137e+01  1.380000e+01
     vertex  1.571500e+02  3.100000e+01  1.380000e+01
     vertex  1.608494e+02  3.390528e+01  1.380000e+01
   endloop
 endfacet
 facet normal  0.000000e+00  0.000000e+00  1.000000e+00
   outer loop
     vertex  1.611190e+02  3.364835e+01  1.380000e+01
     vertex  1.610823e+02  3.367714e+01  1.380000e+01
     vertex  1.571500e+02  3.100000e+01  1.380000e+01
   endloop
 endfacet
 facet normal  0.000000e+00  0.000000e+00  1.000000e+00
   outer loop
     vertex  1.607913e+02  3.397826e+01  1.380000e+01
     vertex  1.571500e+02  3.100000e+01  1.380000e+01
     vertex  1.608198e+02  3.394137e+01  1.380000e+01
   endloop
 endfacet
 facet normal  0.000000e+00  0.000000e+00  1.000000e+00
   outer loop
     vertex  1.611564e+02  3.362057e+01  1.380000e+01
     vertex  1.611190e+02  3.364835e+01  1.380000e+01
     vertex  1.571500e+02  3.100000e+01  1.380000e+01
   endloop
 endfacet
 facet normal  0.000000e+00  0.000000e+00  1.000000e+00
   outer loop
     vertex  1.607638e+02  3.401592e+01  1.380000e+01
     vertex  1.571500e+02  3.100000e+01  1.380000e+01
     vertex  1.607913e+02  3.397826e+01  1.380000e+01
   endloop
 endfacet
 facet normal  0.000000e+00  0.000000e+00  1.000000e+00
   outer loop
     vertex  1.611947e+02  3.359383e+01  1.380000e+01
     vertex  1.611564e+02  3.362057e+01  1.380000e+01
     vertex  1.571500e+02  3.100000e+01  1.380000e+01
   endloop
 endfacet
 facet normal  0.000000e+00  0.000000e+00  1.000000e+00
   outer loop
     vertex  1.607373e+02  3.405432e+01  1.380000e+01
     vertex  1.571500e+02  3.100000e+01  1.380000e+01
     vertex  1.607638e+02  3.401592e+01  1.380000e+01
   endloop
 endfacet
 facet normal  0.000000e+00  0.000000e+00  1.000000e+00
   outer loop
     vertex  1.612336e+02  3.356815e+01  1.380000e+01
     vertex  1.611947e+02  3.359383e+01  1.380000e+01
     vertex  1.571500e+02  3.100000e+01  1.380000e+01
   endloop
 endfacet
 facet normal  0.000000e+00  0.000000e+00  1.000000e+00
   outer loop
     vertex  1.607119e+02  3.409343e+01  1.380000e+01
     vertex  1.571500e+02  3.100000e+01  1.380000e+01
     vertex  1.607373e+02  3.405432e+01  1.380000e+01
   endloop
 endfacet
 facet normal  0.000000e+00  0.000000e+00  1.000000e+00
   outer loop
     vertex  1.612732e+02  3.354355e+01  1.380000e+01
     vertex  1.612336e+02  3.356815e+01  1.380000e+01
     vertex  1.571500e+02  3.100000e+01  1.380000e+01
   endloop
 endfacet
 facet normal  0.000000e+00  0.000000e+00  1.000000e+00
   outer loop
     vertex  1.606876e+02  3.413322e+01  1.380000e+01
     vertex  1.571500e+02  3.100000e+01  1.380000e+01
     vertex  1.607119e+02  3.409343e+01  1.380000e+01
   endloop
 endfacet
 facet normal  0.000000e+00  0.000000e+00  1.000000e+00
   outer loop
     vertex  1.613135e+02  3.352004e+01  1.380000e+01
     vertex  1.612732e+02  3.354355e+01  1.380000e+01
     vertex  1.571500e+02  3.100000e+01  1.380000e+01
   endloop
 endfacet
 facet normal  0.000000e+00  0.000000e+00  1.000000e+00
   outer loop
     vertex  1.606643e+02  3.417367e+01  1.380000e+01
     vertex  1.571500e+02  3.100000e+01  1.380000e+01
     vertex  1.606876e+02  3.413322e+01  1.380000e+01
   endloop
 endfacet
 facet normal  0.000000e+00  0.000000e+00  1.000000e+00
   outer loop
     vertex  1.613544e+02  3.349765e+01  1.380000e+01
     vertex  1.613135e+02  3.352004e+01  1.380000e+01
     vertex  1.571500e+02  3.100000e+01  1.380000e+01
   endloop
 endfacet
 facet normal  0.000000e+00  0.000000e+00  1.000000e+00
   outer loop
     vertex  1.606422e+02  3.421474e+01  1.380000e+01
     vertex  1.571500e+02  3.100000e+01  1.380000e+01
     vertex  1.606643e+02  3.417367e+01  1.380000e+01
   endloop
 endfacet
 facet normal  0.000000e+00  0.000000e+00  1.000000e+00
   outer loop
     vertex  1.613959e+02  3.347639e+01  1.380000e+01
     vertex  1.613544e+02  3.349765e+01  1.380000e+01
     vertex  1.571500e+02  3.100000e+01  1.380000e+01
   endloop
 endfacet
 facet normal  0.000000e+00  0.000000e+00  1.000000e+00
   outer loop
     vertex  1.606213e+02  3.425640e+01  1.380000e+01
     vertex  1.571500e+02  3.100000e+01  1.380000e+01
     vertex  1.606422e+02  3.421474e+01  1.380000e+01
   endloop
 endfacet
 facet normal  0.000000e+00  0.000000e+00  1.000000e+00
   outer loop
     vertex  1.614380e+02  3.345628e+01  1.380000e+01
     vertex  1.613959e+02  3.347639e+01  1.380000e+01
     vertex  1.571500e+02  3.100000e+01  1.380000e+01
   endloop
 endfacet
 facet normal  0.000000e+00  0.000000e+00  1.000000e+00
   outer loop
     vertex  1.606014e+02  3.429862e+01  1.380000e+01
     vertex  1.571500e+02  3.100000e+01  1.380000e+01
     vertex  1.606213e+02  3.425640e+01  1.380000e+01
   endloop
 endfacet
 facet normal  0.000000e+00  0.000000e+00  1.000000e+00
   outer loop
     vertex  1.614806e+02  3.343733e+01  1.380000e+01
     vertex  1.614380e+02  3.345628e+01  1.380000e+01
     vertex  1.571500e+02  3.100000e+01  1.380000e+01
   endloop
 endfacet
 facet normal  0.000000e+00  0.000000e+00  1.000000e+00
   outer loop
     vertex  1.605828e+02  3.434137e+01  1.380000e+01
     vertex  1.571500e+02  3.100000e+01  1.380000e+01
     vertex  1.606014e+02  3.429862e+01  1.380000e+01
   endloop
 endfacet
 facet normal  0.000000e+00  0.000000e+00  1.000000e+00
   outer loop
     vertex  1.615238e+02  3.341955e+01  1.380000e+01
     vertex  1.614806e+02  3.343733e+01  1.380000e+01
     vertex  1.571500e+02  3.100000e+01  1.380000e+01
   endloop
 endfacet
 facet normal  0.000000e+00  0.000000e+00  1.000000e+00
   outer loop
     vertex  1.605653e+02  3.438461e+01  1.380000e+01
     vertex  1.571500e+02  3.100000e+01  1.380000e+01
     vertex  1.605828e+02  3.434137e+01  1.380000e+01
   endloop
 endfacet
 facet normal  0.000000e+00  0.000000e+00  1.000000e+00
   outer loop
     vertex  1.615673e+02  3.340297e+01  1.380000e+01
     vertex  1.615238e+02  3.341955e+01  1.380000e+01
     vertex  1.571500e+02  3.100000e+01  1.380000e+01
   endloop
 endfacet
 facet normal  0.000000e+00  0.000000e+00  1.000000e+00
   outer loop
     vertex  1.605490e+02  3.442832e+01  1.380000e+01
     vertex  1.571500e+02  3.100000e+01  1.380000e+01
     vertex  1.605653e+02  3.438461e+01  1.380000e+01
   endloop
 endfacet
 facet normal  0.000000e+00  0.000000e+00  1.000000e+00
   outer loop
     vertex  1.616114e+02  3.338758e+01  1.380000e+01
     vertex  1.615673e+02  3.340297e+01  1.380000e+01
     vertex  1.571500e+02  3.100000e+01  1.380000e+01
   endloop
 endfacet
 facet normal  0.000000e+00  0.000000e+00  1.000000e+00
   outer loop
     vertex  1.605339e+02  3.447245e+01  1.380000e+01
     vertex  1.571500e+02  3.100000e+01  1.380000e+01
     vertex  1.605490e+02  3.442832e+01  1.380000e+01
   endloop
 endfacet
 facet normal  0.000000e+00  0.000000e+00  1.000000e+00
   outer loop
     vertex  1.616558e+02  3.337341e+01  1.380000e+01
     vertex  1.616114e+02  3.338758e+01  1.380000e+01
     vertex  1.571500e+02  3.100000e+01  1.380000e+01
   endloop
 endfacet
 facet normal  0.000000e+00  0.000000e+00  1.000000e+00
   outer loop
     vertex  1.605201e+02  3.451699e+01  1.380000e+01
     vertex  1.571500e+02  3.100000e+01  1.380000e+01
     vertex  1.605339e+02  3.447245e+01  1.380000e+01
   endloop
 endfacet
 facet normal  0.000000e+00  0.000000e+00  1.000000e+00
   outer loop
     vertex  1.617006e+02  3.336047e+01  1.380000e+01
     vertex  1.616558e+02  3.337341e+01  1.380000e+01
     vertex  1.571500e+02  3.100000e+01  1.380000e+01
   endloop
 endfacet
 facet normal  0.000000e+00  0.000000e+00  1.000000e+00
   outer loop
     vertex  1.605074e+02  3.456189e+01  1.380000e+01
     vertex  1.571500e+02  3.100000e+01  1.380000e+01
     vertex  1.605201e+02  3.451699e+01  1.380000e+01
   endloop
 endfacet
 facet normal  0.000000e+00  0.000000e+00  1.000000e+00
   outer loop
     vertex  1.617458e+02  3.334876e+01  1.380000e+01
     vertex  1.617006e+02  3.336047e+01  1.380000e+01
     vertex  1.571500e+02  3.100000e+01  1.380000e+01
   endloop
 endfacet
 facet normal  0.000000e+00  0.000000e+00  1.000000e+00
   outer loop
     vertex  1.604960e+02  3.460711e+01  1.380000e+01
     vertex  1.571500e+02  3.100000e+01  1.380000e+01
     vertex  1.605074e+02  3.456189e+01  1.380000e+01
   endloop
 endfacet
 facet normal  0.000000e+00  0.000000e+00  1.000000e+00
   outer loop
     vertex  1.617912e+02  3.333829e+01  1.380000e+01
     vertex  1.617458e+02  3.334876e+01  1.380000e+01
     vertex  1.571500e+02  3.100000e+01  1.380000e+01
   endloop
 endfacet
 facet normal  0.000000e+00  0.000000e+00  1.000000e+00
   outer loop
     vertex  1.604859e+02  3.465264e+01  1.380000e+01
     vertex  1.571500e+02  3.100000e+01  1.380000e+01
     vertex  1.604960e+02  3.460711e+01  1.380000e+01
   endloop
 endfacet
 facet normal  0.000000e+00  0.000000e+00  1.000000e+00
   outer loop
     vertex  1.618370e+02  3.332907e+01  1.380000e+01
     vertex  1.617912e+02  3.333829e+01  1.380000e+01
     vertex  1.571500e+02  3.100000e+01  1.380000e+01
   endloop
 endfacet
 facet normal  0.000000e+00  0.000000e+00  1.000000e+00
   outer loop
     vertex  1.604770e+02  3.469842e+01  1.380000e+01
     vertex  1.571500e+02  3.100000e+01  1.380000e+01
     vertex  1.604859e+02  3.465264e+01  1.380000e+01
   endloop
 endfacet
 facet normal  0.000000e+00  0.000000e+00  1.000000e+00
   outer loop
     vertex  1.618829e+02  3.332111e+01  1.380000e+01
     vertex  1.618370e+02  3.332907e+01  1.380000e+01
     vertex  1.571500e+02  3.100000e+01  1.380000e+01
   endloop
 endfacet
 facet normal  0.000000e+00  0.000000e+00  1.000000e+00
   outer loop
     vertex  1.604693e+02  3.474443e+01  1.380000e+01
     vertex  1.571500e+02  3.100000e+01  1.380000e+01
     vertex  1.604770e+02  3.469842e+01  1.380000e+01
   endloop
 endfacet
 facet normal  0.000000e+00  0.000000e+00  1.000000e+00
   outer loop
     vertex  1.619291e+02  3.331442e+01  1.380000e+01
     vertex  1.618829e+02  3.332111e+01  1.380000e+01
     vertex  1.571500e+02  3.100000e+01  1.380000e+01
   endloop
 endfacet
 facet normal  0.000000e+00  0.000000e+00  1.000000e+00
   outer loop
     vertex  1.604629e+02  3.479064e+01  1.380000e+01
     vertex  1.571500e+02  3.100000e+01  1.380000e+01
     vertex  1.604693e+02  3.474443e+01  1.380000e+01
   endloop
 endfacet
 facet normal  0.000000e+00  0.000000e+00  1.000000e+00
   outer loop
     vertex  1.619754e+02  3.330899e+01  1.380000e+01
     vertex  1.619291e+02  3.331442e+01  1.380000e+01
     vertex  1.571500e+02  3.100000e+01  1.380000e+01
   endloop
 endfacet
 facet normal  0.000000e+00  0.000000e+00  1.000000e+00
   outer loop
     vertex  1.604578e+02  3.483700e+01  1.380000e+01
     vertex  1.571500e+02  3.100000e+01  1.380000e+01
     vertex  1.604629e+02  3.479064e+01  1.380000e+01
   endloop
 endfacet
 facet normal  0.000000e+00  0.000000e+00  1.000000e+00
   outer loop
     vertex  1.620219e+02  3.330484e+01  1.380000e+01
     vertex  1.619754e+02  3.330899e+01  1.380000e+01
     vertex  1.571500e+02  3.100000e+01  1.380000e+01
   endloop
 endfacet
 facet normal  0.000000e+00  0.000000e+00  1.000000e+00
   outer loop
     vertex  1.604540e+02  3.488348e+01  1.380000e+01
     vertex  1.571500e+02  3.100000e+01  1.380000e+01
     vertex  1.604578e+02  3.483700e+01  1.380000e+01
   endloop
 endfacet
 facet normal  0.000000e+00  0.000000e+00  1.000000e+00
   outer loop
     vertex  1.620684e+02  3.330196e+01  1.380000e+01
     vertex  1.620219e+02  3.330484e+01  1.380000e+01
     vertex  1.571500e+02  3.100000e+01  1.380000e+01
   endloop
 endfacet
 facet normal  0.000000e+00  0.000000e+00  1.000000e+00
   outer loop
     vertex  1.604514e+02  3.493005e+01  1.380000e+01
     vertex  1.571500e+02  3.100000e+01  1.380000e+01
     vertex  1.604540e+02  3.488348e+01  1.380000e+01
   endloop
 endfacet
 facet normal  0.000000e+00  0.000000e+00  1.000000e+00
   outer loop
     vertex  1.621150e+02  3.330036e+01  1.380000e+01
     vertex  1.620684e+02  3.330196e+01  1.380000e+01
     vertex  1.571500e+02  3.100000e+01  1.380000e+01
   endloop
 endfacet
 facet normal  0.000000e+00  0.000000e+00  1.000000e+00
   outer loop
     vertex  1.604502e+02  3.497668e+01  1.380000e+01
     vertex  1.571500e+02  3.100000e+01  1.380000e+01
     vertex  1.604514e+02  3.493005e+01  1.380000e+01
   endloop
 endfacet
 facet normal  0.000000e+00  0.000000e+00  1.000000e+00
   outer loop
     vertex  1.621617e+02  3.330004e+01  1.380000e+01
     vertex  1.621150e+02  3.330036e+01  1.380000e+01
     vertex  1.571500e+02  3.100000e+01  1.380000e+01
   endloop
 endfacet
 facet normal  0.000000e+00  0.000000e+00  1.000000e+00
   outer loop
     vertex  1.604502e+02  3.502332e+01  1.380000e+01
     vertex  1.571500e+02  3.100000e+01  1.380000e+01
     vertex  1.604502e+02  3.497668e+01  1.380000e+01
   endloop
 endfacet
 facet normal  0.000000e+00  0.000000e+00  1.000000e+00
   outer loop
     vertex  1.604514e+02  3.506995e+01  1.380000e+01
     vertex  1.571500e+02  3.100000e+01  1.380000e+01
     vertex  1.604502e+02  3.502332e+01  1.380000e+01
   endloop
 endfacet
 facet normal  0.000000e+00  0.000000e+00  1.000000e+00
   outer loop
     vertex  1.604540e+02  3.511652e+01  1.380000e+01
     vertex  1.571500e+02  3.100000e+01  1.380000e+01
     vertex  1.604514e+02  3.506995e+01  1.380000e+01
   endloop
 endfacet
 facet normal  0.000000e+00  0.000000e+00  1.000000e+00
   outer loop
     vertex  1.604578e+02  3.516300e+01  1.380000e+01
     vertex  1.571500e+02  3.100000e+01  1.380000e+01
     vertex  1.604540e+02  3.511652e+01  1.380000e+01
   endloop
 endfacet
 facet normal  0.000000e+00  0.000000e+00  1.000000e+00
   outer loop
     vertex  1.604629e+02  3.520936e+01  1.380000e+01
     vertex  1.571500e+02  3.100000e+01  1.380000e+01
     vertex  1.604578e+02  3.516300e+01  1.380000e+01
   endloop
 endfacet
 facet normal  0.000000e+00  0.000000e+00  1.000000e+00
   outer loop
     vertex  1.604693e+02  3.525557e+01  1.380000e+01
     vertex  1.571500e+02  3.100000e+01  1.380000e+01
     vertex  1.604629e+02  3.520936e+01  1.380000e+01
   endloop
 endfacet
 facet normal  0.000000e+00  0.000000e+00  1.000000e+00
   outer loop
     vertex  1.604770e+02  3.530158e+01  1.380000e+01
     vertex  1.571500e+02  3.100000e+01  1.380000e+01
     vertex  1.604693e+02  3.525557e+01  1.380000e+01
   endloop
 endfacet
 facet normal  0.000000e+00  0.000000e+00  1.000000e+00
   outer loop
     vertex  1.604859e+02  3.534736e+01  1.380000e+01
     vertex  1.571500e+02  3.100000e+01  1.380000e+01
     vertex  1.604770e+02  3.530158e+01  1.380000e+01
   endloop
 endfacet
 facet normal  0.000000e+00  0.000000e+00  1.000000e+00
   outer loop
     vertex  1.604960e+02  3.539289e+01  1.380000e+01
     vertex  1.571500e+02  3.100000e+01  1.380000e+01
     vertex  1.604859e+02  3.534736e+01  1.380000e+01
   endloop
 endfacet
 facet normal  0.000000e+00  0.000000e+00  1.000000e+00
   outer loop
     vertex  1.605074e+02  3.543811e+01  1.380000e+01
     vertex  1.571500e+02  3.100000e+01  1.380000e+01
     vertex  1.604960e+02  3.539289e+01  1.380000e+01
   endloop
 endfacet
 facet normal  0.000000e+00  0.000000e+00  1.000000e+00
   outer loop
     vertex  1.605201e+02  3.548301e+01  1.380000e+01
     vertex  1.571500e+02  3.100000e+01  1.380000e+01
     vertex  1.605074e+02  3.543811e+01  1.380000e+01
   endloop
 endfacet
 facet normal  0.000000e+00  0.000000e+00  1.000000e+00
   outer loop
     vertex  1.605339e+02  3.552755e+01  1.380000e+01
     vertex  1.571500e+02  3.100000e+01  1.380000e+01
     vertex  1.605201e+02  3.548301e+01  1.380000e+01
   endloop
 endfacet
 facet normal  0.000000e+00  0.000000e+00  1.000000e+00
   outer loop
     vertex  1.605490e+02  3.557168e+01  1.380000e+01
     vertex  1.571500e+02  3.100000e+01  1.380000e+01
     vertex  1.605339e+02  3.552755e+01  1.380000e+01
   endloop
 endfacet
 facet normal  0.000000e+00  0.000000e+00  1.000000e+00
   outer loop
     vertex  1.605653e+02  3.561539e+01  1.380000e+01
     vertex  1.571500e+02  3.100000e+01  1.380000e+01
     vertex  1.605490e+02  3.557168e+01  1.380000e+01
   endloop
 endfacet
 facet normal  0.000000e+00  0.000000e+00  1.000000e+00
   outer loop
     vertex  1.605828e+02  3.565863e+01  1.380000e+01
     vertex  1.571500e+02  3.100000e+01  1.380000e+01
     vertex  1.605653e+02  3.561539e+01  1.380000e+01
   endloop
 endfacet
 facet normal  0.000000e+00  0.000000e+00  1.000000e+00
   outer loop
     vertex  1.606014e+02  3.570138e+01  1.380000e+01
     vertex  1.571500e+02  3.100000e+01  1.380000e+01
     vertex  1.605828e+02  3.565863e+01  1.380000e+01
   endloop
 endfacet
 facet normal  0.000000e+00  0.000000e+00  1.000000e+00
   outer loop
     vertex  1.606213e+02  3.574360e+01  1.380000e+01
     vertex  1.571500e+02  3.100000e+01  1.380000e+01
     vertex  1.606014e+02  3.570138e+01  1.380000e+01
   endloop
 endfacet
 facet normal  0.000000e+00  0.000000e+00  1.000000e+00
   outer loop
     vertex  1.606422e+02  3.578526e+01  1.380000e+01
     vertex  1.571500e+02  3.100000e+01  1.380000e+01
     vertex  1.606213e+02  3.574360e+01  1.380000e+01
   endloop
 endfacet
 facet normal  0.000000e+00  0.000000e+00  1.000000e+00
   outer loop
     vertex  1.606643e+02  3.582633e+01  1.380000e+01
     vertex  1.571500e+02  3.100000e+01  1.380000e+01
     vertex  1.606422e+02  3.578526e+01  1.380000e+01
   endloop
 endfacet
 facet normal  0.000000e+00  0.000000e+00  1.000000e+00
   outer loop
     vertex  1.606876e+02  3.586678e+01  1.380000e+01
     vertex  1.571500e+02  3.100000e+01  1.380000e+01
     vertex  1.606643e+02  3.582633e+01  1.380000e+01
   endloop
 endfacet
 facet normal  0.000000e+00  0.000000e+00  1.000000e+00
   outer loop
     vertex  1.671500e+02  3.100000e+01  1.380000e+01
     vertex  1.632713e+02  3.372219e+01  1.380000e+01
     vertex  1.632358e+02  3.369191e+01  1.380000e+01
   endloop
 endfacet
 facet normal  0.000000e+00  0.000000e+00  1.000000e+00
   outer loop
     vertex  1.671500e+02  3.100000e+01  1.380000e+01
     vertex  1.633059e+02  3.375343e+01  1.380000e+01
     vertex  1.632713e+02  3.372219e+01  1.380000e+01
   endloop
 endfacet
 facet normal  0.000000e+00  0.000000e+00  1.000000e+00
   outer loop
     vertex  1.671500e+02  3.100000e+01  1.380000e+01
     vertex  1.633396e+02  3.378561e+01  1.380000e+01
     vertex  1.633059e+02  3.375343e+01  1.380000e+01
   endloop
 endfacet
 facet normal  0.000000e+00  0.000000e+00  1.000000e+00
   outer loop
     vertex  1.671500e+02  3.100000e+01  1.380000e+01
     vertex  1.633725e+02  3.381871e+01  1.380000e+01
     vertex  1.633396e+02  3.378561e+01  1.380000e+01
   endloop
 endfacet
 facet normal  0.000000e+00  0.000000e+00  1.000000e+00
   outer loop
     vertex  1.671500e+02  3.100000e+01  1.380000e+01
     vertex  1.634045e+02  3.385269e+01  1.380000e+01
     vertex  1.633725e+02  3.381871e+01  1.380000e+01
   endloop
 endfacet
 facet normal  0.000000e+00  0.000000e+00  1.000000e+00
   outer loop
     vertex  1.671500e+02  3.100000e+01  1.380000e+01
     vertex  1.634355e+02  3.388754e+01  1.380000e+01
     vertex  1.634045e+02  3.385269e+01  1.380000e+01
   endloop
 endfacet
 facet normal  0.000000e+00  0.000000e+00  1.000000e+00
   outer loop
     vertex  1.671500e+02  3.100000e+01  1.380000e+01
     vertex  1.634655e+02  3.392322e+01  1.380000e+01
     vertex  1.634355e+02  3.388754e+01  1.380000e+01
   endloop
 endfacet
 facet normal  0.000000e+00  0.000000e+00  1.000000e+00
   outer loop
     vertex  1.671500e+02  3.100000e+01  1.380000e+01
     vertex  1.634945e+02  3.395972e+01  1.380000e+01
     vertex  1.634655e+02  3.392322e+01  1.380000e+01
   endloop
 endfacet
 facet normal  0.000000e+00  0.000000e+00  1.000000e+00
   outer loop
     vertex  1.671500e+02  3.100000e+01  1.380000e+01
     vertex  1.635226e+02  3.399700e+01  1.380000e+01
     vertex  1.634945e+02  3.395972e+01  1.380000e+01
   endloop
 endfacet
 facet normal  0.000000e+00  0.000000e+00  1.000000e+00
   outer loop
     vertex  1.671500e+02  3.100000e+01  1.380000e+01
     vertex  1.635496e+02  3.403503e+01  1.380000e+01
     vertex  1.635226e+02  3.399700e+01  1.380000e+01
   endloop
 endfacet
 facet normal  0.000000e+00  0.000000e+00  1.000000e+00
   outer loop
     vertex  1.671500e+02  3.100000e+01  1.380000e+01
     vertex  1.635755e+02  3.407379e+01  1.380000e+01
     vertex  1.635496e+02  3.403503e+01  1.380000e+01
   endloop
 endfacet
 facet normal  0.000000e+00  0.000000e+00  1.000000e+00
   outer loop
     vertex  1.671500e+02  3.100000e+01  1.380000e+01
     vertex  1.636004e+02  3.411324e+01  1.380000e+01
     vertex  1.635755e+02  3.407379e+01  1.380000e+01
   endloop
 endfacet
 facet normal  0.000000e+00  0.000000e+00  1.000000e+00
   outer loop
     vertex  1.671500e+02  3.100000e+01  1.380000e+01
     vertex  1.636242e+02  3.415337e+01  1.380000e+01
     vertex  1.636004e+02  3.411324e+01  1.380000e+01
   endloop
 endfacet
 facet normal  0.000000e+00  0.000000e+00  1.000000e+00
   outer loop
     vertex  1.671500e+02  3.100000e+01  1.380000e+01
     vertex  1.636469e+02  3.419413e+01  1.380000e+01
     vertex  1.636242e+02  3.415337e+01  1.380000e+01
   endloop
 endfacet
 facet normal  0.000000e+00  0.000000e+00  1.000000e+00
   outer loop
     vertex  1.671500e+02  3.100000e+01  1.380000e+01
     vertex  1.636684e+02  3.423550e+01  1.380000e+01
     vertex  1.636469e+02  3.419413e+01  1.380000e+01
   endloop
 endfacet
 facet normal  0.000000e+00  0.000000e+00  1.000000e+00
   outer loop
     vertex  1.671500e+02  3.100000e+01  1.380000e+01
     vertex  1.636888e+02  3.427744e+01  1.380000e+01
     vertex  1.636684e+02  3.423550e+01  1.380000e+01
   endloop
 endfacet
 facet normal  0.000000e+00  0.000000e+00  1.000000e+00
   outer loop
     vertex  1.671500e+02  3.100000e+01  1.380000e+01
     vertex  1.637080e+02  3.431993e+01  1.380000e+01
     vertex  1.636888e+02  3.427744e+01  1.380000e+01
   endloop
 endfacet
 facet normal  0.000000e+00  0.000000e+00  1.000000e+00
   outer loop
     vertex  1.671500e+02  3.100000e+01  1.380000e+01
     vertex  1.637261e+02  3.436293e+01  1.380000e+01
     vertex  1.637080e+02  3.431993e+01  1.380000e+01
   endloop
 endfacet
 facet normal  0.000000e+00  0.000000e+00  1.000000e+00
   outer loop
     vertex  1.671500e+02  3.100000e+01  1.380000e+01
     vertex  1.637430e+02  3.440641e+01  1.380000e+01
     vertex  1.637261e+02  3.436293e+01  1.380000e+01
   endloop
 endfacet
 facet normal  0.000000e+00  0.000000e+00  1.000000e+00
   outer loop
     vertex  1.671500e+02  3.100000e+01  1.380000e+01
     vertex  1.621617e+02  3.330004e+01  1.380000e+01
     vertex  1.571500e+02  3.100000e+01  1.380000e+01
   endloop
 endfacet
 facet normal  0.000000e+00  0.000000e+00  1.000000e+00
   outer loop
     vertex  1.671500e+02  3.100000e+01  1.380000e+01
     vertex  1.622083e+02  3.330100e+01  1.380000e+01
     vertex  1.621617e+02  3.330004e+01  1.380000e+01
   endloop
 endfacet
 facet normal  0.000000e+00  0.000000e+00  1.000000e+00
   outer loop
     vertex  1.671500e+02  3.100000e+01  1.380000e+01
     vertex  1.622549e+02  3.330324e+01  1.380000e+01
     vertex  1.622083e+02  3.330100e+01  1.380000e+01
   endloop
 endfacet
 facet normal  0.000000e+00  0.000000e+00  1.000000e+00
   outer loop
     vertex  1.671500e+02  3.100000e+01  1.380000e+01
     vertex  1.623014e+02  3.330675e+01  1.380000e+01
     vertex  1.622549e+02  3.330324e+01  1.380000e+01
   endloop
 endfacet
 facet normal  0.000000e+00  0.000000e+00  1.000000e+00
   outer loop
     vertex  1.671500e+02  3.100000e+01  1.380000e+01
     vertex  1.623478e+02  3.331154e+01  1.380000e+01
     vertex  1.623014e+02  3.330675e+01  1.380000e+01
   endloop
 endfacet
 facet normal  0.000000e+00  0.000000e+00  1.000000e+00
   outer loop
     vertex  1.671500e+02  3.100000e+01  1.380000e+01
     vertex  1.623940e+02  3.331761e+01  1.380000e+01
     vertex  1.623478e+02  3.331154e+01  1.380000e+01
   endloop
 endfacet
 facet normal  0.000000e+00  0.000000e+00  1.000000e+00
   outer loop
     vertex  1.671500e+02  3.100000e+01  1.380000e+01
     vertex  1.624401e+02  3.332493e+01  1.380000e+01
     vertex  1.623940e+02  3.331761e+01  1.380000e+01
   endloop
 endfacet
 facet normal  0.000000e+00  0.000000e+00  1.000000e+00
   outer loop
     vertex  1.671500e+02  3.100000e+01  1.380000e+01
     vertex  1.624859e+02  3.333352e+01  1.380000e+01
     vertex  1.624401e+02  3.332493e+01  1.380000e+01
   endloop
 endfacet
 facet normal  0.000000e+00  0.000000e+00  1.000000e+00
   outer loop
     vertex  1.671500e+02  3.100000e+01  1.380000e+01
     vertex  1.625315e+02  3.334337e+01  1.380000e+01
     vertex  1.624859e+02  3.333352e+01  1.380000e+01
   endloop
 endfacet
 facet normal  0.000000e+00  0.000000e+00  1.000000e+00
   outer loop
     vertex  1.671500e+02  3.100000e+01  1.380000e+01
     vertex  1.625768e+02  3.335446e+01  1.380000e+01
     vertex  1.625315e+02  3.334337e+01  1.380000e+01
   endloop
 endfacet
 facet normal  0.000000e+00  0.000000e+00  1.000000e+00
   outer loop
     vertex  1.671500e+02  3.100000e+01  1.380000e+01
     vertex  1.626218e+02  3.336679e+01  1.380000e+01
     vertex  1.625768e+02  3.335446e+01  1.380000e+01
   endloop
 endfacet
 facet normal  0.000000e+00  0.000000e+00  1.000000e+00
   outer loop
     vertex  1.671500e+02  3.100000e+01  1.380000e+01
     vertex  1.626664e+02  3.338035e+01  1.380000e+01
     vertex  1.626218e+02  3.336679e+01  1.380000e+01
   endloop
 endfacet
 facet normal  0.000000e+00  0.000000e+00  1.000000e+00
   outer loop
     vertex  1.671500e+02  3.100000e+01  1.380000e+01
     vertex  1.627107e+02  3.339512e+01  1.380000e+01
     vertex  1.626664e+02  3.338035e+01  1.380000e+01
   endloop
 endfacet
 facet normal  0.000000e+00  0.000000e+00  1.000000e+00
   outer loop
     vertex  1.671500e+02  3.100000e+01  1.380000e+01
     vertex  1.627545e+02  3.341111e+01  1.380000e+01
     vertex  1.627107e+02  3.339512e+01  1.380000e+01
   endloop
 endfacet
 facet normal  0.000000e+00  0.000000e+00  1.000000e+00
   outer loop
     vertex  1.671500e+02  3.100000e+01  1.380000e+01
     vertex  1.627979e+02  3.342829e+01  1.380000e+01
     vertex  1.627545e+02  3.341111e+01  1.380000e+01
   endloop
 endfacet
 facet normal  0.000000e+00  0.000000e+00  1.000000e+00
   outer loop
     vertex  1.671500e+02  3.100000e+01  1.380000e+01
     vertex  1.628407e+02  3.344666e+01  1.380000e+01
     vertex  1.627979e+02  3.342829e+01  1.380000e+01
   endloop
 endfacet
 facet normal  0.000000e+00  0.000000e+00  1.000000e+00
   outer loop
     vertex  1.671500e+02  3.100000e+01  1.380000e+01
     vertex  1.628831e+02  3.346619e+01  1.380000e+01
     vertex  1.628407e+02  3.344666e+01  1.380000e+01
   endloop
 endfacet
 facet normal  0.000000e+00  0.000000e+00  1.000000e+00
   outer loop
     vertex  1.671500e+02  3.100000e+01  1.380000e+01
     vertex  1.629249e+02  3.348688e+01  1.380000e+01
     vertex  1.628831e+02  3.346619e+01  1.380000e+01
   endloop
 endfacet
 facet normal  0.000000e+00  0.000000e+00  1.000000e+00
   outer loop
     vertex  1.671500e+02  3.100000e+01  1.380000e+01
     vertex  1.629661e+02  3.350871e+01  1.380000e+01
     vertex  1.629249e+02  3.348688e+01  1.380000e+01
   endloop
 endfacet
 facet normal  0.000000e+00  0.000000e+00  1.000000e+00
   outer loop
     vertex  1.671500e+02  3.100000e+01  1.380000e+01
     vertex  1.630067e+02  3.353166e+01  1.380000e+01
     vertex  1.629661e+02  3.350871e+01  1.380000e+01
   endloop
 endfacet
 facet normal  0.000000e+00  0.000000e+00  1.000000e+00
   outer loop
     vertex  1.671500e+02  3.100000e+01  1.380000e+01
     vertex  1.630467e+02  3.355572e+01  1.380000e+01
     vertex  1.630067e+02  3.353166e+01  1.380000e+01
   endloop
 endfacet
 facet normal  0.000000e+00  0.000000e+00  1.000000e+00
   outer loop
     vertex  1.671500e+02  3.100000e+01  1.380000e+01
     vertex  1.630860e+02  3.358086e+01  1.380000e+01
     vertex  1.630467e+02  3.355572e+01  1.380000e+01
   endloop
 endfacet
 facet normal  0.000000e+00  0.000000e+00  1.000000e+00
   outer loop
     vertex  1.671500e+02  3.100000e+01  1.380000e+01
     vertex  1.631245e+02  3.360707e+01  1.380000e+01
     vertex  1.630860e+02  3.358086e+01  1.380000e+01
   endloop
 endfacet
 facet normal  0.000000e+00  0.000000e+00  1.000000e+00
   outer loop
     vertex  1.671500e+02  3.100000e+01  1.380000e+01
     vertex  1.631624e+02  3.363433e+01  1.380000e+01
     vertex  1.631245e+02  3.360707e+01  1.380000e+01
   endloop
 endfacet
 facet normal  0.000000e+00  0.000000e+00  1.000000e+00
   outer loop
     vertex  1.671500e+02  3.100000e+01  1.380000e+01
     vertex  1.631995e+02  3.366262e+01  1.380000e+01
     vertex  1.631624e+02  3.363433e+01  1.380000e+01
   endloop
 endfacet
 facet normal  0.000000e+00  0.000000e+00  1.000000e+00
   outer loop
     vertex  1.671500e+02  3.100000e+01  1.380000e+01
     vertex  1.632358e+02  3.369191e+01  1.380000e+01
     vertex  1.631995e+02  3.366262e+01  1.380000e+01
   endloop
 endfacet
 facet normal  0.000000e+00  0.000000e+00  1.000000e+00
   outer loop
     vertex  1.637587e+02  3.445033e+01  1.380000e+01
     vertex  1.637430e+02  3.440641e+01  1.380000e+01
     vertex  1.671500e+02  3.100000e+01  1.380000e+01
   endloop
 endfacet
 facet normal  0.000000e+00  0.000000e+00  1.000000e+00
   outer loop
     vertex  1.637732e+02  3.449467e+01  1.380000e+01
     vertex  1.637587e+02  3.445033e+01  1.380000e+01
     vertex  1.671500e+02  3.100000e+01  1.380000e+01
   endloop
 endfacet
 facet normal  0.000000e+00  0.000000e+00  1.000000e+00
   outer loop
     vertex  1.637864e+02  3.453939e+01  1.380000e+01
     vertex  1.637732e+02  3.449467e+01  1.380000e+01
     vertex  1.671500e+02  3.100000e+01  1.380000e+01
   endloop
 endfacet
 facet normal  0.000000e+00  0.000000e+00  1.000000e+00
   outer loop
     vertex  1.637984e+02  3.458446e+01  1.380000e+01
     vertex  1.637864e+02  3.453939e+01  1.380000e+01
     vertex  1.671500e+02  3.100000e+01  1.380000e+01
   endloop
 endfacet
 facet normal  0.000000e+00  0.000000e+00  1.000000e+00
   outer loop
     vertex  1.638092e+02  3.462984e+01  1.380000e+01
     vertex  1.637984e+02  3.458446e+01  1.380000e+01
     vertex  1.671500e+02  3.100000e+01  1.380000e+01
   endloop
 endfacet
 facet normal  0.000000e+00  0.000000e+00  1.000000e+00
   outer loop
     vertex  1.638187e+02  3.467550e+01  1.380000e+01
     vertex  1.638092e+02  3.462984e+01  1.380000e+01
     vertex  1.671500e+02  3.100000e+01  1.380000e+01
   endloop
 endfacet
 facet normal  0.000000e+00  0.000000e+00  1.000000e+00
   outer loop
     vertex  1.638270e+02  3.472140e+01  1.380000e+01
     vertex  1.638187e+02  3.467550e+01  1.380000e+01
     vertex  1.671500e+02  3.100000e+01  1.380000e+01
   endloop
 endfacet
 facet normal  0.000000e+00  0.000000e+00  1.000000e+00
   outer loop
     vertex  1.638340e+02  3.476751e+01  1.380000e+01
     vertex  1.638270e+02  3.472140e+01  1.380000e+01
     vertex  1.671500e+02  3.100000e+01  1.380000e+01
   endloop
 endfacet
 facet normal  0.000000e+00  0.000000e+00  1.000000e+00
   outer loop
     vertex  1.638398e+02  3.481380e+01  1.380000e+01
     vertex  1.638340e+02  3.476751e+01  1.380000e+01
     vertex  1.671500e+02  3.100000e+01  1.380000e+01
   endloop
 endfacet
 facet normal  0.000000e+00  0.000000e+00  1.000000e+00
   outer loop
     vertex  1.638442e+02  3.486023e+01  1.380000e+01
     vertex  1.638398e+02  3.481380e+01  1.380000e+01
     vertex  1.671500e+02  3.100000e+01  1.380000e+01
   endloop
 endfacet
 facet normal  0.000000e+00  0.000000e+00  1.000000e+00
   outer loop
     vertex  1.638474e+02  3.490676e+01  1.380000e+01
     vertex  1.638442e+02  3.486023e+01  1.380000e+01
     vertex  1.671500e+02  3.100000e+01  1.380000e+01
   endloop
 endfacet
 facet normal  0.000000e+00  0.000000e+00  1.000000e+00
   outer loop
     vertex  1.638494e+02  3.495336e+01  1.380000e+01
     vertex  1.638474e+02  3.490676e+01  1.380000e+01
     vertex  1.671500e+02  3.100000e+01  1.380000e+01
   endloop
 endfacet
 facet normal  0.000000e+00  0.000000e+00  1.000000e+00
   outer loop
     vertex  1.638500e+02  3.500000e+01  1.380000e+01
     vertex  1.638494e+02  3.495336e+01  1.380000e+01
     vertex  1.671500e+02  3.100000e+01  1.380000e+01
   endloop
 endfacet
 facet normal  0.000000e+00  0.000000e+00  1.000000e+00
   outer loop
     vertex  1.638494e+02  3.504664e+01  1.380000e+01
     vertex  1.638500e+02  3.500000e+01  1.380000e+01
     vertex  1.671500e+02  3.100000e+01  1.380000e+01
   endloop
 endfacet
 facet normal  0.000000e+00  0.000000e+00  1.000000e+00
   outer loop
     vertex  1.638474e+02  3.509324e+01  1.380000e+01
     vertex  1.638494e+02  3.504664e+01  1.380000e+01
     vertex  1.671500e+02  3.100000e+01  1.380000e+01
   endloop
 endfacet
 facet normal  0.000000e+00  0.000000e+00  1.000000e+00
   outer loop
     vertex  1.638442e+02  3.513977e+01  1.380000e+01
     vertex  1.638474e+02  3.509324e+01  1.380000e+01
     vertex  1.671500e+02  3.100000e+01  1.380000e+01
   endloop
 endfacet
 facet normal  0.000000e+00  0.000000e+00  1.000000e+00
   outer loop
     vertex  1.638398e+02  3.518620e+01  1.380000e+01
     vertex  1.638442e+02  3.513977e+01  1.380000e+01
     vertex  1.671500e+02  3.100000e+01  1.380000e+01
   endloop
 endfacet
 facet normal  0.000000e+00  0.000000e+00  1.000000e+00
   outer loop
     vertex  1.638340e+02  3.523249e+01  1.380000e+01
     vertex  1.638398e+02  3.518620e+01  1.380000e+01
     vertex  1.671500e+02  3.100000e+01  1.380000e+01
   endloop
 endfacet
 facet normal  0.000000e+00  0.000000e+00  1.000000e+00
   outer loop
     vertex  1.638270e+02  3.527860e+01  1.380000e+01
     vertex  1.638340e+02  3.523249e+01  1.380000e+01
     vertex  1.671500e+02  3.100000e+01  1.380000e+01
   endloop
 endfacet
 facet normal  0.000000e+00  0.000000e+00  1.000000e+00
   outer loop
     vertex  1.638187e+02  3.532450e+01  1.380000e+01
     vertex  1.638270e+02  3.527860e+01  1.380000e+01
     vertex  1.671500e+02  3.100000e+01  1.380000e+01
   endloop
 endfacet
 facet normal  0.000000e+00  0.000000e+00  1.000000e+00
   outer loop
     vertex  1.638092e+02  3.537016e+01  1.380000e+01
     vertex  1.638187e+02  3.532450e+01  1.380000e+01
     vertex  1.671500e+02  3.100000e+01  1.380000e+01
   endloop
 endfacet
 facet normal  0.000000e+00  0.000000e+00  1.000000e+00
   outer loop
     vertex  1.637984e+02  3.541554e+01  1.380000e+01
     vertex  1.638092e+02  3.537016e+01  1.380000e+01
     vertex  1.671500e+02  3.100000e+01  1.380000e+01
   endloop
 endfacet
 facet normal  0.000000e+00  0.000000e+00  1.000000e+00
   outer loop
     vertex  1.637864e+02  3.546061e+01  1.380000e+01
     vertex  1.637984e+02  3.541554e+01  1.380000e+01
     vertex  1.671500e+02  3.100000e+01  1.380000e+01
   endloop
 endfacet
 facet normal  0.000000e+00  0.000000e+00  1.000000e+00
   outer loop
     vertex  1.637732e+02  3.550533e+01  1.380000e+01
     vertex  1.637864e+02  3.546061e+01  1.380000e+01
     vertex  1.671500e+02  3.100000e+01  1.380000e+01
   endloop
 endfacet
 facet normal  0.000000e+00  0.000000e+00  1.000000e+00
   outer loop
     vertex  1.637587e+02  3.554967e+01  1.380000e+01
     vertex  1.637732e+02  3.550533e+01  1.380000e+01
     vertex  1.671500e+02  3.100000e+01  1.380000e+01
   endloop
 endfacet
 facet normal  0.000000e+00  0.000000e+00  1.000000e+00
   outer loop
     vertex  1.637430e+02  3.559359e+01  1.380000e+01
     vertex  1.637587e+02  3.554967e+01  1.380000e+01
     vertex  1.671500e+02  3.100000e+01  1.380000e+01
   endloop
 endfacet
 facet normal  0.000000e+00  0.000000e+00  1.000000e+00
   outer loop
     vertex  1.637261e+02  3.563707e+01  1.380000e+01
     vertex  1.637430e+02  3.559359e+01  1.380000e+01
     vertex  1.671500e+02  3.100000e+01  1.380000e+01
   endloop
 endfacet
 facet normal  0.000000e+00  0.000000e+00  1.000000e+00
   outer loop
     vertex  1.637080e+02  3.568007e+01  1.380000e+01
     vertex  1.637261e+02  3.563707e+01  1.380000e+01
     vertex  1.671500e+02  3.100000e+01  1.380000e+01
   endloop
 endfacet
 facet normal  0.000000e+00  0.000000e+00  1.000000e+00
   outer loop
     vertex  1.636888e+02  3.572256e+01  1.380000e+01
     vertex  1.637080e+02  3.568007e+01  1.380000e+01
     vertex  1.671500e+02  3.100000e+01  1.380000e+01
   endloop
 endfacet
 facet normal  0.000000e+00  0.000000e+00  1.000000e+00
   outer loop
     vertex  1.636684e+02  3.576450e+01  1.380000e+01
     vertex  1.636888e+02  3.572256e+01  1.380000e+01
     vertex  1.671500e+02  3.100000e+01  1.380000e+01
   endloop
 endfacet
 facet normal  0.000000e+00  0.000000e+00  1.000000e+00
   outer loop
     vertex  1.636469e+02  3.580587e+01  1.380000e+01
     vertex  1.636684e+02  3.576450e+01  1.380000e+01
     vertex  1.671500e+02  3.100000e+01  1.380000e+01
   endloop
 endfacet
 facet normal  0.000000e+00  0.000000e+00  1.000000e+00
   outer loop
     vertex  1.636242e+02  3.584663e+01  1.380000e+01
     vertex  1.636469e+02  3.580587e+01  1.380000e+01
     vertex  1.671500e+02  3.100000e+01  1.380000e+01
   endloop
 endfacet
 facet normal  0.000000e+00  0.000000e+00  1.000000e+00
   outer loop
     vertex  1.636004e+02  3.588676e+01  1.380000e+01
     vertex  1.636242e+02  3.584663e+01  1.380000e+01
     vertex  1.671500e+02  3.100000e+01  1.380000e+01
   endloop
 endfacet
 facet normal  0.000000e+00  0.000000e+00  1.000000e+00
   outer loop
     vertex  1.609771e+02  7.322941e+01  1.380000e+01
     vertex  1.609438e+02  7.326205e+01  1.380000e+01
     vertex  1.609438e+02  3.619795e+01  1.380000e+01
   endloop
 endfacet
 facet normal  0.000000e+00  0.000000e+00  1.000000e+00
   outer loop
     vertex  1.609771e+02  7.322941e+01  1.380000e+01
     vertex  1.609438e+02  3.619795e+01  1.380000e+01
     vertex  1.609771e+02  3.623059e+01  1.380000e+01
   endloop
 endfacet
 facet normal  0.000000e+00  0.000000e+00  1.000000e+00
   outer loop
     vertex  1.609114e+02  7.329559e+01  1.380000e+01
     vertex  1.609438e+02  3.619795e+01  1.380000e+01
     vertex  1.609438e+02  7.326205e+01  1.380000e+01
   endloop
 endfacet
 facet normal  0.000000e+00  0.000000e+00  1.000000e+00
   outer loop
     vertex  1.609114e+02  7.329559e+01  1.380000e+01
     vertex  1.609114e+02  3.616441e+01  1.380000e+01
     vertex  1.609438e+02  3.619795e+01  1.380000e+01
   endloop
 endfacet
 facet normal  0.000000e+00  0.000000e+00  1.000000e+00
   outer loop
     vertex  1.610113e+02  7.319769e+01  1.380000e+01
     vertex  1.609771e+02  7.322941e+01  1.380000e+01
     vertex  1.609771e+02  3.623059e+01  1.380000e+01
   endloop
 endfacet
 facet normal  0.000000e+00  0.000000e+00  1.000000e+00
   outer loop
     vertex  1.610113e+02  7.319769e+01  1.380000e+01
     vertex  1.609771e+02  3.623059e+01  1.380000e+01
     vertex  1.610113e+02  3.626231e+01  1.380000e+01
   endloop
 endfacet
 facet normal  0.000000e+00  0.000000e+00  1.000000e+00
   outer loop
     vertex  1.608799e+02  7.333001e+01  1.380000e+01
     vertex  1.609114e+02  3.616441e+01  1.380000e+01
     vertex  1.609114e+02  7.329559e+01  1.380000e+01
   endloop
 endfacet
 facet normal  0.000000e+00  0.000000e+00  1.000000e+00
   outer loop
     vertex  1.608799e+02  7.333001e+01  1.380000e+01
     vertex  1.608799e+02  3.612999e+01  1.380000e+01
     vertex  1.609114e+02  3.616441e+01  1.380000e+01
   endloop
 endfacet
 facet normal  0.000000e+00  0.000000e+00  1.000000e+00
   outer loop
     vertex  1.610464e+02  7.316693e+01  1.380000e+01
     vertex  1.610113e+02  7.319769e+01  1.380000e+01
     vertex  1.610113e+02  3.626231e+01  1.380000e+01
   endloop
 endfacet
 facet normal  0.000000e+00  0.000000e+00  1.000000e+00
   outer loop
     vertex  1.610464e+02  7.316693e+01  1.380000e+01
     vertex  1.610113e+02  3.626231e+01  1.380000e+01
     vertex  1.610464e+02  3.629307e+01  1.380000e+01
   endloop
 endfacet
 facet normal  0.000000e+00  0.000000e+00  1.000000e+00
   outer loop
     vertex  1.608494e+02  7.336528e+01  1.380000e+01
     vertex  1.608799e+02  3.612999e+01  1.380000e+01
     vertex  1.608799e+02  7.333001e+01  1.380000e+01
   endloop
 endfacet
 facet normal  0.000000e+00  0.000000e+00  1.000000e+00
   outer loop
     vertex  1.608494e+02  7.336528e+01  1.380000e+01
     vertex  1.608494e+02  3.609472e+01  1.380000e+01
     vertex  1.608799e+02  3.612999e+01  1.380000e+01
   endloop
 endfacet
 facet normal  0.000000e+00  0.000000e+00  1.000000e+00
   outer loop
     vertex  1.610823e+02  7.313714e+01  1.380000e+01
     vertex  1.610464e+02  7.316693e+01  1.380000e+01
     vertex  1.610464e+02  3.629307e+01  1.380000e+01
   endloop
 endfacet
 facet normal  0.000000e+00  0.000000e+00  1.000000e+00
   outer loop
     vertex  1.610823e+02  7.313714e+01  1.380000e+01
     vertex  1.610464e+02  3.629307e+01  1.380000e+01
     vertex  1.610823e+02  3.632286e+01  1.380000e+01
   endloop
 endfacet
 facet normal  0.000000e+00  0.000000e+00  1.000000e+00
   outer loop
     vertex  1.608198e+02  7.340137e+01  1.380000e+01
     vertex  1.608494e+02  3.609472e+01  1.380000e+01
     vertex  1.608494e+02  7.336528e+01  1.380000e+01
   endloop
 endfacet
 facet normal  0.000000e+00  0.000000e+00  1.000000e+00
   outer loop
     vertex  1.608198e+02  7.340137e+01  1.380000e+01
     vertex  1.608198e+02  3.605863e+01  1.380000e+01
     vertex  1.608494e+02  3.609472e+01  1.380000e+01
   endloop
 endfacet
 facet normal  0.000000e+00  0.000000e+00  1.000000e+00
   outer loop
     vertex  1.611190e+02  7.310835e+01  1.380000e+01
     vertex  1.610823e+02  7.313714e+01  1.380000e+01
     vertex  1.610823e+02  3.632286e+01  1.380000e+01
   endloop
 endfacet
 facet normal  0.000000e+00  0.000000e+00  1.000000e+00
   outer loop
     vertex  1.611190e+02  7.310835e+01  1.380000e+01
     vertex  1.610823e+02  3.632286e+01  1.380000e+01
     vertex  1.611190e+02  3.635165e+01  1.380000e+01
   endloop
 endfacet
 facet normal  0.000000e+00  0.000000e+00  1.000000e+00
   outer loop
     vertex  1.607913e+02  7.343826e+01  1.380000e+01
     vertex  1.608198e+02  3.605863e+01  1.380000e+01
     vertex  1.608198e+02  7.340137e+01  1.380000e+01
   endloop
 endfacet
 facet normal  0.000000e+00  0.000000e+00  1.000000e+00
   outer loop
     vertex  1.607913e+02  7.343826e+01  1.380000e+01
     vertex  1.607913e+02  3.602174e+01  1.380000e+01
     vertex  1.608198e+02  3.605863e+01  1.380000e+01
   endloop
 endfacet
 facet normal  0.000000e+00  0.000000e+00  1.000000e+00
   outer loop
     vertex  1.611564e+02  7.308057e+01  1.380000e+01
     vertex  1.611190e+02  7.310835e+01  1.380000e+01
     vertex  1.611190e+02  3.635165e+01  1.380000e+01
   endloop
 endfacet
 facet normal  0.000000e+00  0.000000e+00  1.000000e+00
   outer loop
     vertex  1.611564e+02  7.308057e+01  1.380000e+01
     vertex  1.611190e+02  3.635165e+01  1.380000e+01
     vertex  1.611564e+02  3.637943e+01  1.380000e+01
   endloop
 endfacet
 facet normal  0.000000e+00  0.000000e+00  1.000000e+00
   outer loop
     vertex  1.607638e+02  7.347592e+01  1.380000e+01
     vertex  1.607913e+02  3.602174e+01  1.380000e+01
     vertex  1.607913e+02  7.343826e+01  1.380000e+01
   endloop
 endfacet
 facet normal  0.000000e+00  0.000000e+00  1.000000e+00
   outer loop
     vertex  1.607638e+02  7.347592e+01  1.380000e+01
     vertex  1.607638e+02  3.598408e+01  1.380000e+01
     vertex  1.607913e+02  3.602174e+01  1.380000e+01
   endloop
 endfacet
 facet normal  0.000000e+00  0.000000e+00  1.000000e+00
   outer loop
     vertex  1.611947e+02  7.305383e+01  1.380000e+01
     vertex  1.611564e+02  7.308057e+01  1.380000e+01
     vertex  1.611564e+02  3.637943e+01  1.380000e+01
   endloop
 endfacet
 facet normal  0.000000e+00  0.000000e+00  1.000000e+00
   outer loop
     vertex  1.611947e+02  7.305383e+01  1.380000e+01
     vertex  1.611947e+02  3.640617e+01  1.380000e+01
     vertex  1.612336e+02  3.643185e+01  1.380000e+01
   endloop
 endfacet
 facet normal  0.000000e+00  0.000000e+00  1.000000e+00
   outer loop
     vertex  1.611947e+02  7.305383e+01  1.380000e+01
     vertex  1.611564e+02  3.637943e+01  1.380000e+01
     vertex  1.611947e+02  3.640617e+01  1.380000e+01
   endloop
 endfacet
 facet normal  0.000000e+00  0.000000e+00  1.000000e+00
   outer loop
     vertex  1.607373e+02  7.351432e+01  1.380000e+01
     vertex  1.607638e+02  3.598408e+01  1.380000e+01
     vertex  1.607638e+02  7.347592e+01  1.380000e+01
   endloop
 endfacet
 facet normal  0.000000e+00  0.000000e+00  1.000000e+00
   outer loop
     vertex  1.607373e+02  7.351432e+01  1.380000e+01
     vertex  1.607373e+02  3.594568e+01  1.380000e+01
     vertex  1.607638e+02  3.598408e+01  1.380000e+01
   endloop
 endfacet
 facet normal  0.000000e+00  0.000000e+00  1.000000e+00
   outer loop
     vertex  1.612336e+02  7.302815e+01  1.380000e+01
     vertex  1.611947e+02  7.305383e+01  1.380000e+01
     vertex  1.612336e+02  3.643185e+01  1.380000e+01
   endloop
 endfacet
 facet normal  0.000000e+00  0.000000e+00  1.000000e+00
   outer loop
     vertex  1.607119e+02  7.355343e+01  1.380000e+01
     vertex  1.607373e+02  3.594568e+01  1.380000e+01
     vertex  1.607373e+02  7.351432e+01  1.380000e+01
   endloop
 endfacet
 facet normal  0.000000e+00  0.000000e+00  1.000000e+00
   outer loop
     vertex  1.607119e+02  7.355343e+01  1.380000e+01
     vertex  1.607119e+02  3.590657e+01  1.380000e+01
     vertex  1.607373e+02  3.594568e+01  1.380000e+01
   endloop
 endfacet
 facet normal  0.000000e+00  0.000000e+00  1.000000e+00
   outer loop
     vertex  1.612732e+02  7.300355e+01  1.380000e+01
     vertex  1.612336e+02  7.302815e+01  1.380000e+01
     vertex  1.612336e+02  3.643185e+01  1.380000e+01
   endloop
 endfacet
 facet normal  0.000000e+00  0.000000e+00  1.000000e+00
   outer loop
     vertex  1.612732e+02  7.300355e+01  1.380000e+01
     vertex  1.612336e+02  3.643185e+01  1.380000e+01
     vertex  1.612732e+02  3.645645e+01  1.380000e+01
   endloop
 endfacet
 facet normal  0.000000e+00  0.000000e+00  1.000000e+00
   outer loop
     vertex  1.606876e+02  7.359322e+01  1.380000e+01
     vertex  1.607119e+02  3.590657e+01  1.380000e+01
     vertex  1.607119e+02  7.355343e+01  1.380000e+01
   endloop
 endfacet
 facet normal  0.000000e+00  0.000000e+00  1.000000e+00
   outer loop
     vertex  1.606876e+02  7.359322e+01  1.380000e+01
     vertex  1.606876e+02  3.586678e+01  1.380000e+01
     vertex  1.607119e+02  3.590657e+01  1.380000e+01
   endloop
 endfacet
 facet normal  0.000000e+00  0.000000e+00  1.000000e+00
   outer loop
     vertex  1.613135e+02  7.298004e+01  1.380000e+01
     vertex  1.612732e+02  7.300355e+01  1.380000e+01
     vertex  1.612732e+02  3.645645e+01  1.380000e+01
   endloop
 endfacet
 facet normal  0.000000e+00  0.000000e+00  1.000000e+00
   outer loop
     vertex  1.613135e+02  7.298004e+01  1.380000e+01
     vertex  1.612732e+02  3.645645e+01  1.380000e+01
     vertex  1.613135e+02  3.647996e+01  1.380000e+01
   endloop
 endfacet
 facet normal  0.000000e+00  0.000000e+00  1.000000e+00
   outer loop
     vertex  1.613544e+02  7.295765e+01  1.380000e+01
     vertex  1.613135e+02  7.298004e+01  1.380000e+01
     vertex  1.613135e+02  3.647996e+01  1.380000e+01
   endloop
 endfacet
 facet normal  0.000000e+00  0.000000e+00  1.000000e+00
   outer loop
     vertex  1.613544e+02  7.295765e+01  1.380000e+01
     vertex  1.613135e+02  3.647996e+01  1.380000e+01
     vertex  1.613544e+02  3.650235e+01  1.380000e+01
   endloop
 endfacet
 facet normal  0.000000e+00  0.000000e+00  1.000000e+00
   outer loop
     vertex  1.613959e+02  7.293639e+01  1.380000e+01
     vertex  1.613544e+02  7.295765e+01  1.380000e+01
     vertex  1.613544e+02  3.650235e+01  1.380000e+01
   endloop
 endfacet
 facet normal  0.000000e+00  0.000000e+00  1.000000e+00
   outer loop
     vertex  1.613959e+02  7.293639e+01  1.380000e+01
     vertex  1.613544e+02  3.650235e+01  1.380000e+01
     vertex  1.613959e+02  3.652361e+01  1.380000e+01
   endloop
 endfacet
 facet normal  0.000000e+00  0.000000e+00  1.000000e+00
   outer loop
     vertex  1.614380e+02  7.291628e+01  1.380000e+01
     vertex  1.613959e+02  7.293639e+01  1.380000e+01
     vertex  1.613959e+02  3.652361e+01  1.380000e+01
   endloop
 endfacet
 facet normal  0.000000e+00  0.000000e+00  1.000000e+00
   outer loop
     vertex  1.614380e+02  7.291628e+01  1.380000e+01
     vertex  1.613959e+02  3.652361e+01  1.380000e+01
     vertex  1.614380e+02  3.654372e+01  1.380000e+01
   endloop
 endfacet
 facet normal  0.000000e+00  0.000000e+00  1.000000e+00
   outer loop
     vertex  1.614806e+02  7.289733e+01  1.380000e+01
     vertex  1.614380e+02  7.291628e+01  1.380000e+01
     vertex  1.614380e+02  3.654372e+01  1.380000e+01
   endloop
 endfacet
 facet normal  0.000000e+00  0.000000e+00  1.000000e+00
   outer loop
     vertex  1.614806e+02  7.289733e+01  1.380000e+01
     vertex  1.614380e+02  3.654372e+01  1.380000e+01
     vertex  1.614806e+02  3.656267e+01  1.380000e+01
   endloop
 endfacet
 facet normal  0.000000e+00  0.000000e+00  1.000000e+00
   outer loop
     vertex  1.615238e+02  7.287955e+01  1.380000e+01
     vertex  1.614806e+02  3.656267e+01  1.380000e+01
     vertex  1.615238e+02  3.658045e+01  1.380000e+01
   endloop
 endfacet
 facet normal  0.000000e+00  0.000000e+00  1.000000e+00
   outer loop
     vertex  1.615238e+02  7.287955e+01  1.380000e+01
     vertex  1.614806e+02  7.289733e+01  1.380000e+01
     vertex  1.614806e+02  3.656267e+01  1.380000e+01
   endloop
 endfacet
 facet normal  0.000000e+00  0.000000e+00  1.000000e+00
   outer loop
     vertex  1.615673e+02  7.286297e+01  1.380000e+01
     vertex  1.615238e+02  3.658045e+01  1.380000e+01
     vertex  1.615673e+02  3.659703e+01  1.380000e+01
   endloop
 endfacet
 facet normal  0.000000e+00  0.000000e+00  1.000000e+00
   outer loop
     vertex  1.615673e+02  7.286297e+01  1.380000e+01
     vertex  1.615238e+02  7.287955e+01  1.380000e+01
     vertex  1.615238e+02  3.658045e+01  1.380000e+01
   endloop
 endfacet
 facet normal  0.000000e+00  0.000000e+00  1.000000e+00
   outer loop
     vertex  1.616114e+02  7.284758e+01  1.380000e+01
     vertex  1.615673e+02  7.286297e+01  1.380000e+01
     vertex  1.615673e+02  3.659703e+01  1.380000e+01
   endloop
 endfacet
 facet normal  0.000000e+00  0.000000e+00  1.000000e+00
   outer loop
     vertex  1.616114e+02  7.284758e+01  1.380000e+01
     vertex  1.615673e+02  3.659703e+01  1.380000e+01
     vertex  1.616114e+02  3.661242e+01  1.380000e+01
   endloop
 endfacet
 facet normal  0.000000e+00  0.000000e+00  1.000000e+00
   outer loop
     vertex  1.616558e+02  7.283341e+01  1.380000e+01
     vertex  1.616114e+02  7.284758e+01  1.380000e+01
     vertex  1.616114e+02  3.661242e+01  1.380000e+01
   endloop
 endfacet
 facet normal  0.000000e+00  0.000000e+00  1.000000e+00
   outer loop
     vertex  1.616558e+02  7.283341e+01  1.380000e+01
     vertex  1.616114e+02  3.661242e+01  1.380000e+01
     vertex  1.616558e+02  3.662659e+01  1.380000e+01
   endloop
 endfacet
 facet normal  0.000000e+00  0.000000e+00  1.000000e+00
   outer loop
     vertex  1.617006e+02  7.282047e+01  1.380000e+01
     vertex  1.616558e+02  7.283341e+01  1.380000e+01
     vertex  1.616558e+02  3.662659e+01  1.380000e+01
   endloop
 endfacet
 facet normal  0.000000e+00  0.000000e+00  1.000000e+00
   outer loop
     vertex  1.617006e+02  7.282047e+01  1.380000e+01
     vertex  1.616558e+02  3.662659e+01  1.380000e+01
     vertex  1.617006e+02  3.663953e+01  1.380000e+01
   endloop
 endfacet
 facet normal  0.000000e+00  0.000000e+00  1.000000e+00
   outer loop
     vertex  1.617458e+02  7.280876e+01  1.380000e+01
     vertex  1.617006e+02  3.663953e+01  1.380000e+01
     vertex  1.617458e+02  3.665124e+01  1.380000e+01
   endloop
 endfacet
 facet normal  0.000000e+00  0.000000e+00  1.000000e+00
   outer loop
     vertex  1.617458e+02  7.280876e+01  1.380000e+01
     vertex  1.617006e+02  7.282047e+01  1.380000e+01
     vertex  1.617006e+02  3.663953e+01  1.380000e+01
   endloop
 endfacet
 facet normal  0.000000e+00  0.000000e+00  1.000000e+00
   outer loop
     vertex  1.617912e+02  7.279829e+01  1.380000e+01
     vertex  1.617912e+02  3.666171e+01  1.380000e+01
     vertex  1.618370e+02  3.667093e+01  1.380000e+01
   endloop
 endfacet
 facet normal  0.000000e+00  0.000000e+00  1.000000e+00
   outer loop
     vertex  1.617912e+02  7.279829e+01  1.380000e+01
     vertex  1.617458e+02  3.665124e+01  1.380000e+01
     vertex  1.617912e+02  3.666171e+01  1.380000e+01
   endloop
 endfacet
 facet normal  0.000000e+00  0.000000e+00  1.000000e+00
   outer loop
     vertex  1.617912e+02  7.279829e+01  1.380000e+01
     vertex  1.617458e+02  7.280876e+01  1.380000e+01
     vertex  1.617458e+02  3.665124e+01  1.380000e+01
   endloop
 endfacet
 facet normal  0.000000e+00  0.000000e+00  1.000000e+00
   outer loop
     vertex  1.618370e+02  7.278907e+01  1.380000e+01
     vertex  1.617912e+02  7.279829e+01  1.380000e+01
     vertex  1.618370e+02  3.667093e+01  1.380000e+01
   endloop
 endfacet
 facet normal  0.000000e+00  0.000000e+00  1.000000e+00
   outer loop
     vertex  1.618829e+02  7.278111e+01  1.380000e+01
     vertex  1.618370e+02  3.667093e+01  1.380000e+01
     vertex  1.618829e+02  3.667889e+01  1.380000e+01
   endloop
 endfacet
 facet normal  0.000000e+00  0.000000e+00  1.000000e+00
   outer loop
     vertex  1.618829e+02  7.278111e+01  1.380000e+01
     vertex  1.618370e+02  7.278907e+01  1.380000e+01
     vertex  1.618370e+02  3.667093e+01  1.380000e+01
   endloop
 endfacet
 facet normal  0.000000e+00  0.000000e+00  1.000000e+00
   outer loop
     vertex  1.619291e+02  7.277442e+01  1.380000e+01
     vertex  1.618829e+02  7.278111e+01  1.380000e+01
     vertex  1.618829e+02  3.667889e+01  1.380000e+01
   endloop
 endfacet
 facet normal  0.000000e+00  0.000000e+00  1.000000e+00
   outer loop
     vertex  1.619291e+02  7.277442e+01  1.380000e+01
     vertex  1.618829e+02  3.667889e+01  1.380000e+01
     vertex  1.619291e+02  3.668558e+01  1.380000e+01
   endloop
 endfacet
 facet normal  0.000000e+00  0.000000e+00  1.000000e+00
   outer loop
     vertex  1.619754e+02  7.276899e+01  1.380000e+01
     vertex  1.619291e+02  7.277442e+01  1.380000e+01
     vertex  1.619291e+02  3.668558e+01  1.380000e+01
   endloop
 endfacet
 facet normal  0.000000e+00  0.000000e+00  1.000000e+00
   outer loop
     vertex  1.619754e+02  7.276899e+01  1.380000e+01
     vertex  1.619754e+02  3.669101e+01  1.380000e+01
     vertex  1.620219e+02  3.669516e+01  1.380000e+01
   endloop
 endfacet
 facet normal  0.000000e+00  0.000000e+00  1.000000e+00
   outer loop
     vertex  1.619754e+02  7.276899e+01  1.380000e+01
     vertex  1.619291e+02  3.668558e+01  1.380000e+01
     vertex  1.619754e+02  3.669101e+01  1.380000e+01
   endloop
 endfacet
 facet normal  0.000000e+00  0.000000e+00  1.000000e+00
   outer loop
     vertex  1.620219e+02  7.276484e+01  1.380000e+01
     vertex  1.619754e+02  7.276899e+01  1.380000e+01
     vertex  1.620219e+02  3.669516e+01  1.380000e+01
   endloop
 endfacet
 facet normal  0.000000e+00  0.000000e+00  1.000000e+00
   outer loop
     vertex  1.620684e+02  7.276196e+01  1.380000e+01
     vertex  1.620219e+02  7.276484e+01  1.380000e+01
     vertex  1.620219e+02  3.669516e+01  1.380000e+01
   endloop
 endfacet
 facet normal  0.000000e+00  0.000000e+00  1.000000e+00
   outer loop
     vertex  1.620684e+02  7.276196e+01  1.380000e+01
     vertex  1.620219e+02  3.669516e+01  1.380000e+01
     vertex  1.620684e+02  3.669804e+01  1.380000e+01
   endloop
 endfacet
 facet normal  0.000000e+00  0.000000e+00  1.000000e+00
   outer loop
     vertex  1.621150e+02  7.276036e+01  1.380000e+01
     vertex  1.620684e+02  7.276196e+01  1.380000e+01
     vertex  1.620684e+02  3.669804e+01  1.380000e+01
   endloop
 endfacet
 facet normal  0.000000e+00  0.000000e+00  1.000000e+00
   outer loop
     vertex  1.621150e+02  7.276036e+01  1.380000e+01
     vertex  1.620684e+02  3.669804e+01  1.380000e+01
     vertex  1.621150e+02  3.669964e+01  1.380000e+01
   endloop
 endfacet
 facet normal  0.000000e+00  0.000000e+00  1.000000e+00
   outer loop
     vertex  1.621617e+02  7.276004e+01  1.380000e+01
     vertex  1.621150e+02  7.276036e+01  1.380000e+01
     vertex  1.621150e+02  3.669964e+01  1.380000e+01
   endloop
 endfacet
 facet normal  0.000000e+00  0.000000e+00  1.000000e+00
   outer loop
     vertex  1.621617e+02  7.276004e+01  1.380000e+01
     vertex  1.621150e+02  3.669964e+01  1.380000e+01
     vertex  1.621617e+02  3.669996e+01  1.380000e+01
   endloop
 endfacet
 facet normal  0.000000e+00  0.000000e+00  1.000000e+00
   outer loop
     vertex  1.622083e+02  7.276100e+01  1.380000e+01
     vertex  1.621617e+02  7.276004e+01  1.380000e+01
     vertex  1.621617e+02  3.669996e+01  1.380000e+01
   endloop
 endfacet
 facet normal  0.000000e+00  0.000000e+00  1.000000e+00
   outer loop
     vertex  1.622083e+02  7.276100e+01  1.380000e+01
     vertex  1.622083e+02  3.669900e+01  1.380000e+01
     vertex  1.622549e+02  3.669676e+01  1.380000e+01
   endloop
 endfacet
 facet normal  0.000000e+00  0.000000e+00  1.000000e+00
   outer loop
     vertex  1.622083e+02  7.276100e+01  1.380000e+01
     vertex  1.621617e+02  3.669996e+01  1.380000e+01
     vertex  1.622083e+02  3.669900e+01  1.380000e+01
   endloop
 endfacet
 facet normal  0.000000e+00  0.000000e+00  1.000000e+00
   outer loop
     vertex  1.622549e+02  7.276324e+01  1.380000e+01
     vertex  1.622083e+02  7.276100e+01  1.380000e+01
     vertex  1.622549e+02  3.669676e+01  1.380000e+01
   endloop
 endfacet
 facet normal  0.000000e+00  0.000000e+00  1.000000e+00
   outer loop
     vertex  1.623014e+02  7.276675e+01  1.380000e+01
     vertex  1.622549e+02  7.276324e+01  1.380000e+01
     vertex  1.622549e+02  3.669676e+01  1.380000e+01
   endloop
 endfacet
 facet normal  0.000000e+00  0.000000e+00  1.000000e+00
   outer loop
     vertex  1.623014e+02  7.276675e+01  1.380000e+01
     vertex  1.622549e+02  3.669676e+01  1.380000e+01
     vertex  1.623014e+02  3.669325e+01  1.380000e+01
   endloop
 endfacet
 facet normal  0.000000e+00  0.000000e+00  1.000000e+00
   outer loop
     vertex  1.623478e+02  7.277154e+01  1.380000e+01
     vertex  1.623014e+02  7.276675e+01  1.380000e+01
     vertex  1.623014e+02  3.669325e+01  1.380000e+01
   endloop
 endfacet
 facet normal  0.000000e+00  0.000000e+00  1.000000e+00
   outer loop
     vertex  1.623478e+02  7.277154e+01  1.380000e+01
     vertex  1.623014e+02  3.669325e+01  1.380000e+01
     vertex  1.623478e+02  3.668846e+01  1.380000e+01
   endloop
 endfacet
 facet normal  0.000000e+00  0.000000e+00  1.000000e+00
   outer loop
     vertex  1.623940e+02  7.277761e+01  1.380000e+01
     vertex  1.623478e+02  7.277154e+01  1.380000e+01
     vertex  1.623478e+02  3.668846e+01  1.380000e+01
   endloop
 endfacet
 facet normal  0.000000e+00  0.000000e+00  1.000000e+00
   outer loop
     vertex  1.623940e+02  7.277761e+01  1.380000e+01
     vertex  1.623478e+02  3.668846e+01  1.380000e+01
     vertex  1.623940e+02  3.668239e+01  1.380000e+01
   endloop
 endfacet
 facet normal  0.000000e+00  0.000000e+00  1.000000e+00
   outer loop
     vertex  1.624401e+02  7.278493e+01  1.380000e+01
     vertex  1.623940e+02  7.277761e+01  1.380000e+01
     vertex  1.623940e+02  3.668239e+01  1.380000e+01
   endloop
 endfacet
 facet normal  0.000000e+00  0.000000e+00  1.000000e+00
   outer loop
     vertex  1.624401e+02  7.278493e+01  1.380000e+01
     vertex  1.623940e+02  3.668239e+01  1.380000e+01
     vertex  1.624401e+02  3.667507e+01  1.380000e+01
   endloop
 endfacet
 facet normal  0.000000e+00  0.000000e+00  1.000000e+00
   outer loop
     vertex  1.624859e+02  7.279352e+01  1.380000e+01
     vertex  1.624859e+02  3.666648e+01  1.380000e+01
     vertex  1.625315e+02  3.665663e+01  1.380000e+01
   endloop
 endfacet
 facet normal  0.000000e+00  0.000000e+00  1.000000e+00
   outer loop
     vertex  1.624859e+02  7.279352e+01  1.380000e+01
     vertex  1.624401e+02  3.667507e+01  1.380000e+01
     vertex  1.624859e+02  3.666648e+01  1.380000e+01
   endloop
 endfacet
 facet normal  0.000000e+00  0.000000e+00  1.000000e+00
   outer loop
     vertex  1.624859e+02  7.279352e+01  1.380000e+01
     vertex  1.624401e+02  7.278493e+01  1.380000e+01
     vertex  1.624401e+02  3.667507e+01  1.380000e+01
   endloop
 endfacet
 facet normal  0.000000e+00  0.000000e+00  1.000000e+00
   outer loop
     vertex  1.625315e+02  7.280337e+01  1.380000e+01
     vertex  1.624859e+02  7.279352e+01  1.380000e+01
     vertex  1.625315e+02  3.665663e+01  1.380000e+01
   endloop
 endfacet
 facet normal  0.000000e+00  0.000000e+00  1.000000e+00
   outer loop
     vertex  1.625768e+02  7.281446e+01  1.380000e+01
     vertex  1.625315e+02  3.665663e+01  1.380000e+01
     vertex  1.625768e+02  3.664554e+01  1.380000e+01
   endloop
 endfacet
 facet normal  0.000000e+00  0.000000e+00  1.000000e+00
   outer loop
     vertex  1.625768e+02  7.281446e+01  1.380000e+01
     vertex  1.625315e+02  7.280337e+01  1.380000e+01
     vertex  1.625315e+02  3.665663e+01  1.380000e+01
   endloop
 endfacet
 facet normal  0.000000e+00  0.000000e+00  1.000000e+00
   outer loop
     vertex  1.626218e+02  7.282679e+01  1.380000e+01
     vertex  1.625768e+02  7.281446e+01  1.380000e+01
     vertex  1.625768e+02  3.664554e+01  1.380000e+01
   endloop
 endfacet
 facet normal  0.000000e+00  0.000000e+00  1.000000e+00
   outer loop
     vertex  1.626218e+02  7.282679e+01  1.380000e+01
     vertex  1.625768e+02  3.664554e+01  1.380000e+01
     vertex  1.626218e+02  3.663321e+01  1.380000e+01
   endloop
 endfacet
 facet normal  0.000000e+00  0.000000e+00  1.000000e+00
   outer loop
     vertex  1.626664e+02  7.284035e+01  1.380000e+01
     vertex  1.626218e+02  3.663321e+01  1.380000e+01
     vertex  1.626664e+02  3.661965e+01  1.380000e+01
   endloop
 endfacet
 facet normal  0.000000e+00  0.000000e+00  1.000000e+00
   outer loop
     vertex  1.626664e+02  7.284035e+01  1.380000e+01
     vertex  1.626218e+02  7.282679e+01  1.380000e+01
     vertex  1.626218e+02  3.663321e+01  1.380000e+01
   endloop
 endfacet
 facet normal  0.000000e+00  0.000000e+00  1.000000e+00
   outer loop
     vertex  1.627107e+02  7.285512e+01  1.380000e+01
     vertex  1.626664e+02  3.661965e+01  1.380000e+01
     vertex  1.627107e+02  3.660488e+01  1.380000e+01
   endloop
 endfacet
 facet normal  0.000000e+00  0.000000e+00  1.000000e+00
   outer loop
     vertex  1.627107e+02  7.285512e+01  1.380000e+01
     vertex  1.626664e+02  7.284035e+01  1.380000e+01
     vertex  1.626664e+02  3.661965e+01  1.380000e+01
   endloop
 endfacet
 facet normal  0.000000e+00  0.000000e+00  1.000000e+00
   outer loop
     vertex  1.571500e+02  7.846000e+01  1.380000e+01
     vertex  1.605339e+02  7.498755e+01  1.380000e+01
     vertex  1.605490e+02  7.503168e+01  1.380000e+01
   endloop
 endfacet
 facet normal  0.000000e+00  0.000000e+00  1.000000e+00
   outer loop
     vertex  1.571500e+02  7.846000e+01  1.380000e+01
     vertex  1.605201e+02  7.494301e+01  1.380000e+01
     vertex  1.605339e+02  7.498755e+01  1.380000e+01
   endloop
 endfacet
 facet normal  0.000000e+00  0.000000e+00  1.000000e+00
   outer loop
     vertex  1.571500e+02  7.846000e+01  1.380000e+01
     vertex  1.605074e+02  7.489811e+01  1.380000e+01
     vertex  1.605201e+02  7.494301e+01  1.380000e+01
   endloop
 endfacet
 facet normal  0.000000e+00  0.000000e+00  1.000000e+00
   outer loop
     vertex  1.571500e+02  7.846000e+01  1.380000e+01
     vertex  1.604960e+02  7.485289e+01  1.380000e+01
     vertex  1.605074e+02  7.489811e+01  1.380000e+01
   endloop
 endfacet
 facet normal  0.000000e+00  0.000000e+00  1.000000e+00
   outer loop
     vertex  1.571500e+02  7.846000e+01  1.380000e+01
     vertex  1.604859e+02  7.480736e+01  1.380000e+01
     vertex  1.604960e+02  7.485289e+01  1.380000e+01
   endloop
 endfacet
 facet normal  0.000000e+00  0.000000e+00  1.000000e+00
   outer loop
     vertex  1.571500e+02  7.846000e+01  1.380000e+01
     vertex  1.604770e+02  7.476158e+01  1.380000e+01
     vertex  1.604859e+02  7.480736e+01  1.380000e+01
   endloop
 endfacet
 facet normal  0.000000e+00  0.000000e+00  1.000000e+00
   outer loop
     vertex  1.571500e+02  7.846000e+01  1.380000e+01
     vertex  1.604693e+02  7.471557e+01  1.380000e+01
     vertex  1.604770e+02  7.476158e+01  1.380000e+01
   endloop
 endfacet
 facet normal  0.000000e+00  0.000000e+00  1.000000e+00
   outer loop
     vertex  1.571500e+02  7.846000e+01  1.380000e+01
     vertex  1.604629e+02  7.466936e+01  1.380000e+01
     vertex  1.604693e+02  7.471557e+01  1.380000e+01
   endloop
 endfacet
 facet normal  0.000000e+00  0.000000e+00  1.000000e+00
   outer loop
     vertex  1.571500e+02  7.846000e+01  1.380000e+01
     vertex  1.604578e+02  7.462300e+01  1.380000e+01
     vertex  1.604629e+02  7.466936e+01  1.380000e+01
   endloop
 endfacet
 facet normal  0.000000e+00  0.000000e+00  1.000000e+00
   outer loop
     vertex  1.571500e+02  7.846000e+01  1.380000e+01
     vertex  1.604540e+02  7.457652e+01  1.380000e+01
     vertex  1.604578e+02  7.462300e+01  1.380000e+01
   endloop
 endfacet
 facet normal  0.000000e+00  0.000000e+00  1.000000e+00
   outer loop
     vertex  1.571500e+02  7.846000e+01  1.380000e+01
     vertex  1.604514e+02  7.452995e+01  1.380000e+01
     vertex  1.604540e+02  7.457652e+01  1.380000e+01
   endloop
 endfacet
 facet normal  0.000000e+00  0.000000e+00  1.000000e+00
   outer loop
     vertex  1.571500e+02  7.846000e+01  1.380000e+01
     vertex  1.604502e+02  7.448332e+01  1.380000e+01
     vertex  1.604514e+02  7.452995e+01  1.380000e+01
   endloop
 endfacet
 facet normal  0.000000e+00  0.000000e+00  1.000000e+00
   outer loop
     vertex  1.571500e+02  7.846000e+01  1.380000e+01
     vertex  1.604502e+02  7.443668e+01  1.380000e+01
     vertex  1.604502e+02  7.448332e+01  1.380000e+01
   endloop
 endfacet
 facet normal  0.000000e+00  0.000000e+00  1.000000e+00
   outer loop
     vertex  1.571500e+02  7.846000e+01  1.380000e+01
     vertex  1.604514e+02  7.439005e+01  1.380000e+01
     vertex  1.604502e+02  7.443668e+01  1.380000e+01
   endloop
 endfacet
 facet normal  0.000000e+00  0.000000e+00  1.000000e+00
   outer loop
     vertex  1.571500e+02  7.846000e+01  1.380000e+01
     vertex  1.604540e+02  7.434348e+01  1.380000e+01
     vertex  1.604514e+02  7.439005e+01  1.380000e+01
   endloop
 endfacet
 facet normal  0.000000e+00  0.000000e+00  1.000000e+00
   outer loop
     vertex  1.571500e+02  7.846000e+01  1.380000e+01
     vertex  1.604578e+02  7.429700e+01  1.380000e+01
     vertex  1.604540e+02  7.434348e+01  1.380000e+01
   endloop
 endfacet
 facet normal  0.000000e+00  0.000000e+00  1.000000e+00
   outer loop
     vertex  1.571500e+02  7.846000e+01  1.380000e+01
     vertex  1.604629e+02  7.425064e+01  1.380000e+01
     vertex  1.604578e+02  7.429700e+01  1.380000e+01
   endloop
 endfacet
 facet normal  0.000000e+00  0.000000e+00  1.000000e+00
   outer loop
     vertex  1.571500e+02  7.846000e+01  1.380000e+01
     vertex  1.604693e+02  7.420443e+01  1.380000e+01
     vertex  1.604629e+02  7.425064e+01  1.380000e+01
   endloop
 endfacet
 facet normal  0.000000e+00  0.000000e+00  1.000000e+00
   outer loop
     vertex  1.571500e+02  7.846000e+01  1.380000e+01
     vertex  1.604770e+02  7.415842e+01  1.380000e+01
     vertex  1.604693e+02  7.420443e+01  1.380000e+01
   endloop
 endfacet
 facet normal  0.000000e+00  0.000000e+00  1.000000e+00
   outer loop
     vertex  1.571500e+02  7.846000e+01  1.380000e+01
     vertex  1.604859e+02  7.411264e+01  1.380000e+01
     vertex  1.604770e+02  7.415842e+01  1.380000e+01
   endloop
 endfacet
 facet normal  0.000000e+00  0.000000e+00  1.000000e+00
   outer loop
     vertex  1.571500e+02  7.846000e+01  1.380000e+01
     vertex  1.571500e+02  3.100000e+01  1.380000e+01
     vertex  1.606876e+02  3.586678e+01  1.380000e+01
   endloop
 endfacet
 facet normal  0.000000e+00  0.000000e+00  1.000000e+00
   outer loop
     vertex  1.571500e+02  7.846000e+01  1.380000e+01
     vertex  1.604960e+02  7.406711e+01  1.380000e+01
     vertex  1.604859e+02  7.411264e+01  1.380000e+01
   endloop
 endfacet
 facet normal  0.000000e+00  0.000000e+00  1.000000e+00
   outer loop
     vertex  1.571500e+02  7.846000e+01  1.380000e+01
     vertex  1.605074e+02  7.402189e+01  1.380000e+01
     vertex  1.604960e+02  7.406711e+01  1.380000e+01
   endloop
 endfacet
 facet normal  0.000000e+00  0.000000e+00  1.000000e+00
   outer loop
     vertex  1.571500e+02  7.846000e+01  1.380000e+01
     vertex  1.605201e+02  7.397699e+01  1.380000e+01
     vertex  1.605074e+02  7.402189e+01  1.380000e+01
   endloop
 endfacet
 facet normal  0.000000e+00  0.000000e+00  1.000000e+00
   outer loop
     vertex  1.571500e+02  7.846000e+01  1.380000e+01
     vertex  1.605339e+02  7.393245e+01  1.380000e+01
     vertex  1.605201e+02  7.397699e+01  1.380000e+01
   endloop
 endfacet
 facet normal  0.000000e+00  0.000000e+00  1.000000e+00
   outer loop
     vertex  1.571500e+02  7.846000e+01  1.380000e+01
     vertex  1.605490e+02  7.388832e+01  1.380000e+01
     vertex  1.605339e+02  7.393245e+01  1.380000e+01
   endloop
 endfacet
 facet normal  0.000000e+00  0.000000e+00  1.000000e+00
   outer loop
     vertex  1.571500e+02  7.846000e+01  1.380000e+01
     vertex  1.605653e+02  7.384461e+01  1.380000e+01
     vertex  1.605490e+02  7.388832e+01  1.380000e+01
   endloop
 endfacet
 facet normal  0.000000e+00  0.000000e+00  1.000000e+00
   outer loop
     vertex  1.571500e+02  7.846000e+01  1.380000e+01
     vertex  1.605828e+02  7.380137e+01  1.380000e+01
     vertex  1.605653e+02  7.384461e+01  1.380000e+01
   endloop
 endfacet
 facet normal  0.000000e+00  0.000000e+00  1.000000e+00
   outer loop
     vertex  1.571500e+02  7.846000e+01  1.380000e+01
     vertex  1.606014e+02  7.375862e+01  1.380000e+01
     vertex  1.605828e+02  7.380137e+01  1.380000e+01
   endloop
 endfacet
 facet normal  0.000000e+00  0.000000e+00  1.000000e+00
   outer loop
     vertex  1.571500e+02  7.846000e+01  1.380000e+01
     vertex  1.606213e+02  7.371640e+01  1.380000e+01
     vertex  1.606014e+02  7.375862e+01  1.380000e+01
   endloop
 endfacet
 facet normal  0.000000e+00  0.000000e+00  1.000000e+00
   outer loop
     vertex  1.571500e+02  7.846000e+01  1.380000e+01
     vertex  1.606422e+02  7.367474e+01  1.380000e+01
     vertex  1.606213e+02  7.371640e+01  1.380000e+01
   endloop
 endfacet
 facet normal  0.000000e+00  0.000000e+00  1.000000e+00
   outer loop
     vertex  1.571500e+02  7.846000e+01  1.380000e+01
     vertex  1.606643e+02  7.363367e+01  1.380000e+01
     vertex  1.606422e+02  7.367474e+01  1.380000e+01
   endloop
 endfacet
 facet normal  0.000000e+00  0.000000e+00  1.000000e+00
   outer loop
     vertex  1.571500e+02  7.846000e+01  1.380000e+01
     vertex  1.606876e+02  7.359322e+01  1.380000e+01
     vertex  1.606643e+02  7.363367e+01  1.380000e+01
   endloop
 endfacet
 facet normal  0.000000e+00  0.000000e+00  1.000000e+00
   outer loop
     vertex  1.571500e+02  7.846000e+01  1.380000e+01
     vertex  1.606876e+02  3.586678e+01  1.380000e+01
     vertex  1.606876e+02  7.359322e+01  1.380000e+01
   endloop
 endfacet
 facet normal  0.000000e+00  0.000000e+00  1.000000e+00
   outer loop
     vertex  1.627545e+02  7.287111e+01  1.380000e+01
     vertex  1.627107e+02  7.285512e+01  1.380000e+01
     vertex  1.627107e+02  3.660488e+01  1.380000e+01
   endloop
 endfacet
 facet normal  0.000000e+00  0.000000e+00  1.000000e+00
   outer loop
     vertex  1.627545e+02  7.287111e+01  1.380000e+01
     vertex  1.627545e+02  3.658889e+01  1.380000e+01
     vertex  1.627979e+02  3.657171e+01  1.380000e+01
   endloop
 endfacet
 facet normal  0.000000e+00  0.000000e+00  1.000000e+00
   outer loop
     vertex  1.627545e+02  7.287111e+01  1.380000e+01
     vertex  1.627107e+02  3.660488e+01  1.380000e+01
     vertex  1.627545e+02  3.658889e+01  1.380000e+01
   endloop
 endfacet
 facet normal  0.000000e+00  0.000000e+00  1.000000e+00
   outer loop
     vertex  1.605653e+02  7.507539e+01  1.380000e+01
     vertex  1.571500e+02  7.846000e+01  1.380000e+01
     vertex  1.605490e+02  7.503168e+01  1.380000e+01
   endloop
 endfacet
 facet normal  0.000000e+00  0.000000e+00  1.000000e+00
   outer loop
     vertex  1.627979e+02  7.288829e+01  1.380000e+01
     vertex  1.627545e+02  7.287111e+01  1.380000e+01
     vertex  1.627979e+02  3.657171e+01  1.380000e+01
   endloop
 endfacet
 facet normal  0.000000e+00  0.000000e+00  1.000000e+00
   outer loop
     vertex  1.605828e+02  7.511863e+01  1.380000e+01
     vertex  1.571500e+02  7.846000e+01  1.380000e+01
     vertex  1.605653e+02  7.507539e+01  1.380000e+01
   endloop
 endfacet
 facet normal  0.000000e+00  0.000000e+00  1.000000e+00
   outer loop
     vertex  1.628407e+02  7.290666e+01  1.380000e+01
     vertex  1.627979e+02  3.657171e+01  1.380000e+01
     vertex  1.628407e+02  3.655334e+01  1.380000e+01
   endloop
 endfacet
 facet normal  0.000000e+00  0.000000e+00  1.000000e+00
   outer loop
     vertex  1.628407e+02  7.290666e+01  1.380000e+01
     vertex  1.627979e+02  7.288829e+01  1.380000e+01
     vertex  1.627979e+02  3.657171e+01  1.380000e+01
   endloop
 endfacet
 facet normal  0.000000e+00  0.000000e+00  1.000000e+00
   outer loop
     vertex  1.606014e+02  7.516138e+01  1.380000e+01
     vertex  1.571500e+02  7.846000e+01  1.380000e+01
     vertex  1.605828e+02  7.511863e+01  1.380000e+01
   endloop
 endfacet
 facet normal  0.000000e+00  0.000000e+00  1.000000e+00
   outer loop
     vertex  1.628831e+02  7.292619e+01  1.380000e+01
     vertex  1.628407e+02  7.290666e+01  1.380000e+01
     vertex  1.628407e+02  3.655334e+01  1.380000e+01
   endloop
 endfacet
 facet normal  0.000000e+00  0.000000e+00  1.000000e+00
   outer loop
     vertex  1.628831e+02  7.292619e+01  1.380000e+01
     vertex  1.628407e+02  3.655334e+01  1.380000e+01
     vertex  1.628831e+02  3.653381e+01  1.380000e+01
   endloop
 endfacet
 facet normal  0.000000e+00  0.000000e+00  1.000000e+00
   outer loop
     vertex  1.606213e+02  7.520360e+01  1.380000e+01
     vertex  1.571500e+02  7.846000e+01  1.380000e+01
     vertex  1.606014e+02  7.516138e+01  1.380000e+01
   endloop
 endfacet
 facet normal  0.000000e+00  0.000000e+00  1.000000e+00
   outer loop
     vertex  1.629249e+02  7.294688e+01  1.380000e+01
     vertex  1.628831e+02  7.292619e+01  1.380000e+01
     vertex  1.628831e+02  3.653381e+01  1.380000e+01
   endloop
 endfacet
 facet normal  0.000000e+00  0.000000e+00  1.000000e+00
   outer loop
     vertex  1.629249e+02  7.294688e+01  1.380000e+01
     vertex  1.629249e+02  3.651312e+01  1.380000e+01
     vertex  1.629661e+02  3.649129e+01  1.380000e+01
   endloop
 endfacet
 facet normal  0.000000e+00  0.000000e+00  1.000000e+00
   outer loop
     vertex  1.629249e+02  7.294688e+01  1.380000e+01
     vertex  1.628831e+02  3.653381e+01  1.380000e+01
     vertex  1.629249e+02  3.651312e+01  1.380000e+01
   endloop
 endfacet
 facet normal  0.000000e+00  0.000000e+00  1.000000e+00
   outer loop
     vertex  1.606422e+02  7.524526e+01  1.380000e+01
     vertex  1.571500e+02  7.846000e+01  1.380000e+01
     vertex  1.606213e+02  7.520360e+01  1.380000e+01
   endloop
 endfacet
 facet normal  0.000000e+00  0.000000e+00  1.000000e+00
   outer loop
     vertex  1.629661e+02  7.296871e+01  1.380000e+01
     vertex  1.629249e+02  7.294688e+01  1.380000e+01
     vertex  1.629661e+02  3.649129e+01  1.380000e+01
   endloop
 endfacet
 facet normal  0.000000e+00  0.000000e+00  1.000000e+00
   outer loop
     vertex  1.606643e+02  7.528633e+01  1.380000e+01
     vertex  1.571500e+02  7.846000e+01  1.380000e+01
     vertex  1.606422e+02  7.524526e+01  1.380000e+01
   endloop
 endfacet
 facet normal  0.000000e+00  0.000000e+00  1.000000e+00
   outer loop
     vertex  1.630067e+02  7.299166e+01  1.380000e+01
     vertex  1.629661e+02  7.296871e+01  1.380000e+01
     vertex  1.629661e+02  3.649129e+01  1.380000e+01
   endloop
 endfacet
 facet normal  0.000000e+00  0.000000e+00  1.000000e+00
   outer loop
     vertex  1.630067e+02  7.299166e+01  1.380000e+01
     vertex  1.630067e+02  3.646834e+01  1.380000e+01
     vertex  1.630467e+02  3.644428e+01  1.380000e+01
   endloop
 endfacet
 facet normal  0.000000e+00  0.000000e+00  1.000000e+00
   outer loop
     vertex  1.630067e+02  7.299166e+01  1.380000e+01
     vertex  1.629661e+02  3.649129e+01  1.380000e+01
     vertex  1.630067e+02  3.646834e+01  1.380000e+01
   endloop
 endfacet
 facet normal  0.000000e+00  0.000000e+00  1.000000e+00
   outer loop
     vertex  1.606876e+02  7.532678e+01  1.380000e+01
     vertex  1.571500e+02  7.846000e+01  1.380000e+01
     vertex  1.606643e+02  7.528633e+01  1.380000e+01
   endloop
 endfacet
 facet normal  0.000000e+00  0.000000e+00  1.000000e+00
   outer loop
     vertex  1.630467e+02  7.301572e+01  1.380000e+01
     vertex  1.630067e+02  7.299166e+01  1.380000e+01
     vertex  1.630467e+02  3.644428e+01  1.380000e+01
   endloop
 endfacet
 facet normal  0.000000e+00  0.000000e+00  1.000000e+00
   outer loop
     vertex  1.607119e+02  7.536657e+01  1.380000e+01
     vertex  1.571500e+02  7.846000e+01  1.380000e+01
     vertex  1.606876e+02  7.532678e+01  1.380000e+01
   endloop
 endfacet
 facet normal  0.000000e+00  0.000000e+00  1.000000e+00
   outer loop
     vertex  1.630860e+02  7.304086e+01  1.380000e+01
     vertex  1.630467e+02  7.301572e+01  1.380000e+01
     vertex  1.630467e+02  3.644428e+01  1.380000e+01
   endloop
 endfacet
 facet normal  0.000000e+00  0.000000e+00  1.000000e+00
   outer loop
     vertex  1.630860e+02  7.304086e+01  1.380000e+01
     vertex  1.630467e+02  3.644428e+01  1.380000e+01
     vertex  1.630860e+02  3.641914e+01  1.380000e+01
   endloop
 endfacet
 facet normal  0.000000e+00  0.000000e+00  1.000000e+00
   outer loop
     vertex  1.607373e+02  7.540568e+01  1.380000e+01
     vertex  1.571500e+02  7.846000e+01  1.380000e+01
     vertex  1.607119e+02  7.536657e+01  1.380000e+01
   endloop
 endfacet
 facet normal  0.000000e+00  0.000000e+00  1.000000e+00
   outer loop
     vertex  1.631245e+02  7.306707e+01  1.380000e+01
     vertex  1.630860e+02  7.304086e+01  1.380000e+01
     vertex  1.630860e+02  3.641914e+01  1.380000e+01
   endloop
 endfacet
 facet normal  0.000000e+00  0.000000e+00  1.000000e+00
   outer loop
     vertex  1.631245e+02  7.306707e+01  1.380000e+01
     vertex  1.630860e+02  3.641914e+01  1.380000e+01
     vertex  1.631245e+02  3.639293e+01  1.380000e+01
   endloop
 endfacet
 facet normal  0.000000e+00  0.000000e+00  1.000000e+00
   outer loop
     vertex  1.607638e+02  7.544408e+01  1.380000e+01
     vertex  1.571500e+02  7.846000e+01  1.380000e+01
     vertex  1.607373e+02  7.540568e+01  1.380000e+01
   endloop
 endfacet
 facet normal  0.000000e+00  0.000000e+00  1.000000e+00
   outer loop
     vertex  1.631624e+02  7.309433e+01  1.380000e+01
     vertex  1.631245e+02  7.306707e+01  1.380000e+01
     vertex  1.631245e+02  3.639293e+01  1.380000e+01
   endloop
 endfacet
 facet normal  0.000000e+00  0.000000e+00  1.000000e+00
   outer loop
     vertex  1.631624e+02  7.309433e+01  1.380000e+01
     vertex  1.631245e+02  3.639293e+01  1.380000e+01
     vertex  1.631624e+02  3.636567e+01  1.380000e+01
   endloop
 endfacet
 facet normal  0.000000e+00  0.000000e+00  1.000000e+00
   outer loop
     vertex  1.607913e+02  7.548174e+01  1.380000e+01
     vertex  1.571500e+02  7.846000e+01  1.380000e+01
     vertex  1.607638e+02  7.544408e+01  1.380000e+01
   endloop
 endfacet
 facet normal  0.000000e+00  0.000000e+00  1.000000e+00
   outer loop
     vertex  1.631995e+02  7.312262e+01  1.380000e+01
     vertex  1.631624e+02  7.309433e+01  1.380000e+01
     vertex  1.631624e+02  3.636567e+01  1.380000e+01
   endloop
 endfacet
 facet normal  0.000000e+00  0.000000e+00  1.000000e+00
   outer loop
     vertex  1.631995e+02  7.312262e+01  1.380000e+01
     vertex  1.631624e+02  3.636567e+01  1.380000e+01
     vertex  1.631995e+02  3.633738e+01  1.380000e+01
   endloop
 endfacet
 facet normal  0.000000e+00  0.000000e+00  1.000000e+00
   outer loop
     vertex  1.608198e+02  7.551863e+01  1.380000e+01
     vertex  1.571500e+02  7.846000e+01  1.380000e+01
     vertex  1.607913e+02  7.548174e+01  1.380000e+01
   endloop
 endfacet
 facet normal  0.000000e+00  0.000000e+00  1.000000e+00
   outer loop
     vertex  1.632358e+02  7.315191e+01  1.380000e+01
     vertex  1.631995e+02  7.312262e+01  1.380000e+01
     vertex  1.631995e+02  3.633738e+01  1.380000e+01
   endloop
 endfacet
 facet normal  0.000000e+00  0.000000e+00  1.000000e+00
   outer loop
     vertex  1.632358e+02  7.315191e+01  1.380000e+01
     vertex  1.631995e+02  3.633738e+01  1.380000e+01
     vertex  1.632358e+02  3.630809e+01  1.380000e+01
   endloop
 endfacet
 facet normal  0.000000e+00  0.000000e+00  1.000000e+00
   outer loop
     vertex  1.608494e+02  7.555472e+01  1.380000e+01
     vertex  1.571500e+02  7.846000e+01  1.380000e+01
     vertex  1.608198e+02  7.551863e+01  1.380000e+01
   endloop
 endfacet
 facet normal  0.000000e+00  0.000000e+00  1.000000e+00
   outer loop
     vertex  1.632713e+02  7.318219e+01  1.380000e+01
     vertex  1.632358e+02  3.630809e+01  1.380000e+01
     vertex  1.632713e+02  3.627781e+01  1.380000e+01
   endloop
 endfacet
 facet normal  0.000000e+00  0.000000e+00  1.000000e+00
   outer loop
     vertex  1.632713e+02  7.318219e+01  1.380000e+01
     vertex  1.632358e+02  7.315191e+01  1.380000e+01
     vertex  1.632358e+02  3.630809e+01  1.380000e+01
   endloop
 endfacet
 facet normal  0.000000e+00  0.000000e+00  1.000000e+00
   outer loop
     vertex  1.608799e+02  7.558999e+01  1.380000e+01
     vertex  1.571500e+02  7.846000e+01  1.380000e+01
     vertex  1.608494e+02  7.555472e+01  1.380000e+01
   endloop
 endfacet
 facet normal  0.000000e+00  0.000000e+00  1.000000e+00
   outer loop
     vertex  1.633059e+02  7.321343e+01  1.380000e+01
     vertex  1.632713e+02  7.318219e+01  1.380000e+01
     vertex  1.632713e+02  3.627781e+01  1.380000e+01
   endloop
 endfacet
 facet normal  0.000000e+00  0.000000e+00  1.000000e+00
   outer loop
     vertex  1.633059e+02  7.321343e+01  1.380000e+01
     vertex  1.632713e+02  3.627781e+01  1.380000e+01
     vertex  1.633059e+02  3.624657e+01  1.380000e+01
   endloop
 endfacet
 facet normal  0.000000e+00  0.000000e+00  1.000000e+00
   outer loop
     vertex  1.609114e+02  7.562441e+01  1.380000e+01
     vertex  1.571500e+02  7.846000e+01  1.380000e+01
     vertex  1.608799e+02  7.558999e+01  1.380000e+01
   endloop
 endfacet
 facet normal  0.000000e+00  0.000000e+00  1.000000e+00
   outer loop
     vertex  1.633396e+02  7.324561e+01  1.380000e+01
     vertex  1.633396e+02  3.621439e+01  1.380000e+01
     vertex  1.633725e+02  3.618129e+01  1.380000e+01
   endloop
 endfacet
 facet normal  0.000000e+00  0.000000e+00  1.000000e+00
   outer loop
     vertex  1.633396e+02  7.324561e+01  1.380000e+01
     vertex  1.633059e+02  3.624657e+01  1.380000e+01
     vertex  1.633396e+02  3.621439e+01  1.380000e+01
   endloop
 endfacet
 facet normal  0.000000e+00  0.000000e+00  1.000000e+00
   outer loop
     vertex  1.633396e+02  7.324561e+01  1.380000e+01
     vertex  1.633059e+02  7.321343e+01  1.380000e+01
     vertex  1.633059e+02  3.624657e+01  1.380000e+01
   endloop
 endfacet
 facet normal  0.000000e+00  0.000000e+00  1.000000e+00
   outer loop
     vertex  1.609438e+02  7.565795e+01  1.380000e+01
     vertex  1.571500e+02  7.846000e+01  1.380000e+01
     vertex  1.609114e+02  7.562441e+01  1.380000e+01
   endloop
 endfacet
 facet normal  0.000000e+00  0.000000e+00  1.000000e+00
   outer loop
     vertex  1.633725e+02  7.327871e+01  1.380000e+01
     vertex  1.633396e+02  7.324561e+01  1.380000e+01
     vertex  1.633725e+02  3.618129e+01  1.380000e+01
   endloop
 endfacet
 facet normal  0.000000e+00  0.000000e+00  1.000000e+00
   outer loop
     vertex  1.609771e+02  7.569059e+01  1.380000e+01
     vertex  1.571500e+02  7.846000e+01  1.380000e+01
     vertex  1.609438e+02  7.565795e+01  1.380000e+01
   endloop
 endfacet
 facet normal  0.000000e+00  0.000000e+00  1.000000e+00
   outer loop
     vertex  1.634045e+02  7.331269e+01  1.380000e+01
     vertex  1.633725e+02  3.618129e+01  1.380000e+01
     vertex  1.634045e+02  3.614731e+01  1.380000e+01
   endloop
 endfacet
 facet normal  0.000000e+00  0.000000e+00  1.000000e+00
   outer loop
     vertex  1.634045e+02  7.331269e+01  1.380000e+01
     vertex  1.633725e+02  7.327871e+01  1.380000e+01
     vertex  1.633725e+02  3.618129e+01  1.380000e+01
   endloop
 endfacet
 facet normal  0.000000e+00  0.000000e+00  1.000000e+00
   outer loop
     vertex  1.610113e+02  7.572231e+01  1.380000e+01
     vertex  1.571500e+02  7.846000e+01  1.380000e+01
     vertex  1.609771e+02  7.569059e+01  1.380000e+01
   endloop
 endfacet
 facet normal  0.000000e+00  0.000000e+00  1.000000e+00
   outer loop
     vertex  1.634355e+02  7.334754e+01  1.380000e+01
     vertex  1.634045e+02  7.331269e+01  1.380000e+01
     vertex  1.634045e+02  3.614731e+01  1.380000e+01
   endloop
 endfacet
 facet normal  0.000000e+00  0.000000e+00  1.000000e+00
   outer loop
     vertex  1.634355e+02  7.334754e+01  1.380000e+01
     vertex  1.634045e+02  3.614731e+01  1.380000e+01
     vertex  1.634355e+02  3.611246e+01  1.380000e+01
   endloop
 endfacet
 facet normal  0.000000e+00  0.000000e+00  1.000000e+00
   outer loop
     vertex  1.610464e+02  7.575307e+01  1.380000e+01
     vertex  1.571500e+02  7.846000e+01  1.380000e+01
     vertex  1.610113e+02  7.572231e+01  1.380000e+01
   endloop
 endfacet
 facet normal  0.000000e+00  0.000000e+00  1.000000e+00
   outer loop
     vertex  1.634655e+02  7.338322e+01  1.380000e+01
     vertex  1.634355e+02  3.611246e+01  1.380000e+01
     vertex  1.634655e+02  3.607678e+01  1.380000e+01
   endloop
 endfacet
 facet normal  0.000000e+00  0.000000e+00  1.000000e+00
   outer loop
     vertex  1.634655e+02  7.338322e+01  1.380000e+01
     vertex  1.634355e+02  7.334754e+01  1.380000e+01
     vertex  1.634355e+02  3.611246e+01  1.380000e+01
   endloop
 endfacet
 facet normal  0.000000e+00  0.000000e+00  1.000000e+00
   outer loop
     vertex  1.610823e+02  7.578286e+01  1.380000e+01
     vertex  1.571500e+02  7.846000e+01  1.380000e+01
     vertex  1.610464e+02  7.575307e+01  1.380000e+01
   endloop
 endfacet
 facet normal  0.000000e+00  0.000000e+00  1.000000e+00
   outer loop
     vertex  1.634945e+02  7.341972e+01  1.380000e+01
     vertex  1.634655e+02  3.607678e+01  1.380000e+01
     vertex  1.634945e+02  3.604028e+01  1.380000e+01
   endloop
 endfacet
 facet normal  0.000000e+00  0.000000e+00  1.000000e+00
   outer loop
     vertex  1.634945e+02  7.341972e+01  1.380000e+01
     vertex  1.634655e+02  7.338322e+01  1.380000e+01
     vertex  1.634655e+02  3.607678e+01  1.380000e+01
   endloop
 endfacet
 facet normal  0.000000e+00  0.000000e+00  1.000000e+00
   outer loop
     vertex  1.611190e+02  7.581165e+01  1.380000e+01
     vertex  1.571500e+02  7.846000e+01  1.380000e+01
     vertex  1.610823e+02  7.578286e+01  1.380000e+01
   endloop
 endfacet
 facet normal  0.000000e+00  0.000000e+00  1.000000e+00
   outer loop
     vertex  1.635226e+02  7.345700e+01  1.380000e+01
     vertex  1.635226e+02  3.600300e+01  1.380000e+01
     vertex  1.635496e+02  3.596497e+01  1.380000e+01
   endloop
 endfacet
 facet normal  0.000000e+00  0.000000e+00  1.000000e+00
   outer loop
     vertex  1.635226e+02  7.345700e+01  1.380000e+01
     vertex  1.634945e+02  3.604028e+01  1.380000e+01
     vertex  1.635226e+02  3.600300e+01  1.380000e+01
   endloop
 endfacet
 facet normal  0.000000e+00  0.000000e+00  1.000000e+00
   outer loop
     vertex  1.635226e+02  7.345700e+01  1.380000e+01
     vertex  1.634945e+02  7.341972e+01  1.380000e+01
     vertex  1.634945e+02  3.604028e+01  1.380000e+01
   endloop
 endfacet
 facet normal  0.000000e+00  0.000000e+00  1.000000e+00
   outer loop
     vertex  1.611564e+02  7.583943e+01  1.380000e+01
     vertex  1.571500e+02  7.846000e+01  1.380000e+01
     vertex  1.611190e+02  7.581165e+01  1.380000e+01
   endloop
 endfacet
 facet normal  0.000000e+00  0.000000e+00  1.000000e+00
   outer loop
     vertex  1.635496e+02  7.349503e+01  1.380000e+01
     vertex  1.635226e+02  7.345700e+01  1.380000e+01
     vertex  1.635496e+02  3.596497e+01  1.380000e+01
   endloop
 endfacet
 facet normal  0.000000e+00  0.000000e+00  1.000000e+00
   outer loop
     vertex  1.611947e+02  7.586617e+01  1.380000e+01
     vertex  1.571500e+02  7.846000e+01  1.380000e+01
     vertex  1.611564e+02  7.583943e+01  1.380000e+01
   endloop
 endfacet
 facet normal  0.000000e+00  0.000000e+00  1.000000e+00
   outer loop
     vertex  1.635755e+02  7.353379e+01  1.380000e+01
     vertex  1.635496e+02  3.596497e+01  1.380000e+01
     vertex  1.635755e+02  3.592621e+01  1.380000e+01
   endloop
 endfacet
 facet normal  0.000000e+00  0.000000e+00  1.000000e+00
   outer loop
     vertex  1.635755e+02  7.353379e+01  1.380000e+01
     vertex  1.635496e+02  7.349503e+01  1.380000e+01
     vertex  1.635496e+02  3.596497e+01  1.380000e+01
   endloop
 endfacet
 facet normal  0.000000e+00  0.000000e+00  1.000000e+00
   outer loop
     vertex  1.612336e+02  7.589185e+01  1.380000e+01
     vertex  1.571500e+02  7.846000e+01  1.380000e+01
     vertex  1.611947e+02  7.586617e+01  1.380000e+01
   endloop
 endfacet
 facet normal  0.000000e+00  0.000000e+00  1.000000e+00
   outer loop
     vertex  1.636004e+02  7.357324e+01  1.380000e+01
     vertex  1.635755e+02  3.592621e+01  1.380000e+01
     vertex  1.636004e+02  3.588676e+01  1.380000e+01
   endloop
 endfacet
 facet normal  0.000000e+00  0.000000e+00  1.000000e+00
   outer loop
     vertex  1.636004e+02  7.357324e+01  1.380000e+01
     vertex  1.635755e+02  7.353379e+01  1.380000e+01
     vertex  1.635755e+02  3.592621e+01  1.380000e+01
   endloop
 endfacet
 facet normal  0.000000e+00  0.000000e+00  1.000000e+00
   outer loop
     vertex  1.612732e+02  7.591645e+01  1.380000e+01
     vertex  1.571500e+02  7.846000e+01  1.380000e+01
     vertex  1.612336e+02  7.589185e+01  1.380000e+01
   endloop
 endfacet
 facet normal  0.000000e+00  0.000000e+00  1.000000e+00
   outer loop
     vertex  1.613135e+02  7.593996e+01  1.380000e+01
     vertex  1.571500e+02  7.846000e+01  1.380000e+01
     vertex  1.612732e+02  7.591645e+01  1.380000e+01
   endloop
 endfacet
 facet normal  0.000000e+00  0.000000e+00  1.000000e+00
   outer loop
     vertex  1.613544e+02  7.596235e+01  1.380000e+01
     vertex  1.571500e+02  7.846000e+01  1.380000e+01
     vertex  1.613135e+02  7.593996e+01  1.380000e+01
   endloop
 endfacet
 facet normal  0.000000e+00  0.000000e+00  1.000000e+00
   outer loop
     vertex  1.613959e+02  7.598361e+01  1.380000e+01
     vertex  1.571500e+02  7.846000e+01  1.380000e+01
     vertex  1.613544e+02  7.596235e+01  1.380000e+01
   endloop
 endfacet
 facet normal  0.000000e+00  0.000000e+00  1.000000e+00
   outer loop
     vertex  1.614380e+02  7.600372e+01  1.380000e+01
     vertex  1.571500e+02  7.846000e+01  1.380000e+01
     vertex  1.613959e+02  7.598361e+01  1.380000e+01
   endloop
 endfacet
 facet normal  0.000000e+00  0.000000e+00  1.000000e+00
   outer loop
     vertex  1.614806e+02  7.602267e+01  1.380000e+01
     vertex  1.571500e+02  7.846000e+01  1.380000e+01
     vertex  1.614380e+02  7.600372e+01  1.380000e+01
   endloop
 endfacet
 facet normal  0.000000e+00  0.000000e+00  1.000000e+00
   outer loop
     vertex  1.615238e+02  7.604045e+01  1.380000e+01
     vertex  1.571500e+02  7.846000e+01  1.380000e+01
     vertex  1.614806e+02  7.602267e+01  1.380000e+01
   endloop
 endfacet
 facet normal  0.000000e+00  0.000000e+00  1.000000e+00
   outer loop
     vertex  1.615673e+02  7.605703e+01  1.380000e+01
     vertex  1.571500e+02  7.846000e+01  1.380000e+01
     vertex  1.615238e+02  7.604045e+01  1.380000e+01
   endloop
 endfacet
 facet normal  0.000000e+00  0.000000e+00  1.000000e+00
   outer loop
     vertex  1.616114e+02  7.607242e+01  1.380000e+01
     vertex  1.571500e+02  7.846000e+01  1.380000e+01
     vertex  1.615673e+02  7.605703e+01  1.380000e+01
   endloop
 endfacet
 facet normal  0.000000e+00  0.000000e+00  1.000000e+00
   outer loop
     vertex  1.616558e+02  7.608659e+01  1.380000e+01
     vertex  1.571500e+02  7.846000e+01  1.380000e+01
     vertex  1.616114e+02  7.607242e+01  1.380000e+01
   endloop
 endfacet
 facet normal  0.000000e+00  0.000000e+00  1.000000e+00
   outer loop
     vertex  1.617006e+02  7.609953e+01  1.380000e+01
     vertex  1.571500e+02  7.846000e+01  1.380000e+01
     vertex  1.616558e+02  7.608659e+01  1.380000e+01
   endloop
 endfacet
 facet normal  0.000000e+00  0.000000e+00  1.000000e+00
   outer loop
     vertex  1.617458e+02  7.611124e+01  1.380000e+01
     vertex  1.571500e+02  7.846000e+01  1.380000e+01
     vertex  1.617006e+02  7.609953e+01  1.380000e+01
   endloop
 endfacet
 facet normal  0.000000e+00  0.000000e+00  1.000000e+00
   outer loop
     vertex  1.617912e+02  7.612171e+01  1.380000e+01
     vertex  1.571500e+02  7.846000e+01  1.380000e+01
     vertex  1.617458e+02  7.611124e+01  1.380000e+01
   endloop
 endfacet
 facet normal  0.000000e+00  0.000000e+00  1.000000e+00
   outer loop
     vertex  1.618370e+02  7.613093e+01  1.380000e+01
     vertex  1.571500e+02  7.846000e+01  1.380000e+01
     vertex  1.617912e+02  7.612171e+01  1.380000e+01
   endloop
 endfacet
 facet normal  0.000000e+00  0.000000e+00  1.000000e+00
   outer loop
     vertex  1.618829e+02  7.613889e+01  1.380000e+01
     vertex  1.571500e+02  7.846000e+01  1.380000e+01
     vertex  1.618370e+02  7.613093e+01  1.380000e+01
   endloop
 endfacet
 facet normal  0.000000e+00  0.000000e+00  1.000000e+00
   outer loop
     vertex  1.619291e+02  7.614558e+01  1.380000e+01
     vertex  1.571500e+02  7.846000e+01  1.380000e+01
     vertex  1.618829e+02  7.613889e+01  1.380000e+01
   endloop
 endfacet
 facet normal  0.000000e+00  0.000000e+00  1.000000e+00
   outer loop
     vertex  1.619754e+02  7.615101e+01  1.380000e+01
     vertex  1.571500e+02  7.846000e+01  1.380000e+01
     vertex  1.619291e+02  7.614558e+01  1.380000e+01
   endloop
 endfacet
 facet normal  0.000000e+00  0.000000e+00  1.000000e+00
   outer loop
     vertex  1.620219e+02  7.615516e+01  1.380000e+01
     vertex  1.571500e+02  7.846000e+01  1.380000e+01
     vertex  1.619754e+02  7.615101e+01  1.380000e+01
   endloop
 endfacet
 facet normal  0.000000e+00  0.000000e+00  1.000000e+00
   outer loop
     vertex  1.620684e+02  7.615804e+01  1.380000e+01
     vertex  1.571500e+02  7.846000e+01  1.380000e+01
     vertex  1.620219e+02  7.615516e+01  1.380000e+01
   endloop
 endfacet
 facet normal  0.000000e+00  0.000000e+00  1.000000e+00
   outer loop
     vertex  1.621150e+02  7.615964e+01  1.380000e+01
     vertex  1.571500e+02  7.846000e+01  1.380000e+01
     vertex  1.620684e+02  7.615804e+01  1.380000e+01
   endloop
 endfacet
 facet normal  0.000000e+00  0.000000e+00  1.000000e+00
   outer loop
     vertex  1.621617e+02  7.615996e+01  1.380000e+01
     vertex  1.571500e+02  7.846000e+01  1.380000e+01
     vertex  1.621150e+02  7.615964e+01  1.380000e+01
   endloop
 endfacet
 facet normal  0.000000e+00  0.000000e+00  1.000000e+00
   outer loop
     vertex  1.671500e+02  7.846000e+01  1.380000e+01
     vertex  1.638494e+02  7.450664e+01  1.380000e+01
     vertex  1.638500e+02  7.446000e+01  1.380000e+01
   endloop
 endfacet
 facet normal  0.000000e+00  0.000000e+00  1.000000e+00
   outer loop
     vertex  1.671500e+02  7.846000e+01  1.380000e+01
     vertex  1.638474e+02  7.455324e+01  1.380000e+01
     vertex  1.638494e+02  7.450664e+01  1.380000e+01
   endloop
 endfacet
 facet normal  0.000000e+00  0.000000e+00  1.000000e+00
   outer loop
     vertex  1.671500e+02  7.846000e+01  1.380000e+01
     vertex  1.638442e+02  7.459977e+01  1.380000e+01
     vertex  1.638474e+02  7.455324e+01  1.380000e+01
   endloop
 endfacet
 facet normal  0.000000e+00  0.000000e+00  1.000000e+00
   outer loop
     vertex  1.671500e+02  7.846000e+01  1.380000e+01
     vertex  1.638398e+02  7.464620e+01  1.380000e+01
     vertex  1.638442e+02  7.459977e+01  1.380000e+01
   endloop
 endfacet
 facet normal  0.000000e+00  0.000000e+00  1.000000e+00
   outer loop
     vertex  1.671500e+02  7.846000e+01  1.380000e+01
     vertex  1.638340e+02  7.469249e+01  1.380000e+01
     vertex  1.638398e+02  7.464620e+01  1.380000e+01
   endloop
 endfacet
 facet normal  0.000000e+00  0.000000e+00  1.000000e+00
   outer loop
     vertex  1.671500e+02  7.846000e+01  1.380000e+01
     vertex  1.638270e+02  7.473860e+01  1.380000e+01
     vertex  1.638340e+02  7.469249e+01  1.380000e+01
   endloop
 endfacet
 facet normal  0.000000e+00  0.000000e+00  1.000000e+00
   outer loop
     vertex  1.671500e+02  7.846000e+01  1.380000e+01
     vertex  1.638187e+02  7.478450e+01  1.380000e+01
     vertex  1.638270e+02  7.473860e+01  1.380000e+01
   endloop
 endfacet
 facet normal  0.000000e+00  0.000000e+00  1.000000e+00
   outer loop
     vertex  1.671500e+02  7.846000e+01  1.380000e+01
     vertex  1.636242e+02  7.361337e+01  1.380000e+01
     vertex  1.636004e+02  7.357324e+01  1.380000e+01
   endloop
 endfacet
 facet normal  0.000000e+00  0.000000e+00  1.000000e+00
   outer loop
     vertex  1.671500e+02  7.846000e+01  1.380000e+01
     vertex  1.638092e+02  7.483016e+01  1.380000e+01
     vertex  1.638187e+02  7.478450e+01  1.380000e+01
   endloop
 endfacet
 facet normal  0.000000e+00  0.000000e+00  1.000000e+00
   outer loop
     vertex  1.671500e+02  7.846000e+01  1.380000e+01
     vertex  1.636469e+02  7.365413e+01  1.380000e+01
     vertex  1.636242e+02  7.361337e+01  1.380000e+01
   endloop
 endfacet
 facet normal  0.000000e+00  0.000000e+00  1.000000e+00
   outer loop
     vertex  1.671500e+02  7.846000e+01  1.380000e+01
     vertex  1.637984e+02  7.487554e+01  1.380000e+01
     vertex  1.638092e+02  7.483016e+01  1.380000e+01
   endloop
 endfacet
 facet normal  0.000000e+00  0.000000e+00  1.000000e+00
   outer loop
     vertex  1.671500e+02  7.846000e+01  1.380000e+01
     vertex  1.636684e+02  7.369550e+01  1.380000e+01
     vertex  1.636469e+02  7.365413e+01  1.380000e+01
   endloop
 endfacet
 facet normal  0.000000e+00  0.000000e+00  1.000000e+00
   outer loop
     vertex  1.671500e+02  7.846000e+01  1.380000e+01
     vertex  1.637864e+02  7.492061e+01  1.380000e+01
     vertex  1.637984e+02  7.487554e+01  1.380000e+01
   endloop
 endfacet
 facet normal  0.000000e+00  0.000000e+00  1.000000e+00
   outer loop
     vertex  1.671500e+02  7.846000e+01  1.380000e+01
     vertex  1.636888e+02  7.373744e+01  1.380000e+01
     vertex  1.636684e+02  7.369550e+01  1.380000e+01
   endloop
 endfacet
 facet normal  0.000000e+00  0.000000e+00  1.000000e+00
   outer loop
     vertex  1.671500e+02  7.846000e+01  1.380000e+01
     vertex  1.637732e+02  7.496533e+01  1.380000e+01
     vertex  1.637864e+02  7.492061e+01  1.380000e+01
   endloop
 endfacet
 facet normal  0.000000e+00  0.000000e+00  1.000000e+00
   outer loop
     vertex  1.671500e+02  7.846000e+01  1.380000e+01
     vertex  1.637080e+02  7.377993e+01  1.380000e+01
     vertex  1.636888e+02  7.373744e+01  1.380000e+01
   endloop
 endfacet
 facet normal  0.000000e+00  0.000000e+00  1.000000e+00
   outer loop
     vertex  1.671500e+02  7.846000e+01  1.380000e+01
     vertex  1.637587e+02  7.500967e+01  1.380000e+01
     vertex  1.637732e+02  7.496533e+01  1.380000e+01
   endloop
 endfacet
 facet normal  0.000000e+00  0.000000e+00  1.000000e+00
   outer loop
     vertex  1.671500e+02  7.846000e+01  1.380000e+01
     vertex  1.637261e+02  7.382293e+01  1.380000e+01
     vertex  1.637080e+02  7.377993e+01  1.380000e+01
   endloop
 endfacet
 facet normal  0.000000e+00  0.000000e+00  1.000000e+00
   outer loop
     vertex  1.671500e+02  7.846000e+01  1.380000e+01
     vertex  1.637430e+02  7.505359e+01  1.380000e+01
     vertex  1.637587e+02  7.500967e+01  1.380000e+01
   endloop
 endfacet
 facet normal  0.000000e+00  0.000000e+00  1.000000e+00
   outer loop
     vertex  1.671500e+02  7.846000e+01  1.380000e+01
     vertex  1.637430e+02  7.386641e+01  1.380000e+01
     vertex  1.637261e+02  7.382293e+01  1.380000e+01
   endloop
 endfacet
 facet normal  0.000000e+00  0.000000e+00  1.000000e+00
   outer loop
     vertex  1.671500e+02  7.846000e+01  1.380000e+01
     vertex  1.637261e+02  7.509707e+01  1.380000e+01
     vertex  1.637430e+02  7.505359e+01  1.380000e+01
   endloop
 endfacet
 facet normal  0.000000e+00  0.000000e+00  1.000000e+00
   outer loop
     vertex  1.671500e+02  7.846000e+01  1.380000e+01
     vertex  1.637587e+02  7.391033e+01  1.380000e+01
     vertex  1.637430e+02  7.386641e+01  1.380000e+01
   endloop
 endfacet
 facet normal  0.000000e+00  0.000000e+00  1.000000e+00
   outer loop
     vertex  1.671500e+02  7.846000e+01  1.380000e+01
     vertex  1.637080e+02  7.514007e+01  1.380000e+01
     vertex  1.637261e+02  7.509707e+01  1.380000e+01
   endloop
 endfacet
 facet normal  0.000000e+00  0.000000e+00  1.000000e+00
   outer loop
     vertex  1.671500e+02  7.846000e+01  1.380000e+01
     vertex  1.637732e+02  7.395467e+01  1.380000e+01
     vertex  1.637587e+02  7.391033e+01  1.380000e+01
   endloop
 endfacet
 facet normal  0.000000e+00  0.000000e+00  1.000000e+00
   outer loop
     vertex  1.671500e+02  7.846000e+01  1.380000e+01
     vertex  1.636888e+02  7.518256e+01  1.380000e+01
     vertex  1.637080e+02  7.514007e+01  1.380000e+01
   endloop
 endfacet
 facet normal  0.000000e+00  0.000000e+00  1.000000e+00
   outer loop
     vertex  1.671500e+02  7.846000e+01  1.380000e+01
     vertex  1.637864e+02  7.399939e+01  1.380000e+01
     vertex  1.637732e+02  7.395467e+01  1.380000e+01
   endloop
 endfacet
 facet normal  0.000000e+00  0.000000e+00  1.000000e+00
   outer loop
     vertex  1.671500e+02  7.846000e+01  1.380000e+01
     vertex  1.636684e+02  7.522450e+01  1.380000e+01
     vertex  1.636888e+02  7.518256e+01  1.380000e+01
   endloop
 endfacet
 facet normal  0.000000e+00  0.000000e+00  1.000000e+00
   outer loop
     vertex  1.671500e+02  7.846000e+01  1.380000e+01
     vertex  1.637984e+02  7.404446e+01  1.380000e+01
     vertex  1.637864e+02  7.399939e+01  1.380000e+01
   endloop
 endfacet
 facet normal  0.000000e+00  0.000000e+00  1.000000e+00
   outer loop
     vertex  1.671500e+02  7.846000e+01  1.380000e+01
     vertex  1.636469e+02  7.526587e+01  1.380000e+01
     vertex  1.636684e+02  7.522450e+01  1.380000e+01
   endloop
 endfacet
 facet normal  0.000000e+00  0.000000e+00  1.000000e+00
   outer loop
     vertex  1.671500e+02  7.846000e+01  1.380000e+01
     vertex  1.638092e+02  7.408984e+01  1.380000e+01
     vertex  1.637984e+02  7.404446e+01  1.380000e+01
   endloop
 endfacet
 facet normal  0.000000e+00  0.000000e+00  1.000000e+00
   outer loop
     vertex  1.671500e+02  7.846000e+01  1.380000e+01
     vertex  1.636242e+02  7.530663e+01  1.380000e+01
     vertex  1.636469e+02  7.526587e+01  1.380000e+01
   endloop
 endfacet
 facet normal  0.000000e+00  0.000000e+00  1.000000e+00
   outer loop
     vertex  1.671500e+02  7.846000e+01  1.380000e+01
     vertex  1.638187e+02  7.413550e+01  1.380000e+01
     vertex  1.638092e+02  7.408984e+01  1.380000e+01
   endloop
 endfacet
 facet normal  0.000000e+00  0.000000e+00  1.000000e+00
   outer loop
     vertex  1.671500e+02  7.846000e+01  1.380000e+01
     vertex  1.636004e+02  7.534676e+01  1.380000e+01
     vertex  1.636242e+02  7.530663e+01  1.380000e+01
   endloop
 endfacet
 facet normal  0.000000e+00  0.000000e+00  1.000000e+00
   outer loop
     vertex  1.671500e+02  7.846000e+01  1.380000e+01
     vertex  1.638270e+02  7.418140e+01  1.380000e+01
     vertex  1.638187e+02  7.413550e+01  1.380000e+01
   endloop
 endfacet
 facet normal  0.000000e+00  0.000000e+00  1.000000e+00
   outer loop
     vertex  1.671500e+02  7.846000e+01  1.380000e+01
     vertex  1.635755e+02  7.538621e+01  1.380000e+01
     vertex  1.636004e+02  7.534676e+01  1.380000e+01
   endloop
 endfacet
 facet normal  0.000000e+00  0.000000e+00  1.000000e+00
   outer loop
     vertex  1.671500e+02  7.846000e+01  1.380000e+01
     vertex  1.638340e+02  7.422751e+01  1.380000e+01
     vertex  1.638270e+02  7.418140e+01  1.380000e+01
   endloop
 endfacet
 facet normal  0.000000e+00  0.000000e+00  1.000000e+00
   outer loop
     vertex  1.671500e+02  7.846000e+01  1.380000e+01
     vertex  1.635496e+02  7.542497e+01  1.380000e+01
     vertex  1.635755e+02  7.538621e+01  1.380000e+01
   endloop
 endfacet
 facet normal  0.000000e+00  0.000000e+00  1.000000e+00
   outer loop
     vertex  1.671500e+02  7.846000e+01  1.380000e+01
     vertex  1.638398e+02  7.427380e+01  1.380000e+01
     vertex  1.638340e+02  7.422751e+01  1.380000e+01
   endloop
 endfacet
 facet normal  0.000000e+00  0.000000e+00  1.000000e+00
   outer loop
     vertex  1.671500e+02  7.846000e+01  1.380000e+01
     vertex  1.635226e+02  7.546300e+01  1.380000e+01
     vertex  1.635496e+02  7.542497e+01  1.380000e+01
   endloop
 endfacet
 facet normal  0.000000e+00  0.000000e+00  1.000000e+00
   outer loop
     vertex  1.671500e+02  7.846000e+01  1.380000e+01
     vertex  1.638442e+02  7.432023e+01  1.380000e+01
     vertex  1.638398e+02  7.427380e+01  1.380000e+01
   endloop
 endfacet
 facet normal  0.000000e+00  0.000000e+00  1.000000e+00
   outer loop
     vertex  1.671500e+02  7.846000e+01  1.380000e+01
     vertex  1.634945e+02  7.550028e+01  1.380000e+01
     vertex  1.635226e+02  7.546300e+01  1.380000e+01
   endloop
 endfacet
 facet normal  0.000000e+00  0.000000e+00  1.000000e+00
   outer loop
     vertex  1.671500e+02  7.846000e+01  1.380000e+01
     vertex  1.638474e+02  7.436676e+01  1.380000e+01
     vertex  1.638442e+02  7.432023e+01  1.380000e+01
   endloop
 endfacet
 facet normal  0.000000e+00  0.000000e+00  1.000000e+00
   outer loop
     vertex  1.671500e+02  7.846000e+01  1.380000e+01
     vertex  1.634655e+02  7.553678e+01  1.380000e+01
     vertex  1.634945e+02  7.550028e+01  1.380000e+01
   endloop
 endfacet
 facet normal  0.000000e+00  0.000000e+00  1.000000e+00
   outer loop
     vertex  1.671500e+02  7.846000e+01  1.380000e+01
     vertex  1.638494e+02  7.441336e+01  1.380000e+01
     vertex  1.638474e+02  7.436676e+01  1.380000e+01
   endloop
 endfacet
 facet normal  0.000000e+00  0.000000e+00  1.000000e+00
   outer loop
     vertex  1.671500e+02  7.846000e+01  1.380000e+01
     vertex  1.634355e+02  7.557246e+01  1.380000e+01
     vertex  1.634655e+02  7.553678e+01  1.380000e+01
   endloop
 endfacet
 facet normal  0.000000e+00  0.000000e+00  1.000000e+00
   outer loop
     vertex  1.671500e+02  7.846000e+01  1.380000e+01
     vertex  1.638500e+02  7.446000e+01  1.380000e+01
     vertex  1.638494e+02  7.441336e+01  1.380000e+01
   endloop
 endfacet
 facet normal  0.000000e+00  0.000000e+00  1.000000e+00
   outer loop
     vertex  1.671500e+02  7.846000e+01  1.380000e+01
     vertex  1.634045e+02  7.560731e+01  1.380000e+01
     vertex  1.634355e+02  7.557246e+01  1.380000e+01
   endloop
 endfacet
 facet normal  0.000000e+00  0.000000e+00  1.000000e+00
   outer loop
     vertex  1.671500e+02  7.846000e+01  1.380000e+01
     vertex  1.633725e+02  7.564129e+01  1.380000e+01
     vertex  1.634045e+02  7.560731e+01  1.380000e+01
   endloop
 endfacet
 facet normal  0.000000e+00  0.000000e+00  1.000000e+00
   outer loop
     vertex  1.671500e+02  7.846000e+01  1.380000e+01
     vertex  1.633396e+02  7.567439e+01  1.380000e+01
     vertex  1.633725e+02  7.564129e+01  1.380000e+01
   endloop
 endfacet
 facet normal  0.000000e+00  0.000000e+00  1.000000e+00
   outer loop
     vertex  1.671500e+02  7.846000e+01  1.380000e+01
     vertex  1.633059e+02  7.570657e+01  1.380000e+01
     vertex  1.633396e+02  7.567439e+01  1.380000e+01
   endloop
 endfacet
 facet normal  0.000000e+00  0.000000e+00  1.000000e+00
   outer loop
     vertex  1.671500e+02  7.846000e+01  1.380000e+01
     vertex  1.632713e+02  7.573781e+01  1.380000e+01
     vertex  1.633059e+02  7.570657e+01  1.380000e+01
   endloop
 endfacet
 facet normal  0.000000e+00  0.000000e+00  1.000000e+00
   outer loop
     vertex  1.671500e+02  7.846000e+01  1.380000e+01
     vertex  1.636004e+02  3.588676e+01  1.380000e+01
     vertex  1.671500e+02  3.100000e+01  1.380000e+01
   endloop
 endfacet
 facet normal  0.000000e+00  0.000000e+00  1.000000e+00
   outer loop
     vertex  1.671500e+02  7.846000e+01  1.380000e+01
     vertex  1.632358e+02  7.576809e+01  1.380000e+01
     vertex  1.632713e+02  7.573781e+01  1.380000e+01
   endloop
 endfacet
 facet normal  0.000000e+00  0.000000e+00  1.000000e+00
   outer loop
     vertex  1.671500e+02  7.846000e+01  1.380000e+01
     vertex  1.571500e+02  7.846000e+01  1.380000e+01
     vertex  1.621617e+02  7.615996e+01  1.380000e+01
   endloop
 endfacet
 facet normal  0.000000e+00  0.000000e+00  1.000000e+00
   outer loop
     vertex  1.671500e+02  7.846000e+01  1.380000e+01
     vertex  1.631995e+02  7.579738e+01  1.380000e+01
     vertex  1.632358e+02  7.576809e+01  1.380000e+01
   endloop
 endfacet
 facet normal  0.000000e+00  0.000000e+00  1.000000e+00
   outer loop
     vertex  1.671500e+02  7.846000e+01  1.380000e+01
     vertex  1.631624e+02  7.582567e+01  1.380000e+01
     vertex  1.631995e+02  7.579738e+01  1.380000e+01
   endloop
 endfacet
 facet normal  0.000000e+00  0.000000e+00  1.000000e+00
   outer loop
     vertex  1.671500e+02  7.846000e+01  1.380000e+01
     vertex  1.631245e+02  7.585293e+01  1.380000e+01
     vertex  1.631624e+02  7.582567e+01  1.380000e+01
   endloop
 endfacet
 facet normal  0.000000e+00  0.000000e+00  1.000000e+00
   outer loop
     vertex  1.671500e+02  7.846000e+01  1.380000e+01
     vertex  1.630860e+02  7.587914e+01  1.380000e+01
     vertex  1.631245e+02  7.585293e+01  1.380000e+01
   endloop
 endfacet
 facet normal  0.000000e+00  0.000000e+00  1.000000e+00
   outer loop
     vertex  1.671500e+02  7.846000e+01  1.380000e+01
     vertex  1.630467e+02  7.590428e+01  1.380000e+01
     vertex  1.630860e+02  7.587914e+01  1.380000e+01
   endloop
 endfacet
 facet normal  0.000000e+00  0.000000e+00  1.000000e+00
   outer loop
     vertex  1.671500e+02  7.846000e+01  1.380000e+01
     vertex  1.630067e+02  7.592834e+01  1.380000e+01
     vertex  1.630467e+02  7.590428e+01  1.380000e+01
   endloop
 endfacet
 facet normal  0.000000e+00  0.000000e+00  1.000000e+00
   outer loop
     vertex  1.671500e+02  7.846000e+01  1.380000e+01
     vertex  1.629661e+02  7.595129e+01  1.380000e+01
     vertex  1.630067e+02  7.592834e+01  1.380000e+01
   endloop
 endfacet
 facet normal  0.000000e+00  0.000000e+00  1.000000e+00
   outer loop
     vertex  1.671500e+02  7.846000e+01  1.380000e+01
     vertex  1.629249e+02  7.597312e+01  1.380000e+01
     vertex  1.629661e+02  7.595129e+01  1.380000e+01
   endloop
 endfacet
 facet normal  0.000000e+00  0.000000e+00  1.000000e+00
   outer loop
     vertex  1.671500e+02  7.846000e+01  1.380000e+01
     vertex  1.636004e+02  7.357324e+01  1.380000e+01
     vertex  1.636004e+02  3.588676e+01  1.380000e+01
   endloop
 endfacet
 facet normal  0.000000e+00  0.000000e+00  1.000000e+00
   outer loop
     vertex  1.671500e+02  7.846000e+01  1.380000e+01
     vertex  1.628831e+02  7.599381e+01  1.380000e+01
     vertex  1.629249e+02  7.597312e+01  1.380000e+01
   endloop
 endfacet
 facet normal  0.000000e+00  0.000000e+00  1.000000e+00
   outer loop
     vertex  1.671500e+02  7.846000e+01  1.380000e+01
     vertex  1.628407e+02  7.601334e+01  1.380000e+01
     vertex  1.628831e+02  7.599381e+01  1.380000e+01
   endloop
 endfacet
 facet normal  0.000000e+00  0.000000e+00  1.000000e+00
   outer loop
     vertex  1.671500e+02  7.846000e+01  1.380000e+01
     vertex  1.627979e+02  7.603171e+01  1.380000e+01
     vertex  1.628407e+02  7.601334e+01  1.380000e+01
   endloop
 endfacet
 facet normal  0.000000e+00  0.000000e+00  1.000000e+00
   outer loop
     vertex  1.671500e+02  7.846000e+01  1.380000e+01
     vertex  1.627545e+02  7.604889e+01  1.380000e+01
     vertex  1.627979e+02  7.603171e+01  1.380000e+01
   endloop
 endfacet
 facet normal  0.000000e+00  0.000000e+00  1.000000e+00
   outer loop
     vertex  1.671500e+02  7.846000e+01  1.380000e+01
     vertex  1.627107e+02  7.606488e+01  1.380000e+01
     vertex  1.627545e+02  7.604889e+01  1.380000e+01
   endloop
 endfacet
 facet normal  0.000000e+00  0.000000e+00  1.000000e+00
   outer loop
     vertex  1.671500e+02  7.846000e+01  1.380000e+01
     vertex  1.626664e+02  7.607965e+01  1.380000e+01
     vertex  1.627107e+02  7.606488e+01  1.380000e+01
   endloop
 endfacet
 facet normal  0.000000e+00  0.000000e+00  1.000000e+00
   outer loop
     vertex  1.671500e+02  7.846000e+01  1.380000e+01
     vertex  1.626218e+02  7.609321e+01  1.380000e+01
     vertex  1.626664e+02  7.607965e+01  1.380000e+01
   endloop
 endfacet
 facet normal  0.000000e+00  0.000000e+00  1.000000e+00
   outer loop
     vertex  1.671500e+02  7.846000e+01  1.380000e+01
     vertex  1.625768e+02  7.610554e+01  1.380000e+01
     vertex  1.626218e+02  7.609321e+01  1.380000e+01
   endloop
 endfacet
 facet normal  0.000000e+00  0.000000e+00  1.000000e+00
   outer loop
     vertex  1.671500e+02  7.846000e+01  1.380000e+01
     vertex  1.625315e+02  7.611663e+01  1.380000e+01
     vertex  1.625768e+02  7.610554e+01  1.380000e+01
   endloop
 endfacet
 facet normal  0.000000e+00  0.000000e+00  1.000000e+00
   outer loop
     vertex  1.671500e+02  7.846000e+01  1.380000e+01
     vertex  1.624859e+02  7.612648e+01  1.380000e+01
     vertex  1.625315e+02  7.611663e+01  1.380000e+01
   endloop
 endfacet
 facet normal  0.000000e+00  0.000000e+00  1.000000e+00
   outer loop
     vertex  1.671500e+02  7.846000e+01  1.380000e+01
     vertex  1.624401e+02  7.613507e+01  1.380000e+01
     vertex  1.624859e+02  7.612648e+01  1.380000e+01
   endloop
 endfacet
 facet normal  0.000000e+00  0.000000e+00  1.000000e+00
   outer loop
     vertex  1.671500e+02  7.846000e+01  1.380000e+01
     vertex  1.623940e+02  7.614239e+01  1.380000e+01
     vertex  1.624401e+02  7.613507e+01  1.380000e+01
   endloop
 endfacet
 facet normal  0.000000e+00  0.000000e+00  1.000000e+00
   outer loop
     vertex  1.671500e+02  7.846000e+01  1.380000e+01
     vertex  1.623478e+02  7.614846e+01  1.380000e+01
     vertex  1.623940e+02  7.614239e+01  1.380000e+01
   endloop
 endfacet
 facet normal  0.000000e+00  0.000000e+00  1.000000e+00
   outer loop
     vertex  1.671500e+02  7.846000e+01  1.380000e+01
     vertex  1.623014e+02  7.615325e+01  1.380000e+01
     vertex  1.623478e+02  7.614846e+01  1.380000e+01
   endloop
 endfacet
 facet normal  0.000000e+00  0.000000e+00  1.000000e+00
   outer loop
     vertex  1.671500e+02  7.846000e+01  1.380000e+01
     vertex  1.622549e+02  7.615676e+01  1.380000e+01
     vertex  1.623014e+02  7.615325e+01  1.380000e+01
   endloop
 endfacet
 facet normal  0.000000e+00  0.000000e+00  1.000000e+00
   outer loop
     vertex  1.671500e+02  7.846000e+01  1.380000e+01
     vertex  1.622083e+02  7.615900e+01  1.380000e+01
     vertex  1.622549e+02  7.615676e+01  1.380000e+01
   endloop
 endfacet
 facet normal  0.000000e+00  0.000000e+00  1.000000e+00
   outer loop
     vertex  1.671500e+02  7.846000e+01  1.380000e+01
     vertex  1.621617e+02  7.615996e+01  1.380000e+01
     vertex  1.622083e+02  7.615900e+01  1.380000e+01
   endloop
 endfacet
 facet normal  0.000000e+00  1.000000e+00  0.000000e+00
   outer loop
     vertex  1.671500e+02  7.846000e+01  1.380000e+01
     vertex  1.671500e+02  7.846000e+01  1.130000e+01
     vertex  1.571500e+02  7.846000e+01  1.130000e+01
   endloop
 endfacet
 facet normal  0.000000e+00  1.000000e+00  0.000000e+00
   outer loop
     vertex  1.671500e+02  7.846000e+01  1.380000e+01
     vertex  1.571500e+02  7.846000e+01  1.130000e+01
     vertex  1.571500e+02  7.846000e+01  1.380000e+01
   endloop
 endfacet
 facet normal -0.000000e+00  0.000000e+00 -1.000000e+00
   outer loop
     vertex  1.609771e+02  3.376941e+01  1.130000e+01
     vertex  1.571500e+02  3.100000e+01  1.130000e+01
     vertex  1.609438e+02  3.380205e+01  1.130000e+01
   endloop
 endfacet
 facet normal  0.000000e+00 -0.000000e+00 -1.000000e+00
   outer loop
     vertex  1.609114e+02  3.383559e+01  1.130000e+01
     vertex  1.609438e+02  3.380205e+01  1.130000e+01
     vertex  1.571500e+02  3.100000e+01  1.130000e+01
   endloop
 endfacet
 facet normal -0.000000e+00  0.000000e+00 -1.000000e+00
   outer loop
     vertex  1.610113e+02  3.373769e+01  1.130000e+01
     vertex  1.571500e+02  3.100000e+01  1.130000e+01
     vertex  1.609771e+02  3.376941e+01  1.130000e+01
   endloop
 endfacet
 facet normal  0.000000e+00 -0.000000e+00 -1.000000e+00
   outer loop
     vertex  1.608799e+02  3.387001e+01  1.130000e+01
     vertex  1.609114e+02  3.383559e+01  1.130000e+01
     vertex  1.571500e+02  3.100000e+01  1.130000e+01
   endloop
 endfacet
 facet normal -0.000000e+00  0.000000e+00 -1.000000e+00
   outer loop
     vertex  1.610464e+02  3.370693e+01  1.130000e+01
     vertex  1.571500e+02  3.100000e+01  1.130000e+01
     vertex  1.610113e+02  3.373769e+01  1.130000e+01
   endloop
 endfacet
 facet normal  0.000000e+00 -0.000000e+00 -1.000000e+00
   outer loop
     vertex  1.608494e+02  3.390528e+01  1.130000e+01
     vertex  1.608799e+02  3.387001e+01  1.130000e+01
     vertex  1.571500e+02  3.100000e+01  1.130000e+01
   endloop
 endfacet
 facet normal -0.000000e+00  0.000000e+00 -1.000000e+00
   outer loop
     vertex  1.610823e+02  3.367714e+01  1.130000e+01
     vertex  1.571500e+02  3.100000e+01  1.130000e+01
     vertex  1.610464e+02  3.370693e+01  1.130000e+01
   endloop
 endfacet
 facet normal  0.000000e+00 -0.000000e+00 -1.000000e+00
   outer loop
     vertex  1.608198e+02  3.394137e+01  1.130000e+01
     vertex  1.608494e+02  3.390528e+01  1.130000e+01
     vertex  1.571500e+02  3.100000e+01  1.130000e+01
   endloop
 endfacet
 facet normal -0.000000e+00  0.000000e+00 -1.000000e+00
   outer loop
     vertex  1.611190e+02  3.364835e+01  1.130000e+01
     vertex  1.571500e+02  3.100000e+01  1.130000e+01
     vertex  1.610823e+02  3.367714e+01  1.130000e+01
   endloop
 endfacet
 facet normal  0.000000e+00 -0.000000e+00 -1.000000e+00
   outer loop
     vertex  1.607913e+02  3.397826e+01  1.130000e+01
     vertex  1.608198e+02  3.394137e+01  1.130000e+01
     vertex  1.571500e+02  3.100000e+01  1.130000e+01
   endloop
 endfacet
 facet normal -0.000000e+00  0.000000e+00 -1.000000e+00
   outer loop
     vertex  1.611564e+02  3.362057e+01  1.130000e+01
     vertex  1.571500e+02  3.100000e+01  1.130000e+01
     vertex  1.611190e+02  3.364835e+01  1.130000e+01
   endloop
 endfacet
 facet normal  0.000000e+00 -0.000000e+00 -1.000000e+00
   outer loop
     vertex  1.607638e+02  3.401592e+01  1.130000e+01
     vertex  1.607913e+02  3.397826e+01  1.130000e+01
     vertex  1.571500e+02  3.100000e+01  1.130000e+01
   endloop
 endfacet
 facet normal -0.000000e+00  0.000000e+00 -1.000000e+00
   outer loop
     vertex  1.611947e+02  3.359383e+01  1.130000e+01
     vertex  1.571500e+02  3.100000e+01  1.130000e+01
     vertex  1.611564e+02  3.362057e+01  1.130000e+01
   endloop
 endfacet
 facet normal  0.000000e+00 -0.000000e+00 -1.000000e+00
   outer loop
     vertex  1.607373e+02  3.405432e+01  1.130000e+01
     vertex  1.607638e+02  3.401592e+01  1.130000e+01
     vertex  1.571500e+02  3.100000e+01  1.130000e+01
   endloop
 endfacet
 facet normal -0.000000e+00  0.000000e+00 -1.000000e+00
   outer loop
     vertex  1.612336e+02  3.356815e+01  1.130000e+01
     vertex  1.571500e+02  3.100000e+01  1.130000e+01
     vertex  1.611947e+02  3.359383e+01  1.130000e+01
   endloop
 endfacet
 facet normal  0.000000e+00 -0.000000e+00 -1.000000e+00
   outer loop
     vertex  1.607119e+02  3.409343e+01  1.130000e+01
     vertex  1.607373e+02  3.405432e+01  1.130000e+01
     vertex  1.571500e+02  3.100000e+01  1.130000e+01
   endloop
 endfacet
 facet normal -0.000000e+00  0.000000e+00 -1.000000e+00
   outer loop
     vertex  1.612732e+02  3.354355e+01  1.130000e+01
     vertex  1.571500e+02  3.100000e+01  1.130000e+01
     vertex  1.612336e+02  3.356815e+01  1.130000e+01
   endloop
 endfacet
 facet normal  0.000000e+00 -0.000000e+00 -1.000000e+00
   outer loop
     vertex  1.606876e+02  3.413322e+01  1.130000e+01
     vertex  1.607119e+02  3.409343e+01  1.130000e+01
     vertex  1.571500e+02  3.100000e+01  1.130000e+01
   endloop
 endfacet
 facet normal -0.000000e+00  0.000000e+00 -1.000000e+00
   outer loop
     vertex  1.613135e+02  3.352004e+01  1.130000e+01
     vertex  1.571500e+02  3.100000e+01  1.130000e+01
     vertex  1.612732e+02  3.354355e+01  1.130000e+01
   endloop
 endfacet
 facet normal  0.000000e+00 -0.000000e+00 -1.000000e+00
   outer loop
     vertex  1.606643e+02  3.417367e+01  1.130000e+01
     vertex  1.606876e+02  3.413322e+01  1.130000e+01
     vertex  1.571500e+02  3.100000e+01  1.130000e+01
   endloop
 endfacet
 facet normal -0.000000e+00  0.000000e+00 -1.000000e+00
   outer loop
     vertex  1.613544e+02  3.349765e+01  1.130000e+01
     vertex  1.571500e+02  3.100000e+01  1.130000e+01
     vertex  1.613135e+02  3.352004e+01  1.130000e+01
   endloop
 endfacet
 facet normal  0.000000e+00 -0.000000e+00 -1.000000e+00
   outer loop
     vertex  1.606422e+02  3.421474e+01  1.130000e+01
     vertex  1.606643e+02  3.417367e+01  1.130000e+01
     vertex  1.571500e+02  3.100000e+01  1.130000e+01
   endloop
 endfacet
 facet normal -0.000000e+00  0.000000e+00 -1.000000e+00
   outer loop
     vertex  1.613959e+02  3.347639e+01  1.130000e+01
     vertex  1.571500e+02  3.100000e+01  1.130000e+01
     vertex  1.613544e+02  3.349765e+01  1.130000e+01
   endloop
 endfacet
 facet normal  0.000000e+00 -0.000000e+00 -1.000000e+00
   outer loop
     vertex  1.606213e+02  3.425640e+01  1.130000e+01
     vertex  1.606422e+02  3.421474e+01  1.130000e+01
     vertex  1.571500e+02  3.100000e+01  1.130000e+01
   endloop
 endfacet
 facet normal -0.000000e+00  0.000000e+00 -1.000000e+00
   outer loop
     vertex  1.614380e+02  3.345628e+01  1.130000e+01
     vertex  1.571500e+02  3.100000e+01  1.130000e+01
     vertex  1.613959e+02  3.347639e+01  1.130000e+01
   endloop
 endfacet
 facet normal  0.000000e+00 -0.000000e+00 -1.000000e+00
   outer loop
     vertex  1.606014e+02  3.429862e+01  1.130000e+01
     vertex  1.606213e+02  3.425640e+01  1.130000e+01
     vertex  1.571500e+02  3.100000e+01  1.130000e+01
   endloop
 endfacet
 facet normal -0.000000e+00  0.000000e+00 -1.000000e+00
   outer loop
     vertex  1.614806e+02  3.343733e+01  1.130000e+01
     vertex  1.571500e+02  3.100000e+01  1.130000e+01
     vertex  1.614380e+02  3.345628e+01  1.130000e+01
   endloop
 endfacet
 facet normal  0.000000e+00 -0.000000e+00 -1.000000e+00
   outer loop
     vertex  1.605828e+02  3.434137e+01  1.130000e+01
     vertex  1.606014e+02  3.429862e+01  1.130000e+01
     vertex  1.571500e+02  3.100000e+01  1.130000e+01
   endloop
 endfacet
 facet normal -0.000000e+00  0.000000e+00 -1.000000e+00
   outer loop
     vertex  1.615238e+02  3.341955e+01  1.130000e+01
     vertex  1.571500e+02  3.100000e+01  1.130000e+01
     vertex  1.614806e+02  3.343733e+01  1.130000e+01
   endloop
 endfacet
 facet normal  0.000000e+00 -0.000000e+00 -1.000000e+00
   outer loop
     vertex  1.605653e+02  3.438461e+01  1.130000e+01
     vertex  1.605828e+02  3.434137e+01  1.130000e+01
     vertex  1.571500e+02  3.100000e+01  1.130000e+01
   endloop
 endfacet
 facet normal -0.000000e+00  0.000000e+00 -1.000000e+00
   outer loop
     vertex  1.615673e+02  3.340297e+01  1.130000e+01
     vertex  1.571500e+02  3.100000e+01  1.130000e+01
     vertex  1.615238e+02  3.341955e+01  1.130000e+01
   endloop
 endfacet
 facet normal  0.000000e+00 -0.000000e+00 -1.000000e+00
   outer loop
     vertex  1.605490e+02  3.442832e+01  1.130000e+01
     vertex  1.605653e+02  3.438461e+01  1.130000e+01
     vertex  1.571500e+02  3.100000e+01  1.130000e+01
   endloop
 endfacet
 facet normal -0.000000e+00  0.000000e+00 -1.000000e+00
   outer loop
     vertex  1.616114e+02  3.338758e+01  1.130000e+01
     vertex  1.571500e+02  3.100000e+01  1.130000e+01
     vertex  1.615673e+02  3.340297e+01  1.130000e+01
   endloop
 endfacet
 facet normal  0.000000e+00 -0.000000e+00 -1.000000e+00
   outer loop
     vertex  1.605339e+02  3.447245e+01  1.130000e+01
     vertex  1.605490e+02  3.442832e+01  1.130000e+01
     vertex  1.571500e+02  3.100000e+01  1.130000e+01
   endloop
 endfacet
 facet normal -0.000000e+00  0.000000e+00 -1.000000e+00
   outer loop
     vertex  1.616558e+02  3.337341e+01  1.130000e+01
     vertex  1.571500e+02  3.100000e+01  1.130000e+01
     vertex  1.616114e+02  3.338758e+01  1.130000e+01
   endloop
 endfacet
 facet normal  0.000000e+00 -0.000000e+00 -1.000000e+00
   outer loop
     vertex  1.605201e+02  3.451699e+01  1.130000e+01
     vertex  1.605339e+02  3.447245e+01  1.130000e+01
     vertex  1.571500e+02  3.100000e+01  1.130000e+01
   endloop
 endfacet
 facet normal -0.000000e+00  0.000000e+00 -1.000000e+00
   outer loop
     vertex  1.617006e+02  3.336047e+01  1.130000e+01
     vertex  1.571500e+02  3.100000e+01  1.130000e+01
     vertex  1.616558e+02  3.337341e+01  1.130000e+01
   endloop
 endfacet
 facet normal  0.000000e+00 -0.000000e+00 -1.000000e+00
   outer loop
     vertex  1.605074e+02  3.456189e+01  1.130000e+01
     vertex  1.605201e+02  3.451699e+01  1.130000e+01
     vertex  1.571500e+02  3.100000e+01  1.130000e+01
   endloop
 endfacet
 facet normal -0.000000e+00  0.000000e+00 -1.000000e+00
   outer loop
     vertex  1.617458e+02  3.334876e+01  1.130000e+01
     vertex  1.571500e+02  3.100000e+01  1.130000e+01
     vertex  1.617006e+02  3.336047e+01  1.130000e+01
   endloop
 endfacet
 facet normal  0.000000e+00 -0.000000e+00 -1.000000e+00
   outer loop
     vertex  1.604960e+02  3.460711e+01  1.130000e+01
     vertex  1.605074e+02  3.456189e+01  1.130000e+01
     vertex  1.571500e+02  3.100000e+01  1.130000e+01
   endloop
 endfacet
 facet normal -0.000000e+00  0.000000e+00 -1.000000e+00
   outer loop
     vertex  1.617912e+02  3.333829e+01  1.130000e+01
     vertex  1.571500e+02  3.100000e+01  1.130000e+01
     vertex  1.617458e+02  3.334876e+01  1.130000e+01
   endloop
 endfacet
 facet normal  0.000000e+00 -0.000000e+00 -1.000000e+00
   outer loop
     vertex  1.604859e+02  3.465264e+01  1.130000e+01
     vertex  1.604960e+02  3.460711e+01  1.130000e+01
     vertex  1.571500e+02  3.100000e+01  1.130000e+01
   endloop
 endfacet
 facet normal -0.000000e+00  0.000000e+00 -1.000000e+00
   outer loop
     vertex  1.618370e+02  3.332907e+01  1.130000e+01
     vertex  1.571500e+02  3.100000e+01  1.130000e+01
     vertex  1.617912e+02  3.333829e+01  1.130000e+01
   endloop
 endfacet
 facet normal  0.000000e+00 -0.000000e+00 -1.000000e+00
   outer loop
     vertex  1.604770e+02  3.469842e+01  1.130000e+01
     vertex  1.604859e+02  3.465264e+01  1.130000e+01
     vertex  1.571500e+02  3.100000e+01  1.130000e+01
   endloop
 endfacet
 facet normal -0.000000e+00  0.000000e+00 -1.000000e+00
   outer loop
     vertex  1.618829e+02  3.332111e+01  1.130000e+01
     vertex  1.571500e+02  3.100000e+01  1.130000e+01
     vertex  1.618370e+02  3.332907e+01  1.130000e+01
   endloop
 endfacet
 facet normal  0.000000e+00 -0.000000e+00 -1.000000e+00
   outer loop
     vertex  1.604693e+02  3.474443e+01  1.130000e+01
     vertex  1.604770e+02  3.469842e+01  1.130000e+01
     vertex  1.571500e+02  3.100000e+01  1.130000e+01
   endloop
 endfacet
 facet normal -0.000000e+00  0.000000e+00 -1.000000e+00
   outer loop
     vertex  1.619291e+02  3.331442e+01  1.130000e+01
     vertex  1.571500e+02  3.100000e+01  1.130000e+01
     vertex  1.618829e+02  3.332111e+01  1.130000e+01
   endloop
 endfacet
 facet normal  0.000000e+00 -0.000000e+00 -1.000000e+00
   outer loop
     vertex  1.604629e+02  3.479064e+01  1.130000e+01
     vertex  1.604693e+02  3.474443e+01  1.130000e+01
     vertex  1.571500e+02  3.100000e+01  1.130000e+01
   endloop
 endfacet
 facet normal -0.000000e+00  0.000000e+00 -1.000000e+00
   outer loop
     vertex  1.619754e+02  3.330899e+01  1.130000e+01
     vertex  1.571500e+02  3.100000e+01  1.130000e+01
     vertex  1.619291e+02  3.331442e+01  1.130000e+01
   endloop
 endfacet
 facet normal  0.000000e+00 -0.000000e+00 -1.000000e+00
   outer loop
     vertex  1.604578e+02  3.483700e+01  1.130000e+01
     vertex  1.604629e+02  3.479064e+01  1.130000e+01
     vertex  1.571500e+02  3.100000e+01  1.130000e+01
   endloop
 endfacet
 facet normal -0.000000e+00  0.000000e+00 -1.000000e+00
   outer loop
     vertex  1.620219e+02  3.330484e+01  1.130000e+01
     vertex  1.571500e+02  3.100000e+01  1.130000e+01
     vertex  1.619754e+02  3.330899e+01  1.130000e+01
   endloop
 endfacet
 facet normal  0.000000e+00 -0.000000e+00 -1.000000e+00
   outer loop
     vertex  1.604540e+02  3.488348e+01  1.130000e+01
     vertex  1.604578e+02  3.483700e+01  1.130000e+01
     vertex  1.571500e+02  3.100000e+01  1.130000e+01
   endloop
 endfacet
 facet normal -0.000000e+00  0.000000e+00 -1.000000e+00
   outer loop
     vertex  1.620684e+02  3.330196e+01  1.130000e+01
     vertex  1.571500e+02  3.100000e+01  1.130000e+01
     vertex  1.620219e+02  3.330484e+01  1.130000e+01
   endloop
 endfacet
 facet normal  0.000000e+00 -0.000000e+00 -1.000000e+00
   outer loop
     vertex  1.604514e+02  3.493005e+01  1.130000e+01
     vertex  1.604540e+02  3.488348e+01  1.130000e+01
     vertex  1.571500e+02  3.100000e+01  1.130000e+01
   endloop
 endfacet
 facet normal -0.000000e+00  0.000000e+00 -1.000000e+00
   outer loop
     vertex  1.621150e+02  3.330036e+01  1.130000e+01
     vertex  1.571500e+02  3.100000e+01  1.130000e+01
     vertex  1.620684e+02  3.330196e+01  1.130000e+01
   endloop
 endfacet
 facet normal  0.000000e+00 -0.000000e+00 -1.000000e+00
   outer loop
     vertex  1.604502e+02  3.497668e+01  1.130000e+01
     vertex  1.604514e+02  3.493005e+01  1.130000e+01
     vertex  1.571500e+02  3.100000e+01  1.130000e+01
   endloop
 endfacet
 facet normal -0.000000e+00  0.000000e+00 -1.000000e+00
   outer loop
     vertex  1.621617e+02  3.330004e+01  1.130000e+01
     vertex  1.571500e+02  3.100000e+01  1.130000e+01
     vertex  1.621150e+02  3.330036e+01  1.130000e+01
   endloop
 endfacet
 facet normal  0.000000e+00 -0.000000e+00 -1.000000e+00
   outer loop
     vertex  1.604502e+02  3.502332e+01  1.130000e+01
     vertex  1.604502e+02  3.497668e+01  1.130000e+01
     vertex  1.571500e+02  3.100000e+01  1.130000e+01
   endloop
 endfacet
 facet normal  0.000000e+00  0.000000e+00 -1.000000e+00
   outer loop
     vertex  1.604514e+02  3.506995e+01  1.130000e+01
     vertex  1.604502e+02  3.502332e+01  1.130000e+01
     vertex  1.571500e+02  3.100000e+01  1.130000e+01
   endloop
 endfacet
 facet normal  0.000000e+00  0.000000e+00 -1.000000e+00
   outer loop
     vertex  1.604540e+02  3.511652e+01  1.130000e+01
     vertex  1.604514e+02  3.506995e+01  1.130000e+01
     vertex  1.571500e+02  3.100000e+01  1.130000e+01
   endloop
 endfacet
 facet normal  0.000000e+00  0.000000e+00 -1.000000e+00
   outer loop
     vertex  1.604578e+02  3.516300e+01  1.130000e+01
     vertex  1.604540e+02  3.511652e+01  1.130000e+01
     vertex  1.571500e+02  3.100000e+01  1.130000e+01
   endloop
 endfacet
 facet normal  0.000000e+00  0.000000e+00 -1.000000e+00
   outer loop
     vertex  1.604629e+02  3.520936e+01  1.130000e+01
     vertex  1.604578e+02  3.516300e+01  1.130000e+01
     vertex  1.571500e+02  3.100000e+01  1.130000e+01
   endloop
 endfacet
 facet normal  0.000000e+00  0.000000e+00 -1.000000e+00
   outer loop
     vertex  1.604693e+02  3.525557e+01  1.130000e+01
     vertex  1.604629e+02  3.520936e+01  1.130000e+01
     vertex  1.571500e+02  3.100000e+01  1.130000e+01
   endloop
 endfacet
 facet normal  0.000000e+00  0.000000e+00 -1.000000e+00
   outer loop
     vertex  1.604770e+02  3.530158e+01  1.130000e+01
     vertex  1.604693e+02  3.525557e+01  1.130000e+01
     vertex  1.571500e+02  3.100000e+01  1.130000e+01
   endloop
 endfacet
 facet normal  0.000000e+00  0.000000e+00 -1.000000e+00
   outer loop
     vertex  1.604859e+02  3.534736e+01  1.130000e+01
     vertex  1.604770e+02  3.530158e+01  1.130000e+01
     vertex  1.571500e+02  3.100000e+01  1.130000e+01
   endloop
 endfacet
 facet normal  0.000000e+00  0.000000e+00 -1.000000e+00
   outer loop
     vertex  1.604960e+02  3.539289e+01  1.130000e+01
     vertex  1.604859e+02  3.534736e+01  1.130000e+01
     vertex  1.571500e+02  3.100000e+01  1.130000e+01
   endloop
 endfacet
 facet normal  0.000000e+00  0.000000e+00 -1.000000e+00
   outer loop
     vertex  1.605074e+02  3.543811e+01  1.130000e+01
     vertex  1.604960e+02  3.539289e+01  1.130000e+01
     vertex  1.571500e+02  3.100000e+01  1.130000e+01
   endloop
 endfacet
 facet normal  0.000000e+00  0.000000e+00 -1.000000e+00
   outer loop
     vertex  1.605201e+02  3.548301e+01  1.130000e+01
     vertex  1.605074e+02  3.543811e+01  1.130000e+01
     vertex  1.571500e+02  3.100000e+01  1.130000e+01
   endloop
 endfacet
 facet normal  0.000000e+00  0.000000e+00 -1.000000e+00
   outer loop
     vertex  1.605339e+02  3.552755e+01  1.130000e+01
     vertex  1.605201e+02  3.548301e+01  1.130000e+01
     vertex  1.571500e+02  3.100000e+01  1.130000e+01
   endloop
 endfacet
 facet normal  0.000000e+00  0.000000e+00 -1.000000e+00
   outer loop
     vertex  1.605490e+02  3.557168e+01  1.130000e+01
     vertex  1.605339e+02  3.552755e+01  1.130000e+01
     vertex  1.571500e+02  3.100000e+01  1.130000e+01
   endloop
 endfacet
 facet normal  0.000000e+00  0.000000e+00 -1.000000e+00
   outer loop
     vertex  1.605653e+02  3.561539e+01  1.130000e+01
     vertex  1.605490e+02  3.557168e+01  1.130000e+01
     vertex  1.571500e+02  3.100000e+01  1.130000e+01
   endloop
 endfacet
 facet normal  0.000000e+00  0.000000e+00 -1.000000e+00
   outer loop
     vertex  1.605828e+02  3.565863e+01  1.130000e+01
     vertex  1.605653e+02  3.561539e+01  1.130000e+01
     vertex  1.571500e+02  3.100000e+01  1.130000e+01
   endloop
 endfacet
 facet normal  0.000000e+00  0.000000e+00 -1.000000e+00
   outer loop
     vertex  1.606014e+02  3.570138e+01  1.130000e+01
     vertex  1.605828e+02  3.565863e+01  1.130000e+01
     vertex  1.571500e+02  3.100000e+01  1.130000e+01
   endloop
 endfacet
 facet normal  0.000000e+00  0.000000e+00 -1.000000e+00
   outer loop
     vertex  1.606213e+02  3.574360e+01  1.130000e+01
     vertex  1.606014e+02  3.570138e+01  1.130000e+01
     vertex  1.571500e+02  3.100000e+01  1.130000e+01
   endloop
 endfacet
 facet normal  0.000000e+00  0.000000e+00 -1.000000e+00
   outer loop
     vertex  1.606422e+02  3.578526e+01  1.130000e+01
     vertex  1.606213e+02  3.574360e+01  1.130000e+01
     vertex  1.571500e+02  3.100000e+01  1.130000e+01
   endloop
 endfacet
 facet normal  0.000000e+00  0.000000e+00 -1.000000e+00
   outer loop
     vertex  1.606643e+02  3.582633e+01  1.130000e+01
     vertex  1.606422e+02  3.578526e+01  1.130000e+01
     vertex  1.571500e+02  3.100000e+01  1.130000e+01
   endloop
 endfacet
 facet normal  0.000000e+00  0.000000e+00 -1.000000e+00
   outer loop
     vertex  1.606876e+02  3.586678e+01  1.130000e+01
     vertex  1.606643e+02  3.582633e+01  1.130000e+01
     vertex  1.571500e+02  3.100000e+01  1.130000e+01
   endloop
 endfacet
 facet normal  0.000000e+00  0.000000e+00 -1.000000e+00
   outer loop
     vertex  1.671500e+02  3.100000e+01  1.130000e+01
     vertex  1.632358e+02  3.369191e+01  1.130000e+01
     vertex  1.632713e+02  3.372219e+01  1.130000e+01
   endloop
 endfacet
 facet normal  0.000000e+00  0.000000e+00 -1.000000e+00
   outer loop
     vertex  1.671500e+02  3.100000e+01  1.130000e+01
     vertex  1.632713e+02  3.372219e+01  1.130000e+01
     vertex  1.633059e+02  3.375343e+01  1.130000e+01
   endloop
 endfacet
 facet normal  0.000000e+00  0.000000e+00 -1.000000e+00
   outer loop
     vertex  1.671500e+02  3.100000e+01  1.130000e+01
     vertex  1.633059e+02  3.375343e+01  1.130000e+01
     vertex  1.633396e+02  3.378561e+01  1.130000e+01
   endloop
 endfacet
 facet normal  0.000000e+00  0.000000e+00 -1.000000e+00
   outer loop
     vertex  1.671500e+02  3.100000e+01  1.130000e+01
     vertex  1.633396e+02  3.378561e+01  1.130000e+01
     vertex  1.633725e+02  3.381871e+01  1.130000e+01
   endloop
 endfacet
 facet normal  0.000000e+00  0.000000e+00 -1.000000e+00
   outer loop
     vertex  1.671500e+02  3.100000e+01  1.130000e+01
     vertex  1.633725e+02  3.381871e+01  1.130000e+01
     vertex  1.634045e+02  3.385269e+01  1.130000e+01
   endloop
 endfacet
 facet normal  0.000000e+00  0.000000e+00 -1.000000e+00
   outer loop
     vertex  1.671500e+02  3.100000e+01  1.130000e+01
     vertex  1.634045e+02  3.385269e+01  1.130000e+01
     vertex  1.634355e+02  3.388754e+01  1.130000e+01
   endloop
 endfacet
 facet normal  0.000000e+00  0.000000e+00 -1.000000e+00
   outer loop
     vertex  1.671500e+02  3.100000e+01  1.130000e+01
     vertex  1.634355e+02  3.388754e+01  1.130000e+01
     vertex  1.634655e+02  3.392322e+01  1.130000e+01
   endloop
 endfacet
 facet normal  0.000000e+00  0.000000e+00 -1.000000e+00
   outer loop
     vertex  1.671500e+02  3.100000e+01  1.130000e+01
     vertex  1.634655e+02  3.392322e+01  1.130000e+01
     vertex  1.634945e+02  3.395972e+01  1.130000e+01
   endloop
 endfacet
 facet normal  0.000000e+00  0.000000e+00 -1.000000e+00
   outer loop
     vertex  1.671500e+02  3.100000e+01  1.130000e+01
     vertex  1.634945e+02  3.395972e+01  1.130000e+01
     vertex  1.635226e+02  3.399700e+01  1.130000e+01
   endloop
 endfacet
 facet normal  0.000000e+00  0.000000e+00 -1.000000e+00
   outer loop
     vertex  1.671500e+02  3.100000e+01  1.130000e+01
     vertex  1.635226e+02  3.399700e+01  1.130000e+01
     vertex  1.635496e+02  3.403503e+01  1.130000e+01
   endloop
 endfacet
 facet normal  0.000000e+00  0.000000e+00 -1.000000e+00
   outer loop
     vertex  1.671500e+02  3.100000e+01  1.130000e+01
     vertex  1.635496e+02  3.403503e+01  1.130000e+01
     vertex  1.635755e+02  3.407379e+01  1.130000e+01
   endloop
 endfacet
 facet normal  0.000000e+00  0.000000e+00 -1.000000e+00
   outer loop
     vertex  1.671500e+02  3.100000e+01  1.130000e+01
     vertex  1.635755e+02  3.407379e+01  1.130000e+01
     vertex  1.636004e+02  3.411324e+01  1.130000e+01
   endloop
 endfacet
 facet normal  0.000000e+00  0.000000e+00 -1.000000e+00
   outer loop
     vertex  1.671500e+02  3.100000e+01  1.130000e+01
     vertex  1.636004e+02  3.411324e+01  1.130000e+01
     vertex  1.636242e+02  3.415337e+01  1.130000e+01
   endloop
 endfacet
 facet normal  0.000000e+00  0.000000e+00 -1.000000e+00
   outer loop
     vertex  1.671500e+02  3.100000e+01  1.130000e+01
     vertex  1.636242e+02  3.415337e+01  1.130000e+01
     vertex  1.636469e+02  3.419413e+01  1.130000e+01
   endloop
 endfacet
 facet normal  0.000000e+00  0.000000e+00 -1.000000e+00
   outer loop
     vertex  1.671500e+02  3.100000e+01  1.130000e+01
     vertex  1.636469e+02  3.419413e+01  1.130000e+01
     vertex  1.636684e+02  3.423550e+01  1.130000e+01
   endloop
 endfacet
 facet normal  0.000000e+00  0.000000e+00 -1.000000e+00
   outer loop
     vertex  1.671500e+02  3.100000e+01  1.130000e+01
     vertex  1.636684e+02  3.423550e+01  1.130000e+01
     vertex  1.636888e+02  3.427744e+01  1.130000e+01
   endloop
 endfacet
 facet normal  0.000000e+00  0.000000e+00 -1.000000e+00
   outer loop
     vertex  1.671500e+02  3.100000e+01  1.130000e+01
     vertex  1.636888e+02  3.427744e+01  1.130000e+01
     vertex  1.637080e+02  3.431993e+01  1.130000e+01
   endloop
 endfacet
 facet normal  0.000000e+00  0.000000e+00 -1.000000e+00
   outer loop
     vertex  1.671500e+02  3.100000e+01  1.130000e+01
     vertex  1.637080e+02  3.431993e+01  1.130000e+01
     vertex  1.637261e+02  3.436293e+01  1.130000e+01
   endloop
 endfacet
 facet normal  0.000000e+00  0.000000e+00 -1.000000e+00
   outer loop
     vertex  1.671500e+02  3.100000e+01  1.130000e+01
     vertex  1.637261e+02  3.436293e+01  1.130000e+01
     vertex  1.637430e+02  3.440641e+01  1.130000e+01
   endloop
 endfacet
 facet normal  0.000000e+00  0.000000e+00 -1.000000e+00
   outer loop
     vertex  1.671500e+02  3.100000e+01  1.130000e+01
     vertex  1.571500e+02  3.100000e+01  1.130000e+01
     vertex  1.621617e+02  3.330004e+01  1.130000e+01
   endloop
 endfacet
 facet normal  0.000000e+00  0.000000e+00 -1.000000e+00
   outer loop
     vertex  1.671500e+02  3.100000e+01  1.130000e+01
     vertex  1.621617e+02  3.330004e+01  1.130000e+01
     vertex  1.622083e+02  3.330100e+01  1.130000e+01
   endloop
 endfacet
 facet normal  0.000000e+00  0.000000e+00 -1.000000e+00
   outer loop
     vertex  1.671500e+02  3.100000e+01  1.130000e+01
     vertex  1.622083e+02  3.330100e+01  1.130000e+01
     vertex  1.622549e+02  3.330324e+01  1.130000e+01
   endloop
 endfacet
 facet normal  0.000000e+00  0.000000e+00 -1.000000e+00
   outer loop
     vertex  1.671500e+02  3.100000e+01  1.130000e+01
     vertex  1.622549e+02  3.330324e+01  1.130000e+01
     vertex  1.623014e+02  3.330675e+01  1.130000e+01
   endloop
 endfacet
 facet normal  0.000000e+00  0.000000e+00 -1.000000e+00
   outer loop
     vertex  1.671500e+02  3.100000e+01  1.130000e+01
     vertex  1.623014e+02  3.330675e+01  1.130000e+01
     vertex  1.623478e+02  3.331154e+01  1.130000e+01
   endloop
 endfacet
 facet normal  0.000000e+00  0.000000e+00 -1.000000e+00
   outer loop
     vertex  1.671500e+02  3.100000e+01  1.130000e+01
     vertex  1.623478e+02  3.331154e+01  1.130000e+01
     vertex  1.623940e+02  3.331761e+01  1.130000e+01
   endloop
 endfacet
 facet normal  0.000000e+00  0.000000e+00 -1.000000e+00
   outer loop
     vertex  1.671500e+02  3.100000e+01  1.130000e+01
     vertex  1.623940e+02  3.331761e+01  1.130000e+01
     vertex  1.624401e+02  3.332493e+01  1.130000e+01
   endloop
 endfacet
 facet normal  0.000000e+00  0.000000e+00 -1.000000e+00
   outer loop
     vertex  1.671500e+02  3.100000e+01  1.130000e+01
     vertex  1.624401e+02  3.332493e+01  1.130000e+01
     vertex  1.624859e+02  3.333352e+01  1.130000e+01
   endloop
 endfacet
 facet normal  0.000000e+00  0.000000e+00 -1.000000e+00
   outer loop
     vertex  1.671500e+02  3.100000e+01  1.130000e+01
     vertex  1.624859e+02  3.333352e+01  1.130000e+01
     vertex  1.625315e+02  3.334337e+01  1.130000e+01
   endloop
 endfacet
 facet normal  0.000000e+00  0.000000e+00 -1.000000e+00
   outer loop
     vertex  1.671500e+02  3.100000e+01  1.130000e+01
     vertex  1.625315e+02  3.334337e+01  1.130000e+01
     vertex  1.625768e+02  3.335446e+01  1.130000e+01
   endloop
 endfacet
 facet normal  0.000000e+00  0.000000e+00 -1.000000e+00
   outer loop
     vertex  1.671500e+02  3.100000e+01  1.130000e+01
     vertex  1.625768e+02  3.335446e+01  1.130000e+01
     vertex  1.626218e+02  3.336679e+01  1.130000e+01
   endloop
 endfacet
 facet normal  0.000000e+00  0.000000e+00 -1.000000e+00
   outer loop
     vertex  1.671500e+02  3.100000e+01  1.130000e+01
     vertex  1.626218e+02  3.336679e+01  1.130000e+01
     vertex  1.626664e+02  3.338035e+01  1.130000e+01
   endloop
 endfacet
 facet normal  0.000000e+00  0.000000e+00 -1.000000e+00
   outer loop
     vertex  1.671500e+02  3.100000e+01  1.130000e+01
     vertex  1.626664e+02  3.338035e+01  1.130000e+01
     vertex  1.627107e+02  3.339512e+01  1.130000e+01
   endloop
 endfacet
 facet normal  0.000000e+00  0.000000e+00 -1.000000e+00
   outer loop
     vertex  1.671500e+02  3.100000e+01  1.130000e+01
     vertex  1.627107e+02  3.339512e+01  1.130000e+01
     vertex  1.627545e+02  3.341111e+01  1.130000e+01
   endloop
 endfacet
 facet normal  0.000000e+00  0.000000e+00 -1.000000e+00
   outer loop
     vertex  1.671500e+02  3.100000e+01  1.130000e+01
     vertex  1.627545e+02  3.341111e+01  1.130000e+01
     vertex  1.627979e+02  3.342829e+01  1.130000e+01
   endloop
 endfacet
 facet normal  0.000000e+00  0.000000e+00 -1.000000e+00
   outer loop
     vertex  1.671500e+02  3.100000e+01  1.130000e+01
     vertex  1.627979e+02  3.342829e+01  1.130000e+01
     vertex  1.628407e+02  3.344666e+01  1.130000e+01
   endloop
 endfacet
 facet normal  0.000000e+00  0.000000e+00 -1.000000e+00
   outer loop
     vertex  1.671500e+02  3.100000e+01  1.130000e+01
     vertex  1.628407e+02  3.344666e+01  1.130000e+01
     vertex  1.628831e+02  3.346619e+01  1.130000e+01
   endloop
 endfacet
 facet normal  0.000000e+00  0.000000e+00 -1.000000e+00
   outer loop
     vertex  1.671500e+02  3.100000e+01  1.130000e+01
     vertex  1.628831e+02  3.346619e+01  1.130000e+01
     vertex  1.629249e+02  3.348688e+01  1.130000e+01
   endloop
 endfacet
 facet normal  0.000000e+00  0.000000e+00 -1.000000e+00
   outer loop
     vertex  1.671500e+02  3.100000e+01  1.130000e+01
     vertex  1.629249e+02  3.348688e+01  1.130000e+01
     vertex  1.629661e+02  3.350871e+01  1.130000e+01
   endloop
 endfacet
 facet normal  0.000000e+00  0.000000e+00 -1.000000e+00
   outer loop
     vertex  1.671500e+02  3.100000e+01  1.130000e+01
     vertex  1.629661e+02  3.350871e+01  1.130000e+01
     vertex  1.630067e+02  3.353166e+01  1.130000e+01
   endloop
 endfacet
 facet normal  0.000000e+00  0.000000e+00 -1.000000e+00
   outer loop
     vertex  1.671500e+02  3.100000e+01  1.130000e+01
     vertex  1.630067e+02  3.353166e+01  1.130000e+01
     vertex  1.630467e+02  3.355572e+01  1.130000e+01
   endloop
 endfacet
 facet normal  0.000000e+00  0.000000e+00 -1.000000e+00
   outer loop
     vertex  1.671500e+02  3.100000e+01  1.130000e+01
     vertex  1.630467e+02  3.355572e+01  1.130000e+01
     vertex  1.630860e+02  3.358086e+01  1.130000e+01
   endloop
 endfacet
 facet normal  0.000000e+00  0.000000e+00 -1.000000e+00
   outer loop
     vertex  1.671500e+02  3.100000e+01  1.130000e+01
     vertex  1.630860e+02  3.358086e+01  1.130000e+01
     vertex  1.631245e+02  3.360707e+01  1.130000e+01
   endloop
 endfacet
 facet normal  0.000000e+00  0.000000e+00 -1.000000e+00
   outer loop
     vertex  1.671500e+02  3.100000e+01  1.130000e+01
     vertex  1.631245e+02  3.360707e+01  1.130000e+01
     vertex  1.631624e+02  3.363433e+01  1.130000e+01
   endloop
 endfacet
 facet normal  0.000000e+00  0.000000e+00 -1.000000e+00
   outer loop
     vertex  1.671500e+02  3.100000e+01  1.130000e+01
     vertex  1.631624e+02  3.363433e+01  1.130000e+01
     vertex  1.631995e+02  3.366262e+01  1.130000e+01
   endloop
 endfacet
 facet normal  0.000000e+00  0.000000e+00 -1.000000e+00
   outer loop
     vertex  1.671500e+02  3.100000e+01  1.130000e+01
     vertex  1.631995e+02  3.366262e+01  1.130000e+01
     vertex  1.632358e+02  3.369191e+01  1.130000e+01
   endloop
 endfacet
 facet normal  0.000000e+00 -0.000000e+00 -1.000000e+00
   outer loop
     vertex  1.637587e+02  3.445033e+01  1.130000e+01
     vertex  1.671500e+02  3.100000e+01  1.130000e+01
     vertex  1.637430e+02  3.440641e+01  1.130000e+01
   endloop
 endfacet
 facet normal  0.000000e+00 -0.000000e+00 -1.000000e+00
   outer loop
     vertex  1.637732e+02  3.449467e+01  1.130000e+01
     vertex  1.671500e+02  3.100000e+01  1.130000e+01
     vertex  1.637587e+02  3.445033e+01  1.130000e+01
   endloop
 endfacet
 facet normal  0.000000e+00 -0.000000e+00 -1.000000e+00
   outer loop
     vertex  1.637864e+02  3.453939e+01  1.130000e+01
     vertex  1.671500e+02  3.100000e+01  1.130000e+01
     vertex  1.637732e+02  3.449467e+01  1.130000e+01
   endloop
 endfacet
 facet normal  0.000000e+00 -0.000000e+00 -1.000000e+00
   outer loop
     vertex  1.637984e+02  3.458446e+01  1.130000e+01
     vertex  1.671500e+02  3.100000e+01  1.130000e+01
     vertex  1.637864e+02  3.453939e+01  1.130000e+01
   endloop
 endfacet
 facet normal  0.000000e+00 -0.000000e+00 -1.000000e+00
   outer loop
     vertex  1.638092e+02  3.462984e+01  1.130000e+01
     vertex  1.671500e+02  3.100000e+01  1.130000e+01
     vertex  1.637984e+02  3.458446e+01  1.130000e+01
   endloop
 endfacet
 facet normal  0.000000e+00 -0.000000e+00 -1.000000e+00
   outer loop
     vertex  1.638187e+02  3.467550e+01  1.130000e+01
     vertex  1.671500e+02  3.100000e+01  1.130000e+01
     vertex  1.638092e+02  3.462984e+01  1.130000e+01
   endloop
 endfacet
 facet normal  0.000000e+00 -0.000000e+00 -1.000000e+00
   outer loop
     vertex  1.638270e+02  3.472140e+01  1.130000e+01
     vertex  1.671500e+02  3.100000e+01  1.130000e+01
     vertex  1.638187e+02  3.467550e+01  1.130000e+01
   endloop
 endfacet
 facet normal  0.000000e+00 -0.000000e+00 -1.000000e+00
   outer loop
     vertex  1.638340e+02  3.476751e+01  1.130000e+01
     vertex  1.671500e+02  3.100000e+01  1.130000e+01
     vertex  1.638270e+02  3.472140e+01  1.130000e+01
   endloop
 endfacet
 facet normal  0.000000e+00 -0.000000e+00 -1.000000e+00
   outer loop
     vertex  1.638398e+02  3.481380e+01  1.130000e+01
     vertex  1.671500e+02  3.100000e+01  1.130000e+01
     vertex  1.638340e+02  3.476751e+01  1.130000e+01
   endloop
 endfacet
 facet normal  0.000000e+00 -0.000000e+00 -1.000000e+00
   outer loop
     vertex  1.638442e+02  3.486023e+01  1.130000e+01
     vertex  1.671500e+02  3.100000e+01  1.130000e+01
     vertex  1.638398e+02  3.481380e+01  1.130000e+01
   endloop
 endfacet
 facet normal  0.000000e+00 -0.000000e+00 -1.000000e+00
   outer loop
     vertex  1.638474e+02  3.490676e+01  1.130000e+01
     vertex  1.671500e+02  3.100000e+01  1.130000e+01
     vertex  1.638442e+02  3.486023e+01  1.130000e+01
   endloop
 endfacet
 facet normal  0.000000e+00 -0.000000e+00 -1.000000e+00
   outer loop
     vertex  1.638494e+02  3.495336e+01  1.130000e+01
     vertex  1.671500e+02  3.100000e+01  1.130000e+01
     vertex  1.638474e+02  3.490676e+01  1.130000e+01
   endloop
 endfacet
 facet normal  0.000000e+00 -0.000000e+00 -1.000000e+00
   outer loop
     vertex  1.638500e+02  3.500000e+01  1.130000e+01
     vertex  1.671500e+02  3.100000e+01  1.130000e+01
     vertex  1.638494e+02  3.495336e+01  1.130000e+01
   endloop
 endfacet
 facet normal  0.000000e+00  0.000000e+00 -1.000000e+00
   outer loop
     vertex  1.638494e+02  3.504664e+01  1.130000e+01
     vertex  1.671500e+02  3.100000e+01  1.130000e+01
     vertex  1.638500e+02  3.500000e+01  1.130000e+01
   endloop
 endfacet
 facet normal  0.000000e+00  0.000000e+00 -1.000000e+00
   outer loop
     vertex  1.638474e+02  3.509324e+01  1.130000e+01
     vertex  1.671500e+02  3.100000e+01  1.130000e+01
     vertex  1.638494e+02  3.504664e+01  1.130000e+01
   endloop
 endfacet
 facet normal  0.000000e+00  0.000000e+00 -1.000000e+00
   outer loop
     vertex  1.638442e+02  3.513977e+01  1.130000e+01
     vertex  1.671500e+02  3.100000e+01  1.130000e+01
     vertex  1.638474e+02  3.509324e+01  1.130000e+01
   endloop
 endfacet
 facet normal  0.000000e+00  0.000000e+00 -1.000000e+00
   outer loop
     vertex  1.638398e+02  3.518620e+01  1.130000e+01
     vertex  1.671500e+02  3.100000e+01  1.130000e+01
     vertex  1.638442e+02  3.513977e+01  1.130000e+01
   endloop
 endfacet
 facet normal  0.000000e+00  0.000000e+00 -1.000000e+00
   outer loop
     vertex  1.638340e+02  3.523249e+01  1.130000e+01
     vertex  1.671500e+02  3.100000e+01  1.130000e+01
     vertex  1.638398e+02  3.518620e+01  1.130000e+01
   endloop
 endfacet
 facet normal  0.000000e+00  0.000000e+00 -1.000000e+00
   outer loop
     vertex  1.638270e+02  3.527860e+01  1.130000e+01
     vertex  1.671500e+02  3.100000e+01  1.130000e+01
     vertex  1.638340e+02  3.523249e+01  1.130000e+01
   endloop
 endfacet
 facet normal  0.000000e+00  0.000000e+00 -1.000000e+00
   outer loop
     vertex  1.638187e+02  3.532450e+01  1.130000e+01
     vertex  1.671500e+02  3.100000e+01  1.130000e+01
     vertex  1.638270e+02  3.527860e+01  1.130000e+01
   endloop
 endfacet
 facet normal  0.000000e+00  0.000000e+00 -1.000000e+00
   outer loop
     vertex  1.638092e+02  3.537016e+01  1.130000e+01
     vertex  1.671500e+02  3.100000e+01  1.130000e+01
     vertex  1.638187e+02  3.532450e+01  1.130000e+01
   endloop
 endfacet
 facet normal  0.000000e+00  0.000000e+00 -1.000000e+00
   outer loop
     vertex  1.637984e+02  3.541554e+01  1.130000e+01
     vertex  1.671500e+02  3.100000e+01  1.130000e+01
     vertex  1.638092e+02  3.537016e+01  1.130000e+01
   endloop
 endfacet
 facet normal  0.000000e+00  0.000000e+00 -1.000000e+00
   outer loop
     vertex  1.637864e+02  3.546061e+01  1.130000e+01
     vertex  1.671500e+02  3.100000e+01  1.130000e+01
     vertex  1.637984e+02  3.541554e+01  1.130000e+01
   endloop
 endfacet
 facet normal  0.000000e+00  0.000000e+00 -1.000000e+00
   outer loop
     vertex  1.637732e+02  3.550533e+01  1.130000e+01
     vertex  1.671500e+02  3.100000e+01  1.130000e+01
     vertex  1.637864e+02  3.546061e+01  1.130000e+01
   endloop
 endfacet
 facet normal  0.000000e+00  0.000000e+00 -1.000000e+00
   outer loop
     vertex  1.637587e+02  3.554967e+01  1.130000e+01
     vertex  1.671500e+02  3.100000e+01  1.130000e+01
     vertex  1.637732e+02  3.550533e+01  1.130000e+01
   endloop
 endfacet
 facet normal  0.000000e+00  0.000000e+00 -1.000000e+00
   outer loop
     vertex  1.637430e+02  3.559359e+01  1.130000e+01
     vertex  1.671500e+02  3.100000e+01  1.130000e+01
     vertex  1.637587e+02  3.554967e+01  1.130000e+01
   endloop
 endfacet
 facet normal  0.000000e+00  0.000000e+00 -1.000000e+00
   outer loop
     vertex  1.637261e+02  3.563707e+01  1.130000e+01
     vertex  1.671500e+02  3.100000e+01  1.130000e+01
     vertex  1.637430e+02  3.559359e+01  1.130000e+01
   endloop
 endfacet
 facet normal  0.000000e+00  0.000000e+00 -1.000000e+00
   outer loop
     vertex  1.637080e+02  3.568007e+01  1.130000e+01
     vertex  1.671500e+02  3.100000e+01  1.130000e+01
     vertex  1.637261e+02  3.563707e+01  1.130000e+01
   endloop
 endfacet
 facet normal  0.000000e+00  0.000000e+00 -1.000000e+00
   outer loop
     vertex  1.636888e+02  3.572256e+01  1.130000e+01
     vertex  1.671500e+02  3.100000e+01  1.130000e+01
     vertex  1.637080e+02  3.568007e+01  1.130000e+01
   endloop
 endfacet
 facet normal  0.000000e+00  0.000000e+00 -1.000000e+00
   outer loop
     vertex  1.636684e+02  3.576450e+01  1.130000e+01
     vertex  1.671500e+02  3.100000e+01  1.130000e+01
     vertex  1.636888e+02  3.572256e+01  1.130000e+01
   endloop
 endfacet
 facet normal  0.000000e+00  0.000000e+00 -1.000000e+00
   outer loop
     vertex  1.636469e+02  3.580587e+01  1.130000e+01
     vertex  1.671500e+02  3.100000e+01  1.130000e+01
     vertex  1.636684e+02  3.576450e+01  1.130000e+01
   endloop
 endfacet
 facet normal  0.000000e+00  0.000000e+00 -1.000000e+00
   outer loop
     vertex  1.636242e+02  3.584663e+01  1.130000e+01
     vertex  1.671500e+02  3.100000e+01  1.130000e+01
     vertex  1.636469e+02  3.580587e+01  1.130000e+01
   endloop
 endfacet
 facet normal  0.000000e+00  0.000000e+00 -1.000000e+00
   outer loop
     vertex  1.636004e+02  3.588676e+01  1.130000e+01
     vertex  1.671500e+02  3.100000e+01  1.130000e+01
     vertex  1.636242e+02  3.584663e+01  1.130000e+01
   endloop
 endfacet
 facet normal -0.000000e+00  0.000000e+00 -1.000000e+00
   outer loop
     vertex  1.609771e+02  7.322941e+01  1.130000e+01
     vertex  1.609438e+02  3.619795e+01  1.130000e+01
     vertex  1.609438e+02  7.326205e+01  1.130000e+01
   endloop
 endfacet
 facet normal  0.000000e+00  0.000000e+00 -1.000000e+00
   outer loop
     vertex  1.609771e+02  7.322941e+01  1.130000e+01
     vertex  1.609771e+02  3.623059e+01  1.130000e+01
     vertex  1.609438e+02  3.619795e+01  1.130000e+01
   endloop
 endfacet
 facet normal  0.000000e+00  0.000000e+00 -1.000000e+00
   outer loop
     vertex  1.609114e+02  7.329559e+01  1.130000e+01
     vertex  1.609438e+02  7.326205e+01  1.130000e+01
     vertex  1.609438e+02  3.619795e+01  1.130000e+01
   endloop
 endfacet
 facet normal  0.000000e+00  0.000000e+00 -1.000000e+00
   outer loop
     vertex  1.609114e+02  7.329559e+01  1.130000e+01
     vertex  1.609438e+02  3.619795e+01  1.130000e+01
     vertex  1.609114e+02  3.616441e+01  1.130000e+01
   endloop
 endfacet
 facet normal -0.000000e+00  0.000000e+00 -1.000000e+00
   outer loop
     vertex  1.610113e+02  7.319769e+01  1.130000e+01
     vertex  1.609771e+02  3.623059e+01  1.130000e+01
     vertex  1.609771e+02  7.322941e+01  1.130000e+01
   endloop
 endfacet
 facet normal  0.000000e+00 -0.000000e+00 -1.000000e+00
   outer loop
     vertex  1.610113e+02  7.319769e+01  1.130000e+01
     vertex  1.610113e+02  3.626231e+01  1.130000e+01
     vertex  1.609771e+02  3.623059e+01  1.130000e+01
   endloop
 endfacet
 facet normal  0.000000e+00  0.000000e+00 -1.000000e+00
   outer loop
     vertex  1.608799e+02  7.333001e+01  1.130000e+01
     vertex  1.609114e+02  7.329559e+01  1.130000e+01
     vertex  1.609114e+02  3.616441e+01  1.130000e+01
   endloop
 endfacet
 facet normal  0.000000e+00  0.000000e+00 -1.000000e+00
   outer loop
     vertex  1.608799e+02  7.333001e+01  1.130000e+01
     vertex  1.609114e+02  3.616441e+01  1.130000e+01
     vertex  1.608799e+02  3.612999e+01  1.130000e+01
   endloop
 endfacet
 facet normal -0.000000e+00  0.000000e+00 -1.000000e+00
   outer loop
     vertex  1.610464e+02  7.316693e+01  1.130000e+01
     vertex  1.610113e+02  3.626231e+01  1.130000e+01
     vertex  1.610113e+02  7.319769e+01  1.130000e+01
   endloop
 endfacet
 facet normal  0.000000e+00  0.000000e+00 -1.000000e+00
   outer loop
     vertex  1.610464e+02  7.316693e+01  1.130000e+01
     vertex  1.610464e+02  3.629307e+01  1.130000e+01
     vertex  1.610113e+02  3.626231e+01  1.130000e+01
   endloop
 endfacet
 facet normal  0.000000e+00  0.000000e+00 -1.000000e+00
   outer loop
     vertex  1.608494e+02  7.336528e+01  1.130000e+01
     vertex  1.608799e+02  7.333001e+01  1.130000e+01
     vertex  1.608799e+02  3.612999e+01  1.130000e+01
   endloop
 endfacet
 facet normal  0.000000e+00  0.000000e+00 -1.000000e+00
   outer loop
     vertex  1.608494e+02  7.336528e+01  1.130000e+01
     vertex  1.608799e+02  3.612999e+01  1.130000e+01
     vertex  1.608494e+02  3.609472e+01  1.130000e+01
   endloop
 endfacet
 facet normal -0.000000e+00  0.000000e+00 -1.000000e+00
   outer loop
     vertex  1.610823e+02  7.313714e+01  1.130000e+01
     vertex  1.610464e+02  3.629307e+01  1.130000e+01
     vertex  1.610464e+02  7.316693e+01  1.130000e+01
   endloop
 endfacet
 facet normal  0.000000e+00 -0.000000e+00 -1.000000e+00
   outer loop
     vertex  1.610823e+02  7.313714e+01  1.130000e+01
     vertex  1.610823e+02  3.632286e+01  1.130000e+01
     vertex  1.610464e+02  3.629307e+01  1.130000e+01
   endloop
 endfacet
 facet normal  0.000000e+00  0.000000e+00 -1.000000e+00
   outer loop
     vertex  1.608198e+02  7.340137e+01  1.130000e+01
     vertex  1.608494e+02  7.336528e+01  1.130000e+01
     vertex  1.608494e+02  3.609472e+01  1.130000e+01
   endloop
 endfacet
 facet normal  0.000000e+00  0.000000e+00 -1.000000e+00
   outer loop
     vertex  1.608198e+02  7.340137e+01  1.130000e+01
     vertex  1.608494e+02  3.609472e+01  1.130000e+01
     vertex  1.608198e+02  3.605863e+01  1.130000e+01
   endloop
 endfacet
 facet normal -0.000000e+00  0.000000e+00 -1.000000e+00
   outer loop
     vertex  1.611190e+02  7.310835e+01  1.130000e+01
     vertex  1.610823e+02  3.632286e+01  1.130000e+01
     vertex  1.610823e+02  7.313714e+01  1.130000e+01
   endloop
 endfacet
 facet normal  0.000000e+00  0.000000e+00 -1.000000e+00
   outer loop
     vertex  1.611190e+02  7.310835e+01  1.130000e+01
     vertex  1.611190e+02  3.635165e+01  1.130000e+01
     vertex  1.610823e+02  3.632286e+01  1.130000e+01
   endloop
 endfacet
 facet normal  0.000000e+00  0.000000e+00 -1.000000e+00
   outer loop
     vertex  1.607913e+02  7.343826e+01  1.130000e+01
     vertex  1.608198e+02  7.340137e+01  1.130000e+01
     vertex  1.608198e+02  3.605863e+01  1.130000e+01
   endloop
 endfacet
 facet normal  0.000000e+00  0.000000e+00 -1.000000e+00
   outer loop
     vertex  1.607913e+02  7.343826e+01  1.130000e+01
     vertex  1.608198e+02  3.605863e+01  1.130000e+01
     vertex  1.607913e+02  3.602174e+01  1.130000e+01
   endloop
 endfacet
 facet normal -0.000000e+00  0.000000e+00 -1.000000e+00
   outer loop
     vertex  1.611564e+02  7.308057e+01  1.130000e+01
     vertex  1.611190e+02  3.635165e+01  1.130000e+01
     vertex  1.611190e+02  7.310835e+01  1.130000e+01
   endloop
 endfacet
 facet normal  0.000000e+00 -0.000000e+00 -1.000000e+00
   outer loop
     vertex  1.611564e+02  7.308057e+01  1.130000e+01
     vertex  1.611564e+02  3.637943e+01  1.130000e+01
     vertex  1.611190e+02  3.635165e+01  1.130000e+01
   endloop
 endfacet
 facet normal  0.000000e+00  0.000000e+00 -1.000000e+00
   outer loop
     vertex  1.607638e+02  7.347592e+01  1.130000e+01
     vertex  1.607913e+02  7.343826e+01  1.130000e+01
     vertex  1.607913e+02  3.602174e+01  1.130000e+01
   endloop
 endfacet
 facet normal  0.000000e+00  0.000000e+00 -1.000000e+00
   outer loop
     vertex  1.607638e+02  7.347592e+01  1.130000e+01
     vertex  1.607913e+02  3.602174e+01  1.130000e+01
     vertex  1.607638e+02  3.598408e+01  1.130000e+01
   endloop
 endfacet
 facet normal -0.000000e+00  0.000000e+00 -1.000000e+00
   outer loop
     vertex  1.611947e+02  7.305383e+01  1.130000e+01
     vertex  1.611564e+02  3.637943e+01  1.130000e+01
     vertex  1.611564e+02  7.308057e+01  1.130000e+01
   endloop
 endfacet
 facet normal  0.000000e+00 -0.000000e+00 -1.000000e+00
   outer loop
     vertex  1.611947e+02  7.305383e+01  1.130000e+01
     vertex  1.612336e+02  3.643185e+01  1.130000e+01
     vertex  1.611947e+02  3.640617e+01  1.130000e+01
   endloop
 endfacet
 facet normal  0.000000e+00  0.000000e+00 -1.000000e+00
   outer loop
     vertex  1.611947e+02  7.305383e+01  1.130000e+01
     vertex  1.611947e+02  3.640617e+01  1.130000e+01
     vertex  1.611564e+02  3.637943e+01  1.130000e+01
   endloop
 endfacet
 facet normal  0.000000e+00  0.000000e+00 -1.000000e+00
   outer loop
     vertex  1.607373e+02  7.351432e+01  1.130000e+01
     vertex  1.607638e+02  7.347592e+01  1.130000e+01
     vertex  1.607638e+02  3.598408e+01  1.130000e+01
   endloop
 endfacet
 facet normal  0.000000e+00  0.000000e+00 -1.000000e+00
   outer loop
     vertex  1.607373e+02  7.351432e+01  1.130000e+01
     vertex  1.607638e+02  3.598408e+01  1.130000e+01
     vertex  1.607373e+02  3.594568e+01  1.130000e+01
   endloop
 endfacet
 facet normal -0.000000e+00 -0.000000e+00 -1.000000e+00
   outer loop
     vertex  1.612336e+02  7.302815e+01  1.130000e+01
     vertex  1.612336e+02  3.643185e+01  1.130000e+01
     vertex  1.611947e+02  7.305383e+01  1.130000e+01
   endloop
 endfacet
 facet normal  0.000000e+00  0.000000e+00 -1.000000e+00
   outer loop
     vertex  1.607119e+02  7.355343e+01  1.130000e+01
     vertex  1.607373e+02  7.351432e+01  1.130000e+01
     vertex  1.607373e+02  3.594568e+01  1.130000e+01
   endloop
 endfacet
 facet normal  0.000000e+00  0.000000e+00 -1.000000e+00
   outer loop
     vertex  1.607119e+02  7.355343e+01  1.130000e+01
     vertex  1.607373e+02  3.594568e+01  1.130000e+01
     vertex  1.607119e+02  3.590657e+01  1.130000e+01
   endloop
 endfacet
 facet normal -0.000000e+00  0.000000e+00 -1.000000e+00
   outer loop
     vertex  1.612732e+02  7.300355e+01  1.130000e+01
     vertex  1.612336e+02  3.643185e+01  1.130000e+01
     vertex  1.612336e+02  7.302815e+01  1.130000e+01
   endloop
 endfacet
 facet normal  0.000000e+00  0.000000e+00 -1.000000e+00
   outer loop
     vertex  1.612732e+02  7.300355e+01  1.130000e+01
     vertex  1.612732e+02  3.645645e+01  1.130000e+01
     vertex  1.612336e+02  3.643185e+01  1.130000e+01
   endloop
 endfacet
 facet normal  0.000000e+00  0.000000e+00 -1.000000e+00
   outer loop
     vertex  1.606876e+02  7.359322e+01  1.130000e+01
     vertex  1.607119e+02  7.355343e+01  1.130000e+01
     vertex  1.607119e+02  3.590657e+01  1.130000e+01
   endloop
 endfacet
 facet normal  0.000000e+00  0.000000e+00 -1.000000e+00
   outer loop
     vertex  1.606876e+02  7.359322e+01  1.130000e+01
     vertex  1.607119e+02  3.590657e+01  1.130000e+01
     vertex  1.606876e+02  3.586678e+01  1.130000e+01
   endloop
 endfacet
 facet normal -0.000000e+00  0.000000e+00 -1.000000e+00
   outer loop
     vertex  1.613135e+02  7.298004e+01  1.130000e+01
     vertex  1.612732e+02  3.645645e+01  1.130000e+01
     vertex  1.612732e+02  7.300355e+01  1.130000e+01
   endloop
 endfacet
 facet normal  0.000000e+00 -0.000000e+00 -1.000000e+00
   outer loop
     vertex  1.613135e+02  7.298004e+01  1.130000e+01
     vertex  1.613135e+02  3.647996e+01  1.130000e+01
     vertex  1.612732e+02  3.645645e+01  1.130000e+01
   endloop
 endfacet
 facet normal -0.000000e+00  0.000000e+00 -1.000000e+00
   outer loop
     vertex  1.613544e+02  7.295765e+01  1.130000e+01
     vertex  1.613135e+02  3.647996e+01  1.130000e+01
     vertex  1.613135e+02  7.298004e+01  1.130000e+01
   endloop
 endfacet
 facet normal  0.000000e+00  0.000000e+00 -1.000000e+00
   outer loop
     vertex  1.613544e+02  7.295765e+01  1.130000e+01
     vertex  1.613544e+02  3.650235e+01  1.130000e+01
     vertex  1.613135e+02  3.647996e+01  1.130000e+01
   endloop
 endfacet
 facet normal -0.000000e+00  0.000000e+00 -1.000000e+00
   outer loop
     vertex  1.613959e+02  7.293639e+01  1.130000e+01
     vertex  1.613544e+02  3.650235e+01  1.130000e+01
     vertex  1.613544e+02  7.295765e+01  1.130000e+01
   endloop
 endfacet
 facet normal  0.000000e+00 -0.000000e+00 -1.000000e+00
   outer loop
     vertex  1.613959e+02  7.293639e+01  1.130000e+01
     vertex  1.613959e+02  3.652361e+01  1.130000e+01
     vertex  1.613544e+02  3.650235e+01  1.130000e+01
   endloop
 endfacet
 facet normal -0.000000e+00  0.000000e+00 -1.000000e+00
   outer loop
     vertex  1.614380e+02  7.291628e+01  1.130000e+01
     vertex  1.613959e+02  3.652361e+01  1.130000e+01
     vertex  1.613959e+02  7.293639e+01  1.130000e+01
   endloop
 endfacet
 facet normal  0.000000e+00  0.000000e+00 -1.000000e+00
   outer loop
     vertex  1.614380e+02  7.291628e+01  1.130000e+01
     vertex  1.614380e+02  3.654372e+01  1.130000e+01
     vertex  1.613959e+02  3.652361e+01  1.130000e+01
   endloop
 endfacet
 facet normal -0.000000e+00  0.000000e+00 -1.000000e+00
   outer loop
     vertex  1.614806e+02  7.289733e+01  1.130000e+01
     vertex  1.614380e+02  3.654372e+01  1.130000e+01
     vertex  1.614380e+02  7.291628e+01  1.130000e+01
   endloop
 endfacet
 facet normal  0.000000e+00  0.000000e+00 -1.000000e+00
   outer loop
     vertex  1.614806e+02  7.289733e+01  1.130000e+01
     vertex  1.614806e+02  3.656267e+01  1.130000e+01
     vertex  1.614380e+02  3.654372e+01  1.130000e+01
   endloop
 endfacet
 facet normal  0.000000e+00  0.000000e+00 -1.000000e+00
   outer loop
     vertex  1.615238e+02  7.287955e+01  1.130000e+01
     vertex  1.615238e+02  3.658045e+01  1.130000e+01
     vertex  1.614806e+02  3.656267e+01  1.130000e+01
   endloop
 endfacet
 facet normal -0.000000e+00  0.000000e+00 -1.000000e+00
   outer loop
     vertex  1.615238e+02  7.287955e+01  1.130000e+01
     vertex  1.614806e+02  3.656267e+01  1.130000e+01
     vertex  1.614806e+02  7.289733e+01  1.130000e+01
   endloop
 endfacet
 facet normal  0.000000e+00 -0.000000e+00 -1.000000e+00
   outer loop
     vertex  1.615673e+02  7.286297e+01  1.130000e+01
     vertex  1.615673e+02  3.659703e+01  1.130000e+01
     vertex  1.615238e+02  3.658045e+01  1.130000e+01
   endloop
 endfacet
 facet normal -0.000000e+00  0.000000e+00 -1.000000e+00
   outer loop
     vertex  1.615673e+02  7.286297e+01  1.130000e+01
     vertex  1.615238e+02  3.658045e+01  1.130000e+01
     vertex  1.615238e+02  7.287955e+01  1.130000e+01
   endloop
 endfacet
 facet normal -0.000000e+00  0.000000e+00 -1.000000e+00
   outer loop
     vertex  1.616114e+02  7.284758e+01  1.130000e+01
     vertex  1.615673e+02  3.659703e+01  1.130000e+01
     vertex  1.615673e+02  7.286297e+01  1.130000e+01
   endloop
 endfacet
 facet normal  0.000000e+00 -0.000000e+00 -1.000000e+00
   outer loop
     vertex  1.616114e+02  7.284758e+01  1.130000e+01
     vertex  1.616114e+02  3.661242e+01  1.130000e+01
     vertex  1.615673e+02  3.659703e+01  1.130000e+01
   endloop
 endfacet
 facet normal -0.000000e+00  0.000000e+00 -1.000000e+00
   outer loop
     vertex  1.616558e+02  7.283341e+01  1.130000e+01
     vertex  1.616114e+02  3.661242e+01  1.130000e+01
     vertex  1.616114e+02  7.284758e+01  1.130000e+01
   endloop
 endfacet
 facet normal  0.000000e+00  0.000000e+00 -1.000000e+00
   outer loop
     vertex  1.616558e+02  7.283341e+01  1.130000e+01
     vertex  1.616558e+02  3.662659e+01  1.130000e+01
     vertex  1.616114e+02  3.661242e+01  1.130000e+01
   endloop
 endfacet
 facet normal -0.000000e+00  0.000000e+00 -1.000000e+00
   outer loop
     vertex  1.617006e+02  7.282047e+01  1.130000e+01
     vertex  1.616558e+02  3.662659e+01  1.130000e+01
     vertex  1.616558e+02  7.283341e+01  1.130000e+01
   endloop
 endfacet
 facet normal  0.000000e+00 -0.000000e+00 -1.000000e+00
   outer loop
     vertex  1.617006e+02  7.282047e+01  1.130000e+01
     vertex  1.617006e+02  3.663953e+01  1.130000e+01
     vertex  1.616558e+02  3.662659e+01  1.130000e+01
   endloop
 endfacet
 facet normal  0.000000e+00  0.000000e+00 -1.000000e+00
   outer loop
     vertex  1.617458e+02  7.280876e+01  1.130000e+01
     vertex  1.617458e+02  3.665124e+01  1.130000e+01
     vertex  1.617006e+02  3.663953e+01  1.130000e+01
   endloop
 endfacet
 facet normal -0.000000e+00  0.000000e+00 -1.000000e+00
   outer loop
     vertex  1.617458e+02  7.280876e+01  1.130000e+01
     vertex  1.617006e+02  3.663953e+01  1.130000e+01
     vertex  1.617006e+02  7.282047e+01  1.130000e+01
   endloop
 endfacet
 facet normal  0.000000e+00 -0.000000e+00 -1.000000e+00
   outer loop
     vertex  1.617912e+02  7.279829e+01  1.130000e+01
     vertex  1.618370e+02  3.667093e+01  1.130000e+01
     vertex  1.617912e+02  3.666171e+01  1.130000e+01
   endloop
 endfacet
 facet normal  0.000000e+00  0.000000e+00 -1.000000e+00
   outer loop
     vertex  1.617912e+02  7.279829e+01  1.130000e+01
     vertex  1.617912e+02  3.666171e+01  1.130000e+01
     vertex  1.617458e+02  3.665124e+01  1.130000e+01
   endloop
 endfacet
 facet normal -0.000000e+00  0.000000e+00 -1.000000e+00
   outer loop
     vertex  1.617912e+02  7.279829e+01  1.130000e+01
     vertex  1.617458e+02  3.665124e+01  1.130000e+01
     vertex  1.617458e+02  7.280876e+01  1.130000e+01
   endloop
 endfacet
 facet normal -0.000000e+00  0.000000e+00 -1.000000e+00
   outer loop
     vertex  1.618370e+02  7.278907e+01  1.130000e+01
     vertex  1.618370e+02  3.667093e+01  1.130000e+01
     vertex  1.617912e+02  7.279829e+01  1.130000e+01
   endloop
 endfacet
 facet normal  0.000000e+00 -0.000000e+00 -1.000000e+00
   outer loop
     vertex  1.618829e+02  7.278111e+01  1.130000e+01
     vertex  1.618829e+02  3.667889e+01  1.130000e+01
     vertex  1.618370e+02  3.667093e+01  1.130000e+01
   endloop
 endfacet
 facet normal -0.000000e+00  0.000000e+00 -1.000000e+00
   outer loop
     vertex  1.618829e+02  7.278111e+01  1.130000e+01
     vertex  1.618370e+02  3.667093e+01  1.130000e+01
     vertex  1.618370e+02  7.278907e+01  1.130000e+01
   endloop
 endfacet
 facet normal -0.000000e+00  0.000000e+00 -1.000000e+00
   outer loop
     vertex  1.619291e+02  7.277442e+01  1.130000e+01
     vertex  1.618829e+02  3.667889e+01  1.130000e+01
     vertex  1.618829e+02  7.278111e+01  1.130000e+01
   endloop
 endfacet
 facet normal  0.000000e+00  0.000000e+00 -1.000000e+00
   outer loop
     vertex  1.619291e+02  7.277442e+01  1.130000e+01
     vertex  1.619291e+02  3.668558e+01  1.130000e+01
     vertex  1.618829e+02  3.667889e+01  1.130000e+01
   endloop
 endfacet
 facet normal -0.000000e+00  0.000000e+00 -1.000000e+00
   outer loop
     vertex  1.619754e+02  7.276899e+01  1.130000e+01
     vertex  1.619291e+02  3.668558e+01  1.130000e+01
     vertex  1.619291e+02  7.277442e+01  1.130000e+01
   endloop
 endfacet
 facet normal  0.000000e+00 -0.000000e+00 -1.000000e+00
   outer loop
     vertex  1.619754e+02  7.276899e+01  1.130000e+01
     vertex  1.620219e+02  3.669516e+01  1.130000e+01
     vertex  1.619754e+02  3.669101e+01  1.130000e+01
   endloop
 endfacet
 facet normal  0.000000e+00  0.000000e+00 -1.000000e+00
   outer loop
     vertex  1.619754e+02  7.276899e+01  1.130000e+01
     vertex  1.619754e+02  3.669101e+01  1.130000e+01
     vertex  1.619291e+02  3.668558e+01  1.130000e+01
   endloop
 endfacet
 facet normal -0.000000e+00 -0.000000e+00 -1.000000e+00
   outer loop
     vertex  1.620219e+02  7.276484e+01  1.130000e+01
     vertex  1.620219e+02  3.669516e+01  1.130000e+01
     vertex  1.619754e+02  7.276899e+01  1.130000e+01
   endloop
 endfacet
 facet normal -0.000000e+00  0.000000e+00 -1.000000e+00
   outer loop
     vertex  1.620684e+02  7.276196e+01  1.130000e+01
     vertex  1.620219e+02  3.669516e+01  1.130000e+01
     vertex  1.620219e+02  7.276484e+01  1.130000e+01
   endloop
 endfacet
 facet normal  0.000000e+00  0.000000e+00 -1.000000e+00
   outer loop
     vertex  1.620684e+02  7.276196e+01  1.130000e+01
     vertex  1.620684e+02  3.669804e+01  1.130000e+01
     vertex  1.620219e+02  3.669516e+01  1.130000e+01
   endloop
 endfacet
 facet normal -0.000000e+00  0.000000e+00 -1.000000e+00
   outer loop
     vertex  1.621150e+02  7.276036e+01  1.130000e+01
     vertex  1.620684e+02  3.669804e+01  1.130000e+01
     vertex  1.620684e+02  7.276196e+01  1.130000e+01
   endloop
 endfacet
 facet normal  0.000000e+00 -0.000000e+00 -1.000000e+00
   outer loop
     vertex  1.621150e+02  7.276036e+01  1.130000e+01
     vertex  1.621150e+02  3.669964e+01  1.130000e+01
     vertex  1.620684e+02  3.669804e+01  1.130000e+01
   endloop
 endfacet
 facet normal -0.000000e+00  0.000000e+00 -1.000000e+00
   outer loop
     vertex  1.621617e+02  7.276004e+01  1.130000e+01
     vertex  1.621150e+02  3.669964e+01  1.130000e+01
     vertex  1.621150e+02  7.276036e+01  1.130000e+01
   endloop
 endfacet
 facet normal  0.000000e+00 -0.000000e+00 -1.000000e+00
   outer loop
     vertex  1.621617e+02  7.276004e+01  1.130000e+01
     vertex  1.621617e+02  3.669996e+01  1.130000e+01
     vertex  1.621150e+02  3.669964e+01  1.130000e+01
   endloop
 endfacet
 facet normal  0.000000e+00  0.000000e+00 -1.000000e+00
   outer loop
     vertex  1.622083e+02  7.276100e+01  1.130000e+01
     vertex  1.621617e+02  3.669996e+01  1.130000e+01
     vertex  1.621617e+02  7.276004e+01  1.130000e+01
   endloop
 endfacet
 facet normal  0.000000e+00 -0.000000e+00 -1.000000e+00
   outer loop
     vertex  1.622083e+02  7.276100e+01  1.130000e+01
     vertex  1.622549e+02  3.669676e+01  1.130000e+01
     vertex  1.622083e+02  3.669900e+01  1.130000e+01
   endloop
 endfacet
 facet normal  0.000000e+00  0.000000e+00 -1.000000e+00
   outer loop
     vertex  1.622083e+02  7.276100e+01  1.130000e+01
     vertex  1.622083e+02  3.669900e+01  1.130000e+01
     vertex  1.621617e+02  3.669996e+01  1.130000e+01
   endloop
 endfacet
 facet normal  0.000000e+00  0.000000e+00 -1.000000e+00
   outer loop
     vertex  1.622549e+02  7.276324e+01  1.130000e+01
     vertex  1.622549e+02  3.669676e+01  1.130000e+01
     vertex  1.622083e+02  7.276100e+01  1.130000e+01
   endloop
 endfacet
 facet normal  0.000000e+00  0.000000e+00 -1.000000e+00
   outer loop
     vertex  1.623014e+02  7.276675e+01  1.130000e+01
     vertex  1.622549e+02  3.669676e+01  1.130000e+01
     vertex  1.622549e+02  7.276324e+01  1.130000e+01
   endloop
 endfacet
 facet normal  0.000000e+00 -0.000000e+00 -1.000000e+00
   outer loop
     vertex  1.623014e+02  7.276675e+01  1.130000e+01
     vertex  1.623014e+02  3.669325e+01  1.130000e+01
     vertex  1.622549e+02  3.669676e+01  1.130000e+01
   endloop
 endfacet
 facet normal  0.000000e+00  0.000000e+00 -1.000000e+00
   outer loop
     vertex  1.623478e+02  7.277154e+01  1.130000e+01
     vertex  1.623014e+02  3.669325e+01  1.130000e+01
     vertex  1.623014e+02  7.276675e+01  1.130000e+01
   endloop
 endfacet
 facet normal  0.000000e+00  0.000000e+00 -1.000000e+00
   outer loop
     vertex  1.623478e+02  7.277154e+01  1.130000e+01
     vertex  1.623478e+02  3.668846e+01  1.130000e+01
     vertex  1.623014e+02  3.669325e+01  1.130000e+01
   endloop
 endfacet
 facet normal  0.000000e+00  0.000000e+00 -1.000000e+00
   outer loop
     vertex  1.623940e+02  7.277761e+01  1.130000e+01
     vertex  1.623478e+02  3.668846e+01  1.130000e+01
     vertex  1.623478e+02  7.277154e+01  1.130000e+01
   endloop
 endfacet
 facet normal  0.000000e+00 -0.000000e+00 -1.000000e+00
   outer loop
     vertex  1.623940e+02  7.277761e+01  1.130000e+01
     vertex  1.623940e+02  3.668239e+01  1.130000e+01
     vertex  1.623478e+02  3.668846e+01  1.130000e+01
   endloop
 endfacet
 facet normal  0.000000e+00  0.000000e+00 -1.000000e+00
   outer loop
     vertex  1.624401e+02  7.278493e+01  1.130000e+01
     vertex  1.623940e+02  3.668239e+01  1.130000e+01
     vertex  1.623940e+02  7.277761e+01  1.130000e+01
   endloop
 endfacet
 facet normal  0.000000e+00 -0.000000e+00 -1.000000e+00
   outer loop
     vertex  1.624401e+02  7.278493e+01  1.130000e+01
     vertex  1.624401e+02  3.667507e+01  1.130000e+01
     vertex  1.623940e+02  3.668239e+01  1.130000e+01
   endloop
 endfacet
 facet normal  0.000000e+00  0.000000e+00 -1.000000e+00
   outer loop
     vertex  1.624859e+02  7.279352e+01  1.130000e+01
     vertex  1.625315e+02  3.665663e+01  1.130000e+01
     vertex  1.624859e+02  3.666648e+01  1.130000e+01
   endloop
 endfacet
 facet normal  0.000000e+00 -0.000000e+00 -1.000000e+00
   outer loop
     vertex  1.624859e+02  7.279352e+01  1.130000e+01
     vertex  1.624859e+02  3.666648e+01  1.130000e+01
     vertex  1.624401e+02  3.667507e+01  1.130000e+01
   endloop
 endfacet
 facet normal  0.000000e+00  0.000000e+00 -1.000000e+00
   outer loop
     vertex  1.624859e+02  7.279352e+01  1.130000e+01
     vertex  1.624401e+02  3.667507e+01  1.130000e+01
     vertex  1.624401e+02  7.278493e+01  1.130000e+01
   endloop
 endfacet
 facet normal  0.000000e+00 -0.000000e+00 -1.000000e+00
   outer loop
     vertex  1.625315e+02  7.280337e+01  1.130000e+01
     vertex  1.625315e+02  3.665663e+01  1.130000e+01
     vertex  1.624859e+02  7.279352e+01  1.130000e+01
   endloop
 endfacet
 facet normal  0.000000e+00 -0.000000e+00 -1.000000e+00
   outer loop
     vertex  1.625768e+02  7.281446e+01  1.130000e+01
     vertex  1.625768e+02  3.664554e+01  1.130000e+01
     vertex  1.625315e+02  3.665663e+01  1.130000e+01
   endloop
 endfacet
 facet normal  0.000000e+00  0.000000e+00 -1.000000e+00
   outer loop
     vertex  1.625768e+02  7.281446e+01  1.130000e+01
     vertex  1.625315e+02  3.665663e+01  1.130000e+01
     vertex  1.625315e+02  7.280337e+01  1.130000e+01
   endloop
 endfacet
 facet normal  0.000000e+00  0.000000e+00 -1.000000e+00
   outer loop
     vertex  1.626218e+02  7.282679e+01  1.130000e+01
     vertex  1.625768e+02  3.664554e+01  1.130000e+01
     vertex  1.625768e+02  7.281446e+01  1.130000e+01
   endloop
 endfacet
 facet normal  0.000000e+00  0.000000e+00 -1.000000e+00
   outer loop
     vertex  1.626218e+02  7.282679e+01  1.130000e+01
     vertex  1.626218e+02  3.663321e+01  1.130000e+01
     vertex  1.625768e+02  3.664554e+01  1.130000e+01
   endloop
 endfacet
 facet normal  0.000000e+00  0.000000e+00 -1.000000e+00
   outer loop
     vertex  1.626664e+02  7.284035e+01  1.130000e+01
     vertex  1.626664e+02  3.661965e+01  1.130000e+01
     vertex  1.626218e+02  3.663321e+01  1.130000e+01
   endloop
 endfacet
 facet normal  0.000000e+00  0.000000e+00 -1.000000e+00
   outer loop
     vertex  1.626664e+02  7.284035e+01  1.130000e+01
     vertex  1.626218e+02  3.663321e+01  1.130000e+01
     vertex  1.626218e+02  7.282679e+01  1.130000e+01
   endloop
 endfacet
 facet normal  0.000000e+00  0.000000e+00 -1.000000e+00
   outer loop
     vertex  1.627107e+02  7.285512e+01  1.130000e+01
     vertex  1.627107e+02  3.660488e+01  1.130000e+01
     vertex  1.626664e+02  3.661965e+01  1.130000e+01
   endloop
 endfacet
 facet normal  0.000000e+00  0.000000e+00 -1.000000e+00
   outer loop
     vertex  1.627107e+02  7.285512e+01  1.130000e+01
     vertex  1.626664e+02  3.661965e+01  1.130000e+01
     vertex  1.626664e+02  7.284035e+01  1.130000e+01
   endloop
 endfacet
 facet normal  0.000000e+00  0.000000e+00 -1.000000e+00
   outer loop
     vertex  1.571500e+02  7.846000e+01  1.130000e+01
     vertex  1.605490e+02  7.503168e+01  1.130000e+01
     vertex  1.605339e+02  7.498755e+01  1.130000e+01
   endloop
 endfacet
 facet normal  0.000000e+00  0.000000e+00 -1.000000e+00
   outer loop
     vertex  1.571500e+02  7.846000e+01  1.130000e+01
     vertex  1.605339e+02  7.498755e+01  1.130000e+01
     vertex  1.605201e+02  7.494301e+01  1.130000e+01
   endloop
 endfacet
 facet normal  0.000000e+00  0.000000e+00 -1.000000e+00
   outer loop
     vertex  1.571500e+02  7.846000e+01  1.130000e+01
     vertex  1.605201e+02  7.494301e+01  1.130000e+01
     vertex  1.605074e+02  7.489811e+01  1.130000e+01
   endloop
 endfacet
 facet normal  0.000000e+00  0.000000e+00 -1.000000e+00
   outer loop
     vertex  1.571500e+02  7.846000e+01  1.130000e+01
     vertex  1.605074e+02  7.489811e+01  1.130000e+01
     vertex  1.604960e+02  7.485289e+01  1.130000e+01
   endloop
 endfacet
 facet normal  0.000000e+00  0.000000e+00 -1.000000e+00
   outer loop
     vertex  1.571500e+02  7.846000e+01  1.130000e+01
     vertex  1.604960e+02  7.485289e+01  1.130000e+01
     vertex  1.604859e+02  7.480736e+01  1.130000e+01
   endloop
 endfacet
 facet normal  0.000000e+00  0.000000e+00 -1.000000e+00
   outer loop
     vertex  1.571500e+02  7.846000e+01  1.130000e+01
     vertex  1.604859e+02  7.480736e+01  1.130000e+01
     vertex  1.604770e+02  7.476158e+01  1.130000e+01
   endloop
 endfacet
 facet normal  0.000000e+00  0.000000e+00 -1.000000e+00
   outer loop
     vertex  1.571500e+02  7.846000e+01  1.130000e+01
     vertex  1.604770e+02  7.476158e+01  1.130000e+01
     vertex  1.604693e+02  7.471557e+01  1.130000e+01
   endloop
 endfacet
 facet normal  0.000000e+00  0.000000e+00 -1.000000e+00
   outer loop
     vertex  1.571500e+02  7.846000e+01  1.130000e+01
     vertex  1.604693e+02  7.471557e+01  1.130000e+01
     vertex  1.604629e+02  7.466936e+01  1.130000e+01
   endloop
 endfacet
 facet normal  0.000000e+00  0.000000e+00 -1.000000e+00
   outer loop
     vertex  1.571500e+02  7.846000e+01  1.130000e+01
     vertex  1.604629e+02  7.466936e+01  1.130000e+01
     vertex  1.604578e+02  7.462300e+01  1.130000e+01
   endloop
 endfacet
 facet normal  0.000000e+00  0.000000e+00 -1.000000e+00
   outer loop
     vertex  1.571500e+02  7.846000e+01  1.130000e+01
     vertex  1.604578e+02  7.462300e+01  1.130000e+01
     vertex  1.604540e+02  7.457652e+01  1.130000e+01
   endloop
 endfacet
 facet normal  0.000000e+00  0.000000e+00 -1.000000e+00
   outer loop
     vertex  1.571500e+02  7.846000e+01  1.130000e+01
     vertex  1.604540e+02  7.457652e+01  1.130000e+01
     vertex  1.604514e+02  7.452995e+01  1.130000e+01
   endloop
 endfacet
 facet normal  0.000000e+00  0.000000e+00 -1.000000e+00
   outer loop
     vertex  1.571500e+02  7.846000e+01  1.130000e+01
     vertex  1.604514e+02  7.452995e+01  1.130000e+01
     vertex  1.604502e+02  7.448332e+01  1.130000e+01
   endloop
 endfacet
 facet normal  0.000000e+00  0.000000e+00 -1.000000e+00
   outer loop
     vertex  1.571500e+02  7.846000e+01  1.130000e+01
     vertex  1.604502e+02  7.448332e+01  1.130000e+01
     vertex  1.604502e+02  7.443668e+01  1.130000e+01
   endloop
 endfacet
 facet normal  0.000000e+00  0.000000e+00 -1.000000e+00
   outer loop
     vertex  1.571500e+02  7.846000e+01  1.130000e+01
     vertex  1.604502e+02  7.443668e+01  1.130000e+01
     vertex  1.604514e+02  7.439005e+01  1.130000e+01
   endloop
 endfacet
 facet normal  0.000000e+00  0.000000e+00 -1.000000e+00
   outer loop
     vertex  1.571500e+02  7.846000e+01  1.130000e+01
     vertex  1.604514e+02  7.439005e+01  1.130000e+01
     vertex  1.604540e+02  7.434348e+01  1.130000e+01
   endloop
 endfacet
 facet normal  0.000000e+00  0.000000e+00 -1.000000e+00
   outer loop
     vertex  1.571500e+02  7.846000e+01  1.130000e+01
     vertex  1.604540e+02  7.434348e+01  1.130000e+01
     vertex  1.604578e+02  7.429700e+01  1.130000e+01
   endloop
 endfacet
 facet normal  0.000000e+00  0.000000e+00 -1.000000e+00
   outer loop
     vertex  1.571500e+02  7.846000e+01  1.130000e+01
     vertex  1.604578e+02  7.429700e+01  1.130000e+01
     vertex  1.604629e+02  7.425064e+01  1.130000e+01
   endloop
 endfacet
 facet normal  0.000000e+00  0.000000e+00 -1.000000e+00
   outer loop
     vertex  1.571500e+02  7.846000e+01  1.130000e+01
     vertex  1.604629e+02  7.425064e+01  1.130000e+01
     vertex  1.604693e+02  7.420443e+01  1.130000e+01
   endloop
 endfacet
 facet normal  0.000000e+00  0.000000e+00 -1.000000e+00
   outer loop
     vertex  1.571500e+02  7.846000e+01  1.130000e+01
     vertex  1.604693e+02  7.420443e+01  1.130000e+01
     vertex  1.604770e+02  7.415842e+01  1.130000e+01
   endloop
 endfacet
 facet normal  0.000000e+00  0.000000e+00 -1.000000e+00
   outer loop
     vertex  1.571500e+02  7.846000e+01  1.130000e+01
     vertex  1.604770e+02  7.415842e+01  1.130000e+01
     vertex  1.604859e+02  7.411264e+01  1.130000e+01
   endloop
 endfacet
 facet normal  0.000000e+00  0.000000e+00 -1.000000e+00
   outer loop
     vertex  1.571500e+02  7.846000e+01  1.130000e+01
     vertex  1.606876e+02  3.586678e+01  1.130000e+01
     vertex  1.571500e+02  3.100000e+01  1.130000e+01
   endloop
 endfacet
 facet normal  0.000000e+00  0.000000e+00 -1.000000e+00
   outer loop
     vertex  1.571500e+02  7.846000e+01  1.130000e+01
     vertex  1.604859e+02  7.411264e+01  1.130000e+01
     vertex  1.604960e+02  7.406711e+01  1.130000e+01
   endloop
 endfacet
 facet normal  0.000000e+00  0.000000e+00 -1.000000e+00
   outer loop
     vertex  1.571500e+02  7.846000e+01  1.130000e+01
     vertex  1.604960e+02  7.406711e+01  1.130000e+01
     vertex  1.605074e+02  7.402189e+01  1.130000e+01
   endloop
 endfacet
 facet normal  0.000000e+00  0.000000e+00 -1.000000e+00
   outer loop
     vertex  1.571500e+02  7.846000e+01  1.130000e+01
     vertex  1.605074e+02  7.402189e+01  1.130000e+01
     vertex  1.605201e+02  7.397699e+01  1.130000e+01
   endloop
 endfacet
 facet normal  0.000000e+00  0.000000e+00 -1.000000e+00
   outer loop
     vertex  1.571500e+02  7.846000e+01  1.130000e+01
     vertex  1.605201e+02  7.397699e+01  1.130000e+01
     vertex  1.605339e+02  7.393245e+01  1.130000e+01
   endloop
 endfacet
 facet normal  0.000000e+00  0.000000e+00 -1.000000e+00
   outer loop
     vertex  1.571500e+02  7.846000e+01  1.130000e+01
     vertex  1.605339e+02  7.393245e+01  1.130000e+01
     vertex  1.605490e+02  7.388832e+01  1.130000e+01
   endloop
 endfacet
 facet normal  0.000000e+00  0.000000e+00 -1.000000e+00
   outer loop
     vertex  1.571500e+02  7.846000e+01  1.130000e+01
     vertex  1.605490e+02  7.388832e+01  1.130000e+01
     vertex  1.605653e+02  7.384461e+01  1.130000e+01
   endloop
 endfacet
 facet normal  0.000000e+00  0.000000e+00 -1.000000e+00
   outer loop
     vertex  1.571500e+02  7.846000e+01  1.130000e+01
     vertex  1.605653e+02  7.384461e+01  1.130000e+01
     vertex  1.605828e+02  7.380137e+01  1.130000e+01
   endloop
 endfacet
 facet normal  0.000000e+00  0.000000e+00 -1.000000e+00
   outer loop
     vertex  1.571500e+02  7.846000e+01  1.130000e+01
     vertex  1.605828e+02  7.380137e+01  1.130000e+01
     vertex  1.606014e+02  7.375862e+01  1.130000e+01
   endloop
 endfacet
 facet normal  0.000000e+00  0.000000e+00 -1.000000e+00
   outer loop
     vertex  1.571500e+02  7.846000e+01  1.130000e+01
     vertex  1.606014e+02  7.375862e+01  1.130000e+01
     vertex  1.606213e+02  7.371640e+01  1.130000e+01
   endloop
 endfacet
 facet normal  0.000000e+00  0.000000e+00 -1.000000e+00
   outer loop
     vertex  1.571500e+02  7.846000e+01  1.130000e+01
     vertex  1.606213e+02  7.371640e+01  1.130000e+01
     vertex  1.606422e+02  7.367474e+01  1.130000e+01
   endloop
 endfacet
 facet normal  0.000000e+00  0.000000e+00 -1.000000e+00
   outer loop
     vertex  1.571500e+02  7.846000e+01  1.130000e+01
     vertex  1.606422e+02  7.367474e+01  1.130000e+01
     vertex  1.606643e+02  7.363367e+01  1.130000e+01
   endloop
 endfacet
 facet normal  0.000000e+00  0.000000e+00 -1.000000e+00
   outer loop
     vertex  1.571500e+02  7.846000e+01  1.130000e+01
     vertex  1.606643e+02  7.363367e+01  1.130000e+01
     vertex  1.606876e+02  7.359322e+01  1.130000e+01
   endloop
 endfacet
 facet normal  0.000000e+00  0.000000e+00 -1.000000e+00
   outer loop
     vertex  1.571500e+02  7.846000e+01  1.130000e+01
     vertex  1.606876e+02  7.359322e+01  1.130000e+01
     vertex  1.606876e+02  3.586678e+01  1.130000e+01
   endloop
 endfacet
 facet normal  0.000000e+00  0.000000e+00 -1.000000e+00
   outer loop
     vertex  1.627545e+02  7.287111e+01  1.130000e+01
     vertex  1.627107e+02  3.660488e+01  1.130000e+01
     vertex  1.627107e+02  7.285512e+01  1.130000e+01
   endloop
 endfacet
 facet normal  0.000000e+00  0.000000e+00 -1.000000e+00
   outer loop
     vertex  1.627545e+02  7.287111e+01  1.130000e+01
     vertex  1.627979e+02  3.657171e+01  1.130000e+01
     vertex  1.627545e+02  3.658889e+01  1.130000e+01
   endloop
 endfacet
 facet normal  0.000000e+00 -0.000000e+00 -1.000000e+00
   outer loop
     vertex  1.627545e+02  7.287111e+01  1.130000e+01
     vertex  1.627545e+02  3.658889e+01  1.130000e+01
     vertex  1.627107e+02  3.660488e+01  1.130000e+01
   endloop
 endfacet
 facet normal -0.000000e+00  0.000000e+00 -1.000000e+00
   outer loop
     vertex  1.605653e+02  7.507539e+01  1.130000e+01
     vertex  1.605490e+02  7.503168e+01  1.130000e+01
     vertex  1.571500e+02  7.846000e+01  1.130000e+01
   endloop
 endfacet
 facet normal  0.000000e+00  0.000000e+00 -1.000000e+00
   outer loop
     vertex  1.627979e+02  7.288829e+01  1.130000e+01
     vertex  1.627979e+02  3.657171e+01  1.130000e+01
     vertex  1.627545e+02  7.287111e+01  1.130000e+01
   endloop
 endfacet
 facet normal -0.000000e+00  0.000000e+00 -1.000000e+00
   outer loop
     vertex  1.605828e+02  7.511863e+01  1.130000e+01
     vertex  1.605653e+02  7.507539e+01  1.130000e+01
     vertex  1.571500e+02  7.846000e+01  1.130000e+01
   endloop
 endfacet
 facet normal  0.000000e+00  0.000000e+00 -1.000000e+00
   outer loop
     vertex  1.628407e+02  7.290666e+01  1.130000e+01
     vertex  1.628407e+02  3.655334e+01  1.130000e+01
     vertex  1.627979e+02  3.657171e+01  1.130000e+01
   endloop
 endfacet
 facet normal  0.000000e+00  0.000000e+00 -1.000000e+00
   outer loop
     vertex  1.628407e+02  7.290666e+01  1.130000e+01
     vertex  1.627979e+02  3.657171e+01  1.130000e+01
     vertex  1.627979e+02  7.288829e+01  1.130000e+01
   endloop
 endfacet
 facet normal -0.000000e+00  0.000000e+00 -1.000000e+00
   outer loop
     vertex  1.606014e+02  7.516138e+01  1.130000e+01
     vertex  1.605828e+02  7.511863e+01  1.130000e+01
     vertex  1.571500e+02  7.846000e+01  1.130000e+01
   endloop
 endfacet
 facet normal  0.000000e+00  0.000000e+00 -1.000000e+00
   outer loop
     vertex  1.628831e+02  7.292619e+01  1.130000e+01
     vertex  1.628407e+02  3.655334e+01  1.130000e+01
     vertex  1.628407e+02  7.290666e+01  1.130000e+01
   endloop
 endfacet
 facet normal  0.000000e+00 -0.000000e+00 -1.000000e+00
   outer loop
     vertex  1.628831e+02  7.292619e+01  1.130000e+01
     vertex  1.628831e+02  3.653381e+01  1.130000e+01
     vertex  1.628407e+02  3.655334e+01  1.130000e+01
   endloop
 endfacet
 facet normal -0.000000e+00  0.000000e+00 -1.000000e+00
   outer loop
     vertex  1.606213e+02  7.520360e+01  1.130000e+01
     vertex  1.606014e+02  7.516138e+01  1.130000e+01
     vertex  1.571500e+02  7.846000e+01  1.130000e+01
   endloop
 endfacet
 facet normal  0.000000e+00  0.000000e+00 -1.000000e+00
   outer loop
     vertex  1.629249e+02  7.294688e+01  1.130000e+01
     vertex  1.628831e+02  3.653381e+01  1.130000e+01
     vertex  1.628831e+02  7.292619e+01  1.130000e+01
   endloop
 endfacet
 facet normal  0.000000e+00  0.000000e+00 -1.000000e+00
   outer loop
     vertex  1.629249e+02  7.294688e+01  1.130000e+01
     vertex  1.629661e+02  3.649129e+01  1.130000e+01
     vertex  1.629249e+02  3.651312e+01  1.130000e+01
   endloop
 endfacet
 facet normal  0.000000e+00 -0.000000e+00 -1.000000e+00
   outer loop
     vertex  1.629249e+02  7.294688e+01  1.130000e+01
     vertex  1.629249e+02  3.651312e+01  1.130000e+01
     vertex  1.628831e+02  3.653381e+01  1.130000e+01
   endloop
 endfacet
 facet normal -0.000000e+00  0.000000e+00 -1.000000e+00
   outer loop
     vertex  1.606422e+02  7.524526e+01  1.130000e+01
     vertex  1.606213e+02  7.520360e+01  1.130000e+01
     vertex  1.571500e+02  7.846000e+01  1.130000e+01
   endloop
 endfacet
 facet normal  0.000000e+00 -0.000000e+00 -1.000000e+00
   outer loop
     vertex  1.629661e+02  7.296871e+01  1.130000e+01
     vertex  1.629661e+02  3.649129e+01  1.130000e+01
     vertex  1.629249e+02  7.294688e+01  1.130000e+01
   endloop
 endfacet
 facet normal -0.000000e+00  0.000000e+00 -1.000000e+00
   outer loop
     vertex  1.606643e+02  7.528633e+01  1.130000e+01
     vertex  1.606422e+02  7.524526e+01  1.130000e+01
     vertex  1.571500e+02  7.846000e+01  1.130000e+01
   endloop
 endfacet
 facet normal  0.000000e+00  0.000000e+00 -1.000000e+00
   outer loop
     vertex  1.630067e+02  7.299166e+01  1.130000e+01
     vertex  1.629661e+02  3.649129e+01  1.130000e+01
     vertex  1.629661e+02  7.296871e+01  1.130000e+01
   endloop
 endfacet
 facet normal  0.000000e+00  0.000000e+00 -1.000000e+00
   outer loop
     vertex  1.630067e+02  7.299166e+01  1.130000e+01
     vertex  1.630467e+02  3.644428e+01  1.130000e+01
     vertex  1.630067e+02  3.646834e+01  1.130000e+01
   endloop
 endfacet
 facet normal  0.000000e+00 -0.000000e+00 -1.000000e+00
   outer loop
     vertex  1.630067e+02  7.299166e+01  1.130000e+01
     vertex  1.630067e+02  3.646834e+01  1.130000e+01
     vertex  1.629661e+02  3.649129e+01  1.130000e+01
   endloop
 endfacet
 facet normal -0.000000e+00  0.000000e+00 -1.000000e+00
   outer loop
     vertex  1.606876e+02  7.532678e+01  1.130000e+01
     vertex  1.606643e+02  7.528633e+01  1.130000e+01
     vertex  1.571500e+02  7.846000e+01  1.130000e+01
   endloop
 endfacet
 facet normal  0.000000e+00 -0.000000e+00 -1.000000e+00
   outer loop
     vertex  1.630467e+02  7.301572e+01  1.130000e+01
     vertex  1.630467e+02  3.644428e+01  1.130000e+01
     vertex  1.630067e+02  7.299166e+01  1.130000e+01
   endloop
 endfacet
 facet normal -0.000000e+00  0.000000e+00 -1.000000e+00
   outer loop
     vertex  1.607119e+02  7.536657e+01  1.130000e+01
     vertex  1.606876e+02  7.532678e+01  1.130000e+01
     vertex  1.571500e+02  7.846000e+01  1.130000e+01
   endloop
 endfacet
 facet normal  0.000000e+00  0.000000e+00 -1.000000e+00
   outer loop
     vertex  1.630860e+02  7.304086e+01  1.130000e+01
     vertex  1.630467e+02  3.644428e+01  1.130000e+01
     vertex  1.630467e+02  7.301572e+01  1.130000e+01
   endloop
 endfacet
 facet normal  0.000000e+00 -0.000000e+00 -1.000000e+00
   outer loop
     vertex  1.630860e+02  7.304086e+01  1.130000e+01
     vertex  1.630860e+02  3.641914e+01  1.130000e+01
     vertex  1.630467e+02  3.644428e+01  1.130000e+01
   endloop
 endfacet
 facet normal -0.000000e+00  0.000000e+00 -1.000000e+00
   outer loop
     vertex  1.607373e+02  7.540568e+01  1.130000e+01
     vertex  1.607119e+02  7.536657e+01  1.130000e+01
     vertex  1.571500e+02  7.846000e+01  1.130000e+01
   endloop
 endfacet
 facet normal  0.000000e+00  0.000000e+00 -1.000000e+00
   outer loop
     vertex  1.631245e+02  7.306707e+01  1.130000e+01
     vertex  1.630860e+02  3.641914e+01  1.130000e+01
     vertex  1.630860e+02  7.304086e+01  1.130000e+01
   endloop
 endfacet
 facet normal  0.000000e+00 -0.000000e+00 -1.000000e+00
   outer loop
     vertex  1.631245e+02  7.306707e+01  1.130000e+01
     vertex  1.631245e+02  3.639293e+01  1.130000e+01
     vertex  1.630860e+02  3.641914e+01  1.130000e+01
   endloop
 endfacet
 facet normal -0.000000e+00  0.000000e+00 -1.000000e+00
   outer loop
     vertex  1.607638e+02  7.544408e+01  1.130000e+01
     vertex  1.607373e+02  7.540568e+01  1.130000e+01
     vertex  1.571500e+02  7.846000e+01  1.130000e+01
   endloop
 endfacet
 facet normal  0.000000e+00  0.000000e+00 -1.000000e+00
   outer loop
     vertex  1.631624e+02  7.309433e+01  1.130000e+01
     vertex  1.631245e+02  3.639293e+01  1.130000e+01
     vertex  1.631245e+02  7.306707e+01  1.130000e+01
   endloop
 endfacet
 facet normal  0.000000e+00 -0.000000e+00 -1.000000e+00
   outer loop
     vertex  1.631624e+02  7.309433e+01  1.130000e+01
     vertex  1.631624e+02  3.636567e+01  1.130000e+01
     vertex  1.631245e+02  3.639293e+01  1.130000e+01
   endloop
 endfacet
 facet normal -0.000000e+00  0.000000e+00 -1.000000e+00
   outer loop
     vertex  1.607913e+02  7.548174e+01  1.130000e+01
     vertex  1.607638e+02  7.544408e+01  1.130000e+01
     vertex  1.571500e+02  7.846000e+01  1.130000e+01
   endloop
 endfacet
 facet normal  0.000000e+00  0.000000e+00 -1.000000e+00
   outer loop
     vertex  1.631995e+02  7.312262e+01  1.130000e+01
     vertex  1.631624e+02  3.636567e+01  1.130000e+01
     vertex  1.631624e+02  7.309433e+01  1.130000e+01
   endloop
 endfacet
 facet normal  0.000000e+00  0.000000e+00 -1.000000e+00
   outer loop
     vertex  1.631995e+02  7.312262e+01  1.130000e+01
     vertex  1.631995e+02  3.633738e+01  1.130000e+01
     vertex  1.631624e+02  3.636567e+01  1.130000e+01
   endloop
 endfacet
 facet normal -0.000000e+00  0.000000e+00 -1.000000e+00
   outer loop
     vertex  1.608198e+02  7.551863e+01  1.130000e+01
     vertex  1.607913e+02  7.548174e+01  1.130000e+01
     vertex  1.571500e+02  7.846000e+01  1.130000e+01
   endloop
 endfacet
 facet normal  0.000000e+00  0.000000e+00 -1.000000e+00
   outer loop
     vertex  1.632358e+02  7.315191e+01  1.130000e+01
     vertex  1.631995e+02  3.633738e+01  1.130000e+01
     vertex  1.631995e+02  7.312262e+01  1.130000e+01
   endloop
 endfacet
 facet normal  0.000000e+00  0.000000e+00 -1.000000e+00
   outer loop
     vertex  1.632358e+02  7.315191e+01  1.130000e+01
     vertex  1.632358e+02  3.630809e+01  1.130000e+01
     vertex  1.631995e+02  3.633738e+01  1.130000e+01
   endloop
 endfacet
 facet normal -0.000000e+00  0.000000e+00 -1.000000e+00
   outer loop
     vertex  1.608494e+02  7.555472e+01  1.130000e+01
     vertex  1.608198e+02  7.551863e+01  1.130000e+01
     vertex  1.571500e+02  7.846000e+01  1.130000e+01
   endloop
 endfacet
 facet normal  0.000000e+00  0.000000e+00 -1.000000e+00
   outer loop
     vertex  1.632713e+02  7.318219e+01  1.130000e+01
     vertex  1.632713e+02  3.627781e+01  1.130000e+01
     vertex  1.632358e+02  3.630809e+01  1.130000e+01
   endloop
 endfacet
 facet normal  0.000000e+00  0.000000e+00 -1.000000e+00
   outer loop
     vertex  1.632713e+02  7.318219e+01  1.130000e+01
     vertex  1.632358e+02  3.630809e+01  1.130000e+01
     vertex  1.632358e+02  7.315191e+01  1.130000e+01
   endloop
 endfacet
 facet normal -0.000000e+00  0.000000e+00 -1.000000e+00
   outer loop
     vertex  1.608799e+02  7.558999e+01  1.130000e+01
     vertex  1.608494e+02  7.555472e+01  1.130000e+01
     vertex  1.571500e+02  7.846000e+01  1.130000e+01
   endloop
 endfacet
 facet normal  0.000000e+00  0.000000e+00 -1.000000e+00
   outer loop
     vertex  1.633059e+02  7.321343e+01  1.130000e+01
     vertex  1.632713e+02  3.627781e+01  1.130000e+01
     vertex  1.632713e+02  7.318219e+01  1.130000e+01
   endloop
 endfacet
 facet normal  0.000000e+00 -0.000000e+00 -1.000000e+00
   outer loop
     vertex  1.633059e+02  7.321343e+01  1.130000e+01
     vertex  1.633059e+02  3.624657e+01  1.130000e+01
     vertex  1.632713e+02  3.627781e+01  1.130000e+01
   endloop
 endfacet
 facet normal -0.000000e+00  0.000000e+00 -1.000000e+00
   outer loop
     vertex  1.609114e+02  7.562441e+01  1.130000e+01
     vertex  1.608799e+02  7.558999e+01  1.130000e+01
     vertex  1.571500e+02  7.846000e+01  1.130000e+01
   endloop
 endfacet
 facet normal  0.000000e+00 -0.000000e+00 -1.000000e+00
   outer loop
     vertex  1.633396e+02  7.324561e+01  1.130000e+01
     vertex  1.633725e+02  3.618129e+01  1.130000e+01
     vertex  1.633396e+02  3.621439e+01  1.130000e+01
   endloop
 endfacet
 facet normal  0.000000e+00  0.000000e+00 -1.000000e+00
   outer loop
     vertex  1.633396e+02  7.324561e+01  1.130000e+01
     vertex  1.633396e+02  3.621439e+01  1.130000e+01
     vertex  1.633059e+02  3.624657e+01  1.130000e+01
   endloop
 endfacet
 facet normal  0.000000e+00  0.000000e+00 -1.000000e+00
   outer loop
     vertex  1.633396e+02  7.324561e+01  1.130000e+01
     vertex  1.633059e+02  3.624657e+01  1.130000e+01
     vertex  1.633059e+02  7.321343e+01  1.130000e+01
   endloop
 endfacet
 facet normal -0.000000e+00  0.000000e+00 -1.000000e+00
   outer loop
     vertex  1.609438e+02  7.565795e+01  1.130000e+01
     vertex  1.609114e+02  7.562441e+01  1.130000e+01
     vertex  1.571500e+02  7.846000e+01  1.130000e+01
   endloop
 endfacet
 facet normal  0.000000e+00 -0.000000e+00 -1.000000e+00
   outer loop
     vertex  1.633725e+02  7.327871e+01  1.130000e+01
     vertex  1.633725e+02  3.618129e+01  1.130000e+01
     vertex  1.633396e+02  7.324561e+01  1.130000e+01
   endloop
 endfacet
 facet normal -0.000000e+00  0.000000e+00 -1.000000e+00
   outer loop
     vertex  1.609771e+02  7.569059e+01  1.130000e+01
     vertex  1.609438e+02  7.565795e+01  1.130000e+01
     vertex  1.571500e+02  7.846000e+01  1.130000e+01
   endloop
 endfacet
 facet normal  0.000000e+00 -0.000000e+00 -1.000000e+00
   outer loop
     vertex  1.634045e+02  7.331269e+01  1.130000e+01
     vertex  1.634045e+02  3.614731e+01  1.130000e+01
     vertex  1.633725e+02  3.618129e+01  1.130000e+01
   endloop
 endfacet
 facet normal  0.000000e+00  0.000000e+00 -1.000000e+00
   outer loop
     vertex  1.634045e+02  7.331269e+01  1.130000e+01
     vertex  1.633725e+02  3.618129e+01  1.130000e+01
     vertex  1.633725e+02  7.327871e+01  1.130000e+01
   endloop
 endfacet
 facet normal -0.000000e+00  0.000000e+00 -1.000000e+00
   outer loop
     vertex  1.610113e+02  7.572231e+01  1.130000e+01
     vertex  1.609771e+02  7.569059e+01  1.130000e+01
     vertex  1.571500e+02  7.846000e+01  1.130000e+01
   endloop
 endfacet
 facet normal  0.000000e+00  0.000000e+00 -1.000000e+00
   outer loop
     vertex  1.634355e+02  7.334754e+01  1.130000e+01
     vertex  1.634045e+02  3.614731e+01  1.130000e+01
     vertex  1.634045e+02  7.331269e+01  1.130000e+01
   endloop
 endfacet
 facet normal  0.000000e+00 -0.000000e+00 -1.000000e+00
   outer loop
     vertex  1.634355e+02  7.334754e+01  1.130000e+01
     vertex  1.634355e+02  3.611246e+01  1.130000e+01
     vertex  1.634045e+02  3.614731e+01  1.130000e+01
   endloop
 endfacet
 facet normal -0.000000e+00  0.000000e+00 -1.000000e+00
   outer loop
     vertex  1.610464e+02  7.575307e+01  1.130000e+01
     vertex  1.610113e+02  7.572231e+01  1.130000e+01
     vertex  1.571500e+02  7.846000e+01  1.130000e+01
   endloop
 endfacet
 facet normal  0.000000e+00 -0.000000e+00 -1.000000e+00
   outer loop
     vertex  1.634655e+02  7.338322e+01  1.130000e+01
     vertex  1.634655e+02  3.607678e+01  1.130000e+01
     vertex  1.634355e+02  3.611246e+01  1.130000e+01
   endloop
 endfacet
 facet normal  0.000000e+00  0.000000e+00 -1.000000e+00
   outer loop
     vertex  1.634655e+02  7.338322e+01  1.130000e+01
     vertex  1.634355e+02  3.611246e+01  1.130000e+01
     vertex  1.634355e+02  7.334754e+01  1.130000e+01
   endloop
 endfacet
 facet normal -0.000000e+00  0.000000e+00 -1.000000e+00
   outer loop
     vertex  1.610823e+02  7.578286e+01  1.130000e+01
     vertex  1.610464e+02  7.575307e+01  1.130000e+01
     vertex  1.571500e+02  7.846000e+01  1.130000e+01
   endloop
 endfacet
 facet normal  0.000000e+00  0.000000e+00 -1.000000e+00
   outer loop
     vertex  1.634945e+02  7.341972e+01  1.130000e+01
     vertex  1.634945e+02  3.604028e+01  1.130000e+01
     vertex  1.634655e+02  3.607678e+01  1.130000e+01
   endloop
 endfacet
 facet normal  0.000000e+00  0.000000e+00 -1.000000e+00
   outer loop
     vertex  1.634945e+02  7.341972e+01  1.130000e+01
     vertex  1.634655e+02  3.607678e+01  1.130000e+01
     vertex  1.634655e+02  7.338322e+01  1.130000e+01
   endloop
 endfacet
 facet normal -0.000000e+00  0.000000e+00 -1.000000e+00
   outer loop
     vertex  1.611190e+02  7.581165e+01  1.130000e+01
     vertex  1.610823e+02  7.578286e+01  1.130000e+01
     vertex  1.571500e+02  7.846000e+01  1.130000e+01
   endloop
 endfacet
 facet normal  0.000000e+00  0.000000e+00 -1.000000e+00
   outer loop
     vertex  1.635226e+02  7.345700e+01  1.130000e+01
     vertex  1.635496e+02  3.596497e+01  1.130000e+01
     vertex  1.635226e+02  3.600300e+01  1.130000e+01
   endloop
 endfacet
 facet normal  0.000000e+00 -0.000000e+00 -1.000000e+00
   outer loop
     vertex  1.635226e+02  7.345700e+01  1.130000e+01
     vertex  1.635226e+02  3.600300e+01  1.130000e+01
     vertex  1.634945e+02  3.604028e+01  1.130000e+01
   endloop
 endfacet
 facet normal  0.000000e+00  0.000000e+00 -1.000000e+00
   outer loop
     vertex  1.635226e+02  7.345700e+01  1.130000e+01
     vertex  1.634945e+02  3.604028e+01  1.130000e+01
     vertex  1.634945e+02  7.341972e+01  1.130000e+01
   endloop
 endfacet
 facet normal -0.000000e+00  0.000000e+00 -1.000000e+00
   outer loop
     vertex  1.611564e+02  7.583943e+01  1.130000e+01
     vertex  1.611190e+02  7.581165e+01  1.130000e+01
     vertex  1.571500e+02  7.846000e+01  1.130000e+01
   endloop
 endfacet
 facet normal  0.000000e+00 -0.000000e+00 -1.000000e+00
   outer loop
     vertex  1.635496e+02  7.349503e+01  1.130000e+01
     vertex  1.635496e+02  3.596497e+01  1.130000e+01
     vertex  1.635226e+02  7.345700e+01  1.130000e+01
   endloop
 endfacet
 facet normal -0.000000e+00  0.000000e+00 -1.000000e+00
   outer loop
     vertex  1.611947e+02  7.586617e+01  1.130000e+01
     vertex  1.611564e+02  7.583943e+01  1.130000e+01
     vertex  1.571500e+02  7.846000e+01  1.130000e+01
   endloop
 endfacet
 facet normal  0.000000e+00 -0.000000e+00 -1.000000e+00
   outer loop
     vertex  1.635755e+02  7.353379e+01  1.130000e+01
     vertex  1.635755e+02  3.592621e+01  1.130000e+01
     vertex  1.635496e+02  3.596497e+01  1.130000e+01
   endloop
 endfacet
 facet normal  0.000000e+00  0.000000e+00 -1.000000e+00
   outer loop
     vertex  1.635755e+02  7.353379e+01  1.130000e+01
     vertex  1.635496e+02  3.596497e+01  1.130000e+01
     vertex  1.635496e+02  7.349503e+01  1.130000e+01
   endloop
 endfacet
 facet normal -0.000000e+00  0.000000e+00 -1.000000e+00
   outer loop
     vertex  1.612336e+02  7.589185e+01  1.130000e+01
     vertex  1.611947e+02  7.586617e+01  1.130000e+01
     vertex  1.571500e+02  7.846000e+01  1.130000e+01
   endloop
 endfacet
 facet normal  0.000000e+00 -0.000000e+00 -1.000000e+00
   outer loop
     vertex  1.636004e+02  7.357324e+01  1.130000e+01
     vertex  1.636004e+02  3.588676e+01  1.130000e+01
     vertex  1.635755e+02  3.592621e+01  1.130000e+01
   endloop
 endfacet
 facet normal  0.000000e+00  0.000000e+00 -1.000000e+00
   outer loop
     vertex  1.636004e+02  7.357324e+01  1.130000e+01
     vertex  1.635755e+02  3.592621e+01  1.130000e+01
     vertex  1.635755e+02  7.353379e+01  1.130000e+01
   endloop
 endfacet
 facet normal -0.000000e+00  0.000000e+00 -1.000000e+00
   outer loop
     vertex  1.612732e+02  7.591645e+01  1.130000e+01
     vertex  1.612336e+02  7.589185e+01  1.130000e+01
     vertex  1.571500e+02  7.846000e+01  1.130000e+01
   endloop
 endfacet
 facet normal -0.000000e+00  0.000000e+00 -1.000000e+00
   outer loop
     vertex  1.613135e+02  7.593996e+01  1.130000e+01
     vertex  1.612732e+02  7.591645e+01  1.130000e+01
     vertex  1.571500e+02  7.846000e+01  1.130000e+01
   endloop
 endfacet
 facet normal -0.000000e+00  0.000000e+00 -1.000000e+00
   outer loop
     vertex  1.613544e+02  7.596235e+01  1.130000e+01
     vertex  1.613135e+02  7.593996e+01  1.130000e+01
     vertex  1.571500e+02  7.846000e+01  1.130000e+01
   endloop
 endfacet
 facet normal -0.000000e+00  0.000000e+00 -1.000000e+00
   outer loop
     vertex  1.613959e+02  7.598361e+01  1.130000e+01
     vertex  1.613544e+02  7.596235e+01  1.130000e+01
     vertex  1.571500e+02  7.846000e+01  1.130000e+01
   endloop
 endfacet
 facet normal -0.000000e+00  0.000000e+00 -1.000000e+00
   outer loop
     vertex  1.614380e+02  7.600372e+01  1.130000e+01
     vertex  1.613959e+02  7.598361e+01  1.130000e+01
     vertex  1.571500e+02  7.846000e+01  1.130000e+01
   endloop
 endfacet
 facet normal -0.000000e+00  0.000000e+00 -1.000000e+00
   outer loop
     vertex  1.614806e+02  7.602267e+01  1.130000e+01
     vertex  1.614380e+02  7.600372e+01  1.130000e+01
     vertex  1.571500e+02  7.846000e+01  1.130000e+01
   endloop
 endfacet
 facet normal -0.000000e+00  0.000000e+00 -1.000000e+00
   outer loop
     vertex  1.615238e+02  7.604045e+01  1.130000e+01
     vertex  1.614806e+02  7.602267e+01  1.130000e+01
     vertex  1.571500e+02  7.846000e+01  1.130000e+01
   endloop
 endfacet
 facet normal -0.000000e+00  0.000000e+00 -1.000000e+00
   outer loop
     vertex  1.615673e+02  7.605703e+01  1.130000e+01
     vertex  1.615238e+02  7.604045e+01  1.130000e+01
     vertex  1.571500e+02  7.846000e+01  1.130000e+01
   endloop
 endfacet
 facet normal -0.000000e+00  0.000000e+00 -1.000000e+00
   outer loop
     vertex  1.616114e+02  7.607242e+01  1.130000e+01
     vertex  1.615673e+02  7.605703e+01  1.130000e+01
     vertex  1.571500e+02  7.846000e+01  1.130000e+01
   endloop
 endfacet
 facet normal -0.000000e+00  0.000000e+00 -1.000000e+00
   outer loop
     vertex  1.616558e+02  7.608659e+01  1.130000e+01
     vertex  1.616114e+02  7.607242e+01  1.130000e+01
     vertex  1.571500e+02  7.846000e+01  1.130000e+01
   endloop
 endfacet
 facet normal -0.000000e+00  0.000000e+00 -1.000000e+00
   outer loop
     vertex  1.617006e+02  7.609953e+01  1.130000e+01
     vertex  1.616558e+02  7.608659e+01  1.130000e+01
     vertex  1.571500e+02  7.846000e+01  1.130000e+01
   endloop
 endfacet
 facet normal -0.000000e+00  0.000000e+00 -1.000000e+00
   outer loop
     vertex  1.617458e+02  7.611124e+01  1.130000e+01
     vertex  1.617006e+02  7.609953e+01  1.130000e+01
     vertex  1.571500e+02  7.846000e+01  1.130000e+01
   endloop
 endfacet
 facet normal -0.000000e+00  0.000000e+00 -1.000000e+00
   outer loop
     vertex  1.617912e+02  7.612171e+01  1.130000e+01
     vertex  1.617458e+02  7.611124e+01  1.130000e+01
     vertex  1.571500e+02  7.846000e+01  1.130000e+01
   endloop
 endfacet
 facet normal -0.000000e+00  0.000000e+00 -1.000000e+00
   outer loop
     vertex  1.618370e+02  7.613093e+01  1.130000e+01
     vertex  1.617912e+02  7.612171e+01  1.130000e+01
     vertex  1.571500e+02  7.846000e+01  1.130000e+01
   endloop
 endfacet
 facet normal -0.000000e+00  0.000000e+00 -1.000000e+00
   outer loop
     vertex  1.618829e+02  7.613889e+01  1.130000e+01
     vertex  1.618370e+02  7.613093e+01  1.130000e+01
     vertex  1.571500e+02  7.846000e+01  1.130000e+01
   endloop
 endfacet
 facet normal -0.000000e+00  0.000000e+00 -1.000000e+00
   outer loop
     vertex  1.619291e+02  7.614558e+01  1.130000e+01
     vertex  1.618829e+02  7.613889e+01  1.130000e+01
     vertex  1.571500e+02  7.846000e+01  1.130000e+01
   endloop
 endfacet
 facet normal -0.000000e+00  0.000000e+00 -1.000000e+00
   outer loop
     vertex  1.619754e+02  7.615101e+01  1.130000e+01
     vertex  1.619291e+02  7.614558e+01  1.130000e+01
     vertex  1.571500e+02  7.846000e+01  1.130000e+01
   endloop
 endfacet
 facet normal -0.000000e+00  0.000000e+00 -1.000000e+00
   outer loop
     vertex  1.620219e+02  7.615516e+01  1.130000e+01
     vertex  1.619754e+02  7.615101e+01  1.130000e+01
     vertex  1.571500e+02  7.846000e+01  1.130000e+01
   endloop
 endfacet
 facet normal -0.000000e+00  0.000000e+00 -1.000000e+00
   outer loop
     vertex  1.620684e+02  7.615804e+01  1.130000e+01
     vertex  1.620219e+02  7.615516e+01  1.130000e+01
     vertex  1.571500e+02  7.846000e+01  1.130000e+01
   endloop
 endfacet
 facet normal -0.000000e+00  0.000000e+00 -1.000000e+00
   outer loop
     vertex  1.621150e+02  7.615964e+01  1.130000e+01
     vertex  1.620684e+02  7.615804e+01  1.130000e+01
     vertex  1.571500e+02  7.846000e+01  1.130000e+01
   endloop
 endfacet
 facet normal -0.000000e+00  0.000000e+00 -1.000000e+00
   outer loop
     vertex  1.621617e+02  7.615996e+01  1.130000e+01
     vertex  1.621150e+02  7.615964e+01  1.130000e+01
     vertex  1.571500e+02  7.846000e+01  1.130000e+01
   endloop
 endfacet
 facet normal  0.000000e+00  0.000000e+00 -1.000000e+00
   outer loop
     vertex  1.671500e+02  7.846000e+01  1.130000e+01
     vertex  1.638500e+02  7.446000e+01  1.130000e+01
     vertex  1.638494e+02  7.450664e+01  1.130000e+01
   endloop
 endfacet
 facet normal  0.000000e+00  0.000000e+00 -1.000000e+00
   outer loop
     vertex  1.671500e+02  7.846000e+01  1.130000e+01
     vertex  1.638494e+02  7.450664e+01  1.130000e+01
     vertex  1.638474e+02  7.455324e+01  1.130000e+01
   endloop
 endfacet
 facet normal  0.000000e+00  0.000000e+00 -1.000000e+00
   outer loop
     vertex  1.671500e+02  7.846000e+01  1.130000e+01
     vertex  1.638474e+02  7.455324e+01  1.130000e+01
     vertex  1.638442e+02  7.459977e+01  1.130000e+01
   endloop
 endfacet
 facet normal  0.000000e+00  0.000000e+00 -1.000000e+00
   outer loop
     vertex  1.671500e+02  7.846000e+01  1.130000e+01
     vertex  1.638442e+02  7.459977e+01  1.130000e+01
     vertex  1.638398e+02  7.464620e+01  1.130000e+01
   endloop
 endfacet
 facet normal  0.000000e+00  0.000000e+00 -1.000000e+00
   outer loop
     vertex  1.671500e+02  7.846000e+01  1.130000e+01
     vertex  1.638398e+02  7.464620e+01  1.130000e+01
     vertex  1.638340e+02  7.469249e+01  1.130000e+01
   endloop
 endfacet
 facet normal  0.000000e+00  0.000000e+00 -1.000000e+00
   outer loop
     vertex  1.671500e+02  7.846000e+01  1.130000e+01
     vertex  1.638340e+02  7.469249e+01  1.130000e+01
     vertex  1.638270e+02  7.473860e+01  1.130000e+01
   endloop
 endfacet
 facet normal  0.000000e+00  0.000000e+00 -1.000000e+00
   outer loop
     vertex  1.671500e+02  7.846000e+01  1.130000e+01
     vertex  1.638270e+02  7.473860e+01  1.130000e+01
     vertex  1.638187e+02  7.478450e+01  1.130000e+01
   endloop
 endfacet
 facet normal  0.000000e+00  0.000000e+00 -1.000000e+00
   outer loop
     vertex  1.671500e+02  7.846000e+01  1.130000e+01
     vertex  1.636004e+02  7.357324e+01  1.130000e+01
     vertex  1.636242e+02  7.361337e+01  1.130000e+01
   endloop
 endfacet
 facet normal  0.000000e+00  0.000000e+00 -1.000000e+00
   outer loop
     vertex  1.671500e+02  7.846000e+01  1.130000e+01
     vertex  1.638187e+02  7.478450e+01  1.130000e+01
     vertex  1.638092e+02  7.483016e+01  1.130000e+01
   endloop
 endfacet
 facet normal  0.000000e+00  0.000000e+00 -1.000000e+00
   outer loop
     vertex  1.671500e+02  7.846000e+01  1.130000e+01
     vertex  1.636242e+02  7.361337e+01  1.130000e+01
     vertex  1.636469e+02  7.365413e+01  1.130000e+01
   endloop
 endfacet
 facet normal  0.000000e+00  0.000000e+00 -1.000000e+00
   outer loop
     vertex  1.671500e+02  7.846000e+01  1.130000e+01
     vertex  1.638092e+02  7.483016e+01  1.130000e+01
     vertex  1.637984e+02  7.487554e+01  1.130000e+01
   endloop
 endfacet
 facet normal  0.000000e+00  0.000000e+00 -1.000000e+00
   outer loop
     vertex  1.671500e+02  7.846000e+01  1.130000e+01
     vertex  1.636469e+02  7.365413e+01  1.130000e+01
     vertex  1.636684e+02  7.369550e+01  1.130000e+01
   endloop
 endfacet
 facet normal  0.000000e+00  0.000000e+00 -1.000000e+00
   outer loop
     vertex  1.671500e+02  7.846000e+01  1.130000e+01
     vertex  1.637984e+02  7.487554e+01  1.130000e+01
     vertex  1.637864e+02  7.492061e+01  1.130000e+01
   endloop
 endfacet
 facet normal  0.000000e+00  0.000000e+00 -1.000000e+00
   outer loop
     vertex  1.671500e+02  7.846000e+01  1.130000e+01
     vertex  1.636684e+02  7.369550e+01  1.130000e+01
     vertex  1.636888e+02  7.373744e+01  1.130000e+01
   endloop
 endfacet
 facet normal  0.000000e+00  0.000000e+00 -1.000000e+00
   outer loop
     vertex  1.671500e+02  7.846000e+01  1.130000e+01
     vertex  1.637864e+02  7.492061e+01  1.130000e+01
     vertex  1.637732e+02  7.496533e+01  1.130000e+01
   endloop
 endfacet
 facet normal  0.000000e+00  0.000000e+00 -1.000000e+00
   outer loop
     vertex  1.671500e+02  7.846000e+01  1.130000e+01
     vertex  1.636888e+02  7.373744e+01  1.130000e+01
     vertex  1.637080e+02  7.377993e+01  1.130000e+01
   endloop
 endfacet
 facet normal  0.000000e+00  0.000000e+00 -1.000000e+00
   outer loop
     vertex  1.671500e+02  7.846000e+01  1.130000e+01
     vertex  1.637732e+02  7.496533e+01  1.130000e+01
     vertex  1.637587e+02  7.500967e+01  1.130000e+01
   endloop
 endfacet
 facet normal  0.000000e+00  0.000000e+00 -1.000000e+00
   outer loop
     vertex  1.671500e+02  7.846000e+01  1.130000e+01
     vertex  1.637080e+02  7.377993e+01  1.130000e+01
     vertex  1.637261e+02  7.382293e+01  1.130000e+01
   endloop
 endfacet
 facet normal  0.000000e+00  0.000000e+00 -1.000000e+00
   outer loop
     vertex  1.671500e+02  7.846000e+01  1.130000e+01
     vertex  1.637587e+02  7.500967e+01  1.130000e+01
     vertex  1.637430e+02  7.505359e+01  1.130000e+01
   endloop
 endfacet
 facet normal  0.000000e+00  0.000000e+00 -1.000000e+00
   outer loop
     vertex  1.671500e+02  7.846000e+01  1.130000e+01
     vertex  1.637261e+02  7.382293e+01  1.130000e+01
     vertex  1.637430e+02  7.386641e+01  1.130000e+01
   endloop
 endfacet
 facet normal  0.000000e+00  0.000000e+00 -1.000000e+00
   outer loop
     vertex  1.671500e+02  7.846000e+01  1.130000e+01
     vertex  1.637430e+02  7.505359e+01  1.130000e+01
     vertex  1.637261e+02  7.509707e+01  1.130000e+01
   endloop
 endfacet
 facet normal  0.000000e+00  0.000000e+00 -1.000000e+00
   outer loop
     vertex  1.671500e+02  7.846000e+01  1.130000e+01
     vertex  1.637430e+02  7.386641e+01  1.130000e+01
     vertex  1.637587e+02  7.391033e+01  1.130000e+01
   endloop
 endfacet
 facet normal  0.000000e+00  0.000000e+00 -1.000000e+00
   outer loop
     vertex  1.671500e+02  7.846000e+01  1.130000e+01
     vertex  1.637261e+02  7.509707e+01  1.130000e+01
     vertex  1.637080e+02  7.514007e+01  1.130000e+01
   endloop
 endfacet
 facet normal  0.000000e+00  0.000000e+00 -1.000000e+00
   outer loop
     vertex  1.671500e+02  7.846000e+01  1.130000e+01
     vertex  1.637587e+02  7.391033e+01  1.130000e+01
     vertex  1.637732e+02  7.395467e+01  1.130000e+01
   endloop
 endfacet
 facet normal  0.000000e+00  0.000000e+00 -1.000000e+00
   outer loop
     vertex  1.671500e+02  7.846000e+01  1.130000e+01
     vertex  1.637080e+02  7.514007e+01  1.130000e+01
     vertex  1.636888e+02  7.518256e+01  1.130000e+01
   endloop
 endfacet
 facet normal  0.000000e+00  0.000000e+00 -1.000000e+00
   outer loop
     vertex  1.671500e+02  7.846000e+01  1.130000e+01
     vertex  1.637732e+02  7.395467e+01  1.130000e+01
     vertex  1.637864e+02  7.399939e+01  1.130000e+01
   endloop
 endfacet
 facet normal  0.000000e+00  0.000000e+00 -1.000000e+00
   outer loop
     vertex  1.671500e+02  7.846000e+01  1.130000e+01
     vertex  1.636888e+02  7.518256e+01  1.130000e+01
     vertex  1.636684e+02  7.522450e+01  1.130000e+01
   endloop
 endfacet
 facet normal  0.000000e+00  0.000000e+00 -1.000000e+00
   outer loop
     vertex  1.671500e+02  7.846000e+01  1.130000e+01
     vertex  1.637864e+02  7.399939e+01  1.130000e+01
     vertex  1.637984e+02  7.404446e+01  1.130000e+01
   endloop
 endfacet
 facet normal  0.000000e+00  0.000000e+00 -1.000000e+00
   outer loop
     vertex  1.671500e+02  7.846000e+01  1.130000e+01
     vertex  1.636684e+02  7.522450e+01  1.130000e+01
     vertex  1.636469e+02  7.526587e+01  1.130000e+01
   endloop
 endfacet
 facet normal  0.000000e+00  0.000000e+00 -1.000000e+00
   outer loop
     vertex  1.671500e+02  7.846000e+01  1.130000e+01
     vertex  1.637984e+02  7.404446e+01  1.130000e+01
     vertex  1.638092e+02  7.408984e+01  1.130000e+01
   endloop
 endfacet
 facet normal  0.000000e+00  0.000000e+00 -1.000000e+00
   outer loop
     vertex  1.671500e+02  7.846000e+01  1.130000e+01
     vertex  1.636469e+02  7.526587e+01  1.130000e+01
     vertex  1.636242e+02  7.530663e+01  1.130000e+01
   endloop
 endfacet
 facet normal  0.000000e+00  0.000000e+00 -1.000000e+00
   outer loop
     vertex  1.671500e+02  7.846000e+01  1.130000e+01
     vertex  1.638092e+02  7.408984e+01  1.130000e+01
     vertex  1.638187e+02  7.413550e+01  1.130000e+01
   endloop
 endfacet
 facet normal  0.000000e+00  0.000000e+00 -1.000000e+00
   outer loop
     vertex  1.671500e+02  7.846000e+01  1.130000e+01
     vertex  1.636242e+02  7.530663e+01  1.130000e+01
     vertex  1.636004e+02  7.534676e+01  1.130000e+01
   endloop
 endfacet
 facet normal  0.000000e+00  0.000000e+00 -1.000000e+00
   outer loop
     vertex  1.671500e+02  7.846000e+01  1.130000e+01
     vertex  1.638187e+02  7.413550e+01  1.130000e+01
     vertex  1.638270e+02  7.418140e+01  1.130000e+01
   endloop
 endfacet
 facet normal  0.000000e+00  0.000000e+00 -1.000000e+00
   outer loop
     vertex  1.671500e+02  7.846000e+01  1.130000e+01
     vertex  1.636004e+02  7.534676e+01  1.130000e+01
     vertex  1.635755e+02  7.538621e+01  1.130000e+01
   endloop
 endfacet
 facet normal  0.000000e+00  0.000000e+00 -1.000000e+00
   outer loop
     vertex  1.671500e+02  7.846000e+01  1.130000e+01
     vertex  1.638270e+02  7.418140e+01  1.130000e+01
     vertex  1.638340e+02  7.422751e+01  1.130000e+01
   endloop
 endfacet
 facet normal  0.000000e+00  0.000000e+00 -1.000000e+00
   outer loop
     vertex  1.671500e+02  7.846000e+01  1.130000e+01
     vertex  1.635755e+02  7.538621e+01  1.130000e+01
     vertex  1.635496e+02  7.542497e+01  1.130000e+01
   endloop
 endfacet
 facet normal  0.000000e+00  0.000000e+00 -1.000000e+00
   outer loop
     vertex  1.671500e+02  7.846000e+01  1.130000e+01
     vertex  1.638340e+02  7.422751e+01  1.130000e+01
     vertex  1.638398e+02  7.427380e+01  1.130000e+01
   endloop
 endfacet
 facet normal  0.000000e+00  0.000000e+00 -1.000000e+00
   outer loop
     vertex  1.671500e+02  7.846000e+01  1.130000e+01
     vertex  1.635496e+02  7.542497e+01  1.130000e+01
     vertex  1.635226e+02  7.546300e+01  1.130000e+01
   endloop
 endfacet
 facet normal  0.000000e+00  0.000000e+00 -1.000000e+00
   outer loop
     vertex  1.671500e+02  7.846000e+01  1.130000e+01
     vertex  1.638398e+02  7.427380e+01  1.130000e+01
     vertex  1.638442e+02  7.432023e+01  1.130000e+01
   endloop
 endfacet
 facet normal  0.000000e+00  0.000000e+00 -1.000000e+00
   outer loop
     vertex  1.671500e+02  7.846000e+01  1.130000e+01
     vertex  1.635226e+02  7.546300e+01  1.130000e+01
     vertex  1.634945e+02  7.550028e+01  1.130000e+01
   endloop
 endfacet
 facet normal  0.000000e+00  0.000000e+00 -1.000000e+00
   outer loop
     vertex  1.671500e+02  7.846000e+01  1.130000e+01
     vertex  1.638442e+02  7.432023e+01  1.130000e+01
     vertex  1.638474e+02  7.436676e+01  1.130000e+01
   endloop
 endfacet
 facet normal  0.000000e+00  0.000000e+00 -1.000000e+00
   outer loop
     vertex  1.671500e+02  7.846000e+01  1.130000e+01
     vertex  1.634945e+02  7.550028e+01  1.130000e+01
     vertex  1.634655e+02  7.553678e+01  1.130000e+01
   endloop
 endfacet
 facet normal  0.000000e+00  0.000000e+00 -1.000000e+00
   outer loop
     vertex  1.671500e+02  7.846000e+01  1.130000e+01
     vertex  1.638474e+02  7.436676e+01  1.130000e+01
     vertex  1.638494e+02  7.441336e+01  1.130000e+01
   endloop
 endfacet
 facet normal  0.000000e+00  0.000000e+00 -1.000000e+00
   outer loop
     vertex  1.671500e+02  7.846000e+01  1.130000e+01
     vertex  1.634655e+02  7.553678e+01  1.130000e+01
     vertex  1.634355e+02  7.557246e+01  1.130000e+01
   endloop
 endfacet
 facet normal  0.000000e+00  0.000000e+00 -1.000000e+00
   outer loop
     vertex  1.671500e+02  7.846000e+01  1.130000e+01
     vertex  1.638494e+02  7.441336e+01  1.130000e+01
     vertex  1.638500e+02  7.446000e+01  1.130000e+01
   endloop
 endfacet
 facet normal  0.000000e+00  0.000000e+00 -1.000000e+00
   outer loop
     vertex  1.671500e+02  7.846000e+01  1.130000e+01
     vertex  1.634355e+02  7.557246e+01  1.130000e+01
     vertex  1.634045e+02  7.560731e+01  1.130000e+01
   endloop
 endfacet
 facet normal  0.000000e+00  0.000000e+00 -1.000000e+00
   outer loop
     vertex  1.671500e+02  7.846000e+01  1.130000e+01
     vertex  1.634045e+02  7.560731e+01  1.130000e+01
     vertex  1.633725e+02  7.564129e+01  1.130000e+01
   endloop
 endfacet
 facet normal  0.000000e+00  0.000000e+00 -1.000000e+00
   outer loop
     vertex  1.671500e+02  7.846000e+01  1.130000e+01
     vertex  1.633725e+02  7.564129e+01  1.130000e+01
     vertex  1.633396e+02  7.567439e+01  1.130000e+01
   endloop
 endfacet
 facet normal  0.000000e+00  0.000000e+00 -1.000000e+00
   outer loop
     vertex  1.671500e+02  7.846000e+01  1.130000e+01
     vertex  1.633396e+02  7.567439e+01  1.130000e+01
     vertex  1.633059e+02  7.570657e+01  1.130000e+01
   endloop
 endfacet
 facet normal  0.000000e+00  0.000000e+00 -1.000000e+00
   outer loop
     vertex  1.671500e+02  7.846000e+01  1.130000e+01
     vertex  1.633059e+02  7.570657e+01  1.130000e+01
     vertex  1.632713e+02  7.573781e+01  1.130000e+01
   endloop
 endfacet
 facet normal  0.000000e+00 -0.000000e+00 -1.000000e+00
   outer loop
     vertex  1.671500e+02  7.846000e+01  1.130000e+01
     vertex  1.671500e+02  3.100000e+01  1.130000e+01
     vertex  1.636004e+02  3.588676e+01  1.130000e+01
   endloop
 endfacet
 facet normal  0.000000e+00  0.000000e+00 -1.000000e+00
   outer loop
     vertex  1.671500e+02  7.846000e+01  1.130000e+01
     vertex  1.632713e+02  7.573781e+01  1.130000e+01
     vertex  1.632358e+02  7.576809e+01  1.130000e+01
   endloop
 endfacet
 facet normal -0.000000e+00  0.000000e+00 -1.000000e+00
   outer loop
     vertex  1.671500e+02  7.846000e+01  1.130000e+01
     vertex  1.621617e+02  7.615996e+01  1.130000e+01
     vertex  1.571500e+02  7.846000e+01  1.130000e+01
   endloop
 endfacet
 facet normal  0.000000e+00  0.000000e+00 -1.000000e+00
   outer loop
     vertex  1.671500e+02  7.846000e+01  1.130000e+01
     vertex  1.632358e+02  7.576809e+01  1.130000e+01
     vertex  1.631995e+02  7.579738e+01  1.130000e+01
   endloop
 endfacet
 facet normal  0.000000e+00  0.000000e+00 -1.000000e+00
   outer loop
     vertex  1.671500e+02  7.846000e+01  1.130000e+01
     vertex  1.631995e+02  7.579738e+01  1.130000e+01
     vertex  1.631624e+02  7.582567e+01  1.130000e+01
   endloop
 endfacet
 facet normal  0.000000e+00  0.000000e+00 -1.000000e+00
   outer loop
     vertex  1.671500e+02  7.846000e+01  1.130000e+01
     vertex  1.631624e+02  7.582567e+01  1.130000e+01
     vertex  1.631245e+02  7.585293e+01  1.130000e+01
   endloop
 endfacet
 facet normal  0.000000e+00  0.000000e+00 -1.000000e+00
   outer loop
     vertex  1.671500e+02  7.846000e+01  1.130000e+01
     vertex  1.631245e+02  7.585293e+01  1.130000e+01
     vertex  1.630860e+02  7.587914e+01  1.130000e+01
   endloop
 endfacet
 facet normal  0.000000e+00  0.000000e+00 -1.000000e+00
   outer loop
     vertex  1.671500e+02  7.846000e+01  1.130000e+01
     vertex  1.630860e+02  7.587914e+01  1.130000e+01
     vertex  1.630467e+02  7.590428e+01  1.130000e+01
   endloop
 endfacet
 facet normal  0.000000e+00  0.000000e+00 -1.000000e+00
   outer loop
     vertex  1.671500e+02  7.846000e+01  1.130000e+01
     vertex  1.630467e+02  7.590428e+01  1.130000e+01
     vertex  1.630067e+02  7.592834e+01  1.130000e+01
   endloop
 endfacet
 facet normal  0.000000e+00  0.000000e+00 -1.000000e+00
   outer loop
     vertex  1.671500e+02  7.846000e+01  1.130000e+01
     vertex  1.630067e+02  7.592834e+01  1.130000e+01
     vertex  1.629661e+02  7.595129e+01  1.130000e+01
   endloop
 endfacet
 facet normal  0.000000e+00  0.000000e+00 -1.000000e+00
   outer loop
     vertex  1.671500e+02  7.846000e+01  1.130000e+01
     vertex  1.629661e+02  7.595129e+01  1.130000e+01
     vertex  1.629249e+02  7.597312e+01  1.130000e+01
   endloop
 endfacet
 facet normal  0.000000e+00  0.000000e+00 -1.000000e+00
   outer loop
     vertex  1.671500e+02  7.846000e+01  1.130000e+01
     vertex  1.636004e+02  3.588676e+01  1.130000e+01
     vertex  1.636004e+02  7.357324e+01  1.130000e+01
   endloop
 endfacet
 facet normal  0.000000e+00  0.000000e+00 -1.000000e+00
   outer loop
     vertex  1.671500e+02  7.846000e+01  1.130000e+01
     vertex  1.629249e+02  7.597312e+01  1.130000e+01
     vertex  1.628831e+02  7.599381e+01  1.130000e+01
   endloop
 endfacet
 facet normal  0.000000e+00  0.000000e+00 -1.000000e+00
   outer loop
     vertex  1.671500e+02  7.846000e+01  1.130000e+01
     vertex  1.628831e+02  7.599381e+01  1.130000e+01
     vertex  1.628407e+02  7.601334e+01  1.130000e+01
   endloop
 endfacet
 facet normal  0.000000e+00  0.000000e+00 -1.000000e+00
   outer loop
     vertex  1.671500e+02  7.846000e+01  1.130000e+01
     vertex  1.628407e+02  7.601334e+01  1.130000e+01
     vertex  1.627979e+02  7.603171e+01  1.130000e+01
   endloop
 endfacet
 facet normal  0.000000e+00  0.000000e+00 -1.000000e+00
   outer loop
     vertex  1.671500e+02  7.846000e+01  1.130000e+01
     vertex  1.627979e+02  7.603171e+01  1.130000e+01
     vertex  1.627545e+02  7.604889e+01  1.130000e+01
   endloop
 endfacet
 facet normal  0.000000e+00  0.000000e+00 -1.000000e+00
   outer loop
     vertex  1.671500e+02  7.846000e+01  1.130000e+01
     vertex  1.627545e+02  7.604889e+01  1.130000e+01
     vertex  1.627107e+02  7.606488e+01  1.130000e+01
   endloop
 endfacet
 facet normal  0.000000e+00  0.000000e+00 -1.000000e+00
   outer loop
     vertex  1.671500e+02  7.846000e+01  1.130000e+01
     vertex  1.627107e+02  7.606488e+01  1.130000e+01
     vertex  1.626664e+02  7.607965e+01  1.130000e+01
   endloop
 endfacet
 facet normal  0.000000e+00  0.000000e+00 -1.000000e+00
   outer loop
     vertex  1.671500e+02  7.846000e+01  1.130000e+01
     vertex  1.626664e+02  7.607965e+01  1.130000e+01
     vertex  1.626218e+02  7.609321e+01  1.130000e+01
   endloop
 endfacet
 facet normal  0.000000e+00  0.000000e+00 -1.000000e+00
   outer loop
     vertex  1.671500e+02  7.846000e+01  1.130000e+01
     vertex  1.626218e+02  7.609321e+01  1.130000e+01
     vertex  1.625768e+02  7.610554e+01  1.130000e+01
   endloop
 endfacet
 facet normal  0.000000e+00  0.000000e+00 -1.000000e+00
   outer loop
     vertex  1.671500e+02  7.846000e+01  1.130000e+01
     vertex  1.625768e+02  7.610554e+01  1.130000e+01
     vertex  1.625315e+02  7.611663e+01  1.130000e+01
   endloop
 endfacet
 facet normal  0.000000e+00  0.000000e+00 -1.000000e+00
   outer loop
     vertex  1.671500e+02  7.846000e+01  1.130000e+01
     vertex  1.625315e+02  7.611663e+01  1.130000e+01
     vertex  1.624859e+02  7.612648e+01  1.130000e+01
   endloop
 endfacet
 facet normal  0.000000e+00  0.000000e+00 -1.000000e+00
   outer loop
     vertex  1.671500e+02  7.846000e+01  1.130000e+01
     vertex  1.624859e+02  7.612648e+01  1.130000e+01
     vertex  1.624401e+02  7.613507e+01  1.130000e+01
   endloop
 endfacet
 facet normal  0.000000e+00  0.000000e+00 -1.000000e+00
   outer loop
     vertex  1.671500e+02  7.846000e+01  1.130000e+01
     vertex  1.624401e+02  7.613507e+01  1.130000e+01
     vertex  1.623940e+02  7.614239e+01  1.130000e+01
   endloop
 endfacet
 facet normal  0.000000e+00  0.000000e+00 -1.000000e+00
   outer loop
     vertex  1.671500e+02  7.846000e+01  1.130000e+01
     vertex  1.623940e+02  7.614239e+01  1.130000e+01
     vertex  1.623478e+02  7.614846e+01  1.130000e+01
   endloop
 endfacet
 facet normal  0.000000e+00  0.000000e+00 -1.000000e+00
   outer loop
     vertex  1.671500e+02  7.846000e+01  1.130000e+01
     vertex  1.623478e+02  7.614846e+01  1.130000e+01
     vertex  1.623014e+02  7.615325e+01  1.130000e+01
   endloop
 endfacet
 facet normal  0.000000e+00  0.000000e+00 -1.000000e+00
   outer loop
     vertex  1.671500e+02  7.846000e+01  1.130000e+01
     vertex  1.623014e+02  7.615325e+01  1.130000e+01
     vertex  1.622549e+02  7.615676e+01  1.130000e+01
   endloop
 endfacet
 facet normal  0.000000e+00  0.000000e+00 -1.000000e+00
   outer loop
     vertex  1.671500e+02  7.846000e+01  1.130000e+01
     vertex  1.622549e+02  7.615676e+01  1.130000e+01
     vertex  1.622083e+02  7.615900e+01  1.130000e+01
   endloop
 endfacet
 facet normal  0.000000e+00  0.000000e+00 -1.000000e+00
   outer loop
     vertex  1.671500e+02  7.846000e+01  1.130000e+01
     vertex  1.622083e+02  7.615900e+01  1.130000e+01
     vertex  1.621617e+02  7.615996e+01  1.130000e+01
   endloop
 endfacet
 facet normal  1.000000e+00  0.000000e+00  0.000000e+00
   outer loop
     vertex  1.671500e+02  3.100000e+01  1.380000e+01
     vertex  1.671500e+02  3.100000e+01  1.130000e+01
     vertex  1.671500e+02  7.846000e+01  1.130000e+01
   endloop
 endfacet
 facet normal  1.000000e+00 -0.000000e+00  0.000000e+00
   outer loop
     vertex  1.671500e+02  3.100000e+01  1.380000e+01
     vertex  1.671500e+02  7.846000e+01  1.130000e+01
     vertex  1.671500e+02  7.846000e+01  1.380000e+01
   endloop
 endfacet
 facet normal -9.999059e-01 -1.371831e-02  0.000000e+00
   outer loop
     vertex  1.638494e+02  3.504664e+01  1.380000e+01
     vertex  1.638500e+02  3.500000e+01  1.130000e+01
     vertex  1.638500e+02  3.500000e+01  1.380000e+01
   endloop
 endfacet
 facet normal -9.999059e-01 -1.371831e-02 -0.000000e+00
   outer loop
     vertex  1.638494e+02  3.504664e+01  1.380000e+01
     vertex  1.638494e+02  3.504664e+01  1.130000e+01
     vertex  1.638500e+02  3.500000e+01  1.130000e+01
   endloop
 endfacet
 facet normal -9.991532e-01 -4.114462e-02 -0.000000e+00
   outer loop
     vertex  1.638474e+02  3.509324e+01  1.380000e+01
     vertex  1.638474e+02  3.509324e+01  1.130000e+01
     vertex  1.638494e+02  3.504664e+01  1.130000e+01
   endloop
 endfacet
 facet normal -9.976484e-01 -6.853995e-02 -0.000000e+00
   outer loop
     vertex  1.638474e+02  3.509324e+01  1.380000e+01
     vertex  1.638442e+02  3.513977e+01  1.130000e+01
     vertex  1.638474e+02  3.509324e+01  1.130000e+01
   endloop
 endfacet
 facet normal -9.991532e-01 -4.114462e-02  0.000000e+00
   outer loop
     vertex  1.638474e+02  3.509324e+01  1.380000e+01
     vertex  1.638494e+02  3.504664e+01  1.130000e+01
     vertex  1.638494e+02  3.504664e+01  1.380000e+01
   endloop
 endfacet
 facet normal -9.976484e-01 -6.853995e-02 -0.000000e+00
   outer loop
     vertex  1.638442e+02  3.513977e+01  1.380000e+01
     vertex  1.638442e+02  3.513977e+01  1.130000e+01
     vertex  1.638474e+02  3.509324e+01  1.380000e+01
   endloop
 endfacet
 facet normal -9.953925e-01 -9.588368e-02 -0.000000e+00
   outer loop
     vertex  1.638398e+02  3.518620e+01  1.380000e+01
     vertex  1.638398e+02  3.518620e+01  1.130000e+01
     vertex  1.638442e+02  3.513977e+01  1.130000e+01
   endloop
 endfacet
 facet normal -9.953925e-01 -9.588368e-02  0.000000e+00
   outer loop
     vertex  1.638398e+02  3.518620e+01  1.380000e+01
     vertex  1.638442e+02  3.513977e+01  1.130000e+01
     vertex  1.638442e+02  3.513977e+01  1.380000e+01
   endloop
 endfacet
 facet normal -9.923874e-01 -1.231552e-01 -0.000000e+00
   outer loop
     vertex  1.638340e+02  3.523249e+01  1.380000e+01
     vertex  1.638340e+02  3.523249e+01  1.130000e+01
     vertex  1.638398e+02  3.518620e+01  1.130000e+01
   endloop
 endfacet
 facet normal -9.886353e-01 -1.503341e-01 -0.000000e+00
   outer loop
     vertex  1.638340e+02  3.523249e+01  1.380000e+01
     vertex  1.638270e+02  3.527860e+01  1.130000e+01
     vertex  1.638340e+02  3.523249e+01  1.130000e+01
   endloop
 endfacet
 facet normal -9.923874e-01 -1.231552e-01  0.000000e+00
   outer loop
     vertex  1.638340e+02  3.523249e+01  1.380000e+01
     vertex  1.638398e+02  3.518620e+01  1.130000e+01
     vertex  1.638398e+02  3.518620e+01  1.380000e+01
   endloop
 endfacet
 facet normal -9.886353e-01 -1.503341e-01 -0.000000e+00
   outer loop
     vertex  1.638270e+02  3.527860e+01  1.380000e+01
     vertex  1.638270e+02  3.527860e+01  1.130000e+01
     vertex  1.638340e+02  3.523249e+01  1.380000e+01
   endloop
 endfacet
 facet normal -9.841389e-01 -1.773998e-01 -0.000000e+00
   outer loop
     vertex  1.638187e+02  3.532450e+01  1.380000e+01
     vertex  1.638187e+02  3.532450e+01  1.130000e+01
     vertex  1.638270e+02  3.527860e+01  1.130000e+01
   endloop
 endfacet
 facet normal -9.841389e-01 -1.773998e-01  0.000000e+00
   outer loop
     vertex  1.638187e+02  3.532450e+01  1.380000e+01
     vertex  1.638270e+02  3.527860e+01  1.130000e+01
     vertex  1.638270e+02  3.527860e+01  1.380000e+01
   endloop
 endfacet
 facet normal -9.789017e-01 -2.043319e-01 -0.000000e+00
   outer loop
     vertex  1.638092e+02  3.537016e+01  1.380000e+01
     vertex  1.638092e+02  3.537016e+01  1.130000e+01
     vertex  1.638187e+02  3.532450e+01  1.130000e+01
   endloop
 endfacet
 facet normal -9.789017e-01 -2.043319e-01  0.000000e+00
   outer loop
     vertex  1.638092e+02  3.537016e+01  1.380000e+01
     vertex  1.638187e+02  3.532450e+01  1.130000e+01
     vertex  1.638187e+02  3.532450e+01  1.380000e+01
   endloop
 endfacet
 facet normal -9.729276e-01 -2.311102e-01 -0.000000e+00
   outer loop
     vertex  1.637984e+02  3.541554e+01  1.380000e+01
     vertex  1.637984e+02  3.541554e+01  1.130000e+01
     vertex  1.638092e+02  3.537016e+01  1.130000e+01
   endloop
 endfacet
 facet normal -9.729276e-01 -2.311102e-01  0.000000e+00
   outer loop
     vertex  1.637984e+02  3.541554e+01  1.380000e+01
     vertex  1.638092e+02  3.537016e+01  1.130000e+01
     vertex  1.638092e+02  3.537016e+01  1.380000e+01
   endloop
 endfacet
 facet normal -9.662211e-01 -2.577146e-01  0.000000e+00
   outer loop
     vertex  1.637864e+02  3.546061e+01  1.380000e+01
     vertex  1.637984e+02  3.541554e+01  1.130000e+01
     vertex  1.637984e+02  3.541554e+01  1.380000e+01
   endloop
 endfacet
 facet normal -9.662211e-01 -2.577146e-01 -0.000000e+00
   outer loop
     vertex  1.637864e+02  3.546061e+01  1.380000e+01
     vertex  1.637864e+02  3.546061e+01  1.130000e+01
     vertex  1.637984e+02  3.541554e+01  1.130000e+01
   endloop
 endfacet
 facet normal -9.587873e-01 -2.841250e-01 -0.000000e+00
   outer loop
     vertex  1.637864e+02  3.546061e+01  1.380000e+01
     vertex  1.637732e+02  3.550533e+01  1.130000e+01
     vertex  1.637864e+02  3.546061e+01  1.130000e+01
   endloop
 endfacet
 facet normal -9.587873e-01 -2.841250e-01 -0.000000e+00
   outer loop
     vertex  1.637732e+02  3.550533e+01  1.380000e+01
     vertex  1.637732e+02  3.550533e+01  1.130000e+01
     vertex  1.637864e+02  3.546061e+01  1.380000e+01
   endloop
 endfacet
 facet normal -9.506317e-01 -3.103214e-01 -0.000000e+00
   outer loop
     vertex  1.637732e+02  3.550533e+01  1.380000e+01
     vertex  1.637587e+02  3.554967e+01  1.130000e+01
     vertex  1.637732e+02  3.550533e+01  1.130000e+01
   endloop
 endfacet
 facet normal -9.506317e-01 -3.103214e-01 -0.000000e+00
   outer loop
     vertex  1.637587e+02  3.554967e+01  1.380000e+01
     vertex  1.637587e+02  3.554967e+01  1.130000e+01
     vertex  1.637732e+02  3.550533e+01  1.380000e+01
   endloop
 endfacet
 facet normal -9.417605e-01 -3.362843e-01  0.000000e+00
   outer loop
     vertex  1.637430e+02  3.559359e+01  1.380000e+01
     vertex  1.637587e+02  3.554967e+01  1.130000e+01
     vertex  1.637587e+02  3.554967e+01  1.380000e+01
   endloop
 endfacet
 facet normal -9.417605e-01 -3.362843e-01 -0.000000e+00
   outer loop
     vertex  1.637430e+02  3.559359e+01  1.380000e+01
     vertex  1.637430e+02  3.559359e+01  1.130000e+01
     vertex  1.637587e+02  3.554967e+01  1.130000e+01
   endloop
 endfacet
 facet normal -9.321804e-01 -3.619940e-01 -0.000000e+00
   outer loop
     vertex  1.637430e+02  3.559359e+01  1.380000e+01
     vertex  1.637261e+02  3.563707e+01  1.130000e+01
     vertex  1.637430e+02  3.559359e+01  1.130000e+01
   endloop
 endfacet
 facet normal -9.321804e-01 -3.619940e-01 -0.000000e+00
   outer loop
     vertex  1.637261e+02  3.563707e+01  1.380000e+01
     vertex  1.637261e+02  3.563707e+01  1.130000e+01
     vertex  1.637430e+02  3.559359e+01  1.380000e+01
   endloop
 endfacet
 facet normal -9.218986e-01 -3.874313e-01  0.000000e+00
   outer loop
     vertex  1.637080e+02  3.568007e+01  1.380000e+01
     vertex  1.637261e+02  3.563707e+01  1.130000e+01
     vertex  1.637261e+02  3.563707e+01  1.380000e+01
   endloop
 endfacet
 facet normal -9.218986e-01 -3.874313e-01 -0.000000e+00
   outer loop
     vertex  1.637080e+02  3.568007e+01  1.380000e+01
     vertex  1.637080e+02  3.568007e+01  1.130000e+01
     vertex  1.637261e+02  3.563707e+01  1.130000e+01
   endloop
 endfacet
 facet normal -9.109228e-01 -4.125769e-01  0.000000e+00
   outer loop
     vertex  1.636888e+02  3.572256e+01  1.380000e+01
     vertex  1.637080e+02  3.568007e+01  1.130000e+01
     vertex  1.637080e+02  3.568007e+01  1.380000e+01
   endloop
 endfacet
 facet normal -9.109228e-01 -4.125769e-01 -0.000000e+00
   outer loop
     vertex  1.636888e+02  3.572256e+01  1.380000e+01
     vertex  1.636888e+02  3.572256e+01  1.130000e+01
     vertex  1.637080e+02  3.568007e+01  1.130000e+01
   endloop
 endfacet
 facet normal -8.992613e-01 -4.374119e-01  0.000000e+00
   outer loop
     vertex  1.636684e+02  3.576450e+01  1.380000e+01
     vertex  1.636888e+02  3.572256e+01  1.130000e+01
     vertex  1.636888e+02  3.572256e+01  1.380000e+01
   endloop
 endfacet
 facet normal -8.992613e-01 -4.374119e-01 -0.000000e+00
   outer loop
     vertex  1.636684e+02  3.576450e+01  1.380000e+01
     vertex  1.636684e+02  3.576450e+01  1.130000e+01
     vertex  1.636888e+02  3.572256e+01  1.130000e+01
   endloop
 endfacet
 facet normal -8.869228e-01 -4.619176e-01  0.000000e+00
   outer loop
     vertex  1.636469e+02  3.580587e+01  1.380000e+01
     vertex  1.636684e+02  3.576450e+01  1.130000e+01
     vertex  1.636684e+02  3.576450e+01  1.380000e+01
   endloop
 endfacet
 facet normal -8.869228e-01 -4.619176e-01 -0.000000e+00
   outer loop
     vertex  1.636469e+02  3.580587e+01  1.380000e+01
     vertex  1.636469e+02  3.580587e+01  1.130000e+01
     vertex  1.636684e+02  3.576450e+01  1.130000e+01
   endloop
 endfacet
 facet normal -8.739167e-01 -4.860756e-01  0.000000e+00
   outer loop
     vertex  1.636242e+02  3.584663e+01  1.380000e+01
     vertex  1.636469e+02  3.580587e+01  1.130000e+01
     vertex  1.636469e+02  3.580587e+01  1.380000e+01
   endloop
 endfacet
 facet normal -8.739167e-01 -4.860756e-01 -0.000000e+00
   outer loop
     vertex  1.636242e+02  3.584663e+01  1.380000e+01
     vertex  1.636242e+02  3.584663e+01  1.130000e+01
     vertex  1.636469e+02  3.580587e+01  1.130000e+01
   endloop
 endfacet
 facet normal -8.602528e-01 -5.098678e-01  0.000000e+00
   outer loop
     vertex  1.636004e+02  3.588676e+01  1.380000e+01
     vertex  1.636242e+02  3.584663e+01  1.130000e+01
     vertex  1.636242e+02  3.584663e+01  1.380000e+01
   endloop
 endfacet
 facet normal -8.602528e-01 -5.098678e-01 -0.000000e+00
   outer loop
     vertex  1.636004e+02  3.588676e+01  1.380000e+01
     vertex  1.636004e+02  3.588676e+01  1.130000e+01
     vertex  1.636242e+02  3.584663e+01  1.130000e+01
   endloop
 endfacet
 facet normal -8.459413e-01 -5.332761e-01  0.000000e+00
   outer loop
     vertex  1.635755e+02  3.592621e+01  1.380000e+01
     vertex  1.636004e+02  3.588676e+01  1.130000e+01
     vertex  1.636004e+02  3.588676e+01  1.380000e+01
   endloop
 endfacet
 facet normal -8.459413e-01 -5.332761e-01 -0.000000e+00
   outer loop
     vertex  1.635755e+02  3.592621e+01  1.380000e+01
     vertex  1.635755e+02  3.592621e+01  1.130000e+01
     vertex  1.636004e+02  3.588676e+01  1.130000e+01
   endloop
 endfacet
 facet normal -8.309929e-01 -5.562829e-01 -0.000000e+00
   outer loop
     vertex  1.635496e+02  3.596497e+01  1.380000e+01
     vertex  1.635496e+02  3.596497e+01  1.130000e+01
     vertex  1.635755e+02  3.592621e+01  1.130000e+01
   endloop
 endfacet
 facet normal -8.309929e-01 -5.562829e-01  0.000000e+00
   outer loop
     vertex  1.635496e+02  3.596497e+01  1.380000e+01
     vertex  1.635755e+02  3.592621e+01  1.130000e+01
     vertex  1.635755e+02  3.592621e+01  1.380000e+01
   endloop
 endfacet
 facet normal -8.154191e-01 -5.788711e-01 -0.000000e+00
   outer loop
     vertex  1.635226e+02  3.600300e+01  1.380000e+01
     vertex  1.635226e+02  3.600300e+01  1.130000e+01
     vertex  1.635496e+02  3.596497e+01  1.130000e+01
   endloop
 endfacet
 facet normal -8.154191e-01 -5.788711e-01  0.000000e+00
   outer loop
     vertex  1.635226e+02  3.600300e+01  1.380000e+01
     vertex  1.635496e+02  3.596497e+01  1.130000e+01
     vertex  1.635496e+02  3.596497e+01  1.380000e+01
   endloop
 endfacet
 facet normal -7.992314e-01 -6.010234e-01 -0.000000e+00
   outer loop
     vertex  1.634945e+02  3.604028e+01  1.380000e+01
     vertex  1.634945e+02  3.604028e+01  1.130000e+01
     vertex  1.635226e+02  3.600300e+01  1.130000e+01
   endloop
 endfacet
 facet normal -7.992314e-01 -6.010234e-01  0.000000e+00
   outer loop
     vertex  1.634945e+02  3.604028e+01  1.380000e+01
     vertex  1.635226e+02  3.600300e+01  1.130000e+01
     vertex  1.635226e+02  3.600300e+01  1.380000e+01
   endloop
 endfacet
 facet normal -7.824421e-01 -6.227234e-01 -0.000000e+00
   outer loop
     vertex  1.634655e+02  3.607678e+01  1.380000e+01
     vertex  1.634655e+02  3.607678e+01  1.130000e+01
     vertex  1.634945e+02  3.604028e+01  1.130000e+01
   endloop
 endfacet
 facet normal -7.650637e-01 -6.439545e-01 -0.000000e+00
   outer loop
     vertex  1.634655e+02  3.607678e+01  1.380000e+01
     vertex  1.634355e+02  3.611246e+01  1.130000e+01
     vertex  1.634655e+02  3.607678e+01  1.130000e+01
   endloop
 endfacet
 facet normal -7.824421e-01 -6.227234e-01  0.000000e+00
   outer loop
     vertex  1.634655e+02  3.607678e+01  1.380000e+01
     vertex  1.634945e+02  3.604028e+01  1.130000e+01
     vertex  1.634945e+02  3.604028e+01  1.380000e+01
   endloop
 endfacet
 facet normal -7.650637e-01 -6.439545e-01 -0.000000e+00
   outer loop
     vertex  1.634355e+02  3.611246e+01  1.380000e+01
     vertex  1.634355e+02  3.611246e+01  1.130000e+01
     vertex  1.634655e+02  3.607678e+01  1.380000e+01
   endloop
 endfacet
 facet normal -7.471095e-01 -6.647010e-01 -0.000000e+00
   outer loop
     vertex  1.634045e+02  3.614731e+01  1.380000e+01
     vertex  1.634045e+02  3.614731e+01  1.130000e+01
     vertex  1.634355e+02  3.611246e+01  1.130000e+01
   endloop
 endfacet
 facet normal -7.471095e-01 -6.647010e-01  0.000000e+00
   outer loop
     vertex  1.634045e+02  3.614731e+01  1.380000e+01
     vertex  1.634355e+02  3.611246e+01  1.130000e+01
     vertex  1.634355e+02  3.611246e+01  1.380000e+01
   endloop
 endfacet
 facet normal -7.285929e-01 -6.849470e-01 -0.000000e+00
   outer loop
     vertex  1.633725e+02  3.618129e+01  1.380000e+01
     vertex  1.633725e+02  3.618129e+01  1.130000e+01
     vertex  1.634045e+02  3.614731e+01  1.130000e+01
   endloop
 endfacet
 facet normal -7.285929e-01 -6.849470e-01  0.000000e+00
   outer loop
     vertex  1.633725e+02  3.618129e+01  1.380000e+01
     vertex  1.634045e+02  3.614731e+01  1.130000e+01
     vertex  1.634045e+02  3.614731e+01  1.380000e+01
   endloop
 endfacet
 facet normal -7.095278e-01 -7.046775e-01 -0.000000e+00
   outer loop
     vertex  1.633396e+02  3.621439e+01  1.380000e+01
     vertex  1.633396e+02  3.621439e+01  1.130000e+01
     vertex  1.633725e+02  3.618129e+01  1.130000e+01
   endloop
 endfacet
 facet normal -7.095278e-01 -7.046775e-01  0.000000e+00
   outer loop
     vertex  1.633396e+02  3.621439e+01  1.380000e+01
     vertex  1.633725e+02  3.618129e+01  1.130000e+01
     vertex  1.633725e+02  3.618129e+01  1.380000e+01
   endloop
 endfacet
 facet normal -6.899286e-01 -7.238775e-01 -0.000000e+00
   outer loop
     vertex  1.633059e+02  3.624657e+01  1.380000e+01
     vertex  1.633059e+02  3.624657e+01  1.130000e+01
     vertex  1.633396e+02  3.621439e+01  1.130000e+01
   endloop
 endfacet
 facet normal -6.899286e-01 -7.238775e-01  0.000000e+00
   outer loop
     vertex  1.633059e+02  3.624657e+01  1.380000e+01
     vertex  1.633396e+02  3.621439e+01  1.130000e+01
     vertex  1.633396e+02  3.621439e+01  1.380000e+01
   endloop
 endfacet
 facet normal -6.698100e-01 -7.425325e-01 -0.000000e+00
   outer loop
     vertex  1.632713e+02  3.627781e+01  1.380000e+01
     vertex  1.632713e+02  3.627781e+01  1.130000e+01
     vertex  1.633059e+02  3.624657e+01  1.130000e+01
   endloop
 endfacet
 facet normal -6.698100e-01 -7.425325e-01  0.000000e+00
   outer loop
     vertex  1.632713e+02  3.627781e+01  1.380000e+01
     vertex  1.633059e+02  3.624657e+01  1.130000e+01
     vertex  1.633059e+02  3.624657e+01  1.380000e+01
   endloop
 endfacet
 facet normal -6.491872e-01 -7.606287e-01 -0.000000e+00
   outer loop
     vertex  1.632358e+02  3.630809e+01  1.380000e+01
     vertex  1.632358e+02  3.630809e+01  1.130000e+01
     vertex  1.632713e+02  3.627781e+01  1.130000e+01
   endloop
 endfacet
 facet normal -6.491872e-01 -7.606287e-01  0.000000e+00
   outer loop
     vertex  1.632358e+02  3.630809e+01  1.380000e+01
     vertex  1.632713e+02  3.627781e+01  1.130000e+01
     vertex  1.632713e+02  3.627781e+01  1.380000e+01
   endloop
 endfacet
 facet normal -6.280757e-01 -7.781522e-01 -0.000000e+00
   outer loop
     vertex  1.631995e+02  3.633738e+01  1.380000e+01
     vertex  1.631995e+02  3.633738e+01  1.130000e+01
     vertex  1.632358e+02  3.630809e+01  1.130000e+01
   endloop
 endfacet
 facet normal -6.280757e-01 -7.781522e-01  0.000000e+00
   outer loop
     vertex  1.631995e+02  3.633738e+01  1.380000e+01
     vertex  1.632358e+02  3.630809e+01  1.130000e+01
     vertex  1.632358e+02  3.630809e+01  1.380000e+01
   endloop
 endfacet
 facet normal -6.064915e-01 -7.950900e-01 -0.000000e+00
   outer loop
     vertex  1.631624e+02  3.636567e+01  1.380000e+01
     vertex  1.631624e+02  3.636567e+01  1.130000e+01
     vertex  1.631995e+02  3.633738e+01  1.130000e+01
   endloop
 endfacet
 facet normal -6.064915e-01 -7.950900e-01  0.000000e+00
   outer loop
     vertex  1.631624e+02  3.636567e+01  1.380000e+01
     vertex  1.631995e+02  3.633738e+01  1.130000e+01
     vertex  1.631995e+02  3.633738e+01  1.380000e+01
   endloop
 endfacet
 facet normal -5.844507e-01 -8.114292e-01 -0.000000e+00
   outer loop
     vertex  1.631245e+02  3.639293e+01  1.380000e+01
     vertex  1.631245e+02  3.639293e+01  1.130000e+01
     vertex  1.631624e+02  3.636567e+01  1.130000e+01
   endloop
 endfacet
 facet normal -5.844507e-01 -8.114292e-01  0.000000e+00
   outer loop
     vertex  1.631245e+02  3.639293e+01  1.380000e+01
     vertex  1.631624e+02  3.636567e+01  1.130000e+01
     vertex  1.631624e+02  3.636567e+01  1.380000e+01
   endloop
 endfacet
 facet normal -5.619699e-01 -8.271577e-01  0.000000e+00
   outer loop
     vertex  1.630860e+02  3.641914e+01  1.380000e+01
     vertex  1.631245e+02  3.639293e+01  1.130000e+01
     vertex  1.631245e+02  3.639293e+01  1.380000e+01
   endloop
 endfacet
 facet normal -5.619699e-01 -8.271577e-01 -0.000000e+00
   outer loop
     vertex  1.630860e+02  3.641914e+01  1.380000e+01
     vertex  1.630860e+02  3.641914e+01  1.130000e+01
     vertex  1.631245e+02  3.639293e+01  1.130000e+01
   endloop
 endfacet
 facet normal -5.390661e-01 -8.422635e-01 -0.000000e+00
   outer loop
     vertex  1.630860e+02  3.641914e+01  1.380000e+01
     vertex  1.630467e+02  3.644428e+01  1.130000e+01
     vertex  1.630860e+02  3.641914e+01  1.130000e+01
   endloop
 endfacet
 facet normal -5.390661e-01 -8.422635e-01 -0.000000e+00
   outer loop
     vertex  1.630467e+02  3.644428e+01  1.380000e+01
     vertex  1.630467e+02  3.644428e+01  1.130000e+01
     vertex  1.630860e+02  3.641914e+01  1.380000e+01
   endloop
 endfacet
 facet normal -5.157565e-01 -8.567352e-01 -0.000000e+00
   outer loop
     vertex  1.630467e+02  3.644428e+01  1.380000e+01
     vertex  1.630067e+02  3.646834e+01  1.130000e+01
     vertex  1.630467e+02  3.644428e+01  1.130000e+01
   endloop
 endfacet
 facet normal -5.157565e-01 -8.567352e-01 -0.000000e+00
   outer loop
     vertex  1.630067e+02  3.646834e+01  1.380000e+01
     vertex  1.630067e+02  3.646834e+01  1.130000e+01
     vertex  1.630467e+02  3.644428e+01  1.380000e+01
   endloop
 endfacet
 facet normal -4.920587e-01 -8.705620e-01  0.000000e+00
   outer loop
     vertex  1.629661e+02  3.649129e+01  1.380000e+01
     vertex  1.630067e+02  3.646834e+01  1.130000e+01
     vertex  1.630067e+02  3.646834e+01  1.380000e+01
   endloop
 endfacet
 facet normal -4.920587e-01 -8.705620e-01 -0.000000e+00
   outer loop
     vertex  1.629661e+02  3.649129e+01  1.380000e+01
     vertex  1.629661e+02  3.649129e+01  1.130000e+01
     vertex  1.630067e+02  3.646834e+01  1.130000e+01
   endloop
 endfacet
 facet normal -4.679904e-01 -8.837335e-01  0.000000e+00
   outer loop
     vertex  1.629249e+02  3.651312e+01  1.380000e+01
     vertex  1.629661e+02  3.649129e+01  1.130000e+01
     vertex  1.629661e+02  3.649129e+01  1.380000e+01
   endloop
 endfacet
 facet normal -4.679904e-01 -8.837335e-01 -0.000000e+00
   outer loop
     vertex  1.629249e+02  3.651312e+01  1.380000e+01
     vertex  1.629249e+02  3.651312e+01  1.130000e+01
     vertex  1.629661e+02  3.649129e+01  1.130000e+01
   endloop
 endfacet
 facet normal -4.435699e-01 -8.962398e-01  0.000000e+00
   outer loop
     vertex  1.628831e+02  3.653381e+01  1.380000e+01
     vertex  1.629249e+02  3.651312e+01  1.130000e+01
     vertex  1.629249e+02  3.651312e+01  1.380000e+01
   endloop
 endfacet
 facet normal -4.435699e-01 -8.962398e-01 -0.000000e+00
   outer loop
     vertex  1.628831e+02  3.653381e+01  1.380000e+01
     vertex  1.628831e+02  3.653381e+01  1.130000e+01
     vertex  1.629249e+02  3.651312e+01  1.130000e+01
   endloop
 endfacet
 facet normal -4.188155e-01 -9.080714e-01  0.000000e+00
   outer loop
     vertex  1.628407e+02  3.655334e+01  1.380000e+01
     vertex  1.628831e+02  3.653381e+01  1.130000e+01
     vertex  1.628831e+02  3.653381e+01  1.380000e+01
   endloop
 endfacet
 facet normal -4.188155e-01 -9.080714e-01 -0.000000e+00
   outer loop
     vertex  1.628407e+02  3.655334e+01  1.380000e+01
     vertex  1.628407e+02  3.655334e+01  1.130000e+01
     vertex  1.628831e+02  3.653381e+01  1.130000e+01
   endloop
 endfacet
 facet normal -3.937458e-01 -9.192194e-01  0.000000e+00
   outer loop
     vertex  1.627979e+02  3.657171e+01  1.380000e+01
     vertex  1.628407e+02  3.655334e+01  1.130000e+01
     vertex  1.628407e+02  3.655334e+01  1.380000e+01
   endloop
 endfacet
 facet normal -3.937458e-01 -9.192194e-01 -0.000000e+00
   outer loop
     vertex  1.627979e+02  3.657171e+01  1.380000e+01
     vertex  1.627979e+02  3.657171e+01  1.130000e+01
     vertex  1.628407e+02  3.655334e+01  1.130000e+01
   endloop
 endfacet
 facet normal -3.683796e-01 -9.296754e-01  0.000000e+00
   outer loop
     vertex  1.627545e+02  3.658889e+01  1.380000e+01
     vertex  1.627979e+02  3.657171e+01  1.130000e+01
     vertex  1.627979e+02  3.657171e+01  1.380000e+01
   endloop
 endfacet
 facet normal -3.683796e-01 -9.296754e-01 -0.000000e+00
   outer loop
     vertex  1.627545e+02  3.658889e+01  1.380000e+01
     vertex  1.627545e+02  3.658889e+01  1.130000e+01
     vertex  1.627979e+02  3.657171e+01  1.130000e+01
   endloop
 endfacet
 facet normal -3.427362e-01 -9.394317e-01  0.000000e+00
   outer loop
     vertex  1.627107e+02  3.660488e+01  1.380000e+01
     vertex  1.627545e+02  3.658889e+01  1.130000e+01
     vertex  1.627545e+02  3.658889e+01  1.380000e+01
   endloop
 endfacet
 facet normal -3.427362e-01 -9.394317e-01 -0.000000e+00
   outer loop
     vertex  1.627107e+02  3.660488e+01  1.380000e+01
     vertex  1.627107e+02  3.660488e+01  1.130000e+01
     vertex  1.627545e+02  3.658889e+01  1.130000e+01
   endloop
 endfacet
 facet normal -3.168348e-01 -9.484807e-01  0.000000e+00
   outer loop
     vertex  1.626664e+02  3.661965e+01  1.380000e+01
     vertex  1.627107e+02  3.660488e+01  1.130000e+01
     vertex  1.627107e+02  3.660488e+01  1.380000e+01
   endloop
 endfacet
 facet normal -3.168348e-01 -9.484807e-01 -0.000000e+00
   outer loop
     vertex  1.626664e+02  3.661965e+01  1.380000e+01
     vertex  1.626664e+02  3.661965e+01  1.130000e+01
     vertex  1.627107e+02  3.660488e+01  1.130000e+01
   endloop
 endfacet
 facet normal -2.906949e-01 -9.568158e-01  0.000000e+00
   outer loop
     vertex  1.626218e+02  3.663321e+01  1.380000e+01
     vertex  1.626664e+02  3.661965e+01  1.130000e+01
     vertex  1.626664e+02  3.661965e+01  1.380000e+01
   endloop
 endfacet
 facet normal -2.906949e-01 -9.568158e-01 -0.000000e+00
   outer loop
     vertex  1.626218e+02  3.663321e+01  1.380000e+01
     vertex  1.626218e+02  3.663321e+01  1.130000e+01
     vertex  1.626664e+02  3.661965e+01  1.130000e+01
   endloop
 endfacet
 facet normal -2.643362e-01 -9.644306e-01 -0.000000e+00
   outer loop
     vertex  1.626218e+02  3.663321e+01  1.380000e+01
     vertex  1.625768e+02  3.664554e+01  1.130000e+01
     vertex  1.626218e+02  3.663321e+01  1.130000e+01
   endloop
 endfacet
 facet normal -2.643362e-01 -9.644306e-01 -0.000000e+00
   outer loop
     vertex  1.625768e+02  3.664554e+01  1.380000e+01
     vertex  1.625768e+02  3.664554e+01  1.130000e+01
     vertex  1.626218e+02  3.663321e+01  1.380000e+01
   endloop
 endfacet
 facet normal -2.377784e-01 -9.713194e-01 -0.000000e+00
   outer loop
     vertex  1.625768e+02  3.664554e+01  1.380000e+01
     vertex  1.625315e+02  3.665663e+01  1.130000e+01
     vertex  1.625768e+02  3.664554e+01  1.130000e+01
   endloop
 endfacet
 facet normal -2.377784e-01 -9.713194e-01 -0.000000e+00
   outer loop
     vertex  1.625315e+02  3.665663e+01  1.380000e+01
     vertex  1.625315e+02  3.665663e+01  1.130000e+01
     vertex  1.625768e+02  3.664554e+01  1.380000e+01
   endloop
 endfacet
 facet normal -2.110417e-01 -9.774771e-01  0.000000e+00
   outer loop
     vertex  1.624859e+02  3.666648e+01  1.380000e+01
     vertex  1.625315e+02  3.665663e+01  1.130000e+01
     vertex  1.625315e+02  3.665663e+01  1.380000e+01
   endloop
 endfacet
 facet normal -2.110417e-01 -9.774771e-01 -0.000000e+00
   outer loop
     vertex  1.624859e+02  3.666648e+01  1.380000e+01
     vertex  1.624859e+02  3.666648e+01  1.130000e+01
     vertex  1.625315e+02  3.665663e+01  1.130000e+01
   endloop
 endfacet
 facet normal -1.841461e-01 -9.828989e-01 -0.000000e+00
   outer loop
     vertex  1.624859e+02  3.666648e+01  1.380000e+01
     vertex  1.624401e+02  3.667507e+01  1.130000e+01
     vertex  1.624859e+02  3.666648e+01  1.130000e+01
   endloop
 endfacet
 facet normal -1.841461e-01 -9.828989e-01 -0.000000e+00
   outer loop
     vertex  1.624401e+02  3.667507e+01  1.380000e+01
     vertex  1.624401e+02  3.667507e+01  1.130000e+01
     vertex  1.624859e+02  3.666648e+01  1.380000e+01
   endloop
 endfacet
 facet normal -1.571119e-01 -9.875808e-01 -0.000000e+00
   outer loop
     vertex  1.624401e+02  3.667507e+01  1.380000e+01
     vertex  1.623940e+02  3.668239e+01  1.130000e+01
     vertex  1.624401e+02  3.667507e+01  1.130000e+01
   endloop
 endfacet
 facet normal -1.571119e-01 -9.875808e-01 -0.000000e+00
   outer loop
     vertex  1.623940e+02  3.668239e+01  1.380000e+01
     vertex  1.623940e+02  3.668239e+01  1.130000e+01
     vertex  1.624401e+02  3.667507e+01  1.380000e+01
   endloop
 endfacet
 facet normal -1.299594e-01 -9.915193e-01  0.000000e+00
   outer loop
     vertex  1.623478e+02  3.668846e+01  1.380000e+01
     vertex  1.623940e+02  3.668239e+01  1.130000e+01
     vertex  1.623940e+02  3.668239e+01  1.380000e+01
   endloop
 endfacet
 facet normal -1.299594e-01 -9.915193e-01 -0.000000e+00
   outer loop
     vertex  1.623478e+02  3.668846e+01  1.380000e+01
     vertex  1.623478e+02  3.668846e+01  1.130000e+01
     vertex  1.623940e+02  3.668239e+01  1.130000e+01
   endloop
 endfacet
 facet normal -1.027091e-01 -9.947114e-01 -0.000000e+00
   outer loop
     vertex  1.623478e+02  3.668846e+01  1.380000e+01
     vertex  1.623014e+02  3.669325e+01  1.130000e+01
     vertex  1.623478e+02  3.668846e+01  1.130000e+01
   endloop
 endfacet
 facet normal -1.027091e-01 -9.947114e-01 -0.000000e+00
   outer loop
     vertex  1.623014e+02  3.669325e+01  1.380000e+01
     vertex  1.623014e+02  3.669325e+01  1.130000e+01
     vertex  1.623478e+02  3.668846e+01  1.380000e+01
   endloop
 endfacet
 facet normal -7.538152e-02 -9.971548e-01  0.000000e+00
   outer loop
     vertex  1.622549e+02  3.669676e+01  1.380000e+01
     vertex  1.623014e+02  3.669325e+01  1.130000e+01
     vertex  1.623014e+02  3.669325e+01  1.380000e+01
   endloop
 endfacet
 facet normal -7.538152e-02 -9.971548e-01 -0.000000e+00
   outer loop
     vertex  1.622549e+02  3.669676e+01  1.380000e+01
     vertex  1.622549e+02  3.669676e+01  1.130000e+01
     vertex  1.623014e+02  3.669325e+01  1.130000e+01
   endloop
 endfacet
 facet normal -4.799716e-02 -9.988475e-01 -0.000000e+00
   outer loop
     vertex  1.622549e+02  3.669676e+01  1.380000e+01
     vertex  1.622083e+02  3.669900e+01  1.130000e+01
     vertex  1.622549e+02  3.669676e+01  1.130000e+01
   endloop
 endfacet
 facet normal -2.057667e-02 -9.997883e-01 -0.000000e+00
   outer loop
     vertex  1.622083e+02  3.669900e+01  1.380000e+01
     vertex  1.621617e+02  3.669996e+01  1.130000e+01
     vertex  1.622083e+02  3.669900e+01  1.130000e+01
   endloop
 endfacet
 facet normal -4.799716e-02 -9.988475e-01 -0.000000e+00
   outer loop
     vertex  1.622083e+02  3.669900e+01  1.380000e+01
     vertex  1.622083e+02  3.669900e+01  1.130000e+01
     vertex  1.622549e+02  3.669676e+01  1.380000e+01
   endloop
 endfacet
 facet normal -2.057667e-02 -9.997883e-01 -0.000000e+00
   outer loop
     vertex  1.621617e+02  3.669996e+01  1.380000e+01
     vertex  1.621617e+02  3.669996e+01  1.130000e+01
     vertex  1.622083e+02  3.669900e+01  1.380000e+01
   endloop
 endfacet
 facet normal  6.859319e-03 -9.999765e-01  0.000000e+00
   outer loop
     vertex  1.621150e+02  3.669964e+01  1.380000e+01
     vertex  1.621150e+02  3.669964e+01  1.130000e+01
     vertex  1.621617e+02  3.669996e+01  1.130000e+01
   endloop
 endfacet
 facet normal  6.859319e-03 -9.999765e-01  0.000000e+00
   outer loop
     vertex  1.621150e+02  3.669964e+01  1.380000e+01
     vertex  1.621617e+02  3.669996e+01  1.130000e+01
     vertex  1.621617e+02  3.669996e+01  1.380000e+01
   endloop
 endfacet
 facet normal  3.429014e-02 -9.994119e-01  0.000000e+00
   outer loop
     vertex  1.620684e+02  3.669804e+01  1.380000e+01
     vertex  1.620684e+02  3.669804e+01  1.130000e+01
     vertex  1.621150e+02  3.669964e+01  1.130000e+01
   endloop
 endfacet
 facet normal  3.429014e-02 -9.994119e-01  0.000000e+00
   outer loop
     vertex  1.620684e+02  3.669804e+01  1.380000e+01
     vertex  1.621150e+02  3.669964e+01  1.130000e+01
     vertex  1.621150e+02  3.669964e+01  1.380000e+01
   endloop
 endfacet
 facet normal  6.169515e-02 -9.980950e-01  0.000000e+00
   outer loop
     vertex  1.620219e+02  3.669516e+01  1.380000e+01
     vertex  1.620219e+02  3.669516e+01  1.130000e+01
     vertex  1.620684e+02  3.669804e+01  1.130000e+01
   endloop
 endfacet
 facet normal  6.169515e-02 -9.980950e-01  0.000000e+00
   outer loop
     vertex  1.620219e+02  3.669516e+01  1.380000e+01
     vertex  1.620684e+02  3.669804e+01  1.130000e+01
     vertex  1.620684e+02  3.669804e+01  1.380000e+01
   endloop
 endfacet
 facet normal  8.905371e-02 -9.960268e-01  0.000000e+00
   outer loop
     vertex  1.619754e+02  3.669101e+01  1.380000e+01
     vertex  1.620219e+02  3.669516e+01  1.130000e+01
     vertex  1.620219e+02  3.669516e+01  1.380000e+01
   endloop
 endfacet
 facet normal  8.905371e-02 -9.960268e-01  0.000000e+00
   outer loop
     vertex  1.619754e+02  3.669101e+01  1.380000e+01
     vertex  1.619754e+02  3.669101e+01  1.130000e+01
     vertex  1.620219e+02  3.669516e+01  1.130000e+01
   endloop
 endfacet
 facet normal  1.163452e-01 -9.932088e-01  0.000000e+00
   outer loop
     vertex  1.619291e+02  3.668558e+01  1.380000e+01
     vertex  1.619754e+02  3.669101e+01  1.130000e+01
     vertex  1.619754e+02  3.669101e+01  1.380000e+01
   endloop
 endfacet
 facet normal  1.163452e-01 -9.932088e-01  0.000000e+00
   outer loop
     vertex  1.619291e+02  3.668558e+01  1.380000e+01
     vertex  1.619291e+02  3.668558e+01  1.130000e+01
     vertex  1.619754e+02  3.669101e+01  1.130000e+01
   endloop
 endfacet
 facet normal  1.435492e-01 -9.896432e-01  0.000000e+00
   outer loop
     vertex  1.619291e+02  3.668558e+01  1.380000e+01
     vertex  1.618829e+02  3.667889e+01  1.130000e+01
     vertex  1.619291e+02  3.668558e+01  1.130000e+01
   endloop
 endfacet
 facet normal  1.435492e-01 -9.896432e-01  0.000000e+00
   outer loop
     vertex  1.618829e+02  3.667889e+01  1.380000e+01
     vertex  1.618829e+02  3.667889e+01  1.130000e+01
     vertex  1.619291e+02  3.668558e+01  1.380000e+01
   endloop
 endfacet
 facet normal  1.706451e-01 -9.853326e-01  0.000000e+00
   outer loop
     vertex  1.618370e+02  3.667093e+01  1.380000e+01
     vertex  1.618829e+02  3.667889e+01  1.130000e+01
     vertex  1.618829e+02  3.667889e+01  1.380000e+01
   endloop
 endfacet
 facet normal  1.706451e-01 -9.853326e-01  0.000000e+00
   outer loop
     vertex  1.618370e+02  3.667093e+01  1.380000e+01
     vertex  1.618370e+02  3.667093e+01  1.130000e+01
     vertex  1.618829e+02  3.667889e+01  1.130000e+01
   endloop
 endfacet
 facet normal  1.976125e-01 -9.802802e-01  0.000000e+00
   outer loop
     vertex  1.617912e+02  3.666171e+01  1.380000e+01
     vertex  1.618370e+02  3.667093e+01  1.130000e+01
     vertex  1.618370e+02  3.667093e+01  1.380000e+01
   endloop
 endfacet
 facet normal  1.976125e-01 -9.802802e-01  0.000000e+00
   outer loop
     vertex  1.617912e+02  3.666171e+01  1.380000e+01
     vertex  1.617912e+02  3.666171e+01  1.130000e+01
     vertex  1.618370e+02  3.667093e+01  1.130000e+01
   endloop
 endfacet
 facet normal  2.244312e-01 -9.744899e-01  0.000000e+00
   outer loop
     vertex  1.617912e+02  3.666171e+01  1.380000e+01
     vertex  1.617458e+02  3.665124e+01  1.130000e+01
     vertex  1.617912e+02  3.666171e+01  1.130000e+01
   endloop
 endfacet
 facet normal  2.244312e-01 -9.744899e-01  0.000000e+00
   outer loop
     vertex  1.617458e+02  3.665124e+01  1.380000e+01
     vertex  1.617458e+02  3.665124e+01  1.130000e+01
     vertex  1.617912e+02  3.666171e+01  1.380000e+01
   endloop
 endfacet
 facet normal  2.510809e-01 -9.679661e-01  0.000000e+00
   outer loop
     vertex  1.617006e+02  3.663953e+01  1.380000e+01
     vertex  1.617458e+02  3.665124e+01  1.130000e+01
     vertex  1.617458e+02  3.665124e+01  1.380000e+01
   endloop
 endfacet
 facet normal  2.510809e-01 -9.679661e-01  0.000000e+00
   outer loop
     vertex  1.617006e+02  3.663953e+01  1.380000e+01
     vertex  1.617006e+02  3.663953e+01  1.130000e+01
     vertex  1.617458e+02  3.665124e+01  1.130000e+01
   endloop
 endfacet
 facet normal  2.775416e-01 -9.607136e-01  0.000000e+00
   outer loop
     vertex  1.617006e+02  3.663953e+01  1.380000e+01
     vertex  1.616558e+02  3.662659e+01  1.130000e+01
     vertex  1.617006e+02  3.663953e+01  1.130000e+01
   endloop
 endfacet
 facet normal  2.775416e-01 -9.607136e-01  0.000000e+00
   outer loop
     vertex  1.616558e+02  3.662659e+01  1.380000e+01
     vertex  1.616558e+02  3.662659e+01  1.130000e+01
     vertex  1.617006e+02  3.663953e+01  1.380000e+01
   endloop
 endfacet
 facet normal  3.037934e-01 -9.527379e-01  0.000000e+00
   outer loop
     vertex  1.616114e+02  3.661242e+01  1.380000e+01
     vertex  1.616558e+02  3.662659e+01  1.130000e+01
     vertex  1.616558e+02  3.662659e+01  1.380000e+01
   endloop
 endfacet
 facet normal  3.037934e-01 -9.527379e-01  0.000000e+00
   outer loop
     vertex  1.616114e+02  3.661242e+01  1.380000e+01
     vertex  1.616114e+02  3.661242e+01  1.130000e+01
     vertex  1.616558e+02  3.662659e+01  1.130000e+01
   endloop
 endfacet
 facet normal  3.298166e-01 -9.440450e-01  0.000000e+00
   outer loop
     vertex  1.616114e+02  3.661242e+01  1.380000e+01
     vertex  1.615673e+02  3.659703e+01  1.130000e+01
     vertex  1.616114e+02  3.661242e+01  1.130000e+01
   endloop
 endfacet
 facet normal  3.298166e-01 -9.440450e-01  0.000000e+00
   outer loop
     vertex  1.615673e+02  3.659703e+01  1.380000e+01
     vertex  1.615673e+02  3.659703e+01  1.130000e+01
     vertex  1.616114e+02  3.661242e+01  1.380000e+01
   endloop
 endfacet
 facet normal  3.555914e-01 -9.346415e-01  0.000000e+00
   outer loop
     vertex  1.615238e+02  3.658045e+01  1.380000e+01
     vertex  1.615673e+02  3.659703e+01  1.130000e+01
     vertex  1.615673e+02  3.659703e+01  1.380000e+01
   endloop
 endfacet
 facet normal  3.555914e-01 -9.346415e-01  0.000000e+00
   outer loop
     vertex  1.615238e+02  3.658045e+01  1.380000e+01
     vertex  1.615238e+02  3.658045e+01  1.130000e+01
     vertex  1.615673e+02  3.659703e+01  1.130000e+01
   endloop
 endfacet
 facet normal  3.810986e-01 -9.245344e-01  0.000000e+00
   outer loop
     vertex  1.614806e+02  3.656267e+01  1.380000e+01
     vertex  1.615238e+02  3.658045e+01  1.130000e+01
     vertex  1.615238e+02  3.658045e+01  1.380000e+01
   endloop
 endfacet
 facet normal  3.810986e-01 -9.245344e-01  0.000000e+00
   outer loop
     vertex  1.614806e+02  3.656267e+01  1.380000e+01
     vertex  1.614806e+02  3.656267e+01  1.130000e+01
     vertex  1.615238e+02  3.658045e+01  1.130000e+01
   endloop
 endfacet
 facet normal  4.063188e-01 -9.137314e-01  0.000000e+00
   outer loop
     vertex  1.614380e+02  3.654372e+01  1.380000e+01
     vertex  1.614380e+02  3.654372e+01  1.130000e+01
     vertex  1.614806e+02  3.656267e+01  1.130000e+01
   endloop
 endfacet
 facet normal  4.312333e-01 -9.022405e-01  0.000000e+00
   outer loop
     vertex  1.614380e+02  3.654372e+01  1.380000e+01
     vertex  1.613959e+02  3.652361e+01  1.130000e+01
     vertex  1.614380e+02  3.654372e+01  1.130000e+01
   endloop
 endfacet
 facet normal  4.063188e-01 -9.137314e-01  0.000000e+00
   outer loop
     vertex  1.614380e+02  3.654372e+01  1.380000e+01
     vertex  1.614806e+02  3.656267e+01  1.130000e+01
     vertex  1.614806e+02  3.656267e+01  1.380000e+01
   endloop
 endfacet
 facet normal  4.312333e-01 -9.022405e-01  0.000000e+00
   outer loop
     vertex  1.613959e+02  3.652361e+01  1.380000e+01
     vertex  1.613959e+02  3.652361e+01  1.130000e+01
     vertex  1.614380e+02  3.654372e+01  1.380000e+01
   endloop
 endfacet
 facet normal  4.558231e-01 -8.900704e-01  0.000000e+00
   outer loop
     vertex  1.613544e+02  3.650235e+01  1.380000e+01
     vertex  1.613544e+02  3.650235e+01  1.130000e+01
     vertex  1.613959e+02  3.652361e+01  1.130000e+01
   endloop
 endfacet
 facet normal  4.800697e-01 -8.772303e-01  0.000000e+00
   outer loop
     vertex  1.613544e+02  3.650235e+01  1.380000e+01
     vertex  1.613135e+02  3.647996e+01  1.130000e+01
     vertex  1.613544e+02  3.650235e+01  1.130000e+01
   endloop
 endfacet
 facet normal  4.558231e-01 -8.900704e-01  0.000000e+00
   outer loop
     vertex  1.613544e+02  3.650235e+01  1.380000e+01
     vertex  1.613959e+02  3.652361e+01  1.130000e+01
     vertex  1.613959e+02  3.652361e+01  1.380000e+01
   endloop
 endfacet
 facet normal  4.800697e-01 -8.772303e-01  0.000000e+00
   outer loop
     vertex  1.613135e+02  3.647996e+01  1.380000e+01
     vertex  1.613135e+02  3.647996e+01  1.130000e+01
     vertex  1.613544e+02  3.650235e+01  1.380000e+01
   endloop
 endfacet
 facet normal  5.039550e-01 -8.637299e-01  0.000000e+00
   outer loop
     vertex  1.612732e+02  3.645645e+01  1.380000e+01
     vertex  1.612732e+02  3.645645e+01  1.130000e+01
     vertex  1.613135e+02  3.647996e+01  1.130000e+01
   endloop
 endfacet
 facet normal  5.039550e-01 -8.637299e-01  0.000000e+00
   outer loop
     vertex  1.612732e+02  3.645645e+01  1.380000e+01
     vertex  1.613135e+02  3.647996e+01  1.130000e+01
     vertex  1.613135e+02  3.647996e+01  1.380000e+01
   endloop
 endfacet
 facet normal  5.274609e-01 -8.495793e-01  0.000000e+00
   outer loop
     vertex  1.612336e+02  3.643185e+01  1.380000e+01
     vertex  1.612336e+02  3.643185e+01  1.130000e+01
     vertex  1.612732e+02  3.645645e+01  1.130000e+01
   endloop
 endfacet
 facet normal  5.505698e-01 -8.347891e-01  0.000000e+00
   outer loop
     vertex  1.612336e+02  3.643185e+01  1.380000e+01
     vertex  1.611947e+02  3.640617e+01  1.130000e+01
     vertex  1.612336e+02  3.643185e+01  1.130000e+01
   endloop
 endfacet
 facet normal  5.274609e-01 -8.495793e-01  0.000000e+00
   outer loop
     vertex  1.612336e+02  3.643185e+01  1.380000e+01
     vertex  1.612732e+02  3.645645e+01  1.130000e+01
     vertex  1.612732e+02  3.645645e+01  1.380000e+01
   endloop
 endfacet
 facet normal  5.505698e-01 -8.347891e-01  0.000000e+00
   outer loop
     vertex  1.611947e+02  3.640617e+01  1.380000e+01
     vertex  1.611947e+02  3.640617e+01  1.130000e+01
     vertex  1.612336e+02  3.643185e+01  1.380000e+01
   endloop
 endfacet
 facet normal  5.732642e-01 -8.193706e-01  0.000000e+00
   outer loop
     vertex  1.611564e+02  3.637943e+01  1.380000e+01
     vertex  1.611564e+02  3.637943e+01  1.130000e+01
     vertex  1.611947e+02  3.640617e+01  1.130000e+01
   endloop
 endfacet
 facet normal  5.732642e-01 -8.193706e-01  0.000000e+00
   outer loop
     vertex  1.611564e+02  3.637943e+01  1.380000e+01
     vertex  1.611947e+02  3.640617e+01  1.130000e+01
     vertex  1.611947e+02  3.640617e+01  1.380000e+01
   endloop
 endfacet
 facet normal  5.955271e-01 -8.033352e-01  0.000000e+00
   outer loop
     vertex  1.611190e+02  3.635165e+01  1.380000e+01
     vertex  1.611190e+02  3.635165e+01  1.130000e+01
     vertex  1.611564e+02  3.637943e+01  1.130000e+01
   endloop
 endfacet
 facet normal  6.173417e-01 -7.866951e-01  0.000000e+00
   outer loop
     vertex  1.611190e+02  3.635165e+01  1.380000e+01
     vertex  1.610823e+02  3.632286e+01  1.130000e+01
     vertex  1.611190e+02  3.635165e+01  1.130000e+01
   endloop
 endfacet
 facet normal  5.955271e-01 -8.033352e-01  0.000000e+00
   outer loop
     vertex  1.611190e+02  3.635165e+01  1.380000e+01
     vertex  1.611564e+02  3.637943e+01  1.130000e+01
     vertex  1.611564e+02  3.637943e+01  1.380000e+01
   endloop
 endfacet
 facet normal  6.173417e-01 -7.866951e-01  0.000000e+00
   outer loop
     vertex  1.610823e+02  3.632286e+01  1.380000e+01
     vertex  1.610823e+02  3.632286e+01  1.130000e+01
     vertex  1.611190e+02  3.635165e+01  1.380000e+01
   endloop
 endfacet
 facet normal  6.386916e-01 -7.694628e-01  0.000000e+00
   outer loop
     vertex  1.610464e+02  3.629307e+01  1.380000e+01
     vertex  1.610464e+02  3.629307e+01  1.130000e+01
     vertex  1.610823e+02  3.632286e+01  1.130000e+01
   endloop
 endfacet
 facet normal  6.386916e-01 -7.694628e-01  0.000000e+00
   outer loop
     vertex  1.610464e+02  3.629307e+01  1.380000e+01
     vertex  1.610823e+02  3.632286e+01  1.130000e+01
     vertex  1.610823e+02  3.632286e+01  1.380000e+01
   endloop
 endfacet
 facet normal  6.595607e-01 -7.516513e-01  0.000000e+00
   outer loop
     vertex  1.610113e+02  3.626231e+01  1.380000e+01
     vertex  1.610113e+02  3.626231e+01  1.130000e+01
     vertex  1.610464e+02  3.629307e+01  1.130000e+01
   endloop
 endfacet
 facet normal  6.595607e-01 -7.516513e-01  0.000000e+00
   outer loop
     vertex  1.610113e+02  3.626231e+01  1.380000e+01
     vertex  1.610464e+02  3.629307e+01  1.130000e+01
     vertex  1.610464e+02  3.629307e+01  1.380000e+01
   endloop
 endfacet
 facet normal  6.799333e-01 -7.332740e-01  0.000000e+00
   outer loop
     vertex  1.609771e+02  3.623059e+01  1.380000e+01
     vertex  1.609771e+02  3.623059e+01  1.130000e+01
     vertex  1.610113e+02  3.626231e+01  1.130000e+01
   endloop
 endfacet
 facet normal  6.997940e-01 -7.143447e-01  0.000000e+00
   outer loop
     vertex  1.609771e+02  3.623059e+01  1.380000e+01
     vertex  1.609438e+02  3.619795e+01  1.130000e+01
     vertex  1.609771e+02  3.623059e+01  1.130000e+01
   endloop
 endfacet
 facet normal  6.799333e-01 -7.332740e-01  0.000000e+00
   outer loop
     vertex  1.609771e+02  3.623059e+01  1.380000e+01
     vertex  1.610113e+02  3.626231e+01  1.130000e+01
     vertex  1.610113e+02  3.626231e+01  1.380000e+01
   endloop
 endfacet
 facet normal  6.997940e-01 -7.143447e-01  0.000000e+00
   outer loop
     vertex  1.609438e+02  3.619795e+01  1.380000e+01
     vertex  1.609438e+02  3.619795e+01  1.130000e+01
     vertex  1.609771e+02  3.623059e+01  1.380000e+01
   endloop
 endfacet
 facet normal  7.191280e-01 -6.948776e-01  0.000000e+00
   outer loop
     vertex  1.609114e+02  3.616441e+01  1.380000e+01
     vertex  1.609438e+02  3.619795e+01  1.130000e+01
     vertex  1.609438e+02  3.619795e+01  1.380000e+01
   endloop
 endfacet
 facet normal  7.191280e-01 -6.948776e-01  0.000000e+00
   outer loop
     vertex  1.609114e+02  3.616441e+01  1.380000e+01
     vertex  1.609114e+02  3.616441e+01  1.130000e+01
     vertex  1.609438e+02  3.619795e+01  1.130000e+01
   endloop
 endfacet
 facet normal  7.379206e-01 -6.748875e-01  0.000000e+00
   outer loop
     vertex  1.608799e+02  3.612999e+01  1.380000e+01
     vertex  1.609114e+02  3.616441e+01  1.130000e+01
     vertex  1.609114e+02  3.616441e+01  1.380000e+01
   endloop
 endfacet
 facet normal  7.379206e-01 -6.748875e-01  0.000000e+00
   outer loop
     vertex  1.608799e+02  3.612999e+01  1.380000e+01
     vertex  1.608799e+02  3.612999e+01  1.130000e+01
     vertex  1.609114e+02  3.616441e+01  1.130000e+01
   endloop
 endfacet
 facet normal  7.561578e-01 -6.543893e-01  0.000000e+00
   outer loop
     vertex  1.608799e+02  3.612999e+01  1.380000e+01
     vertex  1.608494e+02  3.609472e+01  1.130000e+01
     vertex  1.608799e+02  3.612999e+01  1.130000e+01
   endloop
 endfacet
 facet normal  7.561578e-01 -6.543893e-01  0.000000e+00
   outer loop
     vertex  1.608494e+02  3.609472e+01  1.380000e+01
     vertex  1.608494e+02  3.609472e+01  1.130000e+01
     vertex  1.608799e+02  3.612999e+01  1.380000e+01
   endloop
 endfacet
 facet normal  7.738257e-01 -6.333986e-01  0.000000e+00
   outer loop
     vertex  1.608494e+02  3.609472e+01  1.380000e+01
     vertex  1.608198e+02  3.605863e+01  1.130000e+01
     vertex  1.608494e+02  3.609472e+01  1.130000e+01
   endloop
 endfacet
 facet normal  7.738257e-01 -6.333986e-01  0.000000e+00
   outer loop
     vertex  1.608198e+02  3.605863e+01  1.380000e+01
     vertex  1.608198e+02  3.605863e+01  1.130000e+01
     vertex  1.608494e+02  3.609472e+01  1.380000e+01
   endloop
 endfacet
 facet normal  7.909112e-01 -6.119310e-01  0.000000e+00
   outer loop
     vertex  1.607913e+02  3.602174e+01  1.380000e+01
     vertex  1.608198e+02  3.605863e+01  1.130000e+01
     vertex  1.608198e+02  3.605863e+01  1.380000e+01
   endloop
 endfacet
 facet normal  7.909112e-01 -6.119310e-01  0.000000e+00
   outer loop
     vertex  1.607913e+02  3.602174e+01  1.380000e+01
     vertex  1.607913e+02  3.602174e+01  1.130000e+01
     vertex  1.608198e+02  3.605863e+01  1.130000e+01
   endloop
 endfacet
 facet normal  8.074012e-01 -5.900028e-01  0.000000e+00
   outer loop
     vertex  1.607638e+02  3.598408e+01  1.380000e+01
     vertex  1.607638e+02  3.598408e+01  1.130000e+01
     vertex  1.607913e+02  3.602174e+01  1.130000e+01
   endloop
 endfacet
 facet normal  8.232835e-01 -5.676304e-01  0.000000e+00
   outer loop
     vertex  1.607638e+02  3.598408e+01  1.380000e+01
     vertex  1.607373e+02  3.594568e+01  1.130000e+01
     vertex  1.607638e+02  3.598408e+01  1.130000e+01
   endloop
 endfacet
 facet normal  8.074012e-01 -5.900028e-01  0.000000e+00
   outer loop
     vertex  1.607638e+02  3.598408e+01  1.380000e+01
     vertex  1.607913e+02  3.602174e+01  1.130000e+01
     vertex  1.607913e+02  3.602174e+01  1.380000e+01
   endloop
 endfacet
 facet normal  8.232835e-01 -5.676304e-01  0.000000e+00
   outer loop
     vertex  1.607373e+02  3.594568e+01  1.380000e+01
     vertex  1.607373e+02  3.594568e+01  1.130000e+01
     vertex  1.607638e+02  3.598408e+01  1.380000e+01
   endloop
 endfacet
 facet normal  8.385460e-01 -5.448308e-01  0.000000e+00
   outer loop
     vertex  1.607119e+02  3.590657e+01  1.380000e+01
     vertex  1.607373e+02  3.594568e+01  1.130000e+01
     vertex  1.607373e+02  3.594568e+01  1.380000e+01
   endloop
 endfacet
 facet normal  8.385460e-01 -5.448308e-01  0.000000e+00
   outer loop
     vertex  1.607119e+02  3.590657e+01  1.380000e+01
     vertex  1.607119e+02  3.590657e+01  1.130000e+01
     vertex  1.607373e+02  3.594568e+01  1.130000e+01
   endloop
 endfacet
 facet normal  8.531773e-01 -5.216210e-01  0.000000e+00
   outer loop
     vertex  1.607119e+02  3.590657e+01  1.380000e+01
     vertex  1.606876e+02  3.586678e+01  1.130000e+01
     vertex  1.607119e+02  3.590657e+01  1.130000e+01
   endloop
 endfacet
 facet normal  8.531773e-01 -5.216210e-01  0.000000e+00
   outer loop
     vertex  1.606876e+02  3.586678e+01  1.380000e+01
     vertex  1.606876e+02  3.586678e+01  1.130000e+01
     vertex  1.607119e+02  3.590657e+01  1.380000e+01
   endloop
 endfacet
 facet normal  8.671664e-01 -4.980186e-01  0.000000e+00
   outer loop
     vertex  1.606643e+02  3.582633e+01  1.380000e+01
     vertex  1.606643e+02  3.582633e+01  1.130000e+01
     vertex  1.606876e+02  3.586678e+01  1.130000e+01
   endloop
 endfacet
 facet normal  8.671664e-01 -4.980186e-01  0.000000e+00
   outer loop
     vertex  1.606643e+02  3.582633e+01  1.380000e+01
     vertex  1.606876e+02  3.586678e+01  1.130000e+01
     vertex  1.606876e+02  3.586678e+01  1.380000e+01
   endloop
 endfacet
 facet normal  8.805026e-01 -4.740412e-01  0.000000e+00
   outer loop
     vertex  1.606422e+02  3.578526e+01  1.380000e+01
     vertex  1.606422e+02  3.578526e+01  1.130000e+01
     vertex  1.606643e+02  3.582633e+01  1.130000e+01
   endloop
 endfacet
 facet normal  8.805026e-01 -4.740412e-01  0.000000e+00
   outer loop
     vertex  1.606422e+02  3.578526e+01  1.380000e+01
     vertex  1.606643e+02  3.582633e+01  1.130000e+01
     vertex  1.606643e+02  3.582633e+01  1.380000e+01
   endloop
 endfacet
 facet normal  8.931761e-01 -4.497071e-01  0.000000e+00
   outer loop
     vertex  1.606213e+02  3.574360e+01  1.380000e+01
     vertex  1.606213e+02  3.574360e+01  1.130000e+01
     vertex  1.606422e+02  3.578526e+01  1.130000e+01
   endloop
 endfacet
 facet normal  8.931761e-01 -4.497071e-01  0.000000e+00
   outer loop
     vertex  1.606213e+02  3.574360e+01  1.380000e+01
     vertex  1.606422e+02  3.578526e+01  1.130000e+01
     vertex  1.606422e+02  3.578526e+01  1.380000e+01
   endloop
 endfacet
 facet normal  9.051772e-01 -4.250344e-01  0.000000e+00
   outer loop
     vertex  1.606014e+02  3.570138e+01  1.380000e+01
     vertex  1.606014e+02  3.570138e+01  1.130000e+01
     vertex  1.606213e+02  3.574360e+01  1.130000e+01
   endloop
 endfacet
 facet normal  9.164969e-01 -4.000417e-01  0.000000e+00
   outer loop
     vertex  1.606014e+02  3.570138e+01  1.380000e+01
     vertex  1.605828e+02  3.565863e+01  1.130000e+01
     vertex  1.606014e+02  3.570138e+01  1.130000e+01
   endloop
 endfacet
 facet normal  9.051772e-01 -4.250344e-01  0.000000e+00
   outer loop
     vertex  1.606014e+02  3.570138e+01  1.380000e+01
     vertex  1.606213e+02  3.574360e+01  1.130000e+01
     vertex  1.606213e+02  3.574360e+01  1.380000e+01
   endloop
 endfacet
 facet normal  9.164969e-01 -4.000417e-01  0.000000e+00
   outer loop
     vertex  1.605828e+02  3.565863e+01  1.380000e+01
     vertex  1.605828e+02  3.565863e+01  1.130000e+01
     vertex  1.606014e+02  3.570138e+01  1.380000e+01
   endloop
 endfacet
 facet normal  9.271267e-01 -3.747479e-01  0.000000e+00
   outer loop
     vertex  1.605653e+02  3.561539e+01  1.380000e+01
     vertex  1.605653e+02  3.561539e+01  1.130000e+01
     vertex  1.605828e+02  3.565863e+01  1.130000e+01
   endloop
 endfacet
 facet normal  9.370586e-01 -3.491720e-01  0.000000e+00
   outer loop
     vertex  1.605653e+02  3.561539e+01  1.380000e+01
     vertex  1.605490e+02  3.557168e+01  1.130000e+01
     vertex  1.605653e+02  3.561539e+01  1.130000e+01
   endloop
 endfacet
 facet normal  9.271267e-01 -3.747479e-01  0.000000e+00
   outer loop
     vertex  1.605653e+02  3.561539e+01  1.380000e+01
     vertex  1.605828e+02  3.565863e+01  1.130000e+01
     vertex  1.605828e+02  3.565863e+01  1.380000e+01
   endloop
 endfacet
 facet normal  9.462851e-01 -3.233333e-01  0.000000e+00
   outer loop
     vertex  1.605490e+02  3.557168e+01  1.380000e+01
     vertex  1.605339e+02  3.552755e+01  1.130000e+01
     vertex  1.605490e+02  3.557168e+01  1.130000e+01
   endloop
 endfacet
 facet normal  9.370586e-01 -3.491720e-01  0.000000e+00
   outer loop
     vertex  1.605490e+02  3.557168e+01  1.380000e+01
     vertex  1.605490e+02  3.557168e+01  1.130000e+01
     vertex  1.605653e+02  3.561539e+01  1.380000e+01
   endloop
 endfacet
 facet normal  9.547993e-01 -2.972512e-01  0.000000e+00
   outer loop
     vertex  1.605339e+02  3.552755e+01  1.380000e+01
     vertex  1.605201e+02  3.548301e+01  1.130000e+01
     vertex  1.605339e+02  3.552755e+01  1.130000e+01
   endloop
 endfacet
 facet normal  9.462851e-01 -3.233333e-01  0.000000e+00
   outer loop
     vertex  1.605339e+02  3.552755e+01  1.380000e+01
     vertex  1.605339e+02  3.552755e+01  1.130000e+01
     vertex  1.605490e+02  3.557168e+01  1.380000e+01
   endloop
 endfacet
 facet normal  9.547993e-01 -2.972512e-01  0.000000e+00
   outer loop
     vertex  1.605201e+02  3.548301e+01  1.380000e+01
     vertex  1.605201e+02  3.548301e+01  1.130000e+01
     vertex  1.605339e+02  3.552755e+01  1.380000e+01
   endloop
 endfacet
 facet normal  9.625948e-01 -2.709453e-01  0.000000e+00
   outer loop
     vertex  1.605074e+02  3.543811e+01  1.380000e+01
     vertex  1.605074e+02  3.543811e+01  1.130000e+01
     vertex  1.605201e+02  3.548301e+01  1.130000e+01
   endloop
 endfacet
 facet normal  9.696656e-01 -2.444354e-01  0.000000e+00
   outer loop
     vertex  1.605074e+02  3.543811e+01  1.380000e+01
     vertex  1.604960e+02  3.539289e+01  1.130000e+01
     vertex  1.605074e+02  3.543811e+01  1.130000e+01
   endloop
 endfacet
 facet normal  9.625948e-01 -2.709453e-01  0.000000e+00
   outer loop
     vertex  1.605074e+02  3.543811e+01  1.380000e+01
     vertex  1.605201e+02  3.548301e+01  1.130000e+01
     vertex  1.605201e+02  3.548301e+01  1.380000e+01
   endloop
 endfacet
 facet normal  9.696656e-01 -2.444354e-01  0.000000e+00
   outer loop
     vertex  1.604960e+02  3.539289e+01  1.380000e+01
     vertex  1.604960e+02  3.539289e+01  1.130000e+01
     vertex  1.605074e+02  3.543811e+01  1.380000e+01
   endloop
 endfacet
 facet normal  9.760065e-01 -2.177416e-01  0.000000e+00
   outer loop
     vertex  1.604859e+02  3.534736e+01  1.380000e+01
     vertex  1.604859e+02  3.534736e+01  1.130000e+01
     vertex  1.604960e+02  3.539289e+01  1.130000e+01
   endloop
 endfacet
 facet normal  9.816126e-01 -1.908838e-01  0.000000e+00
   outer loop
     vertex  1.604859e+02  3.534736e+01  1.380000e+01
     vertex  1.604770e+02  3.530158e+01  1.130000e+01
     vertex  1.604859e+02  3.534736e+01  1.130000e+01
   endloop
 endfacet
 facet normal  9.760065e-01 -2.177416e-01  0.000000e+00
   outer loop
     vertex  1.604859e+02  3.534736e+01  1.380000e+01
     vertex  1.604960e+02  3.539289e+01  1.130000e+01
     vertex  1.604960e+02  3.539289e+01  1.380000e+01
   endloop
 endfacet
 facet normal  9.864799e-01 -1.638824e-01  0.000000e+00
   outer loop
     vertex  1.604770e+02  3.530158e+01  1.380000e+01
     vertex  1.604693e+02  3.525557e+01  1.130000e+01
     vertex  1.604770e+02  3.530158e+01  1.130000e+01
   endloop
 endfacet
 facet normal  9.816126e-01 -1.908838e-01  0.000000e+00
   outer loop
     vertex  1.604770e+02  3.530158e+01  1.380000e+01
     vertex  1.604770e+02  3.530158e+01  1.130000e+01
     vertex  1.604859e+02  3.534736e+01  1.380000e+01
   endloop
 endfacet
 facet normal  9.864799e-01 -1.638824e-01  0.000000e+00
   outer loop
     vertex  1.604693e+02  3.525557e+01  1.380000e+01
     vertex  1.604693e+02  3.525557e+01  1.130000e+01
     vertex  1.604770e+02  3.530158e+01  1.380000e+01
   endloop
 endfacet
 facet normal  9.906046e-01 -1.367575e-01  0.000000e+00
   outer loop
     vertex  1.604629e+02  3.520936e+01  1.380000e+01
     vertex  1.604629e+02  3.520936e+01  1.130000e+01
     vertex  1.604693e+02  3.525557e+01  1.130000e+01
   endloop
 endfacet
 facet normal  9.939835e-01 -1.095298e-01  0.000000e+00
   outer loop
     vertex  1.604629e+02  3.520936e+01  1.380000e+01
     vertex  1.604578e+02  3.516300e+01  1.130000e+01
     vertex  1.604629e+02  3.520936e+01  1.130000e+01
   endloop
 endfacet
 facet normal  9.906046e-01 -1.367575e-01  0.000000e+00
   outer loop
     vertex  1.604629e+02  3.520936e+01  1.380000e+01
     vertex  1.604693e+02  3.525557e+01  1.130000e+01
     vertex  1.604693e+02  3.525557e+01  1.380000e+01
   endloop
 endfacet
 facet normal  9.939835e-01 -1.095298e-01  0.000000e+00
   outer loop
     vertex  1.604578e+02  3.516300e+01  1.380000e+01
     vertex  1.604578e+02  3.516300e+01  1.130000e+01
     vertex  1.604629e+02  3.520936e+01  1.380000e+01
   endloop
 endfacet
 facet normal  9.966142e-01 -8.221955e-02  0.000000e+00
   outer loop
     vertex  1.604540e+02  3.511652e+01  1.380000e+01
     vertex  1.604578e+02  3.516300e+01  1.130000e+01
     vertex  1.604578e+02  3.516300e+01  1.380000e+01
   endloop
 endfacet
 facet normal  9.966142e-01 -8.221955e-02  0.000000e+00
   outer loop
     vertex  1.604540e+02  3.511652e+01  1.380000e+01
     vertex  1.604540e+02  3.511652e+01  1.130000e+01
     vertex  1.604578e+02  3.516300e+01  1.130000e+01
   endloop
 endfacet
 facet normal  9.984947e-01 -5.484744e-02  0.000000e+00
   outer loop
     vertex  1.604540e+02  3.511652e+01  1.380000e+01
     vertex  1.604514e+02  3.506995e+01  1.130000e+01
     vertex  1.604540e+02  3.511652e+01  1.130000e+01
   endloop
 endfacet
 facet normal  9.984947e-01 -5.484744e-02  0.000000e+00
   outer loop
     vertex  1.604514e+02  3.506995e+01  1.380000e+01
     vertex  1.604514e+02  3.506995e+01  1.130000e+01
     vertex  1.604540e+02  3.511652e+01  1.380000e+01
   endloop
 endfacet
 facet normal  9.996236e-01 -2.743405e-02  0.000000e+00
   outer loop
     vertex  1.604502e+02  3.502332e+01  1.380000e+01
     vertex  1.604514e+02  3.506995e+01  1.130000e+01
     vertex  1.604514e+02  3.506995e+01  1.380000e+01
   endloop
 endfacet
 facet normal  9.996236e-01 -2.743405e-02  0.000000e+00
   outer loop
     vertex  1.604502e+02  3.502332e+01  1.380000e+01
     vertex  1.604502e+02  3.502332e+01  1.130000e+01
     vertex  1.604514e+02  3.506995e+01  1.130000e+01
   endloop
 endfacet
 facet normal  1.000000e+00 -0.000000e+00  0.000000e+00
   outer loop
     vertex  1.604502e+02  3.497668e+01  1.380000e+01
     vertex  1.604502e+02  3.502332e+01  1.130000e+01
     vertex  1.604502e+02  3.502332e+01  1.380000e+01
   endloop
 endfacet
 facet normal  1.000000e+00  0.000000e+00  0.000000e+00
   outer loop
     vertex  1.604502e+02  3.497668e+01  1.380000e+01
     vertex  1.604502e+02  3.497668e+01  1.130000e+01
     vertex  1.604502e+02  3.502332e+01  1.130000e+01
   endloop
 endfacet
 facet normal  9.996236e-01  2.743405e-02  0.000000e+00
   outer loop
     vertex  1.604502e+02  3.497668e+01  1.380000e+01
     vertex  1.604514e+02  3.493005e+01  1.130000e+01
     vertex  1.604502e+02  3.497668e+01  1.130000e+01
   endloop
 endfacet
 facet normal  9.996236e-01  2.743405e-02  0.000000e+00
   outer loop
     vertex  1.604514e+02  3.493005e+01  1.380000e+01
     vertex  1.604514e+02  3.493005e+01  1.130000e+01
     vertex  1.604502e+02  3.497668e+01  1.380000e+01
   endloop
 endfacet
 facet normal  9.984947e-01  5.484744e-02  0.000000e+00
   outer loop
     vertex  1.604514e+02  3.493005e+01  1.380000e+01
     vertex  1.604540e+02  3.488348e+01  1.130000e+01
     vertex  1.604514e+02  3.493005e+01  1.130000e+01
   endloop
 endfacet
 facet normal  9.984947e-01  5.484744e-02  0.000000e+00
   outer loop
     vertex  1.604540e+02  3.488348e+01  1.380000e+01
     vertex  1.604540e+02  3.488348e+01  1.130000e+01
     vertex  1.604514e+02  3.493005e+01  1.380000e+01
   endloop
 endfacet
 facet normal  9.966142e-01  8.221955e-02  0.000000e+00
   outer loop
     vertex  1.604578e+02  3.483700e+01  1.380000e+01
     vertex  1.604540e+02  3.488348e+01  1.130000e+01
     vertex  1.604540e+02  3.488348e+01  1.380000e+01
   endloop
 endfacet
 facet normal  9.966142e-01  8.221955e-02  0.000000e+00
   outer loop
     vertex  1.604578e+02  3.483700e+01  1.380000e+01
     vertex  1.604578e+02  3.483700e+01  1.130000e+01
     vertex  1.604540e+02  3.488348e+01  1.130000e+01
   endloop
 endfacet
 facet normal  9.939835e-01  1.095298e-01  0.000000e+00
   outer loop
     vertex  1.604629e+02  3.479064e+01  1.380000e+01
     vertex  1.604578e+02  3.483700e+01  1.130000e+01
     vertex  1.604578e+02  3.483700e+01  1.380000e+01
   endloop
 endfacet
 facet normal  9.939835e-01  1.095298e-01  0.000000e+00
   outer loop
     vertex  1.604629e+02  3.479064e+01  1.380000e+01
     vertex  1.604629e+02  3.479064e+01  1.130000e+01
     vertex  1.604578e+02  3.483700e+01  1.130000e+01
   endloop
 endfacet
 facet normal  9.906046e-01  1.367575e-01  0.000000e+00
   outer loop
     vertex  1.604629e+02  3.479064e+01  1.380000e+01
     vertex  1.604693e+02  3.474443e+01  1.130000e+01
     vertex  1.604629e+02  3.479064e+01  1.130000e+01
   endloop
 endfacet
 facet normal  9.906046e-01  1.367575e-01  0.000000e+00
   outer loop
     vertex  1.604693e+02  3.474443e+01  1.380000e+01
     vertex  1.604693e+02  3.474443e+01  1.130000e+01
     vertex  1.604629e+02  3.479064e+01  1.380000e+01
   endloop
 endfacet
 facet normal  9.864799e-01  1.638824e-01  0.000000e+00
   outer loop
     vertex  1.604770e+02  3.469842e+01  1.380000e+01
     vertex  1.604693e+02  3.474443e+01  1.130000e+01
     vertex  1.604693e+02  3.474443e+01  1.380000e+01
   endloop
 endfacet
 facet normal  9.864799e-01  1.638824e-01  0.000000e+00
   outer loop
     vertex  1.604770e+02  3.469842e+01  1.380000e+01
     vertex  1.604770e+02  3.469842e+01  1.130000e+01
     vertex  1.604693e+02  3.474443e+01  1.130000e+01
   endloop
 endfacet
 facet normal  9.816126e-01  1.908838e-01  0.000000e+00
   outer loop
     vertex  1.604859e+02  3.465264e+01  1.380000e+01
     vertex  1.604770e+02  3.469842e+01  1.130000e+01
     vertex  1.604770e+02  3.469842e+01  1.380000e+01
   endloop
 endfacet
 facet normal  9.816126e-01  1.908838e-01  0.000000e+00
   outer loop
     vertex  1.604859e+02  3.465264e+01  1.380000e+01
     vertex  1.604859e+02  3.465264e+01  1.130000e+01
     vertex  1.604770e+02  3.469842e+01  1.130000e+01
   endloop
 endfacet
 facet normal  9.760065e-01  2.177416e-01  0.000000e+00
   outer loop
     vertex  1.604859e+02  3.465264e+01  1.380000e+01
     vertex  1.604960e+02  3.460711e+01  1.130000e+01
     vertex  1.604859e+02  3.465264e+01  1.130000e+01
   endloop
 endfacet
 facet normal  9.760065e-01  2.177416e-01  0.000000e+00
   outer loop
     vertex  1.604960e+02  3.460711e+01  1.380000e+01
     vertex  1.604960e+02  3.460711e+01  1.130000e+01
     vertex  1.604859e+02  3.465264e+01  1.380000e+01
   endloop
 endfacet
 facet normal  9.696656e-01  2.444354e-01  0.000000e+00
   outer loop
     vertex  1.605074e+02  3.456189e+01  1.380000e+01
     vertex  1.605074e+02  3.456189e+01  1.130000e+01
     vertex  1.604960e+02  3.460711e+01  1.130000e+01
   endloop
 endfacet
 facet normal  9.625948e-01  2.709453e-01  0.000000e+00
   outer loop
     vertex  1.605074e+02  3.456189e+01  1.380000e+01
     vertex  1.605201e+02  3.451699e+01  1.130000e+01
     vertex  1.605074e+02  3.456189e+01  1.130000e+01
   endloop
 endfacet
 facet normal  9.696656e-01  2.444354e-01  0.000000e+00
   outer loop
     vertex  1.605074e+02  3.456189e+01  1.380000e+01
     vertex  1.604960e+02  3.460711e+01  1.130000e+01
     vertex  1.604960e+02  3.460711e+01  1.380000e+01
   endloop
 endfacet
 facet normal  9.625948e-01  2.709453e-01  0.000000e+00
   outer loop
     vertex  1.605201e+02  3.451699e+01  1.380000e+01
     vertex  1.605201e+02  3.451699e+01  1.130000e+01
     vertex  1.605074e+02  3.456189e+01  1.380000e+01
   endloop
 endfacet
 facet normal  9.547993e-01  2.972512e-01  0.000000e+00
   outer loop
     vertex  1.605339e+02  3.447245e+01  1.380000e+01
     vertex  1.605339e+02  3.447245e+01  1.130000e+01
     vertex  1.605201e+02  3.451699e+01  1.130000e+01
   endloop
 endfacet
 facet normal  9.462851e-01  3.233333e-01  0.000000e+00
   outer loop
     vertex  1.605339e+02  3.447245e+01  1.380000e+01
     vertex  1.605490e+02  3.442832e+01  1.130000e+01
     vertex  1.605339e+02  3.447245e+01  1.130000e+01
   endloop
 endfacet
 facet normal  9.547993e-01  2.972512e-01  0.000000e+00
   outer loop
     vertex  1.605339e+02  3.447245e+01  1.380000e+01
     vertex  1.605201e+02  3.451699e+01  1.130000e+01
     vertex  1.605201e+02  3.451699e+01  1.380000e+01
   endloop
 endfacet
 facet normal  9.462851e-01  3.233333e-01  0.000000e+00
   outer loop
     vertex  1.605490e+02  3.442832e+01  1.380000e+01
     vertex  1.605490e+02  3.442832e+01  1.130000e+01
     vertex  1.605339e+02  3.447245e+01  1.380000e+01
   endloop
 endfacet
 facet normal  9.370586e-01  3.491720e-01  0.000000e+00
   outer loop
     vertex  1.605653e+02  3.438461e+01  1.380000e+01
     vertex  1.605653e+02  3.438461e+01  1.130000e+01
     vertex  1.605490e+02  3.442832e+01  1.130000e+01
   endloop
 endfacet
 facet normal  9.271267e-01  3.747479e-01  0.000000e+00
   outer loop
     vertex  1.605653e+02  3.438461e+01  1.380000e+01
     vertex  1.605828e+02  3.434137e+01  1.130000e+01
     vertex  1.605653e+02  3.438461e+01  1.130000e+01
   endloop
 endfacet
 facet normal  9.370586e-01  3.491720e-01  0.000000e+00
   outer loop
     vertex  1.605653e+02  3.438461e+01  1.380000e+01
     vertex  1.605490e+02  3.442832e+01  1.130000e+01
     vertex  1.605490e+02  3.442832e+01  1.380000e+01
   endloop
 endfacet
 facet normal  9.271267e-01  3.747479e-01  0.000000e+00
   outer loop
     vertex  1.605828e+02  3.434137e+01  1.380000e+01
     vertex  1.605828e+02  3.434137e+01  1.130000e+01
     vertex  1.605653e+02  3.438461e+01  1.380000e+01
   endloop
 endfacet
 facet normal  9.164969e-01  4.000417e-01  0.000000e+00
   outer loop
     vertex  1.606014e+02  3.429862e+01  1.380000e+01
     vertex  1.606014e+02  3.429862e+01  1.130000e+01
     vertex  1.605828e+02  3.434137e+01  1.130000e+01
   endloop
 endfacet
 facet normal  9.164969e-01  4.000417e-01  0.000000e+00
   outer loop
     vertex  1.606014e+02  3.429862e+01  1.380000e+01
     vertex  1.605828e+02  3.434137e+01  1.130000e+01
     vertex  1.605828e+02  3.434137e+01  1.380000e+01
   endloop
 endfacet
 facet normal  9.051772e-01  4.250344e-01  0.000000e+00
   outer loop
     vertex  1.606213e+02  3.425640e+01  1.380000e+01
     vertex  1.606213e+02  3.425640e+01  1.130000e+01
     vertex  1.606014e+02  3.429862e+01  1.130000e+01
   endloop
 endfacet
 facet normal  9.051772e-01  4.250344e-01  0.000000e+00
   outer loop
     vertex  1.606213e+02  3.425640e+01  1.380000e+01
     vertex  1.606014e+02  3.429862e+01  1.130000e+01
     vertex  1.606014e+02  3.429862e+01  1.380000e+01
   endloop
 endfacet
 facet normal  8.931761e-01  4.497071e-01  0.000000e+00
   outer loop
     vertex  1.606422e+02  3.421474e+01  1.380000e+01
     vertex  1.606422e+02  3.421474e+01  1.130000e+01
     vertex  1.606213e+02  3.425640e+01  1.130000e+01
   endloop
 endfacet
 facet normal  8.931761e-01  4.497071e-01  0.000000e+00
   outer loop
     vertex  1.606422e+02  3.421474e+01  1.380000e+01
     vertex  1.606213e+02  3.425640e+01  1.130000e+01
     vertex  1.606213e+02  3.425640e+01  1.380000e+01
   endloop
 endfacet
 facet normal  8.805026e-01  4.740412e-01  0.000000e+00
   outer loop
     vertex  1.606643e+02  3.417367e+01  1.380000e+01
     vertex  1.606643e+02  3.417367e+01  1.130000e+01
     vertex  1.606422e+02  3.421474e+01  1.130000e+01
   endloop
 endfacet
 facet normal  8.671664e-01  4.980186e-01  0.000000e+00
   outer loop
     vertex  1.606643e+02  3.417367e+01  1.380000e+01
     vertex  1.606876e+02  3.413322e+01  1.130000e+01
     vertex  1.606643e+02  3.417367e+01  1.130000e+01
   endloop
 endfacet
 facet normal  8.805026e-01  4.740412e-01  0.000000e+00
   outer loop
     vertex  1.606643e+02  3.417367e+01  1.380000e+01
     vertex  1.606422e+02  3.421474e+01  1.130000e+01
     vertex  1.606422e+02  3.421474e+01  1.380000e+01
   endloop
 endfacet
 facet normal  8.531773e-01  5.216210e-01  0.000000e+00
   outer loop
     vertex  1.606876e+02  3.413322e+01  1.380000e+01
     vertex  1.607119e+02  3.409343e+01  1.130000e+01
     vertex  1.606876e+02  3.413322e+01  1.130000e+01
   endloop
 endfacet
 facet normal  8.671664e-01  4.980186e-01  0.000000e+00
   outer loop
     vertex  1.606876e+02  3.413322e+01  1.380000e+01
     vertex  1.606876e+02  3.413322e+01  1.130000e+01
     vertex  1.606643e+02  3.417367e+01  1.380000e+01
   endloop
 endfacet
 facet normal  8.531773e-01  5.216210e-01  0.000000e+00
   outer loop
     vertex  1.607119e+02  3.409343e+01  1.380000e+01
     vertex  1.607119e+02  3.409343e+01  1.130000e+01
     vertex  1.606876e+02  3.413322e+01  1.380000e+01
   endloop
 endfacet
 facet normal  8.385460e-01  5.448308e-01  0.000000e+00
   outer loop
     vertex  1.607373e+02  3.405432e+01  1.380000e+01
     vertex  1.607119e+02  3.409343e+01  1.130000e+01
     vertex  1.607119e+02  3.409343e+01  1.380000e+01
   endloop
 endfacet
 facet normal  8.385460e-01  5.448308e-01  0.000000e+00
   outer loop
     vertex  1.607373e+02  3.405432e+01  1.380000e+01
     vertex  1.607373e+02  3.405432e+01  1.130000e+01
     vertex  1.607119e+02  3.409343e+01  1.130000e+01
   endloop
 endfacet
 facet normal  8.232835e-01  5.676304e-01  0.000000e+00
   outer loop
     vertex  1.607373e+02  3.405432e+01  1.380000e+01
     vertex  1.607638e+02  3.401592e+01  1.130000e+01
     vertex  1.607373e+02  3.405432e+01  1.130000e+01
   endloop
 endfacet
 facet normal  8.232835e-01  5.676304e-01  0.000000e+00
   outer loop
     vertex  1.607638e+02  3.401592e+01  1.380000e+01
     vertex  1.607638e+02  3.401592e+01  1.130000e+01
     vertex  1.607373e+02  3.405432e+01  1.380000e+01
   endloop
 endfacet
 facet normal  8.074012e-01  5.900028e-01  0.000000e+00
   outer loop
     vertex  1.607913e+02  3.397826e+01  1.380000e+01
     vertex  1.607638e+02  3.401592e+01  1.130000e+01
     vertex  1.607638e+02  3.401592e+01  1.380000e+01
   endloop
 endfacet
 facet normal  8.074012e-01  5.900028e-01  0.000000e+00
   outer loop
     vertex  1.607913e+02  3.397826e+01  1.380000e+01
     vertex  1.607913e+02  3.397826e+01  1.130000e+01
     vertex  1.607638e+02  3.401592e+01  1.130000e+01
   endloop
 endfacet
 facet normal  7.909112e-01  6.119310e-01  0.000000e+00
   outer loop
     vertex  1.608198e+02  3.394137e+01  1.380000e+01
     vertex  1.607913e+02  3.397826e+01  1.130000e+01
     vertex  1.607913e+02  3.397826e+01  1.380000e+01
   endloop
 endfacet
 facet normal  7.909112e-01  6.119310e-01  0.000000e+00
   outer loop
     vertex  1.608198e+02  3.394137e+01  1.380000e+01
     vertex  1.608198e+02  3.394137e+01  1.130000e+01
     vertex  1.607913e+02  3.397826e+01  1.130000e+01
   endloop
 endfacet
 facet normal  7.738257e-01  6.333986e-01  0.000000e+00
   outer loop
     vertex  1.608494e+02  3.390528e+01  1.380000e+01
     vertex  1.608198e+02  3.394137e+01  1.130000e+01
     vertex  1.608198e+02  3.394137e+01  1.380000e+01
   endloop
 endfacet
 facet normal  7.738257e-01  6.333986e-01  0.000000e+00
   outer loop
     vertex  1.608494e+02  3.390528e+01  1.380000e+01
     vertex  1.608494e+02  3.390528e+01  1.130000e+01
     vertex  1.608198e+02  3.394137e+01  1.130000e+01
   endloop
 endfacet
 facet normal  7.561578e-01  6.543893e-01  0.000000e+00
   outer loop
     vertex  1.608799e+02  3.387001e+01  1.380000e+01
     vertex  1.608494e+02  3.390528e+01  1.130000e+01
     vertex  1.608494e+02  3.390528e+01  1.380000e+01
   endloop
 endfacet
 facet normal  7.561578e-01  6.543893e-01  0.000000e+00
   outer loop
     vertex  1.608799e+02  3.387001e+01  1.380000e+01
     vertex  1.608799e+02  3.387001e+01  1.130000e+01
     vertex  1.608494e+02  3.390528e+01  1.130000e+01
   endloop
 endfacet
 facet normal  7.379206e-01  6.748875e-01  0.000000e+00
   outer loop
     vertex  1.608799e+02  3.387001e+01  1.380000e+01
     vertex  1.609114e+02  3.383559e+01  1.130000e+01
     vertex  1.608799e+02  3.387001e+01  1.130000e+01
   endloop
 endfacet
 facet normal  7.379206e-01  6.748875e-01  0.000000e+00
   outer loop
     vertex  1.609114e+02  3.383559e+01  1.380000e+01
     vertex  1.609114e+02  3.383559e+01  1.130000e+01
     vertex  1.608799e+02  3.387001e+01  1.380000e+01
   endloop
 endfacet
 facet normal  7.191280e-01  6.948776e-01  0.000000e+00
   outer loop
     vertex  1.609438e+02  3.380205e+01  1.380000e+01
     vertex  1.609114e+02  3.383559e+01  1.130000e+01
     vertex  1.609114e+02  3.383559e+01  1.380000e+01
   endloop
 endfacet
 facet normal  7.191280e-01  6.948776e-01  0.000000e+00
   outer loop
     vertex  1.609438e+02  3.380205e+01  1.380000e+01
     vertex  1.609438e+02  3.380205e+01  1.130000e+01
     vertex  1.609114e+02  3.383559e+01  1.130000e+01
   endloop
 endfacet
 facet normal  6.997940e-01  7.143447e-01  0.000000e+00
   outer loop
     vertex  1.609771e+02  3.376941e+01  1.380000e+01
     vertex  1.609438e+02  3.380205e+01  1.130000e+01
     vertex  1.609438e+02  3.380205e+01  1.380000e+01
   endloop
 endfacet
 facet normal  6.997940e-01  7.143447e-01  0.000000e+00
   outer loop
     vertex  1.609771e+02  3.376941e+01  1.380000e+01
     vertex  1.609771e+02  3.376941e+01  1.130000e+01
     vertex  1.609438e+02  3.380205e+01  1.130000e+01
   endloop
 endfacet
 facet normal  6.799333e-01  7.332740e-01  0.000000e+00
   outer loop
     vertex  1.609771e+02  3.376941e+01  1.380000e+01
     vertex  1.610113e+02  3.373769e+01  1.130000e+01
     vertex  1.609771e+02  3.376941e+01  1.130000e+01
   endloop
 endfacet
 facet normal  6.799333e-01  7.332740e-01  0.000000e+00
   outer loop
     vertex  1.610113e+02  3.373769e+01  1.380000e+01
     vertex  1.610113e+02  3.373769e+01  1.130000e+01
     vertex  1.609771e+02  3.376941e+01  1.380000e+01
   endloop
 endfacet
 facet normal  6.595607e-01  7.516513e-01  0.000000e+00
   outer loop
     vertex  1.610113e+02  3.373769e+01  1.380000e+01
     vertex  1.610464e+02  3.370693e+01  1.130000e+01
     vertex  1.610113e+02  3.373769e+01  1.130000e+01
   endloop
 endfacet
 facet normal  6.595607e-01  7.516513e-01  0.000000e+00
   outer loop
     vertex  1.610464e+02  3.370693e+01  1.380000e+01
     vertex  1.610464e+02  3.370693e+01  1.130000e+01
     vertex  1.610113e+02  3.373769e+01  1.380000e+01
   endloop
 endfacet
 facet normal  6.386916e-01  7.694628e-01  0.000000e+00
   outer loop
     vertex  1.610823e+02  3.367714e+01  1.380000e+01
     vertex  1.610464e+02  3.370693e+01  1.130000e+01
     vertex  1.610464e+02  3.370693e+01  1.380000e+01
   endloop
 endfacet
 facet normal  6.386916e-01  7.694628e-01  0.000000e+00
   outer loop
     vertex  1.610823e+02  3.367714e+01  1.380000e+01
     vertex  1.610823e+02  3.367714e+01  1.130000e+01
     vertex  1.610464e+02  3.370693e+01  1.130000e+01
   endloop
 endfacet
 facet normal  6.173417e-01  7.866951e-01  0.000000e+00
   outer loop
     vertex  1.611190e+02  3.364835e+01  1.380000e+01
     vertex  1.610823e+02  3.367714e+01  1.130000e+01
     vertex  1.610823e+02  3.367714e+01  1.380000e+01
   endloop
 endfacet
 facet normal  6.173417e-01  7.866951e-01  0.000000e+00
   outer loop
     vertex  1.611190e+02  3.364835e+01  1.380000e+01
     vertex  1.611190e+02  3.364835e+01  1.130000e+01
     vertex  1.610823e+02  3.367714e+01  1.130000e+01
   endloop
 endfacet
 facet normal  5.955271e-01  8.033352e-01  0.000000e+00
   outer loop
     vertex  1.611564e+02  3.362057e+01  1.380000e+01
     vertex  1.611190e+02  3.364835e+01  1.130000e+01
     vertex  1.611190e+02  3.364835e+01  1.380000e+01
   endloop
 endfacet
 facet normal  5.955271e-01  8.033352e-01  0.000000e+00
   outer loop
     vertex  1.611564e+02  3.362057e+01  1.380000e+01
     vertex  1.611564e+02  3.362057e+01  1.130000e+01
     vertex  1.611190e+02  3.364835e+01  1.130000e+01
   endloop
 endfacet
 facet normal  5.732642e-01  8.193706e-01  0.000000e+00
   outer loop
     vertex  1.611947e+02  3.359383e+01  1.380000e+01
     vertex  1.611564e+02  3.362057e+01  1.130000e+01
     vertex  1.611564e+02  3.362057e+01  1.380000e+01
   endloop
 endfacet
 facet normal  5.732642e-01  8.193706e-01  0.000000e+00
   outer loop
     vertex  1.611947e+02  3.359383e+01  1.380000e+01
     vertex  1.611947e+02  3.359383e+01  1.130000e+01
     vertex  1.611564e+02  3.362057e+01  1.130000e+01
   endloop
 endfacet
 facet normal  5.505698e-01  8.347891e-01  0.000000e+00
   outer loop
     vertex  1.612336e+02  3.356815e+01  1.380000e+01
     vertex  1.611947e+02  3.359383e+01  1.130000e+01
     vertex  1.611947e+02  3.359383e+01  1.380000e+01
   endloop
 endfacet
 facet normal  5.505698e-01  8.347891e-01  0.000000e+00
   outer loop
     vertex  1.612336e+02  3.356815e+01  1.380000e+01
     vertex  1.612336e+02  3.356815e+01  1.130000e+01
     vertex  1.611947e+02  3.359383e+01  1.130000e+01
   endloop
 endfacet
 facet normal  5.274609e-01  8.495793e-01  0.000000e+00
   outer loop
     vertex  1.612732e+02  3.354355e+01  1.380000e+01
     vertex  1.612336e+02  3.356815e+01  1.130000e+01
     vertex  1.612336e+02  3.356815e+01  1.380000e+01
   endloop
 endfacet
 facet normal  5.274609e-01  8.495793e-01  0.000000e+00
   outer loop
     vertex  1.612732e+02  3.354355e+01  1.380000e+01
     vertex  1.612732e+02  3.354355e+01  1.130000e+01
     vertex  1.612336e+02  3.356815e+01  1.130000e+01
   endloop
 endfacet
 facet normal  5.039550e-01  8.637299e-01  0.000000e+00
   outer loop
     vertex  1.612732e+02  3.354355e+01  1.380000e+01
     vertex  1.613135e+02  3.352004e+01  1.130000e+01
     vertex  1.612732e+02  3.354355e+01  1.130000e+01
   endloop
 endfacet
 facet normal  5.039550e-01  8.637299e-01  0.000000e+00
   outer loop
     vertex  1.613135e+02  3.352004e+01  1.380000e+01
     vertex  1.613135e+02  3.352004e+01  1.130000e+01
     vertex  1.612732e+02  3.354355e+01  1.380000e+01
   endloop
 endfacet
 facet normal  4.800697e-01  8.772303e-01  0.000000e+00
   outer loop
     vertex  1.613544e+02  3.349765e+01  1.380000e+01
     vertex  1.613135e+02  3.352004e+01  1.130000e+01
     vertex  1.613135e+02  3.352004e+01  1.380000e+01
   endloop
 endfacet
 facet normal  4.800697e-01  8.772303e-01  0.000000e+00
   outer loop
     vertex  1.613544e+02  3.349765e+01  1.380000e+01
     vertex  1.613544e+02  3.349765e+01  1.130000e+01
     vertex  1.613135e+02  3.352004e+01  1.130000e+01
   endloop
 endfacet
 facet normal  4.558231e-01  8.900704e-01  0.000000e+00
   outer loop
     vertex  1.613959e+02  3.347639e+01  1.380000e+01
     vertex  1.613544e+02  3.349765e+01  1.130000e+01
     vertex  1.613544e+02  3.349765e+01  1.380000e+01
   endloop
 endfacet
 facet normal  4.558231e-01  8.900704e-01  0.000000e+00
   outer loop
     vertex  1.613959e+02  3.347639e+01  1.380000e+01
     vertex  1.613959e+02  3.347639e+01  1.130000e+01
     vertex  1.613544e+02  3.349765e+01  1.130000e+01
   endloop
 endfacet
 facet normal  4.312333e-01  9.022405e-01  0.000000e+00
   outer loop
     vertex  1.613959e+02  3.347639e+01  1.380000e+01
     vertex  1.614380e+02  3.345628e+01  1.130000e+01
     vertex  1.613959e+02  3.347639e+01  1.130000e+01
   endloop
 endfacet
 facet normal  4.312333e-01  9.022405e-01  0.000000e+00
   outer loop
     vertex  1.614380e+02  3.345628e+01  1.380000e+01
     vertex  1.614380e+02  3.345628e+01  1.130000e+01
     vertex  1.613959e+02  3.347639e+01  1.380000e+01
   endloop
 endfacet
 facet normal  4.063188e-01  9.137314e-01  0.000000e+00
   outer loop
     vertex  1.614806e+02  3.343733e+01  1.380000e+01
     vertex  1.614380e+02  3.345628e+01  1.130000e+01
     vertex  1.614380e+02  3.345628e+01  1.380000e+01
   endloop
 endfacet
 facet normal  4.063188e-01  9.137314e-01  0.000000e+00
   outer loop
     vertex  1.614806e+02  3.343733e+01  1.380000e+01
     vertex  1.614806e+02  3.343733e+01  1.130000e+01
     vertex  1.614380e+02  3.345628e+01  1.130000e+01
   endloop
 endfacet
 facet normal  3.810986e-01  9.245344e-01  0.000000e+00
   outer loop
     vertex  1.615238e+02  3.341955e+01  1.380000e+01
     vertex  1.615238e+02  3.341955e+01  1.130000e+01
     vertex  1.614806e+02  3.343733e+01  1.130000e+01
   endloop
 endfacet
 facet normal  3.810986e-01  9.245344e-01  0.000000e+00
   outer loop
     vertex  1.615238e+02  3.341955e+01  1.380000e+01
     vertex  1.614806e+02  3.343733e+01  1.130000e+01
     vertex  1.614806e+02  3.343733e+01  1.380000e+01
   endloop
 endfacet
 facet normal  3.555914e-01  9.346415e-01  0.000000e+00
   outer loop
     vertex  1.615673e+02  3.340297e+01  1.380000e+01
     vertex  1.615673e+02  3.340297e+01  1.130000e+01
     vertex  1.615238e+02  3.341955e+01  1.130000e+01
   endloop
 endfacet
 facet normal  3.555914e-01  9.346415e-01  0.000000e+00
   outer loop
     vertex  1.615673e+02  3.340297e+01  1.380000e+01
     vertex  1.615238e+02  3.341955e+01  1.130000e+01
     vertex  1.615238e+02  3.341955e+01  1.380000e+01
   endloop
 endfacet
 facet normal  3.298166e-01  9.440450e-01  0.000000e+00
   outer loop
     vertex  1.616114e+02  3.338758e+01  1.380000e+01
     vertex  1.616114e+02  3.338758e+01  1.130000e+01
     vertex  1.615673e+02  3.340297e+01  1.130000e+01
   endloop
 endfacet
 facet normal  3.298166e-01  9.440450e-01  0.000000e+00
   outer loop
     vertex  1.616114e+02  3.338758e+01  1.380000e+01
     vertex  1.615673e+02  3.340297e+01  1.130000e+01
     vertex  1.615673e+02  3.340297e+01  1.380000e+01
   endloop
 endfacet
 facet normal  3.037934e-01  9.527379e-01  0.000000e+00
   outer loop
     vertex  1.616558e+02  3.337341e+01  1.380000e+01
     vertex  1.616558e+02  3.337341e+01  1.130000e+01
     vertex  1.616114e+02  3.338758e+01  1.130000e+01
   endloop
 endfacet
 facet normal  3.037934e-01  9.527379e-01  0.000000e+00
   outer loop
     vertex  1.616558e+02  3.337341e+01  1.380000e+01
     vertex  1.616114e+02  3.338758e+01  1.130000e+01
     vertex  1.616114e+02  3.338758e+01  1.380000e+01
   endloop
 endfacet
 facet normal  2.775416e-01  9.607136e-01  0.000000e+00
   outer loop
     vertex  1.617006e+02  3.336047e+01  1.380000e+01
     vertex  1.616558e+02  3.337341e+01  1.130000e+01
     vertex  1.616558e+02  3.337341e+01  1.380000e+01
   endloop
 endfacet
 facet normal  2.775416e-01  9.607136e-01  0.000000e+00
   outer loop
     vertex  1.617006e+02  3.336047e+01  1.380000e+01
     vertex  1.617006e+02  3.336047e+01  1.130000e+01
     vertex  1.616558e+02  3.337341e+01  1.130000e+01
   endloop
 endfacet
 facet normal  2.510809e-01  9.679661e-01  0.000000e+00
   outer loop
     vertex  1.617458e+02  3.334876e+01  1.380000e+01
     vertex  1.617006e+02  3.336047e+01  1.130000e+01
     vertex  1.617006e+02  3.336047e+01  1.380000e+01
   endloop
 endfacet
 facet normal  2.510809e-01  9.679661e-01  0.000000e+00
   outer loop
     vertex  1.617458e+02  3.334876e+01  1.380000e+01
     vertex  1.617458e+02  3.334876e+01  1.130000e+01
     vertex  1.617006e+02  3.336047e+01  1.130000e+01
   endloop
 endfacet
 facet normal  2.244312e-01  9.744899e-01  0.000000e+00
   outer loop
     vertex  1.617912e+02  3.333829e+01  1.380000e+01
     vertex  1.617458e+02  3.334876e+01  1.130000e+01
     vertex  1.617458e+02  3.334876e+01  1.380000e+01
   endloop
 endfacet
 facet normal  2.244312e-01  9.744899e-01  0.000000e+00
   outer loop
     vertex  1.617912e+02  3.333829e+01  1.380000e+01
     vertex  1.617912e+02  3.333829e+01  1.130000e+01
     vertex  1.617458e+02  3.334876e+01  1.130000e+01
   endloop
 endfacet
 facet normal  1.976125e-01  9.802802e-01  0.000000e+00
   outer loop
     vertex  1.618370e+02  3.332907e+01  1.380000e+01
     vertex  1.617912e+02  3.333829e+01  1.130000e+01
     vertex  1.617912e+02  3.333829e+01  1.380000e+01
   endloop
 endfacet
 facet normal  1.976125e-01  9.802802e-01  0.000000e+00
   outer loop
     vertex  1.618370e+02  3.332907e+01  1.380000e+01
     vertex  1.618370e+02  3.332907e+01  1.130000e+01
     vertex  1.617912e+02  3.333829e+01  1.130000e+01
   endloop
 endfacet
 facet normal  1.706451e-01  9.853326e-01  0.000000e+00
   outer loop
     vertex  1.618829e+02  3.332111e+01  1.380000e+01
     vertex  1.618370e+02  3.332907e+01  1.130000e+01
     vertex  1.618370e+02  3.332907e+01  1.380000e+01
   endloop
 endfacet
 facet normal  1.706451e-01  9.853326e-01  0.000000e+00
   outer loop
     vertex  1.618829e+02  3.332111e+01  1.380000e+01
     vertex  1.618829e+02  3.332111e+01  1.130000e+01
     vertex  1.618370e+02  3.332907e+01  1.130000e+01
   endloop
 endfacet
 facet normal  1.435492e-01  9.896432e-01  0.000000e+00
   outer loop
     vertex  1.619291e+02  3.331442e+01  1.380000e+01
     vertex  1.618829e+02  3.332111e+01  1.130000e+01
     vertex  1.618829e+02  3.332111e+01  1.380000e+01
   endloop
 endfacet
 facet normal  1.435492e-01  9.896432e-01  0.000000e+00
   outer loop
     vertex  1.619291e+02  3.331442e+01  1.380000e+01
     vertex  1.619291e+02  3.331442e+01  1.130000e+01
     vertex  1.618829e+02  3.332111e+01  1.130000e+01
   endloop
 endfacet
 facet normal  1.163452e-01  9.932088e-01  0.000000e+00
   outer loop
     vertex  1.619754e+02  3.330899e+01  1.380000e+01
     vertex  1.619291e+02  3.331442e+01  1.130000e+01
     vertex  1.619291e+02  3.331442e+01  1.380000e+01
   endloop
 endfacet
 facet normal  1.163452e-01  9.932088e-01  0.000000e+00
   outer loop
     vertex  1.619754e+02  3.330899e+01  1.380000e+01
     vertex  1.619754e+02  3.330899e+01  1.130000e+01
     vertex  1.619291e+02  3.331442e+01  1.130000e+01
   endloop
 endfacet
 facet normal  8.905371e-02  9.960268e-01  0.000000e+00
   outer loop
     vertex  1.620219e+02  3.330484e+01  1.380000e+01
     vertex  1.619754e+02  3.330899e+01  1.130000e+01
     vertex  1.619754e+02  3.330899e+01  1.380000e+01
   endloop
 endfacet
 facet normal  8.905371e-02  9.960268e-01  0.000000e+00
   outer loop
     vertex  1.620219e+02  3.330484e+01  1.380000e+01
     vertex  1.620219e+02  3.330484e+01  1.130000e+01
     vertex  1.619754e+02  3.330899e+01  1.130000e+01
   endloop
 endfacet
 facet normal  6.169515e-02  9.980950e-01  0.000000e+00
   outer loop
     vertex  1.620684e+02  3.330196e+01  1.380000e+01
     vertex  1.620219e+02  3.330484e+01  1.130000e+01
     vertex  1.620219e+02  3.330484e+01  1.380000e+01
   endloop
 endfacet
 facet normal  6.169515e-02  9.980950e-01  0.000000e+00
   outer loop
     vertex  1.620684e+02  3.330196e+01  1.380000e+01
     vertex  1.620684e+02  3.330196e+01  1.130000e+01
     vertex  1.620219e+02  3.330484e+01  1.130000e+01
   endloop
 endfacet
 facet normal  3.429014e-02  9.994119e-01  0.000000e+00
   outer loop
     vertex  1.621150e+02  3.330036e+01  1.380000e+01
     vertex  1.620684e+02  3.330196e+01  1.130000e+01
     vertex  1.620684e+02  3.330196e+01  1.380000e+01
   endloop
 endfacet
 facet normal  3.429014e-02  9.994119e-01  0.000000e+00
   outer loop
     vertex  1.621150e+02  3.330036e+01  1.380000e+01
     vertex  1.621150e+02  3.330036e+01  1.130000e+01
     vertex  1.620684e+02  3.330196e+01  1.130000e+01
   endloop
 endfacet
 facet normal  6.859319e-03  9.999765e-01  0.000000e+00
   outer loop
     vertex  1.621150e+02  3.330036e+01  1.380000e+01
     vertex  1.621617e+02  3.330004e+01  1.130000e+01
     vertex  1.621150e+02  3.330036e+01  1.130000e+01
   endloop
 endfacet
 facet normal  6.859319e-03  9.999765e-01  0.000000e+00
   outer loop
     vertex  1.621617e+02  3.330004e+01  1.380000e+01
     vertex  1.621617e+02  3.330004e+01  1.130000e+01
     vertex  1.621150e+02  3.330036e+01  1.380000e+01
   endloop
 endfacet
 facet normal -2.057667e-02  9.997883e-01  0.000000e+00
   outer loop
     vertex  1.621617e+02  3.330004e+01  1.380000e+01
     vertex  1.622083e+02  3.330100e+01  1.130000e+01
     vertex  1.621617e+02  3.330004e+01  1.130000e+01
   endloop
 endfacet
 facet normal -2.057667e-02  9.997883e-01  0.000000e+00
   outer loop
     vertex  1.622083e+02  3.330100e+01  1.380000e+01
     vertex  1.622083e+02  3.330100e+01  1.130000e+01
     vertex  1.621617e+02  3.330004e+01  1.380000e+01
   endloop
 endfacet
 facet normal -4.799716e-02  9.988475e-01  0.000000e+00
   outer loop
     vertex  1.622549e+02  3.330324e+01  1.380000e+01
     vertex  1.622549e+02  3.330324e+01  1.130000e+01
     vertex  1.622083e+02  3.330100e+01  1.130000e+01
   endloop
 endfacet
 facet normal -4.799716e-02  9.988475e-01  0.000000e+00
   outer loop
     vertex  1.622549e+02  3.330324e+01  1.380000e+01
     vertex  1.622083e+02  3.330100e+01  1.130000e+01
     vertex  1.622083e+02  3.330100e+01  1.380000e+01
   endloop
 endfacet
 facet normal -7.538152e-02  9.971548e-01  0.000000e+00
   outer loop
     vertex  1.623014e+02  3.330675e+01  1.380000e+01
     vertex  1.623014e+02  3.330675e+01  1.130000e+01
     vertex  1.622549e+02  3.330324e+01  1.130000e+01
   endloop
 endfacet
 facet normal -7.538152e-02  9.971548e-01  0.000000e+00
   outer loop
     vertex  1.623014e+02  3.330675e+01  1.380000e+01
     vertex  1.622549e+02  3.330324e+01  1.130000e+01
     vertex  1.622549e+02  3.330324e+01  1.380000e+01
   endloop
 endfacet
 facet normal -1.027091e-01  9.947114e-01  0.000000e+00
   outer loop
     vertex  1.623478e+02  3.331154e+01  1.380000e+01
     vertex  1.623478e+02  3.331154e+01  1.130000e+01
     vertex  1.623014e+02  3.330675e+01  1.130000e+01
   endloop
 endfacet
 facet normal -1.027091e-01  9.947114e-01  0.000000e+00
   outer loop
     vertex  1.623478e+02  3.331154e+01  1.380000e+01
     vertex  1.623014e+02  3.330675e+01  1.130000e+01
     vertex  1.623014e+02  3.330675e+01  1.380000e+01
   endloop
 endfacet
 facet normal -1.299594e-01  9.915193e-01  0.000000e+00
   outer loop
     vertex  1.623940e+02  3.331761e+01  1.380000e+01
     vertex  1.623940e+02  3.331761e+01  1.130000e+01
     vertex  1.623478e+02  3.331154e+01  1.130000e+01
   endloop
 endfacet
 facet normal -1.299594e-01  9.915193e-01  0.000000e+00
   outer loop
     vertex  1.623940e+02  3.331761e+01  1.380000e+01
     vertex  1.623478e+02  3.331154e+01  1.130000e+01
     vertex  1.623478e+02  3.331154e+01  1.380000e+01
   endloop
 endfacet
 facet normal -1.571119e-01  9.875808e-01  0.000000e+00
   outer loop
     vertex  1.624401e+02  3.332493e+01  1.380000e+01
     vertex  1.624401e+02  3.332493e+01  1.130000e+01
     vertex  1.623940e+02  3.331761e+01  1.130000e+01
   endloop
 endfacet
 facet normal -1.571119e-01  9.875808e-01  0.000000e+00
   outer loop
     vertex  1.624401e+02  3.332493e+01  1.380000e+01
     vertex  1.623940e+02  3.331761e+01  1.130000e+01
     vertex  1.623940e+02  3.331761e+01  1.380000e+01
   endloop
 endfacet
 facet normal -1.841461e-01  9.828989e-01  0.000000e+00
   outer loop
     vertex  1.624859e+02  3.333352e+01  1.380000e+01
     vertex  1.624859e+02  3.333352e+01  1.130000e+01
     vertex  1.624401e+02  3.332493e+01  1.130000e+01
   endloop
 endfacet
 facet normal -1.841461e-01  9.828989e-01  0.000000e+00
   outer loop
     vertex  1.624859e+02  3.333352e+01  1.380000e+01
     vertex  1.624401e+02  3.332493e+01  1.130000e+01
     vertex  1.624401e+02  3.332493e+01  1.380000e+01
   endloop
 endfacet
 facet normal -2.110417e-01  9.774771e-01  0.000000e+00
   outer loop
     vertex  1.625315e+02  3.334337e+01  1.380000e+01
     vertex  1.625315e+02  3.334337e+01  1.130000e+01
     vertex  1.624859e+02  3.333352e+01  1.130000e+01
   endloop
 endfacet
 facet normal -2.110417e-01  9.774771e-01  0.000000e+00
   outer loop
     vertex  1.625315e+02  3.334337e+01  1.380000e+01
     vertex  1.624859e+02  3.333352e+01  1.130000e+01
     vertex  1.624859e+02  3.333352e+01  1.380000e+01
   endloop
 endfacet
 facet normal -2.377784e-01  9.713194e-01  0.000000e+00
   outer loop
     vertex  1.625768e+02  3.335446e+01  1.380000e+01
     vertex  1.625768e+02  3.335446e+01  1.130000e+01
     vertex  1.625315e+02  3.334337e+01  1.130000e+01
   endloop
 endfacet
 facet normal -2.377784e-01  9.713194e-01  0.000000e+00
   outer loop
     vertex  1.625768e+02  3.335446e+01  1.380000e+01
     vertex  1.625315e+02  3.334337e+01  1.130000e+01
     vertex  1.625315e+02  3.334337e+01  1.380000e+01
   endloop
 endfacet
 facet normal -2.643362e-01  9.644306e-01  0.000000e+00
   outer loop
     vertex  1.626218e+02  3.336679e+01  1.380000e+01
     vertex  1.626218e+02  3.336679e+01  1.130000e+01
     vertex  1.625768e+02  3.335446e+01  1.130000e+01
   endloop
 endfacet
 facet normal -2.643362e-01  9.644306e-01  0.000000e+00
   outer loop
     vertex  1.626218e+02  3.336679e+01  1.380000e+01
     vertex  1.625768e+02  3.335446e+01  1.130000e+01
     vertex  1.625768e+02  3.335446e+01  1.380000e+01
   endloop
 endfacet
 facet normal -2.906949e-01  9.568158e-01  0.000000e+00
   outer loop
     vertex  1.626664e+02  3.338035e+01  1.380000e+01
     vertex  1.626664e+02  3.338035e+01  1.130000e+01
     vertex  1.626218e+02  3.336679e+01  1.130000e+01
   endloop
 endfacet
 facet normal -2.906949e-01  9.568158e-01  0.000000e+00
   outer loop
     vertex  1.626664e+02  3.338035e+01  1.380000e+01
     vertex  1.626218e+02  3.336679e+01  1.130000e+01
     vertex  1.626218e+02  3.336679e+01  1.380000e+01
   endloop
 endfacet
 facet normal -3.168348e-01  9.484807e-01  0.000000e+00
   outer loop
     vertex  1.627107e+02  3.339512e+01  1.380000e+01
     vertex  1.627107e+02  3.339512e+01  1.130000e+01
     vertex  1.626664e+02  3.338035e+01  1.130000e+01
   endloop
 endfacet
 facet normal -3.427362e-01  9.394317e-01  0.000000e+00
   outer loop
     vertex  1.627107e+02  3.339512e+01  1.380000e+01
     vertex  1.627545e+02  3.341111e+01  1.130000e+01
     vertex  1.627107e+02  3.339512e+01  1.130000e+01
   endloop
 endfacet
 facet normal -3.168348e-01  9.484807e-01  0.000000e+00
   outer loop
     vertex  1.627107e+02  3.339512e+01  1.380000e+01
     vertex  1.626664e+02  3.338035e+01  1.130000e+01
     vertex  1.626664e+02  3.338035e+01  1.380000e+01
   endloop
 endfacet
 facet normal -3.683796e-01  9.296754e-01  0.000000e+00
   outer loop
     vertex  1.627545e+02  3.341111e+01  1.380000e+01
     vertex  1.627979e+02  3.342829e+01  1.130000e+01
     vertex  1.627545e+02  3.341111e+01  1.130000e+01
   endloop
 endfacet
 facet normal -3.427362e-01  9.394317e-01  0.000000e+00
   outer loop
     vertex  1.627545e+02  3.341111e+01  1.380000e+01
     vertex  1.627545e+02  3.341111e+01  1.130000e+01
     vertex  1.627107e+02  3.339512e+01  1.380000e+01
   endloop
 endfacet
 facet normal -3.683796e-01  9.296754e-01  0.000000e+00
   outer loop
     vertex  1.627979e+02  3.342829e+01  1.380000e+01
     vertex  1.627979e+02  3.342829e+01  1.130000e+01
     vertex  1.627545e+02  3.341111e+01  1.380000e+01
   endloop
 endfacet
 facet normal -3.937458e-01  9.192194e-01  0.000000e+00
   outer loop
     vertex  1.628407e+02  3.344666e+01  1.380000e+01
     vertex  1.627979e+02  3.342829e+01  1.130000e+01
     vertex  1.627979e+02  3.342829e+01  1.380000e+01
   endloop
 endfacet
 facet normal -3.937458e-01  9.192194e-01  0.000000e+00
   outer loop
     vertex  1.628407e+02  3.344666e+01  1.380000e+01
     vertex  1.628407e+02  3.344666e+01  1.130000e+01
     vertex  1.627979e+02  3.342829e+01  1.130000e+01
   endloop
 endfacet
 facet normal -4.188155e-01  9.080714e-01  0.000000e+00
   outer loop
     vertex  1.628407e+02  3.344666e+01  1.380000e+01
     vertex  1.628831e+02  3.346619e+01  1.130000e+01
     vertex  1.628407e+02  3.344666e+01  1.130000e+01
   endloop
 endfacet
 facet normal -4.188155e-01  9.080714e-01  0.000000e+00
   outer loop
     vertex  1.628831e+02  3.346619e+01  1.380000e+01
     vertex  1.628831e+02  3.346619e+01  1.130000e+01
     vertex  1.628407e+02  3.344666e+01  1.380000e+01
   endloop
 endfacet
 facet normal -4.435699e-01  8.962398e-01  0.000000e+00
   outer loop
     vertex  1.629249e+02  3.348688e+01  1.380000e+01
     vertex  1.629249e+02  3.348688e+01  1.130000e+01
     vertex  1.628831e+02  3.346619e+01  1.130000e+01
   endloop
 endfacet
 facet normal -4.679904e-01  8.837335e-01  0.000000e+00
   outer loop
     vertex  1.629249e+02  3.348688e+01  1.380000e+01
     vertex  1.629661e+02  3.350871e+01  1.130000e+01
     vertex  1.629249e+02  3.348688e+01  1.130000e+01
   endloop
 endfacet
 facet normal -4.435699e-01  8.962398e-01  0.000000e+00
   outer loop
     vertex  1.629249e+02  3.348688e+01  1.380000e+01
     vertex  1.628831e+02  3.346619e+01  1.130000e+01
     vertex  1.628831e+02  3.346619e+01  1.380000e+01
   endloop
 endfacet
 facet normal -4.679904e-01  8.837335e-01  0.000000e+00
   outer loop
     vertex  1.629661e+02  3.350871e+01  1.380000e+01
     vertex  1.629661e+02  3.350871e+01  1.130000e+01
     vertex  1.629249e+02  3.348688e+01  1.380000e+01
   endloop
 endfacet
 facet normal -4.920587e-01  8.705620e-01  0.000000e+00
   outer loop
     vertex  1.630067e+02  3.353166e+01  1.380000e+01
     vertex  1.630067e+02  3.353166e+01  1.130000e+01
     vertex  1.629661e+02  3.350871e+01  1.130000e+01
   endloop
 endfacet
 facet normal -4.920587e-01  8.705620e-01  0.000000e+00
   outer loop
     vertex  1.630067e+02  3.353166e+01  1.380000e+01
     vertex  1.629661e+02  3.350871e+01  1.130000e+01
     vertex  1.629661e+02  3.350871e+01  1.380000e+01
   endloop
 endfacet
 facet normal -5.157565e-01  8.567352e-01  0.000000e+00
   outer loop
     vertex  1.630067e+02  3.353166e+01  1.380000e+01
     vertex  1.630467e+02  3.355572e+01  1.130000e+01
     vertex  1.630067e+02  3.353166e+01  1.130000e+01
   endloop
 endfacet
 facet normal -5.157565e-01  8.567352e-01  0.000000e+00
   outer loop
     vertex  1.630467e+02  3.355572e+01  1.380000e+01
     vertex  1.630467e+02  3.355572e+01  1.130000e+01
     vertex  1.630067e+02  3.353166e+01  1.380000e+01
   endloop
 endfacet
 facet normal -5.390661e-01  8.422635e-01  0.000000e+00
   outer loop
     vertex  1.630467e+02  3.355572e+01  1.380000e+01
     vertex  1.630860e+02  3.358086e+01  1.130000e+01
     vertex  1.630467e+02  3.355572e+01  1.130000e+01
   endloop
 endfacet
 facet normal -5.619699e-01  8.271577e-01  0.000000e+00
   outer loop
     vertex  1.630860e+02  3.358086e+01  1.380000e+01
     vertex  1.631245e+02  3.360707e+01  1.130000e+01
     vertex  1.630860e+02  3.358086e+01  1.130000e+01
   endloop
 endfacet
 facet normal -5.390661e-01  8.422635e-01  0.000000e+00
   outer loop
     vertex  1.630860e+02  3.358086e+01  1.380000e+01
     vertex  1.630860e+02  3.358086e+01  1.130000e+01
     vertex  1.630467e+02  3.355572e+01  1.380000e+01
   endloop
 endfacet
 facet normal -5.619699e-01  8.271577e-01  0.000000e+00
   outer loop
     vertex  1.631245e+02  3.360707e+01  1.380000e+01
     vertex  1.631245e+02  3.360707e+01  1.130000e+01
     vertex  1.630860e+02  3.358086e+01  1.380000e+01
   endloop
 endfacet
 facet normal -5.844507e-01  8.114292e-01  0.000000e+00
   outer loop
     vertex  1.631624e+02  3.363433e+01  1.380000e+01
     vertex  1.631624e+02  3.363433e+01  1.130000e+01
     vertex  1.631245e+02  3.360707e+01  1.130000e+01
   endloop
 endfacet
 facet normal -6.064915e-01  7.950900e-01  0.000000e+00
   outer loop
     vertex  1.631624e+02  3.363433e+01  1.380000e+01
     vertex  1.631995e+02  3.366262e+01  1.130000e+01
     vertex  1.631624e+02  3.363433e+01  1.130000e+01
   endloop
 endfacet
 facet normal -5.844507e-01  8.114292e-01  0.000000e+00
   outer loop
     vertex  1.631624e+02  3.363433e+01  1.380000e+01
     vertex  1.631245e+02  3.360707e+01  1.130000e+01
     vertex  1.631245e+02  3.360707e+01  1.380000e+01
   endloop
 endfacet
 facet normal -6.064915e-01  7.950900e-01  0.000000e+00
   outer loop
     vertex  1.631995e+02  3.366262e+01  1.380000e+01
     vertex  1.631995e+02  3.366262e+01  1.130000e+01
     vertex  1.631624e+02  3.363433e+01  1.380000e+01
   endloop
 endfacet
 facet normal -6.280757e-01  7.781522e-01  0.000000e+00
   outer loop
     vertex  1.632358e+02  3.369191e+01  1.380000e+01
     vertex  1.632358e+02  3.369191e+01  1.130000e+01
     vertex  1.631995e+02  3.366262e+01  1.130000e+01
   endloop
 endfacet
 facet normal -6.280757e-01  7.781522e-01  0.000000e+00
   outer loop
     vertex  1.632358e+02  3.369191e+01  1.380000e+01
     vertex  1.631995e+02  3.366262e+01  1.130000e+01
     vertex  1.631995e+02  3.366262e+01  1.380000e+01
   endloop
 endfacet
 facet normal -6.491872e-01  7.606287e-01  0.000000e+00
   outer loop
     vertex  1.632713e+02  3.372219e+01  1.380000e+01
     vertex  1.632713e+02  3.372219e+01  1.130000e+01
     vertex  1.632358e+02  3.369191e+01  1.130000e+01
   endloop
 endfacet
 facet normal -6.491872e-01  7.606287e-01  0.000000e+00
   outer loop
     vertex  1.632713e+02  3.372219e+01  1.380000e+01
     vertex  1.632358e+02  3.369191e+01  1.130000e+01
     vertex  1.632358e+02  3.369191e+01  1.380000e+01
   endloop
 endfacet
 facet normal -6.698100e-01  7.425325e-01  0.000000e+00
   outer loop
     vertex  1.633059e+02  3.375343e+01  1.380000e+01
     vertex  1.633059e+02  3.375343e+01  1.130000e+01
     vertex  1.632713e+02  3.372219e+01  1.130000e+01
   endloop
 endfacet
 facet normal -6.899286e-01  7.238775e-01  0.000000e+00
   outer loop
     vertex  1.633059e+02  3.375343e+01  1.380000e+01
     vertex  1.633396e+02  3.378561e+01  1.130000e+01
     vertex  1.633059e+02  3.375343e+01  1.130000e+01
   endloop
 endfacet
 facet normal -6.698100e-01  7.425325e-01  0.000000e+00
   outer loop
     vertex  1.633059e+02  3.375343e+01  1.380000e+01
     vertex  1.632713e+02  3.372219e+01  1.130000e+01
     vertex  1.632713e+02  3.372219e+01  1.380000e+01
   endloop
 endfacet
 facet normal -6.899286e-01  7.238775e-01  0.000000e+00
   outer loop
     vertex  1.633396e+02  3.378561e+01  1.380000e+01
     vertex  1.633396e+02  3.378561e+01  1.130000e+01
     vertex  1.633059e+02  3.375343e+01  1.380000e+01
   endloop
 endfacet
 facet normal -7.095278e-01  7.046775e-01  0.000000e+00
   outer loop
     vertex  1.633725e+02  3.381871e+01  1.380000e+01
     vertex  1.633725e+02  3.381871e+01  1.130000e+01
     vertex  1.633396e+02  3.378561e+01  1.130000e+01
   endloop
 endfacet
 facet normal -7.095278e-01  7.046775e-01  0.000000e+00
   outer loop
     vertex  1.633725e+02  3.381871e+01  1.380000e+01
     vertex  1.633396e+02  3.378561e+01  1.130000e+01
     vertex  1.633396e+02  3.378561e+01  1.380000e+01
   endloop
 endfacet
 facet normal -7.285929e-01  6.849470e-01  0.000000e+00
   outer loop
     vertex  1.634045e+02  3.385269e+01  1.380000e+01
     vertex  1.634045e+02  3.385269e+01  1.130000e+01
     vertex  1.633725e+02  3.381871e+01  1.130000e+01
   endloop
 endfacet
 facet normal -7.285929e-01  6.849470e-01  0.000000e+00
   outer loop
     vertex  1.634045e+02  3.385269e+01  1.380000e+01
     vertex  1.633725e+02  3.381871e+01  1.130000e+01
     vertex  1.633725e+02  3.381871e+01  1.380000e+01
   endloop
 endfacet
 facet normal -7.471095e-01  6.647010e-01  0.000000e+00
   outer loop
     vertex  1.634355e+02  3.388754e+01  1.380000e+01
     vertex  1.634355e+02  3.388754e+01  1.130000e+01
     vertex  1.634045e+02  3.385269e+01  1.130000e+01
   endloop
 endfacet
 facet normal -7.471095e-01  6.647010e-01  0.000000e+00
   outer loop
     vertex  1.634355e+02  3.388754e+01  1.380000e+01
     vertex  1.634045e+02  3.385269e+01  1.130000e+01
     vertex  1.634045e+02  3.385269e+01  1.380000e+01
   endloop
 endfacet
 facet normal -7.650637e-01  6.439545e-01  0.000000e+00
   outer loop
     vertex  1.634655e+02  3.392322e+01  1.380000e+01
     vertex  1.634655e+02  3.392322e+01  1.130000e+01
     vertex  1.634355e+02  3.388754e+01  1.130000e+01
   endloop
 endfacet
 facet normal -7.824421e-01  6.227234e-01  0.000000e+00
   outer loop
     vertex  1.634655e+02  3.392322e+01  1.380000e+01
     vertex  1.634945e+02  3.395972e+01  1.130000e+01
     vertex  1.634655e+02  3.392322e+01  1.130000e+01
   endloop
 endfacet
 facet normal -7.650637e-01  6.439545e-01  0.000000e+00
   outer loop
     vertex  1.634655e+02  3.392322e+01  1.380000e+01
     vertex  1.634355e+02  3.388754e+01  1.130000e+01
     vertex  1.634355e+02  3.388754e+01  1.380000e+01
   endloop
 endfacet
 facet normal -7.824421e-01  6.227234e-01  0.000000e+00
   outer loop
     vertex  1.634945e+02  3.395972e+01  1.380000e+01
     vertex  1.634945e+02  3.395972e+01  1.130000e+01
     vertex  1.634655e+02  3.392322e+01  1.380000e+01
   endloop
 endfacet
 facet normal -7.992314e-01  6.010234e-01  0.000000e+00
   outer loop
     vertex  1.635226e+02  3.399700e+01  1.380000e+01
     vertex  1.635226e+02  3.399700e+01  1.130000e+01
     vertex  1.634945e+02  3.395972e+01  1.130000e+01
   endloop
 endfacet
 facet normal -7.992314e-01  6.010234e-01  0.000000e+00
   outer loop
     vertex  1.635226e+02  3.399700e+01  1.380000e+01
     vertex  1.634945e+02  3.395972e+01  1.130000e+01
     vertex  1.634945e+02  3.395972e+01  1.380000e+01
   endloop
 endfacet
 facet normal -8.154191e-01  5.788711e-01  0.000000e+00
   outer loop
     vertex  1.635496e+02  3.403503e+01  1.380000e+01
     vertex  1.635496e+02  3.403503e+01  1.130000e+01
     vertex  1.635226e+02  3.399700e+01  1.130000e+01
   endloop
 endfacet
 facet normal -8.154191e-01  5.788711e-01  0.000000e+00
   outer loop
     vertex  1.635496e+02  3.403503e+01  1.380000e+01
     vertex  1.635226e+02  3.399700e+01  1.130000e+01
     vertex  1.635226e+02  3.399700e+01  1.380000e+01
   endloop
 endfacet
 facet normal -8.309929e-01  5.562829e-01  0.000000e+00
   outer loop
     vertex  1.635755e+02  3.407379e+01  1.380000e+01
     vertex  1.635755e+02  3.407379e+01  1.130000e+01
     vertex  1.635496e+02  3.403503e+01  1.130000e+01
   endloop
 endfacet
 facet normal -8.309929e-01  5.562829e-01  0.000000e+00
   outer loop
     vertex  1.635755e+02  3.407379e+01  1.380000e+01
     vertex  1.635496e+02  3.403503e+01  1.130000e+01
     vertex  1.635496e+02  3.403503e+01  1.380000e+01
   endloop
 endfacet
 facet normal -8.459413e-01  5.332761e-01  0.000000e+00
   outer loop
     vertex  1.636004e+02  3.411324e+01  1.380000e+01
     vertex  1.636004e+02  3.411324e+01  1.130000e+01
     vertex  1.635755e+02  3.407379e+01  1.130000e+01
   endloop
 endfacet
 facet normal -8.459413e-01  5.332761e-01  0.000000e+00
   outer loop
     vertex  1.636004e+02  3.411324e+01  1.380000e+01
     vertex  1.635755e+02  3.407379e+01  1.130000e+01
     vertex  1.635755e+02  3.407379e+01  1.380000e+01
   endloop
 endfacet
 facet normal -8.602528e-01  5.098678e-01  0.000000e+00
   outer loop
     vertex  1.636242e+02  3.415337e+01  1.380000e+01
     vertex  1.636242e+02  3.415337e+01  1.130000e+01
     vertex  1.636004e+02  3.411324e+01  1.130000e+01
   endloop
 endfacet
 facet normal -8.739167e-01  4.860756e-01  0.000000e+00
   outer loop
     vertex  1.636242e+02  3.415337e+01  1.380000e+01
     vertex  1.636469e+02  3.419413e+01  1.130000e+01
     vertex  1.636242e+02  3.415337e+01  1.130000e+01
   endloop
 endfacet
 facet normal -8.602528e-01  5.098678e-01  0.000000e+00
   outer loop
     vertex  1.636242e+02  3.415337e+01  1.380000e+01
     vertex  1.636004e+02  3.411324e+01  1.130000e+01
     vertex  1.636004e+02  3.411324e+01  1.380000e+01
   endloop
 endfacet
 facet normal -8.869228e-01  4.619176e-01  0.000000e+00
   outer loop
     vertex  1.636469e+02  3.419413e+01  1.380000e+01
     vertex  1.636684e+02  3.423550e+01  1.130000e+01
     vertex  1.636469e+02  3.419413e+01  1.130000e+01
   endloop
 endfacet
 facet normal -8.739167e-01  4.860756e-01  0.000000e+00
   outer loop
     vertex  1.636469e+02  3.419413e+01  1.380000e+01
     vertex  1.636469e+02  3.419413e+01  1.130000e+01
     vertex  1.636242e+02  3.415337e+01  1.380000e+01
   endloop
 endfacet
 facet normal -8.869228e-01  4.619176e-01  0.000000e+00
   outer loop
     vertex  1.636684e+02  3.423550e+01  1.380000e+01
     vertex  1.636684e+02  3.423550e+01  1.130000e+01
     vertex  1.636469e+02  3.419413e+01  1.380000e+01
   endloop
 endfacet
 facet normal -8.992613e-01  4.374119e-01  0.000000e+00
   outer loop
     vertex  1.636684e+02  3.423550e+01  1.380000e+01
     vertex  1.636888e+02  3.427744e+01  1.130000e+01
     vertex  1.636684e+02  3.423550e+01  1.130000e+01
   endloop
 endfacet
 facet normal -8.992613e-01  4.374119e-01  0.000000e+00
   outer loop
     vertex  1.636888e+02  3.427744e+01  1.380000e+01
     vertex  1.636888e+02  3.427744e+01  1.130000e+01
     vertex  1.636684e+02  3.423550e+01  1.380000e+01
   endloop
 endfacet
 facet normal -9.109228e-01  4.125769e-01  0.000000e+00
   outer loop
     vertex  1.637080e+02  3.431993e+01  1.380000e+01
     vertex  1.636888e+02  3.427744e+01  1.130000e+01
     vertex  1.636888e+02  3.427744e+01  1.380000e+01
   endloop
 endfacet
 facet normal -9.109228e-01  4.125769e-01  0.000000e+00
   outer loop
     vertex  1.637080e+02  3.431993e+01  1.380000e+01
     vertex  1.637080e+02  3.431993e+01  1.130000e+01
     vertex  1.636888e+02  3.427744e+01  1.130000e+01
   endloop
 endfacet
 facet normal -9.218986e-01  3.874313e-01  0.000000e+00
   outer loop
     vertex  1.637261e+02  3.436293e+01  1.380000e+01
     vertex  1.637080e+02  3.431993e+01  1.130000e+01
     vertex  1.637080e+02  3.431993e+01  1.380000e+01
   endloop
 endfacet
 facet normal -9.218986e-01  3.874313e-01  0.000000e+00
   outer loop
     vertex  1.637261e+02  3.436293e+01  1.380000e+01
     vertex  1.637261e+02  3.436293e+01  1.130000e+01
     vertex  1.637080e+02  3.431993e+01  1.130000e+01
   endloop
 endfacet
 facet normal -9.321804e-01  3.619940e-01  0.000000e+00
   outer loop
     vertex  1.637430e+02  3.440641e+01  1.380000e+01
     vertex  1.637261e+02  3.436293e+01  1.130000e+01
     vertex  1.637261e+02  3.436293e+01  1.380000e+01
   endloop
 endfacet
 facet normal -9.321804e-01  3.619940e-01  0.000000e+00
   outer loop
     vertex  1.637430e+02  3.440641e+01  1.380000e+01
     vertex  1.637430e+02  3.440641e+01  1.130000e+01
     vertex  1.637261e+02  3.436293e+01  1.130000e+01
   endloop
 endfacet
 facet normal -9.417605e-01  3.362843e-01  0.000000e+00
   outer loop
     vertex  1.637430e+02  3.440641e+01  1.380000e+01
     vertex  1.637587e+02  3.445033e+01  1.130000e+01
     vertex  1.637430e+02  3.440641e+01  1.130000e+01
   endloop
 endfacet
 facet normal -9.417605e-01  3.362843e-01  0.000000e+00
   outer loop
     vertex  1.637587e+02  3.445033e+01  1.380000e+01
     vertex  1.637587e+02  3.445033e+01  1.130000e+01
     vertex  1.637430e+02  3.440641e+01  1.380000e+01
   endloop
 endfacet
 facet normal -9.506317e-01  3.103214e-01  0.000000e+00
   outer loop
     vertex  1.637732e+02  3.449467e+01  1.380000e+01
     vertex  1.637587e+02  3.445033e+01  1.130000e+01
     vertex  1.637587e+02  3.445033e+01  1.380000e+01
   endloop
 endfacet
 facet normal -9.506317e-01  3.103214e-01  0.000000e+00
   outer loop
     vertex  1.637732e+02  3.449467e+01  1.380000e+01
     vertex  1.637732e+02  3.449467e+01  1.130000e+01
     vertex  1.637587e+02  3.445033e+01  1.130000e+01
   endloop
 endfacet
 facet normal -9.587873e-01  2.841250e-01  0.000000e+00
   outer loop
     vertex  1.637864e+02  3.453939e+01  1.380000e+01
     vertex  1.637732e+02  3.449467e+01  1.130000e+01
     vertex  1.637732e+02  3.449467e+01  1.380000e+01
   endloop
 endfacet
 facet normal -9.587873e-01  2.841250e-01  0.000000e+00
   outer loop
     vertex  1.637864e+02  3.453939e+01  1.380000e+01
     vertex  1.637864e+02  3.453939e+01  1.130000e+01
     vertex  1.637732e+02  3.449467e+01  1.130000e+01
   endloop
 endfacet
 facet normal -9.662211e-01  2.577146e-01  0.000000e+00
   outer loop
     vertex  1.637864e+02  3.453939e+01  1.380000e+01
     vertex  1.637984e+02  3.458446e+01  1.130000e+01
     vertex  1.637864e+02  3.453939e+01  1.130000e+01
   endloop
 endfacet
 facet normal -9.662211e-01  2.577146e-01  0.000000e+00
   outer loop
     vertex  1.637984e+02  3.458446e+01  1.380000e+01
     vertex  1.637984e+02  3.458446e+01  1.130000e+01
     vertex  1.637864e+02  3.453939e+01  1.380000e+01
   endloop
 endfacet
 facet normal -9.729276e-01  2.311102e-01  0.000000e+00
   outer loop
     vertex  1.638092e+02  3.462984e+01  1.380000e+01
     vertex  1.637984e+02  3.458446e+01  1.130000e+01
     vertex  1.637984e+02  3.458446e+01  1.380000e+01
   endloop
 endfacet
 facet normal -9.729276e-01  2.311102e-01  0.000000e+00
   outer loop
     vertex  1.638092e+02  3.462984e+01  1.380000e+01
     vertex  1.638092e+02  3.462984e+01  1.130000e+01
     vertex  1.637984e+02  3.458446e+01  1.130000e+01
   endloop
 endfacet
 facet normal -9.789017e-01  2.043319e-01  0.000000e+00
   outer loop
     vertex  1.638187e+02  3.467550e+01  1.380000e+01
     vertex  1.638092e+02  3.462984e+01  1.130000e+01
     vertex  1.638092e+02  3.462984e+01  1.380000e+01
   endloop
 endfacet
 facet normal -9.789017e-01  2.043319e-01  0.000000e+00
   outer loop
     vertex  1.638187e+02  3.467550e+01  1.380000e+01
     vertex  1.638187e+02  3.467550e+01  1.130000e+01
     vertex  1.638092e+02  3.462984e+01  1.130000e+01
   endloop
 endfacet
 facet normal -9.841389e-01  1.773998e-01  0.000000e+00
   outer loop
     vertex  1.638270e+02  3.472140e+01  1.380000e+01
     vertex  1.638187e+02  3.467550e+01  1.130000e+01
     vertex  1.638187e+02  3.467550e+01  1.380000e+01
   endloop
 endfacet
 facet normal -9.841389e-01  1.773998e-01  0.000000e+00
   outer loop
     vertex  1.638270e+02  3.472140e+01  1.380000e+01
     vertex  1.638270e+02  3.472140e+01  1.130000e+01
     vertex  1.638187e+02  3.467550e+01  1.130000e+01
   endloop
 endfacet
 facet normal -9.886353e-01  1.503341e-01  0.000000e+00
   outer loop
     vertex  1.638270e+02  3.472140e+01  1.380000e+01
     vertex  1.638340e+02  3.476751e+01  1.130000e+01
     vertex  1.638270e+02  3.472140e+01  1.130000e+01
   endloop
 endfacet
 facet normal -9.886353e-01  1.503341e-01  0.000000e+00
   outer loop
     vertex  1.638340e+02  3.476751e+01  1.380000e+01
     vertex  1.638340e+02  3.476751e+01  1.130000e+01
     vertex  1.638270e+02  3.472140e+01  1.380000e+01
   endloop
 endfacet
 facet normal -9.923874e-01  1.231552e-01  0.000000e+00
   outer loop
     vertex  1.638398e+02  3.481380e+01  1.380000e+01
     vertex  1.638398e+02  3.481380e+01  1.130000e+01
     vertex  1.638340e+02  3.476751e+01  1.130000e+01
   endloop
 endfacet
 facet normal -9.923874e-01  1.231552e-01  0.000000e+00
   outer loop
     vertex  1.638398e+02  3.481380e+01  1.380000e+01
     vertex  1.638340e+02  3.476751e+01  1.130000e+01
     vertex  1.638340e+02  3.476751e+01  1.380000e+01
   endloop
 endfacet
 facet normal -9.953925e-01  9.588368e-02  0.000000e+00
   outer loop
     vertex  1.638442e+02  3.486023e+01  1.380000e+01
     vertex  1.638442e+02  3.486023e+01  1.130000e+01
     vertex  1.638398e+02  3.481380e+01  1.130000e+01
   endloop
 endfacet
 facet normal -9.953925e-01  9.588368e-02  0.000000e+00
   outer loop
     vertex  1.638442e+02  3.486023e+01  1.380000e+01
     vertex  1.638398e+02  3.481380e+01  1.130000e+01
     vertex  1.638398e+02  3.481380e+01  1.380000e+01
   endloop
 endfacet
 facet normal -9.976484e-01  6.853995e-02  0.000000e+00
   outer loop
     vertex  1.638474e+02  3.490676e+01  1.380000e+01
     vertex  1.638474e+02  3.490676e+01  1.130000e+01
     vertex  1.638442e+02  3.486023e+01  1.130000e+01
   endloop
 endfacet
 facet normal -9.976484e-01  6.853995e-02  0.000000e+00
   outer loop
     vertex  1.638474e+02  3.490676e+01  1.380000e+01
     vertex  1.638442e+02  3.486023e+01  1.130000e+01
     vertex  1.638442e+02  3.486023e+01  1.380000e+01
   endloop
 endfacet
 facet normal -9.991532e-01  4.114462e-02  0.000000e+00
   outer loop
     vertex  1.638494e+02  3.495336e+01  1.380000e+01
     vertex  1.638494e+02  3.495336e+01  1.130000e+01
     vertex  1.638474e+02  3.490676e+01  1.130000e+01
   endloop
 endfacet
 facet normal -9.999059e-01  1.371831e-02  0.000000e+00
   outer loop
     vertex  1.638494e+02  3.495336e+01  1.380000e+01
     vertex  1.638500e+02  3.500000e+01  1.130000e+01
     vertex  1.638494e+02  3.495336e+01  1.130000e+01
   endloop
 endfacet
 facet normal -9.991532e-01  4.114462e-02  0.000000e+00
   outer loop
     vertex  1.638494e+02  3.495336e+01  1.380000e+01
     vertex  1.638474e+02  3.490676e+01  1.130000e+01
     vertex  1.638474e+02  3.490676e+01  1.380000e+01
   endloop
 endfacet
 facet normal -9.999059e-01  1.371831e-02  0.000000e+00
   outer loop
     vertex  1.638500e+02  3.500000e+01  1.380000e+01
     vertex  1.638500e+02  3.500000e+01  1.130000e+01
     vertex  1.638494e+02  3.495336e+01  1.380000e+01
   endloop
 endfacet
 facet normal -9.999059e-01 -1.371831e-02  0.000000e+00
   outer loop
     vertex  1.638494e+02  7.450664e+01  1.380000e+01
     vertex  1.638500e+02  7.446000e+01  1.130000e+01
     vertex  1.638500e+02  7.446000e+01  1.380000e+01
   endloop
 endfacet
 facet normal -9.999059e-01 -1.371831e-02 -0.000000e+00
   outer loop
     vertex  1.638494e+02  7.450664e+01  1.380000e+01
     vertex  1.638494e+02  7.450664e+01  1.130000e+01
     vertex  1.638500e+02  7.446000e+01  1.130000e+01
   endloop
 endfacet
 facet normal -9.991532e-01 -4.114462e-02 -0.000000e+00
   outer loop
     vertex  1.638474e+02  7.455324e+01  1.380000e+01
     vertex  1.638474e+02  7.455324e+01  1.130000e+01
     vertex  1.638494e+02  7.450664e+01  1.130000e+01
   endloop
 endfacet
 facet normal -9.976484e-01 -6.853995e-02 -0.000000e+00
   outer loop
     vertex  1.638474e+02  7.455324e+01  1.380000e+01
     vertex  1.638442e+02  7.459977e+01  1.130000e+01
     vertex  1.638474e+02  7.455324e+01  1.130000e+01
   endloop
 endfacet
 facet normal -9.991532e-01 -4.114462e-02  0.000000e+00
   outer loop
     vertex  1.638474e+02  7.455324e+01  1.380000e+01
     vertex  1.638494e+02  7.450664e+01  1.130000e+01
     vertex  1.638494e+02  7.450664e+01  1.380000e+01
   endloop
 endfacet
 facet normal -9.976484e-01 -6.853995e-02 -0.000000e+00
   outer loop
     vertex  1.638442e+02  7.459977e+01  1.380000e+01
     vertex  1.638442e+02  7.459977e+01  1.130000e+01
     vertex  1.638474e+02  7.455324e+01  1.380000e+01
   endloop
 endfacet
 facet normal -9.953925e-01 -9.588368e-02 -0.000000e+00
   outer loop
     vertex  1.638398e+02  7.464620e+01  1.380000e+01
     vertex  1.638398e+02  7.464620e+01  1.130000e+01
     vertex  1.638442e+02  7.459977e+01  1.130000e+01
   endloop
 endfacet
 facet normal -9.953925e-01 -9.588368e-02  0.000000e+00
   outer loop
     vertex  1.638398e+02  7.464620e+01  1.380000e+01
     vertex  1.638442e+02  7.459977e+01  1.130000e+01
     vertex  1.638442e+02  7.459977e+01  1.380000e+01
   endloop
 endfacet
 facet normal -9.923874e-01 -1.231552e-01 -0.000000e+00
   outer loop
     vertex  1.638340e+02  7.469249e+01  1.380000e+01
     vertex  1.638340e+02  7.469249e+01  1.130000e+01
     vertex  1.638398e+02  7.464620e+01  1.130000e+01
   endloop
 endfacet
 facet normal -9.886353e-01 -1.503341e-01 -0.000000e+00
   outer loop
     vertex  1.638340e+02  7.469249e+01  1.380000e+01
     vertex  1.638270e+02  7.473860e+01  1.130000e+01
     vertex  1.638340e+02  7.469249e+01  1.130000e+01
   endloop
 endfacet
 facet normal -9.923874e-01 -1.231552e-01  0.000000e+00
   outer loop
     vertex  1.638340e+02  7.469249e+01  1.380000e+01
     vertex  1.638398e+02  7.464620e+01  1.130000e+01
     vertex  1.638398e+02  7.464620e+01  1.380000e+01
   endloop
 endfacet
 facet normal -9.886353e-01 -1.503341e-01 -0.000000e+00
   outer loop
     vertex  1.638270e+02  7.473860e+01  1.380000e+01
     vertex  1.638270e+02  7.473860e+01  1.130000e+01
     vertex  1.638340e+02  7.469249e+01  1.380000e+01
   endloop
 endfacet
 facet normal -9.841389e-01 -1.773998e-01 -0.000000e+00
   outer loop
     vertex  1.638187e+02  7.478450e+01  1.380000e+01
     vertex  1.638187e+02  7.478450e+01  1.130000e+01
     vertex  1.638270e+02  7.473860e+01  1.130000e+01
   endloop
 endfacet
 facet normal -9.841389e-01 -1.773998e-01  0.000000e+00
   outer loop
     vertex  1.638187e+02  7.478450e+01  1.380000e+01
     vertex  1.638270e+02  7.473860e+01  1.130000e+01
     vertex  1.638270e+02  7.473860e+01  1.380000e+01
   endloop
 endfacet
 facet normal -9.789017e-01 -2.043319e-01 -0.000000e+00
   outer loop
     vertex  1.638092e+02  7.483016e+01  1.380000e+01
     vertex  1.638092e+02  7.483016e+01  1.130000e+01
     vertex  1.638187e+02  7.478450e+01  1.130000e+01
   endloop
 endfacet
 facet normal -9.789017e-01 -2.043319e-01  0.000000e+00
   outer loop
     vertex  1.638092e+02  7.483016e+01  1.380000e+01
     vertex  1.638187e+02  7.478450e+01  1.130000e+01
     vertex  1.638187e+02  7.478450e+01  1.380000e+01
   endloop
 endfacet
 facet normal -9.729276e-01 -2.311102e-01 -0.000000e+00
   outer loop
     vertex  1.637984e+02  7.487554e+01  1.380000e+01
     vertex  1.637984e+02  7.487554e+01  1.130000e+01
     vertex  1.638092e+02  7.483016e+01  1.130000e+01
   endloop
 endfacet
 facet normal -9.729276e-01 -2.311102e-01  0.000000e+00
   outer loop
     vertex  1.637984e+02  7.487554e+01  1.380000e+01
     vertex  1.638092e+02  7.483016e+01  1.130000e+01
     vertex  1.638092e+02  7.483016e+01  1.380000e+01
   endloop
 endfacet
 facet normal -9.662211e-01 -2.577146e-01  0.000000e+00
   outer loop
     vertex  1.637864e+02  7.492061e+01  1.380000e+01
     vertex  1.637984e+02  7.487554e+01  1.130000e+01
     vertex  1.637984e+02  7.487554e+01  1.380000e+01
   endloop
 endfacet
 facet normal -9.662211e-01 -2.577146e-01 -0.000000e+00
   outer loop
     vertex  1.637864e+02  7.492061e+01  1.380000e+01
     vertex  1.637864e+02  7.492061e+01  1.130000e+01
     vertex  1.637984e+02  7.487554e+01  1.130000e+01
   endloop
 endfacet
 facet normal -9.587873e-01 -2.841250e-01 -0.000000e+00
   outer loop
     vertex  1.637864e+02  7.492061e+01  1.380000e+01
     vertex  1.637732e+02  7.496533e+01  1.130000e+01
     vertex  1.637864e+02  7.492061e+01  1.130000e+01
   endloop
 endfacet
 facet normal -9.587873e-01 -2.841250e-01 -0.000000e+00
   outer loop
     vertex  1.637732e+02  7.496533e+01  1.380000e+01
     vertex  1.637732e+02  7.496533e+01  1.130000e+01
     vertex  1.637864e+02  7.492061e+01  1.380000e+01
   endloop
 endfacet
 facet normal -9.506317e-01 -3.103214e-01 -0.000000e+00
   outer loop
     vertex  1.637732e+02  7.496533e+01  1.380000e+01
     vertex  1.637587e+02  7.500967e+01  1.130000e+01
     vertex  1.637732e+02  7.496533e+01  1.130000e+01
   endloop
 endfacet
 facet normal -9.506317e-01 -3.103214e-01 -0.000000e+00
   outer loop
     vertex  1.637587e+02  7.500967e+01  1.380000e+01
     vertex  1.637587e+02  7.500967e+01  1.130000e+01
     vertex  1.637732e+02  7.496533e+01  1.380000e+01
   endloop
 endfacet
 facet normal -9.417605e-01 -3.362843e-01  0.000000e+00
   outer loop
     vertex  1.637430e+02  7.505359e+01  1.380000e+01
     vertex  1.637587e+02  7.500967e+01  1.130000e+01
     vertex  1.637587e+02  7.500967e+01  1.380000e+01
   endloop
 endfacet
 facet normal -9.417605e-01 -3.362843e-01 -0.000000e+00
   outer loop
     vertex  1.637430e+02  7.505359e+01  1.380000e+01
     vertex  1.637430e+02  7.505359e+01  1.130000e+01
     vertex  1.637587e+02  7.500967e+01  1.130000e+01
   endloop
 endfacet
 facet normal -9.321804e-01 -3.619940e-01 -0.000000e+00
   outer loop
     vertex  1.637430e+02  7.505359e+01  1.380000e+01
     vertex  1.637261e+02  7.509707e+01  1.130000e+01
     vertex  1.637430e+02  7.505359e+01  1.130000e+01
   endloop
 endfacet
 facet normal -9.321804e-01 -3.619940e-01 -0.000000e+00
   outer loop
     vertex  1.637261e+02  7.509707e+01  1.380000e+01
     vertex  1.637261e+02  7.509707e+01  1.130000e+01
     vertex  1.637430e+02  7.505359e+01  1.380000e+01
   endloop
 endfacet
 facet normal -9.218986e-01 -3.874313e-01  0.000000e+00
   outer loop
     vertex  1.637080e+02  7.514007e+01  1.380000e+01
     vertex  1.637261e+02  7.509707e+01  1.130000e+01
     vertex  1.637261e+02  7.509707e+01  1.380000e+01
   endloop
 endfacet
 facet normal -9.218986e-01 -3.874313e-01 -0.000000e+00
   outer loop
     vertex  1.637080e+02  7.514007e+01  1.380000e+01
     vertex  1.637080e+02  7.514007e+01  1.130000e+01
     vertex  1.637261e+02  7.509707e+01  1.130000e+01
   endloop
 endfacet
 facet normal -9.109228e-01 -4.125769e-01  0.000000e+00
   outer loop
     vertex  1.636888e+02  7.518256e+01  1.380000e+01
     vertex  1.637080e+02  7.514007e+01  1.130000e+01
     vertex  1.637080e+02  7.514007e+01  1.380000e+01
   endloop
 endfacet
 facet normal -9.109228e-01 -4.125769e-01 -0.000000e+00
   outer loop
     vertex  1.636888e+02  7.518256e+01  1.380000e+01
     vertex  1.636888e+02  7.518256e+01  1.130000e+01
     vertex  1.637080e+02  7.514007e+01  1.130000e+01
   endloop
 endfacet
 facet normal -8.992613e-01 -4.374119e-01  0.000000e+00
   outer loop
     vertex  1.636684e+02  7.522450e+01  1.380000e+01
     vertex  1.636888e+02  7.518256e+01  1.130000e+01
     vertex  1.636888e+02  7.518256e+01  1.380000e+01
   endloop
 endfacet
 facet normal -8.992613e-01 -4.374119e-01 -0.000000e+00
   outer loop
     vertex  1.636684e+02  7.522450e+01  1.380000e+01
     vertex  1.636684e+02  7.522450e+01  1.130000e+01
     vertex  1.636888e+02  7.518256e+01  1.130000e+01
   endloop
 endfacet
 facet normal -8.869228e-01 -4.619176e-01  0.000000e+00
   outer loop
     vertex  1.636469e+02  7.526587e+01  1.380000e+01
     vertex  1.636684e+02  7.522450e+01  1.130000e+01
     vertex  1.636684e+02  7.522450e+01  1.380000e+01
   endloop
 endfacet
 facet normal -8.869228e-01 -4.619176e-01 -0.000000e+00
   outer loop
     vertex  1.636469e+02  7.526587e+01  1.380000e+01
     vertex  1.636469e+02  7.526587e+01  1.130000e+01
     vertex  1.636684e+02  7.522450e+01  1.130000e+01
   endloop
 endfacet
 facet normal -8.739167e-01 -4.860756e-01  0.000000e+00
   outer loop
     vertex  1.636242e+02  7.530663e+01  1.380000e+01
     vertex  1.636469e+02  7.526587e+01  1.130000e+01
     vertex  1.636469e+02  7.526587e+01  1.380000e+01
   endloop
 endfacet
 facet normal -8.739167e-01 -4.860756e-01 -0.000000e+00
   outer loop
     vertex  1.636242e+02  7.530663e+01  1.380000e+01
     vertex  1.636242e+02  7.530663e+01  1.130000e+01
     vertex  1.636469e+02  7.526587e+01  1.130000e+01
   endloop
 endfacet
 facet normal -8.602528e-01 -5.098678e-01  0.000000e+00
   outer loop
     vertex  1.636004e+02  7.534676e+01  1.380000e+01
     vertex  1.636242e+02  7.530663e+01  1.130000e+01
     vertex  1.636242e+02  7.530663e+01  1.380000e+01
   endloop
 endfacet
 facet normal -8.602528e-01 -5.098678e-01 -0.000000e+00
   outer loop
     vertex  1.636004e+02  7.534676e+01  1.380000e+01
     vertex  1.636004e+02  7.534676e+01  1.130000e+01
     vertex  1.636242e+02  7.530663e+01  1.130000e+01
   endloop
 endfacet
 facet normal -8.459413e-01 -5.332761e-01  0.000000e+00
   outer loop
     vertex  1.635755e+02  7.538621e+01  1.380000e+01
     vertex  1.636004e+02  7.534676e+01  1.130000e+01
     vertex  1.636004e+02  7.534676e+01  1.380000e+01
   endloop
 endfacet
 facet normal -8.459413e-01 -5.332761e-01 -0.000000e+00
   outer loop
     vertex  1.635755e+02  7.538621e+01  1.380000e+01
     vertex  1.635755e+02  7.538621e+01  1.130000e+01
     vertex  1.636004e+02  7.534676e+01  1.130000e+01
   endloop
 endfacet
 facet normal -8.309929e-01 -5.562829e-01 -0.000000e+00
   outer loop
     vertex  1.635496e+02  7.542497e+01  1.380000e+01
     vertex  1.635496e+02  7.542497e+01  1.130000e+01
     vertex  1.635755e+02  7.538621e+01  1.130000e+01
   endloop
 endfacet
 facet normal -8.309929e-01 -5.562829e-01  0.000000e+00
   outer loop
     vertex  1.635496e+02  7.542497e+01  1.380000e+01
     vertex  1.635755e+02  7.538621e+01  1.130000e+01
     vertex  1.635755e+02  7.538621e+01  1.380000e+01
   endloop
 endfacet
 facet normal -8.154191e-01 -5.788711e-01 -0.000000e+00
   outer loop
     vertex  1.635226e+02  7.546300e+01  1.380000e+01
     vertex  1.635226e+02  7.546300e+01  1.130000e+01
     vertex  1.635496e+02  7.542497e+01  1.130000e+01
   endloop
 endfacet
 facet normal -8.154191e-01 -5.788711e-01  0.000000e+00
   outer loop
     vertex  1.635226e+02  7.546300e+01  1.380000e+01
     vertex  1.635496e+02  7.542497e+01  1.130000e+01
     vertex  1.635496e+02  7.542497e+01  1.380000e+01
   endloop
 endfacet
 facet normal -7.992314e-01 -6.010234e-01 -0.000000e+00
   outer loop
     vertex  1.634945e+02  7.550028e+01  1.380000e+01
     vertex  1.634945e+02  7.550028e+01  1.130000e+01
     vertex  1.635226e+02  7.546300e+01  1.130000e+01
   endloop
 endfacet
 facet normal -7.992314e-01 -6.010234e-01  0.000000e+00
   outer loop
     vertex  1.634945e+02  7.550028e+01  1.380000e+01
     vertex  1.635226e+02  7.546300e+01  1.130000e+01
     vertex  1.635226e+02  7.546300e+01  1.380000e+01
   endloop
 endfacet
 facet normal -7.824421e-01 -6.227234e-01 -0.000000e+00
   outer loop
     vertex  1.634655e+02  7.553678e+01  1.380000e+01
     vertex  1.634655e+02  7.553678e+01  1.130000e+01
     vertex  1.634945e+02  7.550028e+01  1.130000e+01
   endloop
 endfacet
 facet normal -7.650637e-01 -6.439545e-01 -0.000000e+00
   outer loop
     vertex  1.634655e+02  7.553678e+01  1.380000e+01
     vertex  1.634355e+02  7.557246e+01  1.130000e+01
     vertex  1.634655e+02  7.553678e+01  1.130000e+01
   endloop
 endfacet
 facet normal -7.824421e-01 -6.227234e-01  0.000000e+00
   outer loop
     vertex  1.634655e+02  7.553678e+01  1.380000e+01
     vertex  1.634945e+02  7.550028e+01  1.130000e+01
     vertex  1.634945e+02  7.550028e+01  1.380000e+01
   endloop
 endfacet
 facet normal -7.650637e-01 -6.439545e-01 -0.000000e+00
   outer loop
     vertex  1.634355e+02  7.557246e+01  1.380000e+01
     vertex  1.634355e+02  7.557246e+01  1.130000e+01
     vertex  1.634655e+02  7.553678e+01  1.380000e+01
   endloop
 endfacet
 facet normal -7.471095e-01 -6.647010e-01 -0.000000e+00
   outer loop
     vertex  1.634045e+02  7.560731e+01  1.380000e+01
     vertex  1.634045e+02  7.560731e+01  1.130000e+01
     vertex  1.634355e+02  7.557246e+01  1.130000e+01
   endloop
 endfacet
 facet normal -7.471095e-01 -6.647010e-01  0.000000e+00
   outer loop
     vertex  1.634045e+02  7.560731e+01  1.380000e+01
     vertex  1.634355e+02  7.557246e+01  1.130000e+01
     vertex  1.634355e+02  7.557246e+01  1.380000e+01
   endloop
 endfacet
 facet normal -7.285929e-01 -6.849470e-01 -0.000000e+00
   outer loop
     vertex  1.633725e+02  7.564129e+01  1.380000e+01
     vertex  1.633725e+02  7.564129e+01  1.130000e+01
     vertex  1.634045e+02  7.560731e+01  1.130000e+01
   endloop
 endfacet
 facet normal -7.285929e-01 -6.849470e-01  0.000000e+00
   outer loop
     vertex  1.633725e+02  7.564129e+01  1.380000e+01
     vertex  1.634045e+02  7.560731e+01  1.130000e+01
     vertex  1.634045e+02  7.560731e+01  1.380000e+01
   endloop
 endfacet
 facet normal -7.095278e-01 -7.046775e-01 -0.000000e+00
   outer loop
     vertex  1.633396e+02  7.567439e+01  1.380000e+01
     vertex  1.633396e+02  7.567439e+01  1.130000e+01
     vertex  1.633725e+02  7.564129e+01  1.130000e+01
   endloop
 endfacet
 facet normal -7.095278e-01 -7.046775e-01  0.000000e+00
   outer loop
     vertex  1.633396e+02  7.567439e+01  1.380000e+01
     vertex  1.633725e+02  7.564129e+01  1.130000e+01
     vertex  1.633725e+02  7.564129e+01  1.380000e+01
   endloop
 endfacet
 facet normal -6.899286e-01 -7.238775e-01 -0.000000e+00
   outer loop
     vertex  1.633059e+02  7.570657e+01  1.380000e+01
     vertex  1.633059e+02  7.570657e+01  1.130000e+01
     vertex  1.633396e+02  7.567439e+01  1.130000e+01
   endloop
 endfacet
 facet normal -6.899286e-01 -7.238775e-01  0.000000e+00
   outer loop
     vertex  1.633059e+02  7.570657e+01  1.380000e+01
     vertex  1.633396e+02  7.567439e+01  1.130000e+01
     vertex  1.633396e+02  7.567439e+01  1.380000e+01
   endloop
 endfacet
 facet normal -6.698100e-01 -7.425325e-01 -0.000000e+00
   outer loop
     vertex  1.632713e+02  7.573781e+01  1.380000e+01
     vertex  1.632713e+02  7.573781e+01  1.130000e+01
     vertex  1.633059e+02  7.570657e+01  1.130000e+01
   endloop
 endfacet
 facet normal -6.698100e-01 -7.425325e-01  0.000000e+00
   outer loop
     vertex  1.632713e+02  7.573781e+01  1.380000e+01
     vertex  1.633059e+02  7.570657e+01  1.130000e+01
     vertex  1.633059e+02  7.570657e+01  1.380000e+01
   endloop
 endfacet
 facet normal -6.491872e-01 -7.606287e-01 -0.000000e+00
   outer loop
     vertex  1.632358e+02  7.576809e+01  1.380000e+01
     vertex  1.632358e+02  7.576809e+01  1.130000e+01
     vertex  1.632713e+02  7.573781e+01  1.130000e+01
   endloop
 endfacet
 facet normal -6.491872e-01 -7.606287e-01  0.000000e+00
   outer loop
     vertex  1.632358e+02  7.576809e+01  1.380000e+01
     vertex  1.632713e+02  7.573781e+01  1.130000e+01
     vertex  1.632713e+02  7.573781e+01  1.380000e+01
   endloop
 endfacet
 facet normal -6.280757e-01 -7.781522e-01 -0.000000e+00
   outer loop
     vertex  1.631995e+02  7.579738e+01  1.380000e+01
     vertex  1.631995e+02  7.579738e+01  1.130000e+01
     vertex  1.632358e+02  7.576809e+01  1.130000e+01
   endloop
 endfacet
 facet normal -6.280757e-01 -7.781522e-01  0.000000e+00
   outer loop
     vertex  1.631995e+02  7.579738e+01  1.380000e+01
     vertex  1.632358e+02  7.576809e+01  1.130000e+01
     vertex  1.632358e+02  7.576809e+01  1.380000e+01
   endloop
 endfacet
 facet normal -6.064915e-01 -7.950900e-01 -0.000000e+00
   outer loop
     vertex  1.631624e+02  7.582567e+01  1.380000e+01
     vertex  1.631624e+02  7.582567e+01  1.130000e+01
     vertex  1.631995e+02  7.579738e+01  1.130000e+01
   endloop
 endfacet
 facet normal -6.064915e-01 -7.950900e-01  0.000000e+00
   outer loop
     vertex  1.631624e+02  7.582567e+01  1.380000e+01
     vertex  1.631995e+02  7.579738e+01  1.130000e+01
     vertex  1.631995e+02  7.579738e+01  1.380000e+01
   endloop
 endfacet
 facet normal -5.844507e-01 -8.114292e-01 -0.000000e+00
   outer loop
     vertex  1.631245e+02  7.585293e+01  1.380000e+01
     vertex  1.631245e+02  7.585293e+01  1.130000e+01
     vertex  1.631624e+02  7.582567e+01  1.130000e+01
   endloop
 endfacet
 facet normal -5.844507e-01 -8.114292e-01  0.000000e+00
   outer loop
     vertex  1.631245e+02  7.585293e+01  1.380000e+01
     vertex  1.631624e+02  7.582567e+01  1.130000e+01
     vertex  1.631624e+02  7.582567e+01  1.380000e+01
   endloop
 endfacet
 facet normal -5.619699e-01 -8.271577e-01  0.000000e+00
   outer loop
     vertex  1.630860e+02  7.587914e+01  1.380000e+01
     vertex  1.631245e+02  7.585293e+01  1.130000e+01
     vertex  1.631245e+02  7.585293e+01  1.380000e+01
   endloop
 endfacet
 facet normal -5.619699e-01 -8.271577e-01 -0.000000e+00
   outer loop
     vertex  1.630860e+02  7.587914e+01  1.380000e+01
     vertex  1.630860e+02  7.587914e+01  1.130000e+01
     vertex  1.631245e+02  7.585293e+01  1.130000e+01
   endloop
 endfacet
 facet normal -5.390661e-01 -8.422635e-01 -0.000000e+00
   outer loop
     vertex  1.630860e+02  7.587914e+01  1.380000e+01
     vertex  1.630467e+02  7.590428e+01  1.130000e+01
     vertex  1.630860e+02  7.587914e+01  1.130000e+01
   endloop
 endfacet
 facet normal -5.390661e-01 -8.422635e-01 -0.000000e+00
   outer loop
     vertex  1.630467e+02  7.590428e+01  1.380000e+01
     vertex  1.630467e+02  7.590428e+01  1.130000e+01
     vertex  1.630860e+02  7.587914e+01  1.380000e+01
   endloop
 endfacet
 facet normal -5.157565e-01 -8.567352e-01 -0.000000e+00
   outer loop
     vertex  1.630467e+02  7.590428e+01  1.380000e+01
     vertex  1.630067e+02  7.592834e+01  1.130000e+01
     vertex  1.630467e+02  7.590428e+01  1.130000e+01
   endloop
 endfacet
 facet normal -5.157565e-01 -8.567352e-01 -0.000000e+00
   outer loop
     vertex  1.630067e+02  7.592834e+01  1.380000e+01
     vertex  1.630067e+02  7.592834e+01  1.130000e+01
     vertex  1.630467e+02  7.590428e+01  1.380000e+01
   endloop
 endfacet
 facet normal -4.920587e-01 -8.705620e-01  0.000000e+00
   outer loop
     vertex  1.629661e+02  7.595129e+01  1.380000e+01
     vertex  1.630067e+02  7.592834e+01  1.130000e+01
     vertex  1.630067e+02  7.592834e+01  1.380000e+01
   endloop
 endfacet
 facet normal -4.920587e-01 -8.705620e-01 -0.000000e+00
   outer loop
     vertex  1.629661e+02  7.595129e+01  1.380000e+01
     vertex  1.629661e+02  7.595129e+01  1.130000e+01
     vertex  1.630067e+02  7.592834e+01  1.130000e+01
   endloop
 endfacet
 facet normal -4.679904e-01 -8.837335e-01  0.000000e+00
   outer loop
     vertex  1.629249e+02  7.597312e+01  1.380000e+01
     vertex  1.629661e+02  7.595129e+01  1.130000e+01
     vertex  1.629661e+02  7.595129e+01  1.380000e+01
   endloop
 endfacet
 facet normal -4.679904e-01 -8.837335e-01 -0.000000e+00
   outer loop
     vertex  1.629249e+02  7.597312e+01  1.380000e+01
     vertex  1.629249e+02  7.597312e+01  1.130000e+01
     vertex  1.629661e+02  7.595129e+01  1.130000e+01
   endloop
 endfacet
 facet normal -4.435699e-01 -8.962398e-01  0.000000e+00
   outer loop
     vertex  1.628831e+02  7.599381e+01  1.380000e+01
     vertex  1.629249e+02  7.597312e+01  1.130000e+01
     vertex  1.629249e+02  7.597312e+01  1.380000e+01
   endloop
 endfacet
 facet normal -4.435699e-01 -8.962398e-01 -0.000000e+00
   outer loop
     vertex  1.628831e+02  7.599381e+01  1.380000e+01
     vertex  1.628831e+02  7.599381e+01  1.130000e+01
     vertex  1.629249e+02  7.597312e+01  1.130000e+01
   endloop
 endfacet
 facet normal -4.188155e-01 -9.080714e-01  0.000000e+00
   outer loop
     vertex  1.628407e+02  7.601334e+01  1.380000e+01
     vertex  1.628831e+02  7.599381e+01  1.130000e+01
     vertex  1.628831e+02  7.599381e+01  1.380000e+01
   endloop
 endfacet
 facet normal -4.188155e-01 -9.080714e-01 -0.000000e+00
   outer loop
     vertex  1.628407e+02  7.601334e+01  1.380000e+01
     vertex  1.628407e+02  7.601334e+01  1.130000e+01
     vertex  1.628831e+02  7.599381e+01  1.130000e+01
   endloop
 endfacet
 facet normal -3.937458e-01 -9.192194e-01  0.000000e+00
   outer loop
     vertex  1.627979e+02  7.603171e+01  1.380000e+01
     vertex  1.628407e+02  7.601334e+01  1.130000e+01
     vertex  1.628407e+02  7.601334e+01  1.380000e+01
   endloop
 endfacet
 facet normal -3.937458e-01 -9.192194e-01 -0.000000e+00
   outer loop
     vertex  1.627979e+02  7.603171e+01  1.380000e+01
     vertex  1.627979e+02  7.603171e+01  1.130000e+01
     vertex  1.628407e+02  7.601334e+01  1.130000e+01
   endloop
 endfacet
 facet normal -3.683796e-01 -9.296754e-01  0.000000e+00
   outer loop
     vertex  1.627545e+02  7.604889e+01  1.380000e+01
     vertex  1.627979e+02  7.603171e+01  1.130000e+01
     vertex  1.627979e+02  7.603171e+01  1.380000e+01
   endloop
 endfacet
 facet normal -3.683796e-01 -9.296754e-01 -0.000000e+00
   outer loop
     vertex  1.627545e+02  7.604889e+01  1.380000e+01
     vertex  1.627545e+02  7.604889e+01  1.130000e+01
     vertex  1.627979e+02  7.603171e+01  1.130000e+01
   endloop
 endfacet
 facet normal -3.427362e-01 -9.394317e-01  0.000000e+00
   outer loop
     vertex  1.627107e+02  7.606488e+01  1.380000e+01
     vertex  1.627545e+02  7.604889e+01  1.130000e+01
     vertex  1.627545e+02  7.604889e+01  1.380000e+01
   endloop
 endfacet
 facet normal -3.427362e-01 -9.394317e-01 -0.000000e+00
   outer loop
     vertex  1.627107e+02  7.606488e+01  1.380000e+01
     vertex  1.627107e+02  7.606488e+01  1.130000e+01
     vertex  1.627545e+02  7.604889e+01  1.130000e+01
   endloop
 endfacet
 facet normal -3.168348e-01 -9.484807e-01  0.000000e+00
   outer loop
     vertex  1.626664e+02  7.607965e+01  1.380000e+01
     vertex  1.627107e+02  7.606488e+01  1.130000e+01
     vertex  1.627107e+02  7.606488e+01  1.380000e+01
   endloop
 endfacet
 facet normal -3.168348e-01 -9.484807e-01 -0.000000e+00
   outer loop
     vertex  1.626664e+02  7.607965e+01  1.380000e+01
     vertex  1.626664e+02  7.607965e+01  1.130000e+01
     vertex  1.627107e+02  7.606488e+01  1.130000e+01
   endloop
 endfacet
 facet normal -2.906949e-01 -9.568158e-01  0.000000e+00
   outer loop
     vertex  1.626218e+02  7.609321e+01  1.380000e+01
     vertex  1.626664e+02  7.607965e+01  1.130000e+01
     vertex  1.626664e+02  7.607965e+01  1.380000e+01
   endloop
 endfacet
 facet normal -2.906949e-01 -9.568158e-01 -0.000000e+00
   outer loop
     vertex  1.626218e+02  7.609321e+01  1.380000e+01
     vertex  1.626218e+02  7.609321e+01  1.130000e+01
     vertex  1.626664e+02  7.607965e+01  1.130000e+01
   endloop
 endfacet
 facet normal -2.643362e-01 -9.644306e-01 -0.000000e+00
   outer loop
     vertex  1.626218e+02  7.609321e+01  1.380000e+01
     vertex  1.625768e+02  7.610554e+01  1.130000e+01
     vertex  1.626218e+02  7.609321e+01  1.130000e+01
   endloop
 endfacet
 facet normal -2.643362e-01 -9.644306e-01 -0.000000e+00
   outer loop
     vertex  1.625768e+02  7.610554e+01  1.380000e+01
     vertex  1.625768e+02  7.610554e+01  1.130000e+01
     vertex  1.626218e+02  7.609321e+01  1.380000e+01
   endloop
 endfacet
 facet normal -2.377784e-01 -9.713194e-01 -0.000000e+00
   outer loop
     vertex  1.625768e+02  7.610554e+01  1.380000e+01
     vertex  1.625315e+02  7.611663e+01  1.130000e+01
     vertex  1.625768e+02  7.610554e+01  1.130000e+01
   endloop
 endfacet
 facet normal -2.377784e-01 -9.713194e-01 -0.000000e+00
   outer loop
     vertex  1.625315e+02  7.611663e+01  1.380000e+01
     vertex  1.625315e+02  7.611663e+01  1.130000e+01
     vertex  1.625768e+02  7.610554e+01  1.380000e+01
   endloop
 endfacet
 facet normal -2.110417e-01 -9.774771e-01  0.000000e+00
   outer loop
     vertex  1.624859e+02  7.612648e+01  1.380000e+01
     vertex  1.625315e+02  7.611663e+01  1.130000e+01
     vertex  1.625315e+02  7.611663e+01  1.380000e+01
   endloop
 endfacet
 facet normal -2.110417e-01 -9.774771e-01 -0.000000e+00
   outer loop
     vertex  1.624859e+02  7.612648e+01  1.380000e+01
     vertex  1.624859e+02  7.612648e+01  1.130000e+01
     vertex  1.625315e+02  7.611663e+01  1.130000e+01
   endloop
 endfacet
 facet normal -1.841461e-01 -9.828989e-01 -0.000000e+00
   outer loop
     vertex  1.624859e+02  7.612648e+01  1.380000e+01
     vertex  1.624401e+02  7.613507e+01  1.130000e+01
     vertex  1.624859e+02  7.612648e+01  1.130000e+01
   endloop
 endfacet
 facet normal -1.841461e-01 -9.828989e-01 -0.000000e+00
   outer loop
     vertex  1.624401e+02  7.613507e+01  1.380000e+01
     vertex  1.624401e+02  7.613507e+01  1.130000e+01
     vertex  1.624859e+02  7.612648e+01  1.380000e+01
   endloop
 endfacet
 facet normal -1.571119e-01 -9.875808e-01 -0.000000e+00
   outer loop
     vertex  1.624401e+02  7.613507e+01  1.380000e+01
     vertex  1.623940e+02  7.614239e+01  1.130000e+01
     vertex  1.624401e+02  7.613507e+01  1.130000e+01
   endloop
 endfacet
 facet normal -1.571119e-01 -9.875808e-01 -0.000000e+00
   outer loop
     vertex  1.623940e+02  7.614239e+01  1.380000e+01
     vertex  1.623940e+02  7.614239e+01  1.130000e+01
     vertex  1.624401e+02  7.613507e+01  1.380000e+01
   endloop
 endfacet
 facet normal -1.299594e-01 -9.915193e-01  0.000000e+00
   outer loop
     vertex  1.623478e+02  7.614846e+01  1.380000e+01
     vertex  1.623940e+02  7.614239e+01  1.130000e+01
     vertex  1.623940e+02  7.614239e+01  1.380000e+01
   endloop
 endfacet
 facet normal -1.299594e-01 -9.915193e-01 -0.000000e+00
   outer loop
     vertex  1.623478e+02  7.614846e+01  1.380000e+01
     vertex  1.623478e+02  7.614846e+01  1.130000e+01
     vertex  1.623940e+02  7.614239e+01  1.130000e+01
   endloop
 endfacet
 facet normal -1.027091e-01 -9.947114e-01 -0.000000e+00
   outer loop
     vertex  1.623478e+02  7.614846e+01  1.380000e+01
     vertex  1.623014e+02  7.615325e+01  1.130000e+01
     vertex  1.623478e+02  7.614846e+01  1.130000e+01
   endloop
 endfacet
 facet normal -1.027091e-01 -9.947114e-01 -0.000000e+00
   outer loop
     vertex  1.623014e+02  7.615325e+01  1.380000e+01
     vertex  1.623014e+02  7.615325e+01  1.130000e+01
     vertex  1.623478e+02  7.614846e+01  1.380000e+01
   endloop
 endfacet
 facet normal -7.538152e-02 -9.971548e-01  0.000000e+00
   outer loop
     vertex  1.622549e+02  7.615676e+01  1.380000e+01
     vertex  1.623014e+02  7.615325e+01  1.130000e+01
     vertex  1.623014e+02  7.615325e+01  1.380000e+01
   endloop
 endfacet
 facet normal -7.538152e-02 -9.971548e-01 -0.000000e+00
   outer loop
     vertex  1.622549e+02  7.615676e+01  1.380000e+01
     vertex  1.622549e+02  7.615676e+01  1.130000e+01
     vertex  1.623014e+02  7.615325e+01  1.130000e+01
   endloop
 endfacet
 facet normal -4.799716e-02 -9.988475e-01 -0.000000e+00
   outer loop
     vertex  1.622549e+02  7.615676e+01  1.380000e+01
     vertex  1.622083e+02  7.615900e+01  1.130000e+01
     vertex  1.622549e+02  7.615676e+01  1.130000e+01
   endloop
 endfacet
 facet normal -2.057667e-02 -9.997883e-01 -0.000000e+00
   outer loop
     vertex  1.622083e+02  7.615900e+01  1.380000e+01
     vertex  1.621617e+02  7.615996e+01  1.130000e+01
     vertex  1.622083e+02  7.615900e+01  1.130000e+01
   endloop
 endfacet
 facet normal -4.799716e-02 -9.988475e-01 -0.000000e+00
   outer loop
     vertex  1.622083e+02  7.615900e+01  1.380000e+01
     vertex  1.622083e+02  7.615900e+01  1.130000e+01
     vertex  1.622549e+02  7.615676e+01  1.380000e+01
   endloop
 endfacet
 facet normal -2.057667e-02 -9.997883e-01 -0.000000e+00
   outer loop
     vertex  1.621617e+02  7.615996e+01  1.380000e+01
     vertex  1.621617e+02  7.615996e+01  1.130000e+01
     vertex  1.622083e+02  7.615900e+01  1.380000e+01
   endloop
 endfacet
 facet normal  6.859319e-03 -9.999765e-01  0.000000e+00
   outer loop
     vertex  1.621150e+02  7.615964e+01  1.380000e+01
     vertex  1.621150e+02  7.615964e+01  1.130000e+01
     vertex  1.621617e+02  7.615996e+01  1.130000e+01
   endloop
 endfacet
 facet normal  6.859319e-03 -9.999765e-01  0.000000e+00
   outer loop
     vertex  1.621150e+02  7.615964e+01  1.380000e+01
     vertex  1.621617e+02  7.615996e+01  1.130000e+01
     vertex  1.621617e+02  7.615996e+01  1.380000e+01
   endloop
 endfacet
 facet normal  3.429014e-02 -9.994119e-01  0.000000e+00
   outer loop
     vertex  1.620684e+02  7.615804e+01  1.380000e+01
     vertex  1.620684e+02  7.615804e+01  1.130000e+01
     vertex  1.621150e+02  7.615964e+01  1.130000e+01
   endloop
 endfacet
 facet normal  3.429014e-02 -9.994119e-01  0.000000e+00
   outer loop
     vertex  1.620684e+02  7.615804e+01  1.380000e+01
     vertex  1.621150e+02  7.615964e+01  1.130000e+01
     vertex  1.621150e+02  7.615964e+01  1.380000e+01
   endloop
 endfacet
 facet normal  6.169515e-02 -9.980950e-01  0.000000e+00
   outer loop
     vertex  1.620219e+02  7.615516e+01  1.380000e+01
     vertex  1.620219e+02  7.615516e+01  1.130000e+01
     vertex  1.620684e+02  7.615804e+01  1.130000e+01
   endloop
 endfacet
 facet normal  6.169515e-02 -9.980950e-01  0.000000e+00
   outer loop
     vertex  1.620219e+02  7.615516e+01  1.380000e+01
     vertex  1.620684e+02  7.615804e+01  1.130000e+01
     vertex  1.620684e+02  7.615804e+01  1.380000e+01
   endloop
 endfacet
 facet normal  8.905371e-02 -9.960268e-01  0.000000e+00
   outer loop
     vertex  1.619754e+02  7.615101e+01  1.380000e+01
     vertex  1.620219e+02  7.615516e+01  1.130000e+01
     vertex  1.620219e+02  7.615516e+01  1.380000e+01
   endloop
 endfacet
 facet normal  8.905371e-02 -9.960268e-01  0.000000e+00
   outer loop
     vertex  1.619754e+02  7.615101e+01  1.380000e+01
     vertex  1.619754e+02  7.615101e+01  1.130000e+01
     vertex  1.620219e+02  7.615516e+01  1.130000e+01
   endloop
 endfacet
 facet normal  1.163452e-01 -9.932088e-01  0.000000e+00
   outer loop
     vertex  1.619291e+02  7.614558e+01  1.380000e+01
     vertex  1.619754e+02  7.615101e+01  1.130000e+01
     vertex  1.619754e+02  7.615101e+01  1.380000e+01
   endloop
 endfacet
 facet normal  1.163452e-01 -9.932088e-01  0.000000e+00
   outer loop
     vertex  1.619291e+02  7.614558e+01  1.380000e+01
     vertex  1.619291e+02  7.614558e+01  1.130000e+01
     vertex  1.619754e+02  7.615101e+01  1.130000e+01
   endloop
 endfacet
 facet normal  1.435492e-01 -9.896432e-01  0.000000e+00
   outer loop
     vertex  1.619291e+02  7.614558e+01  1.380000e+01
     vertex  1.618829e+02  7.613889e+01  1.130000e+01
     vertex  1.619291e+02  7.614558e+01  1.130000e+01
   endloop
 endfacet
 facet normal  1.435492e-01 -9.896432e-01  0.000000e+00
   outer loop
     vertex  1.618829e+02  7.613889e+01  1.380000e+01
     vertex  1.618829e+02  7.613889e+01  1.130000e+01
     vertex  1.619291e+02  7.614558e+01  1.380000e+01
   endloop
 endfacet
 facet normal  1.706451e-01 -9.853326e-01  0.000000e+00
   outer loop
     vertex  1.618370e+02  7.613093e+01  1.380000e+01
     vertex  1.618829e+02  7.613889e+01  1.130000e+01
     vertex  1.618829e+02  7.613889e+01  1.380000e+01
   endloop
 endfacet
 facet normal  1.706451e-01 -9.853326e-01  0.000000e+00
   outer loop
     vertex  1.618370e+02  7.613093e+01  1.380000e+01
     vertex  1.618370e+02  7.613093e+01  1.130000e+01
     vertex  1.618829e+02  7.613889e+01  1.130000e+01
   endloop
 endfacet
 facet normal  1.976125e-01 -9.802802e-01  0.000000e+00
   outer loop
     vertex  1.617912e+02  7.612171e+01  1.380000e+01
     vertex  1.618370e+02  7.613093e+01  1.130000e+01
     vertex  1.618370e+02  7.613093e+01  1.380000e+01
   endloop
 endfacet
 facet normal  1.976125e-01 -9.802802e-01  0.000000e+00
   outer loop
     vertex  1.617912e+02  7.612171e+01  1.380000e+01
     vertex  1.617912e+02  7.612171e+01  1.130000e+01
     vertex  1.618370e+02  7.613093e+01  1.130000e+01
   endloop
 endfacet
 facet normal  2.244312e-01 -9.744899e-01  0.000000e+00
   outer loop
     vertex  1.617912e+02  7.612171e+01  1.380000e+01
     vertex  1.617458e+02  7.611124e+01  1.130000e+01
     vertex  1.617912e+02  7.612171e+01  1.130000e+01
   endloop
 endfacet
 facet normal  2.244312e-01 -9.744899e-01  0.000000e+00
   outer loop
     vertex  1.617458e+02  7.611124e+01  1.380000e+01
     vertex  1.617458e+02  7.611124e+01  1.130000e+01
     vertex  1.617912e+02  7.612171e+01  1.380000e+01
   endloop
 endfacet
 facet normal  2.510809e-01 -9.679661e-01  0.000000e+00
   outer loop
     vertex  1.617006e+02  7.609953e+01  1.380000e+01
     vertex  1.617458e+02  7.611124e+01  1.130000e+01
     vertex  1.617458e+02  7.611124e+01  1.380000e+01
   endloop
 endfacet
 facet normal  2.510809e-01 -9.679661e-01  0.000000e+00
   outer loop
     vertex  1.617006e+02  7.609953e+01  1.380000e+01
     vertex  1.617006e+02  7.609953e+01  1.130000e+01
     vertex  1.617458e+02  7.611124e+01  1.130000e+01
   endloop
 endfacet
 facet normal  2.775416e-01 -9.607136e-01  0.000000e+00
   outer loop
     vertex  1.617006e+02  7.609953e+01  1.380000e+01
     vertex  1.616558e+02  7.608659e+01  1.130000e+01
     vertex  1.617006e+02  7.609953e+01  1.130000e+01
   endloop
 endfacet
 facet normal  2.775416e-01 -9.607136e-01  0.000000e+00
   outer loop
     vertex  1.616558e+02  7.608659e+01  1.380000e+01
     vertex  1.616558e+02  7.608659e+01  1.130000e+01
     vertex  1.617006e+02  7.609953e+01  1.380000e+01
   endloop
 endfacet
 facet normal  3.037934e-01 -9.527379e-01  0.000000e+00
   outer loop
     vertex  1.616114e+02  7.607242e+01  1.380000e+01
     vertex  1.616558e+02  7.608659e+01  1.130000e+01
     vertex  1.616558e+02  7.608659e+01  1.380000e+01
   endloop
 endfacet
 facet normal  3.037934e-01 -9.527379e-01  0.000000e+00
   outer loop
     vertex  1.616114e+02  7.607242e+01  1.380000e+01
     vertex  1.616114e+02  7.607242e+01  1.130000e+01
     vertex  1.616558e+02  7.608659e+01  1.130000e+01
   endloop
 endfacet
 facet normal  3.298166e-01 -9.440450e-01  0.000000e+00
   outer loop
     vertex  1.616114e+02  7.607242e+01  1.380000e+01
     vertex  1.615673e+02  7.605703e+01  1.130000e+01
     vertex  1.616114e+02  7.607242e+01  1.130000e+01
   endloop
 endfacet
 facet normal  3.298166e-01 -9.440450e-01  0.000000e+00
   outer loop
     vertex  1.615673e+02  7.605703e+01  1.380000e+01
     vertex  1.615673e+02  7.605703e+01  1.130000e+01
     vertex  1.616114e+02  7.607242e+01  1.380000e+01
   endloop
 endfacet
 facet normal  3.555914e-01 -9.346415e-01  0.000000e+00
   outer loop
     vertex  1.615238e+02  7.604045e+01  1.380000e+01
     vertex  1.615673e+02  7.605703e+01  1.130000e+01
     vertex  1.615673e+02  7.605703e+01  1.380000e+01
   endloop
 endfacet
 facet normal  3.555914e-01 -9.346415e-01  0.000000e+00
   outer loop
     vertex  1.615238e+02  7.604045e+01  1.380000e+01
     vertex  1.615238e+02  7.604045e+01  1.130000e+01
     vertex  1.615673e+02  7.605703e+01  1.130000e+01
   endloop
 endfacet
 facet normal  3.810986e-01 -9.245344e-01  0.000000e+00
   outer loop
     vertex  1.614806e+02  7.602267e+01  1.380000e+01
     vertex  1.615238e+02  7.604045e+01  1.130000e+01
     vertex  1.615238e+02  7.604045e+01  1.380000e+01
   endloop
 endfacet
 facet normal  3.810986e-01 -9.245344e-01  0.000000e+00
   outer loop
     vertex  1.614806e+02  7.602267e+01  1.380000e+01
     vertex  1.614806e+02  7.602267e+01  1.130000e+01
     vertex  1.615238e+02  7.604045e+01  1.130000e+01
   endloop
 endfacet
 facet normal  4.063188e-01 -9.137314e-01  0.000000e+00
   outer loop
     vertex  1.614380e+02  7.600372e+01  1.380000e+01
     vertex  1.614380e+02  7.600372e+01  1.130000e+01
     vertex  1.614806e+02  7.602267e+01  1.130000e+01
   endloop
 endfacet
 facet normal  4.312333e-01 -9.022405e-01  0.000000e+00
   outer loop
     vertex  1.614380e+02  7.600372e+01  1.380000e+01
     vertex  1.613959e+02  7.598361e+01  1.130000e+01
     vertex  1.614380e+02  7.600372e+01  1.130000e+01
   endloop
 endfacet
 facet normal  4.063188e-01 -9.137314e-01  0.000000e+00
   outer loop
     vertex  1.614380e+02  7.600372e+01  1.380000e+01
     vertex  1.614806e+02  7.602267e+01  1.130000e+01
     vertex  1.614806e+02  7.602267e+01  1.380000e+01
   endloop
 endfacet
 facet normal  4.312333e-01 -9.022405e-01  0.000000e+00
   outer loop
     vertex  1.613959e+02  7.598361e+01  1.380000e+01
     vertex  1.613959e+02  7.598361e+01  1.130000e+01
     vertex  1.614380e+02  7.600372e+01  1.380000e+01
   endloop
 endfacet
 facet normal  4.558231e-01 -8.900704e-01  0.000000e+00
   outer loop
     vertex  1.613544e+02  7.596235e+01  1.380000e+01
     vertex  1.613544e+02  7.596235e+01  1.130000e+01
     vertex  1.613959e+02  7.598361e+01  1.130000e+01
   endloop
 endfacet
 facet normal  4.800697e-01 -8.772303e-01  0.000000e+00
   outer loop
     vertex  1.613544e+02  7.596235e+01  1.380000e+01
     vertex  1.613135e+02  7.593996e+01  1.130000e+01
     vertex  1.613544e+02  7.596235e+01  1.130000e+01
   endloop
 endfacet
 facet normal  4.558231e-01 -8.900704e-01  0.000000e+00
   outer loop
     vertex  1.613544e+02  7.596235e+01  1.380000e+01
     vertex  1.613959e+02  7.598361e+01  1.130000e+01
     vertex  1.613959e+02  7.598361e+01  1.380000e+01
   endloop
 endfacet
 facet normal  4.800697e-01 -8.772303e-01  0.000000e+00
   outer loop
     vertex  1.613135e+02  7.593996e+01  1.380000e+01
     vertex  1.613135e+02  7.593996e+01  1.130000e+01
     vertex  1.613544e+02  7.596235e+01  1.380000e+01
   endloop
 endfacet
 facet normal  5.039550e-01 -8.637299e-01  0.000000e+00
   outer loop
     vertex  1.612732e+02  7.591645e+01  1.380000e+01
     vertex  1.612732e+02  7.591645e+01  1.130000e+01
     vertex  1.613135e+02  7.593996e+01  1.130000e+01
   endloop
 endfacet
 facet normal  5.039550e-01 -8.637299e-01  0.000000e+00
   outer loop
     vertex  1.612732e+02  7.591645e+01  1.380000e+01
     vertex  1.613135e+02  7.593996e+01  1.130000e+01
     vertex  1.613135e+02  7.593996e+01  1.380000e+01
   endloop
 endfacet
 facet normal  5.274609e-01 -8.495793e-01  0.000000e+00
   outer loop
     vertex  1.612336e+02  7.589185e+01  1.380000e+01
     vertex  1.612336e+02  7.589185e+01  1.130000e+01
     vertex  1.612732e+02  7.591645e+01  1.130000e+01
   endloop
 endfacet
 facet normal  5.505698e-01 -8.347891e-01  0.000000e+00
   outer loop
     vertex  1.612336e+02  7.589185e+01  1.380000e+01
     vertex  1.611947e+02  7.586617e+01  1.130000e+01
     vertex  1.612336e+02  7.589185e+01  1.130000e+01
   endloop
 endfacet
 facet normal  5.274609e-01 -8.495793e-01  0.000000e+00
   outer loop
     vertex  1.612336e+02  7.589185e+01  1.380000e+01
     vertex  1.612732e+02  7.591645e+01  1.130000e+01
     vertex  1.612732e+02  7.591645e+01  1.380000e+01
   endloop
 endfacet
 facet normal  5.505698e-01 -8.347891e-01  0.000000e+00
   outer loop
     vertex  1.611947e+02  7.586617e+01  1.380000e+01
     vertex  1.611947e+02  7.586617e+01  1.130000e+01
     vertex  1.612336e+02  7.589185e+01  1.380000e+01
   endloop
 endfacet
 facet normal  5.732642e-01 -8.193706e-01  0.000000e+00
   outer loop
     vertex  1.611564e+02  7.583943e+01  1.380000e+01
     vertex  1.611564e+02  7.583943e+01  1.130000e+01
     vertex  1.611947e+02  7.586617e+01  1.130000e+01
   endloop
 endfacet
 facet normal  5.732642e-01 -8.193706e-01  0.000000e+00
   outer loop
     vertex  1.611564e+02  7.583943e+01  1.380000e+01
     vertex  1.611947e+02  7.586617e+01  1.130000e+01
     vertex  1.611947e+02  7.586617e+01  1.380000e+01
   endloop
 endfacet
 facet normal  5.955271e-01 -8.033352e-01  0.000000e+00
   outer loop
     vertex  1.611190e+02  7.581165e+01  1.380000e+01
     vertex  1.611190e+02  7.581165e+01  1.130000e+01
     vertex  1.611564e+02  7.583943e+01  1.130000e+01
   endloop
 endfacet
 facet normal  6.173417e-01 -7.866951e-01  0.000000e+00
   outer loop
     vertex  1.611190e+02  7.581165e+01  1.380000e+01
     vertex  1.610823e+02  7.578286e+01  1.130000e+01
     vertex  1.611190e+02  7.581165e+01  1.130000e+01
   endloop
 endfacet
 facet normal  5.955271e-01 -8.033352e-01  0.000000e+00
   outer loop
     vertex  1.611190e+02  7.581165e+01  1.380000e+01
     vertex  1.611564e+02  7.583943e+01  1.130000e+01
     vertex  1.611564e+02  7.583943e+01  1.380000e+01
   endloop
 endfacet
 facet normal  6.173417e-01 -7.866951e-01  0.000000e+00
   outer loop
     vertex  1.610823e+02  7.578286e+01  1.380000e+01
     vertex  1.610823e+02  7.578286e+01  1.130000e+01
     vertex  1.611190e+02  7.581165e+01  1.380000e+01
   endloop
 endfacet
 facet normal  6.386916e-01 -7.694628e-01  0.000000e+00
   outer loop
     vertex  1.610464e+02  7.575307e+01  1.380000e+01
     vertex  1.610464e+02  7.575307e+01  1.130000e+01
     vertex  1.610823e+02  7.578286e+01  1.130000e+01
   endloop
 endfacet
 facet normal  6.386916e-01 -7.694628e-01  0.000000e+00
   outer loop
     vertex  1.610464e+02  7.575307e+01  1.380000e+01
     vertex  1.610823e+02  7.578286e+01  1.130000e+01
     vertex  1.610823e+02  7.578286e+01  1.380000e+01
   endloop
 endfacet
 facet normal  6.595607e-01 -7.516513e-01  0.000000e+00
   outer loop
     vertex  1.610113e+02  7.572231e+01  1.380000e+01
     vertex  1.610113e+02  7.572231e+01  1.130000e+01
     vertex  1.610464e+02  7.575307e+01  1.130000e+01
   endloop
 endfacet
 facet normal  6.595607e-01 -7.516513e-01  0.000000e+00
   outer loop
     vertex  1.610113e+02  7.572231e+01  1.380000e+01
     vertex  1.610464e+02  7.575307e+01  1.130000e+01
     vertex  1.610464e+02  7.575307e+01  1.380000e+01
   endloop
 endfacet
 facet normal  6.799333e-01 -7.332740e-01  0.000000e+00
   outer loop
     vertex  1.609771e+02  7.569059e+01  1.380000e+01
     vertex  1.609771e+02  7.569059e+01  1.130000e+01
     vertex  1.610113e+02  7.572231e+01  1.130000e+01
   endloop
 endfacet
 facet normal  6.997940e-01 -7.143447e-01  0.000000e+00
   outer loop
     vertex  1.609771e+02  7.569059e+01  1.380000e+01
     vertex  1.609438e+02  7.565795e+01  1.130000e+01
     vertex  1.609771e+02  7.569059e+01  1.130000e+01
   endloop
 endfacet
 facet normal  6.799333e-01 -7.332740e-01  0.000000e+00
   outer loop
     vertex  1.609771e+02  7.569059e+01  1.380000e+01
     vertex  1.610113e+02  7.572231e+01  1.130000e+01
     vertex  1.610113e+02  7.572231e+01  1.380000e+01
   endloop
 endfacet
 facet normal  6.997940e-01 -7.143447e-01  0.000000e+00
   outer loop
     vertex  1.609438e+02  7.565795e+01  1.380000e+01
     vertex  1.609438e+02  7.565795e+01  1.130000e+01
     vertex  1.609771e+02  7.569059e+01  1.380000e+01
   endloop
 endfacet
 facet normal  7.191280e-01 -6.948776e-01  0.000000e+00
   outer loop
     vertex  1.609114e+02  7.562441e+01  1.380000e+01
     vertex  1.609438e+02  7.565795e+01  1.130000e+01
     vertex  1.609438e+02  7.565795e+01  1.380000e+01
   endloop
 endfacet
 facet normal  7.191280e-01 -6.948776e-01  0.000000e+00
   outer loop
     vertex  1.609114e+02  7.562441e+01  1.380000e+01
     vertex  1.609114e+02  7.562441e+01  1.130000e+01
     vertex  1.609438e+02  7.565795e+01  1.130000e+01
   endloop
 endfacet
 facet normal  7.379206e-01 -6.748875e-01  0.000000e+00
   outer loop
     vertex  1.608799e+02  7.558999e+01  1.380000e+01
     vertex  1.609114e+02  7.562441e+01  1.130000e+01
     vertex  1.609114e+02  7.562441e+01  1.380000e+01
   endloop
 endfacet
 facet normal  7.379206e-01 -6.748875e-01  0.000000e+00
   outer loop
     vertex  1.608799e+02  7.558999e+01  1.380000e+01
     vertex  1.608799e+02  7.558999e+01  1.130000e+01
     vertex  1.609114e+02  7.562441e+01  1.130000e+01
   endloop
 endfacet
 facet normal  7.561578e-01 -6.543893e-01  0.000000e+00
   outer loop
     vertex  1.608799e+02  7.558999e+01  1.380000e+01
     vertex  1.608494e+02  7.555472e+01  1.130000e+01
     vertex  1.608799e+02  7.558999e+01  1.130000e+01
   endloop
 endfacet
 facet normal  7.561578e-01 -6.543893e-01  0.000000e+00
   outer loop
     vertex  1.608494e+02  7.555472e+01  1.380000e+01
     vertex  1.608494e+02  7.555472e+01  1.130000e+01
     vertex  1.608799e+02  7.558999e+01  1.380000e+01
   endloop
 endfacet
 facet normal  7.738257e-01 -6.333986e-01  0.000000e+00
   outer loop
     vertex  1.608494e+02  7.555472e+01  1.380000e+01
     vertex  1.608198e+02  7.551863e+01  1.130000e+01
     vertex  1.608494e+02  7.555472e+01  1.130000e+01
   endloop
 endfacet
 facet normal  7.738257e-01 -6.333986e-01  0.000000e+00
   outer loop
     vertex  1.608198e+02  7.551863e+01  1.380000e+01
     vertex  1.608198e+02  7.551863e+01  1.130000e+01
     vertex  1.608494e+02  7.555472e+01  1.380000e+01
   endloop
 endfacet
 facet normal  7.909112e-01 -6.119310e-01  0.000000e+00
   outer loop
     vertex  1.607913e+02  7.548174e+01  1.380000e+01
     vertex  1.608198e+02  7.551863e+01  1.130000e+01
     vertex  1.608198e+02  7.551863e+01  1.380000e+01
   endloop
 endfacet
 facet normal  7.909112e-01 -6.119310e-01  0.000000e+00
   outer loop
     vertex  1.607913e+02  7.548174e+01  1.380000e+01
     vertex  1.607913e+02  7.548174e+01  1.130000e+01
     vertex  1.608198e+02  7.551863e+01  1.130000e+01
   endloop
 endfacet
 facet normal  8.074012e-01 -5.900028e-01  0.000000e+00
   outer loop
     vertex  1.607638e+02  7.544408e+01  1.380000e+01
     vertex  1.607638e+02  7.544408e+01  1.130000e+01
     vertex  1.607913e+02  7.548174e+01  1.130000e+01
   endloop
 endfacet
 facet normal  8.232835e-01 -5.676304e-01  0.000000e+00
   outer loop
     vertex  1.607638e+02  7.544408e+01  1.380000e+01
     vertex  1.607373e+02  7.540568e+01  1.130000e+01
     vertex  1.607638e+02  7.544408e+01  1.130000e+01
   endloop
 endfacet
 facet normal  8.074012e-01 -5.900028e-01  0.000000e+00
   outer loop
     vertex  1.607638e+02  7.544408e+01  1.380000e+01
     vertex  1.607913e+02  7.548174e+01  1.130000e+01
     vertex  1.607913e+02  7.548174e+01  1.380000e+01
   endloop
 endfacet
 facet normal  8.232835e-01 -5.676304e-01  0.000000e+00
   outer loop
     vertex  1.607373e+02  7.540568e+01  1.380000e+01
     vertex  1.607373e+02  7.540568e+01  1.130000e+01
     vertex  1.607638e+02  7.544408e+01  1.380000e+01
   endloop
 endfacet
 facet normal  8.385460e-01 -5.448308e-01  0.000000e+00
   outer loop
     vertex  1.607119e+02  7.536657e+01  1.380000e+01
     vertex  1.607373e+02  7.540568e+01  1.130000e+01
     vertex  1.607373e+02  7.540568e+01  1.380000e+01
   endloop
 endfacet
 facet normal  8.385460e-01 -5.448308e-01  0.000000e+00
   outer loop
     vertex  1.607119e+02  7.536657e+01  1.380000e+01
     vertex  1.607119e+02  7.536657e+01  1.130000e+01
     vertex  1.607373e+02  7.540568e+01  1.130000e+01
   endloop
 endfacet
 facet normal  8.531773e-01 -5.216210e-01  0.000000e+00
   outer loop
     vertex  1.607119e+02  7.536657e+01  1.380000e+01
     vertex  1.606876e+02  7.532678e+01  1.130000e+01
     vertex  1.607119e+02  7.536657e+01  1.130000e+01
   endloop
 endfacet
 facet normal  8.531773e-01 -5.216210e-01  0.000000e+00
   outer loop
     vertex  1.606876e+02  7.532678e+01  1.380000e+01
     vertex  1.606876e+02  7.532678e+01  1.130000e+01
     vertex  1.607119e+02  7.536657e+01  1.380000e+01
   endloop
 endfacet
 facet normal  8.671664e-01 -4.980186e-01  0.000000e+00
   outer loop
     vertex  1.606643e+02  7.528633e+01  1.380000e+01
     vertex  1.606643e+02  7.528633e+01  1.130000e+01
     vertex  1.606876e+02  7.532678e+01  1.130000e+01
   endloop
 endfacet
 facet normal  8.671664e-01 -4.980186e-01  0.000000e+00
   outer loop
     vertex  1.606643e+02  7.528633e+01  1.380000e+01
     vertex  1.606876e+02  7.532678e+01  1.130000e+01
     vertex  1.606876e+02  7.532678e+01  1.380000e+01
   endloop
 endfacet
 facet normal  8.805026e-01 -4.740412e-01  0.000000e+00
   outer loop
     vertex  1.606422e+02  7.524526e+01  1.380000e+01
     vertex  1.606422e+02  7.524526e+01  1.130000e+01
     vertex  1.606643e+02  7.528633e+01  1.130000e+01
   endloop
 endfacet
 facet normal  8.805026e-01 -4.740412e-01  0.000000e+00
   outer loop
     vertex  1.606422e+02  7.524526e+01  1.380000e+01
     vertex  1.606643e+02  7.528633e+01  1.130000e+01
     vertex  1.606643e+02  7.528633e+01  1.380000e+01
   endloop
 endfacet
 facet normal  8.931761e-01 -4.497071e-01  0.000000e+00
   outer loop
     vertex  1.606213e+02  7.520360e+01  1.380000e+01
     vertex  1.606213e+02  7.520360e+01  1.130000e+01
     vertex  1.606422e+02  7.524526e+01  1.130000e+01
   endloop
 endfacet
 facet normal  8.931761e-01 -4.497071e-01  0.000000e+00
   outer loop
     vertex  1.606213e+02  7.520360e+01  1.380000e+01
     vertex  1.606422e+02  7.524526e+01  1.130000e+01
     vertex  1.606422e+02  7.524526e+01  1.380000e+01
   endloop
 endfacet
 facet normal  9.051772e-01 -4.250344e-01  0.000000e+00
   outer loop
     vertex  1.606014e+02  7.516138e+01  1.380000e+01
     vertex  1.606014e+02  7.516138e+01  1.130000e+01
     vertex  1.606213e+02  7.520360e+01  1.130000e+01
   endloop
 endfacet
 facet normal  9.164969e-01 -4.000417e-01  0.000000e+00
   outer loop
     vertex  1.606014e+02  7.516138e+01  1.380000e+01
     vertex  1.605828e+02  7.511863e+01  1.130000e+01
     vertex  1.606014e+02  7.516138e+01  1.130000e+01
   endloop
 endfacet
 facet normal  9.051772e-01 -4.250344e-01  0.000000e+00
   outer loop
     vertex  1.606014e+02  7.516138e+01  1.380000e+01
     vertex  1.606213e+02  7.520360e+01  1.130000e+01
     vertex  1.606213e+02  7.520360e+01  1.380000e+01
   endloop
 endfacet
 facet normal  9.164969e-01 -4.000417e-01  0.000000e+00
   outer loop
     vertex  1.605828e+02  7.511863e+01  1.380000e+01
     vertex  1.605828e+02  7.511863e+01  1.130000e+01
     vertex  1.606014e+02  7.516138e+01  1.380000e+01
   endloop
 endfacet
 facet normal  9.271267e-01 -3.747479e-01  0.000000e+00
   outer loop
     vertex  1.605653e+02  7.507539e+01  1.380000e+01
     vertex  1.605653e+02  7.507539e+01  1.130000e+01
     vertex  1.605828e+02  7.511863e+01  1.130000e+01
   endloop
 endfacet
 facet normal  9.370586e-01 -3.491720e-01  0.000000e+00
   outer loop
     vertex  1.605653e+02  7.507539e+01  1.380000e+01
     vertex  1.605490e+02  7.503168e+01  1.130000e+01
     vertex  1.605653e+02  7.507539e+01  1.130000e+01
   endloop
 endfacet
 facet normal  9.271267e-01 -3.747479e-01  0.000000e+00
   outer loop
     vertex  1.605653e+02  7.507539e+01  1.380000e+01
     vertex  1.605828e+02  7.511863e+01  1.130000e+01
     vertex  1.605828e+02  7.511863e+01  1.380000e+01
   endloop
 endfacet
 facet normal  9.462851e-01 -3.233333e-01  0.000000e+00
   outer loop
     vertex  1.605490e+02  7.503168e+01  1.380000e+01
     vertex  1.605339e+02  7.498755e+01  1.130000e+01
     vertex  1.605490e+02  7.503168e+01  1.130000e+01
   endloop
 endfacet
 facet normal  9.370586e-01 -3.491720e-01  0.000000e+00
   outer loop
     vertex  1.605490e+02  7.503168e+01  1.380000e+01
     vertex  1.605490e+02  7.503168e+01  1.130000e+01
     vertex  1.605653e+02  7.507539e+01  1.380000e+01
   endloop
 endfacet
 facet normal  9.547993e-01 -2.972512e-01  0.000000e+00
   outer loop
     vertex  1.605339e+02  7.498755e+01  1.380000e+01
     vertex  1.605201e+02  7.494301e+01  1.130000e+01
     vertex  1.605339e+02  7.498755e+01  1.130000e+01
   endloop
 endfacet
 facet normal  9.462851e-01 -3.233333e-01  0.000000e+00
   outer loop
     vertex  1.605339e+02  7.498755e+01  1.380000e+01
     vertex  1.605339e+02  7.498755e+01  1.130000e+01
     vertex  1.605490e+02  7.503168e+01  1.380000e+01
   endloop
 endfacet
 facet normal  9.547993e-01 -2.972512e-01  0.000000e+00
   outer loop
     vertex  1.605201e+02  7.494301e+01  1.380000e+01
     vertex  1.605201e+02  7.494301e+01  1.130000e+01
     vertex  1.605339e+02  7.498755e+01  1.380000e+01
   endloop
 endfacet
 facet normal  9.625948e-01 -2.709453e-01  0.000000e+00
   outer loop
     vertex  1.605074e+02  7.489811e+01  1.380000e+01
     vertex  1.605074e+02  7.489811e+01  1.130000e+01
     vertex  1.605201e+02  7.494301e+01  1.130000e+01
   endloop
 endfacet
 facet normal  9.696656e-01 -2.444354e-01  0.000000e+00
   outer loop
     vertex  1.605074e+02  7.489811e+01  1.380000e+01
     vertex  1.604960e+02  7.485289e+01  1.130000e+01
     vertex  1.605074e+02  7.489811e+01  1.130000e+01
   endloop
 endfacet
 facet normal  9.625948e-01 -2.709453e-01  0.000000e+00
   outer loop
     vertex  1.605074e+02  7.489811e+01  1.380000e+01
     vertex  1.605201e+02  7.494301e+01  1.130000e+01
     vertex  1.605201e+02  7.494301e+01  1.380000e+01
   endloop
 endfacet
 facet normal  9.696656e-01 -2.444354e-01  0.000000e+00
   outer loop
     vertex  1.604960e+02  7.485289e+01  1.380000e+01
     vertex  1.604960e+02  7.485289e+01  1.130000e+01
     vertex  1.605074e+02  7.489811e+01  1.380000e+01
   endloop
 endfacet
 facet normal  9.760065e-01 -2.177416e-01  0.000000e+00
   outer loop
     vertex  1.604859e+02  7.480736e+01  1.380000e+01
     vertex  1.604859e+02  7.480736e+01  1.130000e+01
     vertex  1.604960e+02  7.485289e+01  1.130000e+01
   endloop
 endfacet
 facet normal  9.816126e-01 -1.908838e-01  0.000000e+00
   outer loop
     vertex  1.604859e+02  7.480736e+01  1.380000e+01
     vertex  1.604770e+02  7.476158e+01  1.130000e+01
     vertex  1.604859e+02  7.480736e+01  1.130000e+01
   endloop
 endfacet
 facet normal  9.760065e-01 -2.177416e-01  0.000000e+00
   outer loop
     vertex  1.604859e+02  7.480736e+01  1.380000e+01
     vertex  1.604960e+02  7.485289e+01  1.130000e+01
     vertex  1.604960e+02  7.485289e+01  1.380000e+01
   endloop
 endfacet
 facet normal  9.864799e-01 -1.638824e-01  0.000000e+00
   outer loop
     vertex  1.604770e+02  7.476158e+01  1.380000e+01
     vertex  1.604693e+02  7.471557e+01  1.130000e+01
     vertex  1.604770e+02  7.476158e+01  1.130000e+01
   endloop
 endfacet
 facet normal  9.816126e-01 -1.908838e-01  0.000000e+00
   outer loop
     vertex  1.604770e+02  7.476158e+01  1.380000e+01
     vertex  1.604770e+02  7.476158e+01  1.130000e+01
     vertex  1.604859e+02  7.480736e+01  1.380000e+01
   endloop
 endfacet
 facet normal  9.864799e-01 -1.638824e-01  0.000000e+00
   outer loop
     vertex  1.604693e+02  7.471557e+01  1.380000e+01
     vertex  1.604693e+02  7.471557e+01  1.130000e+01
     vertex  1.604770e+02  7.476158e+01  1.380000e+01
   endloop
 endfacet
 facet normal  9.906046e-01 -1.367575e-01  0.000000e+00
   outer loop
     vertex  1.604629e+02  7.466936e+01  1.380000e+01
     vertex  1.604629e+02  7.466936e+01  1.130000e+01
     vertex  1.604693e+02  7.471557e+01  1.130000e+01
   endloop
 endfacet
 facet normal  9.939835e-01 -1.095298e-01  0.000000e+00
   outer loop
     vertex  1.604629e+02  7.466936e+01  1.380000e+01
     vertex  1.604578e+02  7.462300e+01  1.130000e+01
     vertex  1.604629e+02  7.466936e+01  1.130000e+01
   endloop
 endfacet
 facet normal  9.906046e-01 -1.367575e-01  0.000000e+00
   outer loop
     vertex  1.604629e+02  7.466936e+01  1.380000e+01
     vertex  1.604693e+02  7.471557e+01  1.130000e+01
     vertex  1.604693e+02  7.471557e+01  1.380000e+01
   endloop
 endfacet
 facet normal  9.939835e-01 -1.095298e-01  0.000000e+00
   outer loop
     vertex  1.604578e+02  7.462300e+01  1.380000e+01
     vertex  1.604578e+02  7.462300e+01  1.130000e+01
     vertex  1.604629e+02  7.466936e+01  1.380000e+01
   endloop
 endfacet
 facet normal  9.966142e-01 -8.221955e-02  0.000000e+00
   outer loop
     vertex  1.604540e+02  7.457652e+01  1.380000e+01
     vertex  1.604578e+02  7.462300e+01  1.130000e+01
     vertex  1.604578e+02  7.462300e+01  1.380000e+01
   endloop
 endfacet
 facet normal  9.966142e-01 -8.221955e-02  0.000000e+00
   outer loop
     vertex  1.604540e+02  7.457652e+01  1.380000e+01
     vertex  1.604540e+02  7.457652e+01  1.130000e+01
     vertex  1.604578e+02  7.462300e+01  1.130000e+01
   endloop
 endfacet
 facet normal  9.984947e-01 -5.484744e-02  0.000000e+00
   outer loop
     vertex  1.604540e+02  7.457652e+01  1.380000e+01
     vertex  1.604514e+02  7.452995e+01  1.130000e+01
     vertex  1.604540e+02  7.457652e+01  1.130000e+01
   endloop
 endfacet
 facet normal  9.984947e-01 -5.484744e-02  0.000000e+00
   outer loop
     vertex  1.604514e+02  7.452995e+01  1.380000e+01
     vertex  1.604514e+02  7.452995e+01  1.130000e+01
     vertex  1.604540e+02  7.457652e+01  1.380000e+01
   endloop
 endfacet
 facet normal  9.996236e-01 -2.743405e-02  0.000000e+00
   outer loop
     vertex  1.604502e+02  7.448332e+01  1.380000e+01
     vertex  1.604514e+02  7.452995e+01  1.130000e+01
     vertex  1.604514e+02  7.452995e+01  1.380000e+01
   endloop
 endfacet
 facet normal  9.996236e-01 -2.743405e-02  0.000000e+00
   outer loop
     vertex  1.604502e+02  7.448332e+01  1.380000e+01
     vertex  1.604502e+02  7.448332e+01  1.130000e+01
     vertex  1.604514e+02  7.452995e+01  1.130000e+01
   endloop
 endfacet
 facet normal  1.000000e+00 -0.000000e+00  0.000000e+00
   outer loop
     vertex  1.604502e+02  7.443668e+01  1.380000e+01
     vertex  1.604502e+02  7.448332e+01  1.130000e+01
     vertex  1.604502e+02  7.448332e+01  1.380000e+01
   endloop
 endfacet
 facet normal  1.000000e+00  0.000000e+00  0.000000e+00
   outer loop
     vertex  1.604502e+02  7.443668e+01  1.380000e+01
     vertex  1.604502e+02  7.443668e+01  1.130000e+01
     vertex  1.604502e+02  7.448332e+01  1.130000e+01
   endloop
 endfacet
 facet normal  9.996236e-01  2.743405e-02  0.000000e+00
   outer loop
     vertex  1.604502e+02  7.443668e+01  1.380000e+01
     vertex  1.604514e+02  7.439005e+01  1.130000e+01
     vertex  1.604502e+02  7.443668e+01  1.130000e+01
   endloop
 endfacet
 facet normal  9.996236e-01  2.743405e-02  0.000000e+00
   outer loop
     vertex  1.604514e+02  7.439005e+01  1.380000e+01
     vertex  1.604514e+02  7.439005e+01  1.130000e+01
     vertex  1.604502e+02  7.443668e+01  1.380000e+01
   endloop
 endfacet
 facet normal  9.984947e-01  5.484744e-02  0.000000e+00
   outer loop
     vertex  1.604514e+02  7.439005e+01  1.380000e+01
     vertex  1.604540e+02  7.434348e+01  1.130000e+01
     vertex  1.604514e+02  7.439005e+01  1.130000e+01
   endloop
 endfacet
 facet normal  9.984947e-01  5.484744e-02  0.000000e+00
   outer loop
     vertex  1.604540e+02  7.434348e+01  1.380000e+01
     vertex  1.604540e+02  7.434348e+01  1.130000e+01
     vertex  1.604514e+02  7.439005e+01  1.380000e+01
   endloop
 endfacet
 facet normal  9.966142e-01  8.221955e-02  0.000000e+00
   outer loop
     vertex  1.604578e+02  7.429700e+01  1.380000e+01
     vertex  1.604540e+02  7.434348e+01  1.130000e+01
     vertex  1.604540e+02  7.434348e+01  1.380000e+01
   endloop
 endfacet
 facet normal  9.966142e-01  8.221955e-02  0.000000e+00
   outer loop
     vertex  1.604578e+02  7.429700e+01  1.380000e+01
     vertex  1.604578e+02  7.429700e+01  1.130000e+01
     vertex  1.604540e+02  7.434348e+01  1.130000e+01
   endloop
 endfacet
 facet normal  9.939835e-01  1.095298e-01  0.000000e+00
   outer loop
     vertex  1.604629e+02  7.425064e+01  1.380000e+01
     vertex  1.604578e+02  7.429700e+01  1.130000e+01
     vertex  1.604578e+02  7.429700e+01  1.380000e+01
   endloop
 endfacet
 facet normal  9.939835e-01  1.095298e-01  0.000000e+00
   outer loop
     vertex  1.604629e+02  7.425064e+01  1.380000e+01
     vertex  1.604629e+02  7.425064e+01  1.130000e+01
     vertex  1.604578e+02  7.429700e+01  1.130000e+01
   endloop
 endfacet
 facet normal  9.906046e-01  1.367575e-01  0.000000e+00
   outer loop
     vertex  1.604629e+02  7.425064e+01  1.380000e+01
     vertex  1.604693e+02  7.420443e+01  1.130000e+01
     vertex  1.604629e+02  7.425064e+01  1.130000e+01
   endloop
 endfacet
 facet normal  9.906046e-01  1.367575e-01  0.000000e+00
   outer loop
     vertex  1.604693e+02  7.420443e+01  1.380000e+01
     vertex  1.604693e+02  7.420443e+01  1.130000e+01
     vertex  1.604629e+02  7.425064e+01  1.380000e+01
   endloop
 endfacet
 facet normal  9.864799e-01  1.638824e-01  0.000000e+00
   outer loop
     vertex  1.604770e+02  7.415842e+01  1.380000e+01
     vertex  1.604693e+02  7.420443e+01  1.130000e+01
     vertex  1.604693e+02  7.420443e+01  1.380000e+01
   endloop
 endfacet
 facet normal  9.864799e-01  1.638824e-01  0.000000e+00
   outer loop
     vertex  1.604770e+02  7.415842e+01  1.380000e+01
     vertex  1.604770e+02  7.415842e+01  1.130000e+01
     vertex  1.604693e+02  7.420443e+01  1.130000e+01
   endloop
 endfacet
 facet normal  9.816126e-01  1.908838e-01  0.000000e+00
   outer loop
     vertex  1.604859e+02  7.411264e+01  1.380000e+01
     vertex  1.604770e+02  7.415842e+01  1.130000e+01
     vertex  1.604770e+02  7.415842e+01  1.380000e+01
   endloop
 endfacet
 facet normal  9.816126e-01  1.908838e-01  0.000000e+00
   outer loop
     vertex  1.604859e+02  7.411264e+01  1.380000e+01
     vertex  1.604859e+02  7.411264e+01  1.130000e+01
     vertex  1.604770e+02  7.415842e+01  1.130000e+01
   endloop
 endfacet
 facet normal  9.760065e-01  2.177416e-01  0.000000e+00
   outer loop
     vertex  1.604859e+02  7.411264e+01  1.380000e+01
     vertex  1.604960e+02  7.406711e+01  1.130000e+01
     vertex  1.604859e+02  7.411264e+01  1.130000e+01
   endloop
 endfacet
 facet normal  9.760065e-01  2.177416e-01  0.000000e+00
   outer loop
     vertex  1.604960e+02  7.406711e+01  1.380000e+01
     vertex  1.604960e+02  7.406711e+01  1.130000e+01
     vertex  1.604859e+02  7.411264e+01  1.380000e+01
   endloop
 endfacet
 facet normal  9.696656e-01  2.444354e-01  0.000000e+00
   outer loop
     vertex  1.605074e+02  7.402189e+01  1.380000e+01
     vertex  1.605074e+02  7.402189e+01  1.130000e+01
     vertex  1.604960e+02  7.406711e+01  1.130000e+01
   endloop
 endfacet
 facet normal  9.625948e-01  2.709453e-01  0.000000e+00
   outer loop
     vertex  1.605074e+02  7.402189e+01  1.380000e+01
     vertex  1.605201e+02  7.397699e+01  1.130000e+01
     vertex  1.605074e+02  7.402189e+01  1.130000e+01
   endloop
 endfacet
 facet normal  9.696656e-01  2.444354e-01  0.000000e+00
   outer loop
     vertex  1.605074e+02  7.402189e+01  1.380000e+01
     vertex  1.604960e+02  7.406711e+01  1.130000e+01
     vertex  1.604960e+02  7.406711e+01  1.380000e+01
   endloop
 endfacet
 facet normal  9.625948e-01  2.709453e-01  0.000000e+00
   outer loop
     vertex  1.605201e+02  7.397699e+01  1.380000e+01
     vertex  1.605201e+02  7.397699e+01  1.130000e+01
     vertex  1.605074e+02  7.402189e+01  1.380000e+01
   endloop
 endfacet
 facet normal  9.547993e-01  2.972512e-01  0.000000e+00
   outer loop
     vertex  1.605339e+02  7.393245e+01  1.380000e+01
     vertex  1.605339e+02  7.393245e+01  1.130000e+01
     vertex  1.605201e+02  7.397699e+01  1.130000e+01
   endloop
 endfacet
 facet normal  9.462851e-01  3.233333e-01  0.000000e+00
   outer loop
     vertex  1.605339e+02  7.393245e+01  1.380000e+01
     vertex  1.605490e+02  7.388832e+01  1.130000e+01
     vertex  1.605339e+02  7.393245e+01  1.130000e+01
   endloop
 endfacet
 facet normal  9.547993e-01  2.972512e-01  0.000000e+00
   outer loop
     vertex  1.605339e+02  7.393245e+01  1.380000e+01
     vertex  1.605201e+02  7.397699e+01  1.130000e+01
     vertex  1.605201e+02  7.397699e+01  1.380000e+01
   endloop
 endfacet
 facet normal  9.462851e-01  3.233333e-01  0.000000e+00
   outer loop
     vertex  1.605490e+02  7.388832e+01  1.380000e+01
     vertex  1.605490e+02  7.388832e+01  1.130000e+01
     vertex  1.605339e+02  7.393245e+01  1.380000e+01
   endloop
 endfacet
 facet normal  9.370586e-01  3.491720e-01  0.000000e+00
   outer loop
     vertex  1.605653e+02  7.384461e+01  1.380000e+01
     vertex  1.605653e+02  7.384461e+01  1.130000e+01
     vertex  1.605490e+02  7.388832e+01  1.130000e+01
   endloop
 endfacet
 facet normal  9.271267e-01  3.747479e-01  0.000000e+00
   outer loop
     vertex  1.605653e+02  7.384461e+01  1.380000e+01
     vertex  1.605828e+02  7.380137e+01  1.130000e+01
     vertex  1.605653e+02  7.384461e+01  1.130000e+01
   endloop
 endfacet
 facet normal  9.370586e-01  3.491720e-01  0.000000e+00
   outer loop
     vertex  1.605653e+02  7.384461e+01  1.380000e+01
     vertex  1.605490e+02  7.388832e+01  1.130000e+01
     vertex  1.605490e+02  7.388832e+01  1.380000e+01
   endloop
 endfacet
 facet normal  9.271267e-01  3.747479e-01  0.000000e+00
   outer loop
     vertex  1.605828e+02  7.380137e+01  1.380000e+01
     vertex  1.605828e+02  7.380137e+01  1.130000e+01
     vertex  1.605653e+02  7.384461e+01  1.380000e+01
   endloop
 endfacet
 facet normal  9.164969e-01  4.000417e-01  0.000000e+00
   outer loop
     vertex  1.606014e+02  7.375862e+01  1.380000e+01
     vertex  1.606014e+02  7.375862e+01  1.130000e+01
     vertex  1.605828e+02  7.380137e+01  1.130000e+01
   endloop
 endfacet
 facet normal  9.164969e-01  4.000417e-01  0.000000e+00
   outer loop
     vertex  1.606014e+02  7.375862e+01  1.380000e+01
     vertex  1.605828e+02  7.380137e+01  1.130000e+01
     vertex  1.605828e+02  7.380137e+01  1.380000e+01
   endloop
 endfacet
 facet normal  9.051772e-01  4.250344e-01  0.000000e+00
   outer loop
     vertex  1.606213e+02  7.371640e+01  1.380000e+01
     vertex  1.606213e+02  7.371640e+01  1.130000e+01
     vertex  1.606014e+02  7.375862e+01  1.130000e+01
   endloop
 endfacet
 facet normal  9.051772e-01  4.250344e-01  0.000000e+00
   outer loop
     vertex  1.606213e+02  7.371640e+01  1.380000e+01
     vertex  1.606014e+02  7.375862e+01  1.130000e+01
     vertex  1.606014e+02  7.375862e+01  1.380000e+01
   endloop
 endfacet
 facet normal  8.931761e-01  4.497071e-01  0.000000e+00
   outer loop
     vertex  1.606422e+02  7.367474e+01  1.380000e+01
     vertex  1.606422e+02  7.367474e+01  1.130000e+01
     vertex  1.606213e+02  7.371640e+01  1.130000e+01
   endloop
 endfacet
 facet normal  8.931761e-01  4.497071e-01  0.000000e+00
   outer loop
     vertex  1.606422e+02  7.367474e+01  1.380000e+01
     vertex  1.606213e+02  7.371640e+01  1.130000e+01
     vertex  1.606213e+02  7.371640e+01  1.380000e+01
   endloop
 endfacet
 facet normal  8.805026e-01  4.740412e-01  0.000000e+00
   outer loop
     vertex  1.606643e+02  7.363367e+01  1.380000e+01
     vertex  1.606643e+02  7.363367e+01  1.130000e+01
     vertex  1.606422e+02  7.367474e+01  1.130000e+01
   endloop
 endfacet
 facet normal  8.671664e-01  4.980186e-01  0.000000e+00
   outer loop
     vertex  1.606643e+02  7.363367e+01  1.380000e+01
     vertex  1.606876e+02  7.359322e+01  1.130000e+01
     vertex  1.606643e+02  7.363367e+01  1.130000e+01
   endloop
 endfacet
 facet normal  8.805026e-01  4.740412e-01  0.000000e+00
   outer loop
     vertex  1.606643e+02  7.363367e+01  1.380000e+01
     vertex  1.606422e+02  7.367474e+01  1.130000e+01
     vertex  1.606422e+02  7.367474e+01  1.380000e+01
   endloop
 endfacet
 facet normal  8.531773e-01  5.216210e-01  0.000000e+00
   outer loop
     vertex  1.606876e+02  7.359322e+01  1.380000e+01
     vertex  1.607119e+02  7.355343e+01  1.130000e+01
     vertex  1.606876e+02  7.359322e+01  1.130000e+01
   endloop
 endfacet
 facet normal  8.671664e-01  4.980186e-01  0.000000e+00
   outer loop
     vertex  1.606876e+02  7.359322e+01  1.380000e+01
     vertex  1.606876e+02  7.359322e+01  1.130000e+01
     vertex  1.606643e+02  7.363367e+01  1.380000e+01
   endloop
 endfacet
 facet normal  8.531773e-01  5.216210e-01  0.000000e+00
   outer loop
     vertex  1.607119e+02  7.355343e+01  1.380000e+01
     vertex  1.607119e+02  7.355343e+01  1.130000e+01
     vertex  1.606876e+02  7.359322e+01  1.380000e+01
   endloop
 endfacet
 facet normal  8.385460e-01  5.448308e-01  0.000000e+00
   outer loop
     vertex  1.607373e+02  7.351432e+01  1.380000e+01
     vertex  1.607119e+02  7.355343e+01  1.130000e+01
     vertex  1.607119e+02  7.355343e+01  1.380000e+01
   endloop
 endfacet
 facet normal  8.385460e-01  5.448308e-01  0.000000e+00
   outer loop
     vertex  1.607373e+02  7.351432e+01  1.380000e+01
     vertex  1.607373e+02  7.351432e+01  1.130000e+01
     vertex  1.607119e+02  7.355343e+01  1.130000e+01
   endloop
 endfacet
 facet normal  8.232835e-01  5.676304e-01  0.000000e+00
   outer loop
     vertex  1.607373e+02  7.351432e+01  1.380000e+01
     vertex  1.607638e+02  7.347592e+01  1.130000e+01
     vertex  1.607373e+02  7.351432e+01  1.130000e+01
   endloop
 endfacet
 facet normal  8.232835e-01  5.676304e-01  0.000000e+00
   outer loop
     vertex  1.607638e+02  7.347592e+01  1.380000e+01
     vertex  1.607638e+02  7.347592e+01  1.130000e+01
     vertex  1.607373e+02  7.351432e+01  1.380000e+01
   endloop
 endfacet
 facet normal  8.074012e-01  5.900028e-01  0.000000e+00
   outer loop
     vertex  1.607913e+02  7.343826e+01  1.380000e+01
     vertex  1.607638e+02  7.347592e+01  1.130000e+01
     vertex  1.607638e+02  7.347592e+01  1.380000e+01
   endloop
 endfacet
 facet normal  8.074012e-01  5.900028e-01  0.000000e+00
   outer loop
     vertex  1.607913e+02  7.343826e+01  1.380000e+01
     vertex  1.607913e+02  7.343826e+01  1.130000e+01
     vertex  1.607638e+02  7.347592e+01  1.130000e+01
   endloop
 endfacet
 facet normal  7.909112e-01  6.119310e-01  0.000000e+00
   outer loop
     vertex  1.608198e+02  7.340137e+01  1.380000e+01
     vertex  1.607913e+02  7.343826e+01  1.130000e+01
     vertex  1.607913e+02  7.343826e+01  1.380000e+01
   endloop
 endfacet
 facet normal  7.909112e-01  6.119310e-01  0.000000e+00
   outer loop
     vertex  1.608198e+02  7.340137e+01  1.380000e+01
     vertex  1.608198e+02  7.340137e+01  1.130000e+01
     vertex  1.607913e+02  7.343826e+01  1.130000e+01
   endloop
 endfacet
 facet normal  7.738257e-01  6.333986e-01  0.000000e+00
   outer loop
     vertex  1.608494e+02  7.336528e+01  1.380000e+01
     vertex  1.608198e+02  7.340137e+01  1.130000e+01
     vertex  1.608198e+02  7.340137e+01  1.380000e+01
   endloop
 endfacet
 facet normal  7.738257e-01  6.333986e-01  0.000000e+00
   outer loop
     vertex  1.608494e+02  7.336528e+01  1.380000e+01
     vertex  1.608494e+02  7.336528e+01  1.130000e+01
     vertex  1.608198e+02  7.340137e+01  1.130000e+01
   endloop
 endfacet
 facet normal  7.561578e-01  6.543893e-01  0.000000e+00
   outer loop
     vertex  1.608799e+02  7.333001e+01  1.380000e+01
     vertex  1.608494e+02  7.336528e+01  1.130000e+01
     vertex  1.608494e+02  7.336528e+01  1.380000e+01
   endloop
 endfacet
 facet normal  7.561578e-01  6.543893e-01  0.000000e+00
   outer loop
     vertex  1.608799e+02  7.333001e+01  1.380000e+01
     vertex  1.608799e+02  7.333001e+01  1.130000e+01
     vertex  1.608494e+02  7.336528e+01  1.130000e+01
   endloop
 endfacet
 facet normal  7.379206e-01  6.748875e-01  0.000000e+00
   outer loop
     vertex  1.608799e+02  7.333001e+01  1.380000e+01
     vertex  1.609114e+02  7.329559e+01  1.130000e+01
     vertex  1.608799e+02  7.333001e+01  1.130000e+01
   endloop
 endfacet
 facet normal  7.379206e-01  6.748875e-01  0.000000e+00
   outer loop
     vertex  1.609114e+02  7.329559e+01  1.380000e+01
     vertex  1.609114e+02  7.329559e+01  1.130000e+01
     vertex  1.608799e+02  7.333001e+01  1.380000e+01
   endloop
 endfacet
 facet normal  7.191280e-01  6.948776e-01  0.000000e+00
   outer loop
     vertex  1.609438e+02  7.326205e+01  1.380000e+01
     vertex  1.609114e+02  7.329559e+01  1.130000e+01
     vertex  1.609114e+02  7.329559e+01  1.380000e+01
   endloop
 endfacet
 facet normal  7.191280e-01  6.948776e-01  0.000000e+00
   outer loop
     vertex  1.609438e+02  7.326205e+01  1.380000e+01
     vertex  1.609438e+02  7.326205e+01  1.130000e+01
     vertex  1.609114e+02  7.329559e+01  1.130000e+01
   endloop
 endfacet
 facet normal  6.997940e-01  7.143447e-01  0.000000e+00
   outer loop
     vertex  1.609771e+02  7.322941e+01  1.380000e+01
     vertex  1.609438e+02  7.326205e+01  1.130000e+01
     vertex  1.609438e+02  7.326205e+01  1.380000e+01
   endloop
 endfacet
 facet normal  6.997940e-01  7.143447e-01  0.000000e+00
   outer loop
     vertex  1.609771e+02  7.322941e+01  1.380000e+01
     vertex  1.609771e+02  7.322941e+01  1.130000e+01
     vertex  1.609438e+02  7.326205e+01  1.130000e+01
   endloop
 endfacet
 facet normal  6.799333e-01  7.332740e-01  0.000000e+00
   outer loop
     vertex  1.609771e+02  7.322941e+01  1.380000e+01
     vertex  1.610113e+02  7.319769e+01  1.130000e+01
     vertex  1.609771e+02  7.322941e+01  1.130000e+01
   endloop
 endfacet
 facet normal  6.799333e-01  7.332740e-01  0.000000e+00
   outer loop
     vertex  1.610113e+02  7.319769e+01  1.380000e+01
     vertex  1.610113e+02  7.319769e+01  1.130000e+01
     vertex  1.609771e+02  7.322941e+01  1.380000e+01
   endloop
 endfacet
 facet normal  6.595607e-01  7.516513e-01  0.000000e+00
   outer loop
     vertex  1.610113e+02  7.319769e+01  1.380000e+01
     vertex  1.610464e+02  7.316693e+01  1.130000e+01
     vertex  1.610113e+02  7.319769e+01  1.130000e+01
   endloop
 endfacet
 facet normal  6.595607e-01  7.516513e-01  0.000000e+00
   outer loop
     vertex  1.610464e+02  7.316693e+01  1.380000e+01
     vertex  1.610464e+02  7.316693e+01  1.130000e+01
     vertex  1.610113e+02  7.319769e+01  1.380000e+01
   endloop
 endfacet
 facet normal  6.386916e-01  7.694628e-01  0.000000e+00
   outer loop
     vertex  1.610823e+02  7.313714e+01  1.380000e+01
     vertex  1.610464e+02  7.316693e+01  1.130000e+01
     vertex  1.610464e+02  7.316693e+01  1.380000e+01
   endloop
 endfacet
 facet normal  6.386916e-01  7.694628e-01  0.000000e+00
   outer loop
     vertex  1.610823e+02  7.313714e+01  1.380000e+01
     vertex  1.610823e+02  7.313714e+01  1.130000e+01
     vertex  1.610464e+02  7.316693e+01  1.130000e+01
   endloop
 endfacet
 facet normal  6.173417e-01  7.866951e-01  0.000000e+00
   outer loop
     vertex  1.611190e+02  7.310835e+01  1.380000e+01
     vertex  1.610823e+02  7.313714e+01  1.130000e+01
     vertex  1.610823e+02  7.313714e+01  1.380000e+01
   endloop
 endfacet
 facet normal  6.173417e-01  7.866951e-01  0.000000e+00
   outer loop
     vertex  1.611190e+02  7.310835e+01  1.380000e+01
     vertex  1.611190e+02  7.310835e+01  1.130000e+01
     vertex  1.610823e+02  7.313714e+01  1.130000e+01
   endloop
 endfacet
 facet normal  5.955271e-01  8.033352e-01  0.000000e+00
   outer loop
     vertex  1.611564e+02  7.308057e+01  1.380000e+01
     vertex  1.611190e+02  7.310835e+01  1.130000e+01
     vertex  1.611190e+02  7.310835e+01  1.380000e+01
   endloop
 endfacet
 facet normal  5.955271e-01  8.033352e-01  0.000000e+00
   outer loop
     vertex  1.611564e+02  7.308057e+01  1.380000e+01
     vertex  1.611564e+02  7.308057e+01  1.130000e+01
     vertex  1.611190e+02  7.310835e+01  1.130000e+01
   endloop
 endfacet
 facet normal  5.732642e-01  8.193706e-01  0.000000e+00
   outer loop
     vertex  1.611947e+02  7.305383e+01  1.380000e+01
     vertex  1.611564e+02  7.308057e+01  1.130000e+01
     vertex  1.611564e+02  7.308057e+01  1.380000e+01
   endloop
 endfacet
 facet normal  5.732642e-01  8.193706e-01  0.000000e+00
   outer loop
     vertex  1.611947e+02  7.305383e+01  1.380000e+01
     vertex  1.611947e+02  7.305383e+01  1.130000e+01
     vertex  1.611564e+02  7.308057e+01  1.130000e+01
   endloop
 endfacet
 facet normal  5.505698e-01  8.347891e-01  0.000000e+00
   outer loop
     vertex  1.612336e+02  7.302815e+01  1.380000e+01
     vertex  1.611947e+02  7.305383e+01  1.130000e+01
     vertex  1.611947e+02  7.305383e+01  1.380000e+01
   endloop
 endfacet
 facet normal  5.505698e-01  8.347891e-01  0.000000e+00
   outer loop
     vertex  1.612336e+02  7.302815e+01  1.380000e+01
     vertex  1.612336e+02  7.302815e+01  1.130000e+01
     vertex  1.611947e+02  7.305383e+01  1.130000e+01
   endloop
 endfacet
 facet normal  5.274609e-01  8.495793e-01  0.000000e+00
   outer loop
     vertex  1.612732e+02  7.300355e+01  1.380000e+01
     vertex  1.612336e+02  7.302815e+01  1.130000e+01
     vertex  1.612336e+02  7.302815e+01  1.380000e+01
   endloop
 endfacet
 facet normal  5.274609e-01  8.495793e-01  0.000000e+00
   outer loop
     vertex  1.612732e+02  7.300355e+01  1.380000e+01
     vertex  1.612732e+02  7.300355e+01  1.130000e+01
     vertex  1.612336e+02  7.302815e+01  1.130000e+01
   endloop
 endfacet
 facet normal  5.039550e-01  8.637299e-01  0.000000e+00
   outer loop
     vertex  1.612732e+02  7.300355e+01  1.380000e+01
     vertex  1.613135e+02  7.298004e+01  1.130000e+01
     vertex  1.612732e+02  7.300355e+01  1.130000e+01
   endloop
 endfacet
 facet normal  5.039550e-01  8.637299e-01  0.000000e+00
   outer loop
     vertex  1.613135e+02  7.298004e+01  1.380000e+01
     vertex  1.613135e+02  7.298004e+01  1.130000e+01
     vertex  1.612732e+02  7.300355e+01  1.380000e+01
   endloop
 endfacet
 facet normal  4.800697e-01  8.772303e-01  0.000000e+00
   outer loop
     vertex  1.613544e+02  7.295765e+01  1.380000e+01
     vertex  1.613135e+02  7.298004e+01  1.130000e+01
     vertex  1.613135e+02  7.298004e+01  1.380000e+01
   endloop
 endfacet
 facet normal  4.800697e-01  8.772303e-01  0.000000e+00
   outer loop
     vertex  1.613544e+02  7.295765e+01  1.380000e+01
     vertex  1.613544e+02  7.295765e+01  1.130000e+01
     vertex  1.613135e+02  7.298004e+01  1.130000e+01
   endloop
 endfacet
 facet normal  4.558231e-01  8.900704e-01  0.000000e+00
   outer loop
     vertex  1.613959e+02  7.293639e+01  1.380000e+01
     vertex  1.613544e+02  7.295765e+01  1.130000e+01
     vertex  1.613544e+02  7.295765e+01  1.380000e+01
   endloop
 endfacet
 facet normal  4.558231e-01  8.900704e-01  0.000000e+00
   outer loop
     vertex  1.613959e+02  7.293639e+01  1.380000e+01
     vertex  1.613959e+02  7.293639e+01  1.130000e+01
     vertex  1.613544e+02  7.295765e+01  1.130000e+01
   endloop
 endfacet
 facet normal  4.312333e-01  9.022405e-01  0.000000e+00
   outer loop
     vertex  1.613959e+02  7.293639e+01  1.380000e+01
     vertex  1.614380e+02  7.291628e+01  1.130000e+01
     vertex  1.613959e+02  7.293639e+01  1.130000e+01
   endloop
 endfacet
 facet normal  4.312333e-01  9.022405e-01  0.000000e+00
   outer loop
     vertex  1.614380e+02  7.291628e+01  1.380000e+01
     vertex  1.614380e+02  7.291628e+01  1.130000e+01
     vertex  1.613959e+02  7.293639e+01  1.380000e+01
   endloop
 endfacet
 facet normal  4.063188e-01  9.137314e-01  0.000000e+00
   outer loop
     vertex  1.614806e+02  7.289733e+01  1.380000e+01
     vertex  1.614380e+02  7.291628e+01  1.130000e+01
     vertex  1.614380e+02  7.291628e+01  1.380000e+01
   endloop
 endfacet
 facet normal  4.063188e-01  9.137314e-01  0.000000e+00
   outer loop
     vertex  1.614806e+02  7.289733e+01  1.380000e+01
     vertex  1.614806e+02  7.289733e+01  1.130000e+01
     vertex  1.614380e+02  7.291628e+01  1.130000e+01
   endloop
 endfacet
 facet normal  3.810986e-01  9.245344e-01  0.000000e+00
   outer loop
     vertex  1.615238e+02  7.287955e+01  1.380000e+01
     vertex  1.615238e+02  7.287955e+01  1.130000e+01
     vertex  1.614806e+02  7.289733e+01  1.130000e+01
   endloop
 endfacet
 facet normal  3.810986e-01  9.245344e-01  0.000000e+00
   outer loop
     vertex  1.615238e+02  7.287955e+01  1.380000e+01
     vertex  1.614806e+02  7.289733e+01  1.130000e+01
     vertex  1.614806e+02  7.289733e+01  1.380000e+01
   endloop
 endfacet
 facet normal  3.555914e-01  9.346415e-01  0.000000e+00
   outer loop
     vertex  1.615673e+02  7.286297e+01  1.380000e+01
     vertex  1.615673e+02  7.286297e+01  1.130000e+01
     vertex  1.615238e+02  7.287955e+01  1.130000e+01
   endloop
 endfacet
 facet normal  3.555914e-01  9.346415e-01  0.000000e+00
   outer loop
     vertex  1.615673e+02  7.286297e+01  1.380000e+01
     vertex  1.615238e+02  7.287955e+01  1.130000e+01
     vertex  1.615238e+02  7.287955e+01  1.380000e+01
   endloop
 endfacet
 facet normal  3.298166e-01  9.440450e-01  0.000000e+00
   outer loop
     vertex  1.616114e+02  7.284758e+01  1.380000e+01
     vertex  1.616114e+02  7.284758e+01  1.130000e+01
     vertex  1.615673e+02  7.286297e+01  1.130000e+01
   endloop
 endfacet
 facet normal  3.298166e-01  9.440450e-01  0.000000e+00
   outer loop
     vertex  1.616114e+02  7.284758e+01  1.380000e+01
     vertex  1.615673e+02  7.286297e+01  1.130000e+01
     vertex  1.615673e+02  7.286297e+01  1.380000e+01
   endloop
 endfacet
 facet normal  3.037934e-01  9.527379e-01  0.000000e+00
   outer loop
     vertex  1.616558e+02  7.283341e+01  1.380000e+01
     vertex  1.616558e+02  7.283341e+01  1.130000e+01
     vertex  1.616114e+02  7.284758e+01  1.130000e+01
   endloop
 endfacet
 facet normal  3.037934e-01  9.527379e-01  0.000000e+00
   outer loop
     vertex  1.616558e+02  7.283341e+01  1.380000e+01
     vertex  1.616114e+02  7.284758e+01  1.130000e+01
     vertex  1.616114e+02  7.284758e+01  1.380000e+01
   endloop
 endfacet
 facet normal  2.775416e-01  9.607136e-01  0.000000e+00
   outer loop
     vertex  1.617006e+02  7.282047e+01  1.380000e+01
     vertex  1.616558e+02  7.283341e+01  1.130000e+01
     vertex  1.616558e+02  7.283341e+01  1.380000e+01
   endloop
 endfacet
 facet normal  2.775416e-01  9.607136e-01  0.000000e+00
   outer loop
     vertex  1.617006e+02  7.282047e+01  1.380000e+01
     vertex  1.617006e+02  7.282047e+01  1.130000e+01
     vertex  1.616558e+02  7.283341e+01  1.130000e+01
   endloop
 endfacet
 facet normal  2.510809e-01  9.679661e-01  0.000000e+00
   outer loop
     vertex  1.617458e+02  7.280876e+01  1.380000e+01
     vertex  1.617006e+02  7.282047e+01  1.130000e+01
     vertex  1.617006e+02  7.282047e+01  1.380000e+01
   endloop
 endfacet
 facet normal  2.510809e-01  9.679661e-01  0.000000e+00
   outer loop
     vertex  1.617458e+02  7.280876e+01  1.380000e+01
     vertex  1.617458e+02  7.280876e+01  1.130000e+01
     vertex  1.617006e+02  7.282047e+01  1.130000e+01
   endloop
 endfacet
 facet normal  2.244312e-01  9.744899e-01  0.000000e+00
   outer loop
     vertex  1.617912e+02  7.279829e+01  1.380000e+01
     vertex  1.617458e+02  7.280876e+01  1.130000e+01
     vertex  1.617458e+02  7.280876e+01  1.380000e+01
   endloop
 endfacet
 facet normal  2.244312e-01  9.744899e-01  0.000000e+00
   outer loop
     vertex  1.617912e+02  7.279829e+01  1.380000e+01
     vertex  1.617912e+02  7.279829e+01  1.130000e+01
     vertex  1.617458e+02  7.280876e+01  1.130000e+01
   endloop
 endfacet
 facet normal  1.976125e-01  9.802802e-01  0.000000e+00
   outer loop
     vertex  1.618370e+02  7.278907e+01  1.380000e+01
     vertex  1.617912e+02  7.279829e+01  1.130000e+01
     vertex  1.617912e+02  7.279829e+01  1.380000e+01
   endloop
 endfacet
 facet normal  1.976125e-01  9.802802e-01  0.000000e+00
   outer loop
     vertex  1.618370e+02  7.278907e+01  1.380000e+01
     vertex  1.618370e+02  7.278907e+01  1.130000e+01
     vertex  1.617912e+02  7.279829e+01  1.130000e+01
   endloop
 endfacet
 facet normal  1.706451e-01  9.853326e-01  0.000000e+00
   outer loop
     vertex  1.618829e+02  7.278111e+01  1.380000e+01
     vertex  1.618370e+02  7.278907e+01  1.130000e+01
     vertex  1.618370e+02  7.278907e+01  1.380000e+01
   endloop
 endfacet
 facet normal  1.706451e-01  9.853326e-01  0.000000e+00
   outer loop
     vertex  1.618829e+02  7.278111e+01  1.380000e+01
     vertex  1.618829e+02  7.278111e+01  1.130000e+01
     vertex  1.618370e+02  7.278907e+01  1.130000e+01
   endloop
 endfacet
 facet normal  1.435492e-01  9.896432e-01  0.000000e+00
   outer loop
     vertex  1.619291e+02  7.277442e+01  1.380000e+01
     vertex  1.618829e+02  7.278111e+01  1.130000e+01
     vertex  1.618829e+02  7.278111e+01  1.380000e+01
   endloop
 endfacet
 facet normal  1.435492e-01  9.896432e-01  0.000000e+00
   outer loop
     vertex  1.619291e+02  7.277442e+01  1.380000e+01
     vertex  1.619291e+02  7.277442e+01  1.130000e+01
     vertex  1.618829e+02  7.278111e+01  1.130000e+01
   endloop
 endfacet
 facet normal  1.163452e-01  9.932088e-01  0.000000e+00
   outer loop
     vertex  1.619754e+02  7.276899e+01  1.380000e+01
     vertex  1.619291e+02  7.277442e+01  1.130000e+01
     vertex  1.619291e+02  7.277442e+01  1.380000e+01
   endloop
 endfacet
 facet normal  1.163452e-01  9.932088e-01  0.000000e+00
   outer loop
     vertex  1.619754e+02  7.276899e+01  1.380000e+01
     vertex  1.619754e+02  7.276899e+01  1.130000e+01
     vertex  1.619291e+02  7.277442e+01  1.130000e+01
   endloop
 endfacet
 facet normal  8.905371e-02  9.960268e-01  0.000000e+00
   outer loop
     vertex  1.620219e+02  7.276484e+01  1.380000e+01
     vertex  1.619754e+02  7.276899e+01  1.130000e+01
     vertex  1.619754e+02  7.276899e+01  1.380000e+01
   endloop
 endfacet
 facet normal  8.905371e-02  9.960268e-01  0.000000e+00
   outer loop
     vertex  1.620219e+02  7.276484e+01  1.380000e+01
     vertex  1.620219e+02  7.276484e+01  1.130000e+01
     vertex  1.619754e+02  7.276899e+01  1.130000e+01
   endloop
 endfacet
 facet normal  6.169515e-02  9.980950e-01  0.000000e+00
   outer loop
     vertex  1.620684e+02  7.276196e+01  1.380000e+01
     vertex  1.620219e+02  7.276484e+01  1.130000e+01
     vertex  1.620219e+02  7.276484e+01  1.380000e+01
   endloop
 endfacet
 facet normal  6.169515e-02  9.980950e-01  0.000000e+00
   outer loop
     vertex  1.620684e+02  7.276196e+01  1.380000e+01
     vertex  1.620684e+02  7.276196e+01  1.130000e+01
     vertex  1.620219e+02  7.276484e+01  1.130000e+01
   endloop
 endfacet
 facet normal  3.429014e-02  9.994119e-01  0.000000e+00
   outer loop
     vertex  1.621150e+02  7.276036e+01  1.380000e+01
     vertex  1.620684e+02  7.276196e+01  1.130000e+01
     vertex  1.620684e+02  7.276196e+01  1.380000e+01
   endloop
 endfacet
 facet normal  3.429014e-02  9.994119e-01  0.000000e+00
   outer loop
     vertex  1.621150e+02  7.276036e+01  1.380000e+01
     vertex  1.621150e+02  7.276036e+01  1.130000e+01
     vertex  1.620684e+02  7.276196e+01  1.130000e+01
   endloop
 endfacet
 facet normal  6.859319e-03  9.999765e-01  0.000000e+00
   outer loop
     vertex  1.621150e+02  7.276036e+01  1.380000e+01
     vertex  1.621617e+02  7.276004e+01  1.130000e+01
     vertex  1.621150e+02  7.276036e+01  1.130000e+01
   endloop
 endfacet
 facet normal  6.859319e-03  9.999765e-01  0.000000e+00
   outer loop
     vertex  1.621617e+02  7.276004e+01  1.380000e+01
     vertex  1.621617e+02  7.276004e+01  1.130000e+01
     vertex  1.621150e+02  7.276036e+01  1.380000e+01
   endloop
 endfacet
 facet normal -2.057667e-02  9.997883e-01  0.000000e+00
   outer loop
     vertex  1.621617e+02  7.276004e+01  1.380000e+01
     vertex  1.622083e+02  7.276100e+01  1.130000e+01
     vertex  1.621617e+02  7.276004e+01  1.130000e+01
   endloop
 endfacet
 facet normal -2.057667e-02  9.997883e-01  0.000000e+00
   outer loop
     vertex  1.622083e+02  7.276100e+01  1.380000e+01
     vertex  1.622083e+02  7.276100e+01  1.130000e+01
     vertex  1.621617e+02  7.276004e+01  1.380000e+01
   endloop
 endfacet
 facet normal -4.799716e-02  9.988475e-01  0.000000e+00
   outer loop
     vertex  1.622549e+02  7.276324e+01  1.380000e+01
     vertex  1.622549e+02  7.276324e+01  1.130000e+01
     vertex  1.622083e+02  7.276100e+01  1.130000e+01
   endloop
 endfacet
 facet normal -4.799716e-02  9.988475e-01  0.000000e+00
   outer loop
     vertex  1.622549e+02  7.276324e+01  1.380000e+01
     vertex  1.622083e+02  7.276100e+01  1.130000e+01
     vertex  1.622083e+02  7.276100e+01  1.380000e+01
   endloop
 endfacet
 facet normal -7.538152e-02  9.971548e-01  0.000000e+00
   outer loop
     vertex  1.623014e+02  7.276675e+01  1.380000e+01
     vertex  1.623014e+02  7.276675e+01  1.130000e+01
     vertex  1.622549e+02  7.276324e+01  1.130000e+01
   endloop
 endfacet
 facet normal -7.538152e-02  9.971548e-01  0.000000e+00
   outer loop
     vertex  1.623014e+02  7.276675e+01  1.380000e+01
     vertex  1.622549e+02  7.276324e+01  1.130000e+01
     vertex  1.622549e+02  7.276324e+01  1.380000e+01
   endloop
 endfacet
 facet normal -1.027091e-01  9.947114e-01  0.000000e+00
   outer loop
     vertex  1.623478e+02  7.277154e+01  1.380000e+01
     vertex  1.623478e+02  7.277154e+01  1.130000e+01
     vertex  1.623014e+02  7.276675e+01  1.130000e+01
   endloop
 endfacet
 facet normal -1.027091e-01  9.947114e-01  0.000000e+00
   outer loop
     vertex  1.623478e+02  7.277154e+01  1.380000e+01
     vertex  1.623014e+02  7.276675e+01  1.130000e+01
     vertex  1.623014e+02  7.276675e+01  1.380000e+01
   endloop
 endfacet
 facet normal -1.299594e-01  9.915193e-01  0.000000e+00
   outer loop
     vertex  1.623940e+02  7.277761e+01  1.380000e+01
     vertex  1.623940e+02  7.277761e+01  1.130000e+01
     vertex  1.623478e+02  7.277154e+01  1.130000e+01
   endloop
 endfacet
 facet normal -1.299594e-01  9.915193e-01  0.000000e+00
   outer loop
     vertex  1.623940e+02  7.277761e+01  1.380000e+01
     vertex  1.623478e+02  7.277154e+01  1.130000e+01
     vertex  1.623478e+02  7.277154e+01  1.380000e+01
   endloop
 endfacet
 facet normal -1.571119e-01  9.875808e-01  0.000000e+00
   outer loop
     vertex  1.624401e+02  7.278493e+01  1.380000e+01
     vertex  1.624401e+02  7.278493e+01  1.130000e+01
     vertex  1.623940e+02  7.277761e+01  1.130000e+01
   endloop
 endfacet
 facet normal -1.571119e-01  9.875808e-01  0.000000e+00
   outer loop
     vertex  1.624401e+02  7.278493e+01  1.380000e+01
     vertex  1.623940e+02  7.277761e+01  1.130000e+01
     vertex  1.623940e+02  7.277761e+01  1.380000e+01
   endloop
 endfacet
 facet normal -1.841461e-01  9.828989e-01  0.000000e+00
   outer loop
     vertex  1.624859e+02  7.279352e+01  1.380000e+01
     vertex  1.624859e+02  7.279352e+01  1.130000e+01
     vertex  1.624401e+02  7.278493e+01  1.130000e+01
   endloop
 endfacet
 facet normal -1.841461e-01  9.828989e-01  0.000000e+00
   outer loop
     vertex  1.624859e+02  7.279352e+01  1.380000e+01
     vertex  1.624401e+02  7.278493e+01  1.130000e+01
     vertex  1.624401e+02  7.278493e+01  1.380000e+01
   endloop
 endfacet
 facet normal -2.110417e-01  9.774771e-01  0.000000e+00
   outer loop
     vertex  1.625315e+02  7.280337e+01  1.380000e+01
     vertex  1.625315e+02  7.280337e+01  1.130000e+01
     vertex  1.624859e+02  7.279352e+01  1.130000e+01
   endloop
 endfacet
 facet normal -2.110417e-01  9.774771e-01  0.000000e+00
   outer loop
     vertex  1.625315e+02  7.280337e+01  1.380000e+01
     vertex  1.624859e+02  7.279352e+01  1.130000e+01
     vertex  1.624859e+02  7.279352e+01  1.380000e+01
   endloop
 endfacet
 facet normal -2.377784e-01  9.713194e-01  0.000000e+00
   outer loop
     vertex  1.625768e+02  7.281446e+01  1.380000e+01
     vertex  1.625768e+02  7.281446e+01  1.130000e+01
     vertex  1.625315e+02  7.280337e+01  1.130000e+01
   endloop
 endfacet
 facet normal -2.377784e-01  9.713194e-01  0.000000e+00
   outer loop
     vertex  1.625768e+02  7.281446e+01  1.380000e+01
     vertex  1.625315e+02  7.280337e+01  1.130000e+01
     vertex  1.625315e+02  7.280337e+01  1.380000e+01
   endloop
 endfacet
 facet normal -2.643362e-01  9.644306e-01  0.000000e+00
   outer loop
     vertex  1.626218e+02  7.282679e+01  1.380000e+01
     vertex  1.626218e+02  7.282679e+01  1.130000e+01
     vertex  1.625768e+02  7.281446e+01  1.130000e+01
   endloop
 endfacet
 facet normal -2.643362e-01  9.644306e-01  0.000000e+00
   outer loop
     vertex  1.626218e+02  7.282679e+01  1.380000e+01
     vertex  1.625768e+02  7.281446e+01  1.130000e+01
     vertex  1.625768e+02  7.281446e+01  1.380000e+01
   endloop
 endfacet
 facet normal -2.906949e-01  9.568158e-01  0.000000e+00
   outer loop
     vertex  1.626664e+02  7.284035e+01  1.380000e+01
     vertex  1.626664e+02  7.284035e+01  1.130000e+01
     vertex  1.626218e+02  7.282679e+01  1.130000e+01
   endloop
 endfacet
 facet normal -2.906949e-01  9.568158e-01  0.000000e+00
   outer loop
     vertex  1.626664e+02  7.284035e+01  1.380000e+01
     vertex  1.626218e+02  7.282679e+01  1.130000e+01
     vertex  1.626218e+02  7.282679e+01  1.380000e+01
   endloop
 endfacet
 facet normal -3.168348e-01  9.484807e-01  0.000000e+00
   outer loop
     vertex  1.627107e+02  7.285512e+01  1.380000e+01
     vertex  1.627107e+02  7.285512e+01  1.130000e+01
     vertex  1.626664e+02  7.284035e+01  1.130000e+01
   endloop
 endfacet
 facet normal -3.427362e-01  9.394317e-01  0.000000e+00
   outer loop
     vertex  1.627107e+02  7.285512e+01  1.380000e+01
     vertex  1.627545e+02  7.287111e+01  1.130000e+01
     vertex  1.627107e+02  7.285512e+01  1.130000e+01
   endloop
 endfacet
 facet normal -3.168348e-01  9.484807e-01  0.000000e+00
   outer loop
     vertex  1.627107e+02  7.285512e+01  1.380000e+01
     vertex  1.626664e+02  7.284035e+01  1.130000e+01
     vertex  1.626664e+02  7.284035e+01  1.380000e+01
   endloop
 endfacet
 facet normal -3.683796e-01  9.296754e-01  0.000000e+00
   outer loop
     vertex  1.627545e+02  7.287111e+01  1.380000e+01
     vertex  1.627979e+02  7.288829e+01  1.130000e+01
     vertex  1.627545e+02  7.287111e+01  1.130000e+01
   endloop
 endfacet
 facet normal -3.427362e-01  9.394317e-01  0.000000e+00
   outer loop
     vertex  1.627545e+02  7.287111e+01  1.380000e+01
     vertex  1.627545e+02  7.287111e+01  1.130000e+01
     vertex  1.627107e+02  7.285512e+01  1.380000e+01
   endloop
 endfacet
 facet normal -3.683796e-01  9.296754e-01  0.000000e+00
   outer loop
     vertex  1.627979e+02  7.288829e+01  1.380000e+01
     vertex  1.627979e+02  7.288829e+01  1.130000e+01
     vertex  1.627545e+02  7.287111e+01  1.380000e+01
   endloop
 endfacet
 facet normal -3.937458e-01  9.192194e-01  0.000000e+00
   outer loop
     vertex  1.628407e+02  7.290666e+01  1.380000e+01
     vertex  1.627979e+02  7.288829e+01  1.130000e+01
     vertex  1.627979e+02  7.288829e+01  1.380000e+01
   endloop
 endfacet
 facet normal -3.937458e-01  9.192194e-01  0.000000e+00
   outer loop
     vertex  1.628407e+02  7.290666e+01  1.380000e+01
     vertex  1.628407e+02  7.290666e+01  1.130000e+01
     vertex  1.627979e+02  7.288829e+01  1.130000e+01
   endloop
 endfacet
 facet normal -4.188155e-01  9.080714e-01  0.000000e+00
   outer loop
     vertex  1.628407e+02  7.290666e+01  1.380000e+01
     vertex  1.628831e+02  7.292619e+01  1.130000e+01
     vertex  1.628407e+02  7.290666e+01  1.130000e+01
   endloop
 endfacet
 facet normal -4.188155e-01  9.080714e-01  0.000000e+00
   outer loop
     vertex  1.628831e+02  7.292619e+01  1.380000e+01
     vertex  1.628831e+02  7.292619e+01  1.130000e+01
     vertex  1.628407e+02  7.290666e+01  1.380000e+01
   endloop
 endfacet
 facet normal -4.435699e-01  8.962398e-01  0.000000e+00
   outer loop
     vertex  1.629249e+02  7.294688e+01  1.380000e+01
     vertex  1.629249e+02  7.294688e+01  1.130000e+01
     vertex  1.628831e+02  7.292619e+01  1.130000e+01
   endloop
 endfacet
 facet normal -4.679904e-01  8.837335e-01  0.000000e+00
   outer loop
     vertex  1.629249e+02  7.294688e+01  1.380000e+01
     vertex  1.629661e+02  7.296871e+01  1.130000e+01
     vertex  1.629249e+02  7.294688e+01  1.130000e+01
   endloop
 endfacet
 facet normal -4.435699e-01  8.962398e-01  0.000000e+00
   outer loop
     vertex  1.629249e+02  7.294688e+01  1.380000e+01
     vertex  1.628831e+02  7.292619e+01  1.130000e+01
     vertex  1.628831e+02  7.292619e+01  1.380000e+01
   endloop
 endfacet
 facet normal -4.679904e-01  8.837335e-01  0.000000e+00
   outer loop
     vertex  1.629661e+02  7.296871e+01  1.380000e+01
     vertex  1.629661e+02  7.296871e+01  1.130000e+01
     vertex  1.629249e+02  7.294688e+01  1.380000e+01
   endloop
 endfacet
 facet normal -4.920587e-01  8.705620e-01  0.000000e+00
   outer loop
     vertex  1.630067e+02  7.299166e+01  1.380000e+01
     vertex  1.630067e+02  7.299166e+01  1.130000e+01
     vertex  1.629661e+02  7.296871e+01  1.130000e+01
   endloop
 endfacet
 facet normal -4.920587e-01  8.705620e-01  0.000000e+00
   outer loop
     vertex  1.630067e+02  7.299166e+01  1.380000e+01
     vertex  1.629661e+02  7.296871e+01  1.130000e+01
     vertex  1.629661e+02  7.296871e+01  1.380000e+01
   endloop
 endfacet
 facet normal -5.157565e-01  8.567352e-01  0.000000e+00
   outer loop
     vertex  1.630067e+02  7.299166e+01  1.380000e+01
     vertex  1.630467e+02  7.301572e+01  1.130000e+01
     vertex  1.630067e+02  7.299166e+01  1.130000e+01
   endloop
 endfacet
 facet normal -5.157565e-01  8.567352e-01  0.000000e+00
   outer loop
     vertex  1.630467e+02  7.301572e+01  1.380000e+01
     vertex  1.630467e+02  7.301572e+01  1.130000e+01
     vertex  1.630067e+02  7.299166e+01  1.380000e+01
   endloop
 endfacet
 facet normal -5.390661e-01  8.422635e-01  0.000000e+00
   outer loop
     vertex  1.630467e+02  7.301572e+01  1.380000e+01
     vertex  1.630860e+02  7.304086e+01  1.130000e+01
     vertex  1.630467e+02  7.301572e+01  1.130000e+01
   endloop
 endfacet
 facet normal -5.619699e-01  8.271577e-01  0.000000e+00
   outer loop
     vertex  1.630860e+02  7.304086e+01  1.380000e+01
     vertex  1.631245e+02  7.306707e+01  1.130000e+01
     vertex  1.630860e+02  7.304086e+01  1.130000e+01
   endloop
 endfacet
 facet normal -5.390661e-01  8.422635e-01  0.000000e+00
   outer loop
     vertex  1.630860e+02  7.304086e+01  1.380000e+01
     vertex  1.630860e+02  7.304086e+01  1.130000e+01
     vertex  1.630467e+02  7.301572e+01  1.380000e+01
   endloop
 endfacet
 facet normal -5.619699e-01  8.271577e-01  0.000000e+00
   outer loop
     vertex  1.631245e+02  7.306707e+01  1.380000e+01
     vertex  1.631245e+02  7.306707e+01  1.130000e+01
     vertex  1.630860e+02  7.304086e+01  1.380000e+01
   endloop
 endfacet
 facet normal -5.844507e-01  8.114292e-01  0.000000e+00
   outer loop
     vertex  1.631624e+02  7.309433e+01  1.380000e+01
     vertex  1.631624e+02  7.309433e+01  1.130000e+01
     vertex  1.631245e+02  7.306707e+01  1.130000e+01
   endloop
 endfacet
 facet normal -6.064915e-01  7.950900e-01  0.000000e+00
   outer loop
     vertex  1.631624e+02  7.309433e+01  1.380000e+01
     vertex  1.631995e+02  7.312262e+01  1.130000e+01
     vertex  1.631624e+02  7.309433e+01  1.130000e+01
   endloop
 endfacet
 facet normal -5.844507e-01  8.114292e-01  0.000000e+00
   outer loop
     vertex  1.631624e+02  7.309433e+01  1.380000e+01
     vertex  1.631245e+02  7.306707e+01  1.130000e+01
     vertex  1.631245e+02  7.306707e+01  1.380000e+01
   endloop
 endfacet
 facet normal -6.064915e-01  7.950900e-01  0.000000e+00
   outer loop
     vertex  1.631995e+02  7.312262e+01  1.380000e+01
     vertex  1.631995e+02  7.312262e+01  1.130000e+01
     vertex  1.631624e+02  7.309433e+01  1.380000e+01
   endloop
 endfacet
 facet normal -6.280757e-01  7.781522e-01  0.000000e+00
   outer loop
     vertex  1.632358e+02  7.315191e+01  1.380000e+01
     vertex  1.632358e+02  7.315191e+01  1.130000e+01
     vertex  1.631995e+02  7.312262e+01  1.130000e+01
   endloop
 endfacet
 facet normal -6.280757e-01  7.781522e-01  0.000000e+00
   outer loop
     vertex  1.632358e+02  7.315191e+01  1.380000e+01
     vertex  1.631995e+02  7.312262e+01  1.130000e+01
     vertex  1.631995e+02  7.312262e+01  1.380000e+01
   endloop
 endfacet
 facet normal -6.491872e-01  7.606287e-01  0.000000e+00
   outer loop
     vertex  1.632713e+02  7.318219e+01  1.380000e+01
     vertex  1.632713e+02  7.318219e+01  1.130000e+01
     vertex  1.632358e+02  7.315191e+01  1.130000e+01
   endloop
 endfacet
 facet normal -6.491872e-01  7.606287e-01  0.000000e+00
   outer loop
     vertex  1.632713e+02  7.318219e+01  1.380000e+01
     vertex  1.632358e+02  7.315191e+01  1.130000e+01
     vertex  1.632358e+02  7.315191e+01  1.380000e+01
   endloop
 endfacet
 facet normal -6.698100e-01  7.425325e-01  0.000000e+00
   outer loop
     vertex  1.633059e+02  7.321343e+01  1.380000e+01
     vertex  1.633059e+02  7.321343e+01  1.130000e+01
     vertex  1.632713e+02  7.318219e+01  1.130000e+01
   endloop
 endfacet
 facet normal -6.899286e-01  7.238775e-01  0.000000e+00
   outer loop
     vertex  1.633059e+02  7.321343e+01  1.380000e+01
     vertex  1.633396e+02  7.324561e+01  1.130000e+01
     vertex  1.633059e+02  7.321343e+01  1.130000e+01
   endloop
 endfacet
 facet normal -6.698100e-01  7.425325e-01  0.000000e+00
   outer loop
     vertex  1.633059e+02  7.321343e+01  1.380000e+01
     vertex  1.632713e+02  7.318219e+01  1.130000e+01
     vertex  1.632713e+02  7.318219e+01  1.380000e+01
   endloop
 endfacet
 facet normal -6.899286e-01  7.238775e-01  0.000000e+00
   outer loop
     vertex  1.633396e+02  7.324561e+01  1.380000e+01
     vertex  1.633396e+02  7.324561e+01  1.130000e+01
     vertex  1.633059e+02  7.321343e+01  1.380000e+01
   endloop
 endfacet
 facet normal -7.095278e-01  7.046775e-01  0.000000e+00
   outer loop
     vertex  1.633725e+02  7.327871e+01  1.380000e+01
     vertex  1.633725e+02  7.327871e+01  1.130000e+01
     vertex  1.633396e+02  7.324561e+01  1.130000e+01
   endloop
 endfacet
 facet normal -7.095278e-01  7.046775e-01  0.000000e+00
   outer loop
     vertex  1.633725e+02  7.327871e+01  1.380000e+01
     vertex  1.633396e+02  7.324561e+01  1.130000e+01
     vertex  1.633396e+02  7.324561e+01  1.380000e+01
   endloop
 endfacet
 facet normal -7.285929e-01  6.849470e-01  0.000000e+00
   outer loop
     vertex  1.634045e+02  7.331269e+01  1.380000e+01
     vertex  1.634045e+02  7.331269e+01  1.130000e+01
     vertex  1.633725e+02  7.327871e+01  1.130000e+01
   endloop
 endfacet
 facet normal -7.285929e-01  6.849470e-01  0.000000e+00
   outer loop
     vertex  1.634045e+02  7.331269e+01  1.380000e+01
     vertex  1.633725e+02  7.327871e+01  1.130000e+01
     vertex  1.633725e+02  7.327871e+01  1.380000e+01
   endloop
 endfacet
 facet normal -7.471095e-01  6.647010e-01  0.000000e+00
   outer loop
     vertex  1.634355e+02  7.334754e+01  1.380000e+01
     vertex  1.634355e+02  7.334754e+01  1.130000e+01
     vertex  1.634045e+02  7.331269e+01  1.130000e+01
   endloop
 endfacet
 facet normal -7.471095e-01  6.647010e-01  0.000000e+00
   outer loop
     vertex  1.634355e+02  7.334754e+01  1.380000e+01
     vertex  1.634045e+02  7.331269e+01  1.130000e+01
     vertex  1.634045e+02  7.331269e+01  1.380000e+01
   endloop
 endfacet
 facet normal -7.650637e-01  6.439545e-01  0.000000e+00
   outer loop
     vertex  1.634655e+02  7.338322e+01  1.380000e+01
     vertex  1.634655e+02  7.338322e+01  1.130000e+01
     vertex  1.634355e+02  7.334754e+01  1.130000e+01
   endloop
 endfacet
 facet normal -7.824421e-01  6.227234e-01  0.000000e+00
   outer loop
     vertex  1.634655e+02  7.338322e+01  1.380000e+01
     vertex  1.634945e+02  7.341972e+01  1.130000e+01
     vertex  1.634655e+02  7.338322e+01  1.130000e+01
   endloop
 endfacet
 facet normal -7.650637e-01  6.439545e-01  0.000000e+00
   outer loop
     vertex  1.634655e+02  7.338322e+01  1.380000e+01
     vertex  1.634355e+02  7.334754e+01  1.130000e+01
     vertex  1.634355e+02  7.334754e+01  1.380000e+01
   endloop
 endfacet
 facet normal -7.824421e-01  6.227234e-01  0.000000e+00
   outer loop
     vertex  1.634945e+02  7.341972e+01  1.380000e+01
     vertex  1.634945e+02  7.341972e+01  1.130000e+01
     vertex  1.634655e+02  7.338322e+01  1.380000e+01
   endloop
 endfacet
 facet normal -7.992314e-01  6.010234e-01  0.000000e+00
   outer loop
     vertex  1.635226e+02  7.345700e+01  1.380000e+01
     vertex  1.635226e+02  7.345700e+01  1.130000e+01
     vertex  1.634945e+02  7.341972e+01  1.130000e+01
   endloop
 endfacet
 facet normal -7.992314e-01  6.010234e-01  0.000000e+00
   outer loop
     vertex  1.635226e+02  7.345700e+01  1.380000e+01
     vertex  1.634945e+02  7.341972e+01  1.130000e+01
     vertex  1.634945e+02  7.341972e+01  1.380000e+01
   endloop
 endfacet
 facet normal -8.154191e-01  5.788711e-01  0.000000e+00
   outer loop
     vertex  1.635496e+02  7.349503e+01  1.380000e+01
     vertex  1.635496e+02  7.349503e+01  1.130000e+01
     vertex  1.635226e+02  7.345700e+01  1.130000e+01
   endloop
 endfacet
 facet normal -8.154191e-01  5.788711e-01  0.000000e+00
   outer loop
     vertex  1.635496e+02  7.349503e+01  1.380000e+01
     vertex  1.635226e+02  7.345700e+01  1.130000e+01
     vertex  1.635226e+02  7.345700e+01  1.380000e+01
   endloop
 endfacet
 facet normal -8.309929e-01  5.562829e-01  0.000000e+00
   outer loop
     vertex  1.635755e+02  7.353379e+01  1.380000e+01
     vertex  1.635755e+02  7.353379e+01  1.130000e+01
     vertex  1.635496e+02  7.349503e+01  1.130000e+01
   endloop
 endfacet
 facet normal -8.309929e-01  5.562829e-01  0.000000e+00
   outer loop
     vertex  1.635755e+02  7.353379e+01  1.380000e+01
     vertex  1.635496e+02  7.349503e+01  1.130000e+01
     vertex  1.635496e+02  7.349503e+01  1.380000e+01
   endloop
 endfacet
 facet normal -8.459413e-01  5.332761e-01  0.000000e+00
   outer loop
     vertex  1.636004e+02  7.357324e+01  1.380000e+01
     vertex  1.636004e+02  7.357324e+01  1.130000e+01
     vertex  1.635755e+02  7.353379e+01  1.130000e+01
   endloop
 endfacet
 facet normal -8.459413e-01  5.332761e-01  0.000000e+00
   outer loop
     vertex  1.636004e+02  7.357324e+01  1.380000e+01
     vertex  1.635755e+02  7.353379e+01  1.130000e+01
     vertex  1.635755e+02  7.353379e+01  1.380000e+01
   endloop
 endfacet
 facet normal -8.602528e-01  5.098678e-01  0.000000e+00
   outer loop
     vertex  1.636242e+02  7.361337e+01  1.380000e+01
     vertex  1.636242e+02  7.361337e+01  1.130000e+01
     vertex  1.636004e+02  7.357324e+01  1.130000e+01
   endloop
 endfacet
 facet normal -8.739167e-01  4.860756e-01  0.000000e+00
   outer loop
     vertex  1.636242e+02  7.361337e+01  1.380000e+01
     vertex  1.636469e+02  7.365413e+01  1.130000e+01
     vertex  1.636242e+02  7.361337e+01  1.130000e+01
   endloop
 endfacet
 facet normal -8.602528e-01  5.098678e-01  0.000000e+00
   outer loop
     vertex  1.636242e+02  7.361337e+01  1.380000e+01
     vertex  1.636004e+02  7.357324e+01  1.130000e+01
     vertex  1.636004e+02  7.357324e+01  1.380000e+01
   endloop
 endfacet
 facet normal -8.869228e-01  4.619176e-01  0.000000e+00
   outer loop
     vertex  1.636469e+02  7.365413e+01  1.380000e+01
     vertex  1.636684e+02  7.369550e+01  1.130000e+01
     vertex  1.636469e+02  7.365413e+01  1.130000e+01
   endloop
 endfacet
 facet normal -8.739167e-01  4.860756e-01  0.000000e+00
   outer loop
     vertex  1.636469e+02  7.365413e+01  1.380000e+01
     vertex  1.636469e+02  7.365413e+01  1.130000e+01
     vertex  1.636242e+02  7.361337e+01  1.380000e+01
   endloop
 endfacet
 facet normal -8.869228e-01  4.619176e-01  0.000000e+00
   outer loop
     vertex  1.636684e+02  7.369550e+01  1.380000e+01
     vertex  1.636684e+02  7.369550e+01  1.130000e+01
     vertex  1.636469e+02  7.365413e+01  1.380000e+01
   endloop
 endfacet
 facet normal -8.992613e-01  4.374119e-01  0.000000e+00
   outer loop
     vertex  1.636684e+02  7.369550e+01  1.380000e+01
     vertex  1.636888e+02  7.373744e+01  1.130000e+01
     vertex  1.636684e+02  7.369550e+01  1.130000e+01
   endloop
 endfacet
 facet normal -8.992613e-01  4.374119e-01  0.000000e+00
   outer loop
     vertex  1.636888e+02  7.373744e+01  1.380000e+01
     vertex  1.636888e+02  7.373744e+01  1.130000e+01
     vertex  1.636684e+02  7.369550e+01  1.380000e+01
   endloop
 endfacet
 facet normal -9.109228e-01  4.125769e-01  0.000000e+00
   outer loop
     vertex  1.637080e+02  7.377993e+01  1.380000e+01
     vertex  1.636888e+02  7.373744e+01  1.130000e+01
     vertex  1.636888e+02  7.373744e+01  1.380000e+01
   endloop
 endfacet
 facet normal -9.109228e-01  4.125769e-01  0.000000e+00
   outer loop
     vertex  1.637080e+02  7.377993e+01  1.380000e+01
     vertex  1.637080e+02  7.377993e+01  1.130000e+01
     vertex  1.636888e+02  7.373744e+01  1.130000e+01
   endloop
 endfacet
 facet normal -9.218986e-01  3.874313e-01  0.000000e+00
   outer loop
     vertex  1.637261e+02  7.382293e+01  1.380000e+01
     vertex  1.637080e+02  7.377993e+01  1.130000e+01
     vertex  1.637080e+02  7.377993e+01  1.380000e+01
   endloop
 endfacet
 facet normal -9.218986e-01  3.874313e-01  0.000000e+00
   outer loop
     vertex  1.637261e+02  7.382293e+01  1.380000e+01
     vertex  1.637261e+02  7.382293e+01  1.130000e+01
     vertex  1.637080e+02  7.377993e+01  1.130000e+01
   endloop
 endfacet
 facet normal -9.321804e-01  3.619940e-01  0.000000e+00
   outer loop
     vertex  1.637430e+02  7.386641e+01  1.380000e+01
     vertex  1.637261e+02  7.382293e+01  1.130000e+01
     vertex  1.637261e+02  7.382293e+01  1.380000e+01
   endloop
 endfacet
 facet normal -9.321804e-01  3.619940e-01  0.000000e+00
   outer loop
     vertex  1.637430e+02  7.386641e+01  1.380000e+01
     vertex  1.637430e+02  7.386641e+01  1.130000e+01
     vertex  1.637261e+02  7.382293e+01  1.130000e+01
   endloop
 endfacet
 facet normal -9.417605e-01  3.362843e-01  0.000000e+00
   outer loop
     vertex  1.637430e+02  7.386641e+01  1.380000e+01
     vertex  1.637587e+02  7.391033e+01  1.130000e+01
     vertex  1.637430e+02  7.386641e+01  1.130000e+01
   endloop
 endfacet
 facet normal -9.417605e-01  3.362843e-01  0.000000e+00
   outer loop
     vertex  1.637587e+02  7.391033e+01  1.380000e+01
     vertex  1.637587e+02  7.391033e+01  1.130000e+01
     vertex  1.637430e+02  7.386641e+01  1.380000e+01
   endloop
 endfacet
 facet normal -9.506317e-01  3.103214e-01  0.000000e+00
   outer loop
     vertex  1.637732e+02  7.395467e+01  1.380000e+01
     vertex  1.637587e+02  7.391033e+01  1.130000e+01
     vertex  1.637587e+02  7.391033e+01  1.380000e+01
   endloop
 endfacet
 facet normal -9.506317e-01  3.103214e-01  0.000000e+00
   outer loop
     vertex  1.637732e+02  7.395467e+01  1.380000e+01
     vertex  1.637732e+02  7.395467e+01  1.130000e+01
     vertex  1.637587e+02  7.391033e+01  1.130000e+01
   endloop
 endfacet
 facet normal -9.587873e-01  2.841250e-01  0.000000e+00
   outer loop
     vertex  1.637864e+02  7.399939e+01  1.380000e+01
     vertex  1.637732e+02  7.395467e+01  1.130000e+01
     vertex  1.637732e+02  7.395467e+01  1.380000e+01
   endloop
 endfacet
 facet normal -9.587873e-01  2.841250e-01  0.000000e+00
   outer loop
     vertex  1.637864e+02  7.399939e+01  1.380000e+01
     vertex  1.637864e+02  7.399939e+01  1.130000e+01
     vertex  1.637732e+02  7.395467e+01  1.130000e+01
   endloop
 endfacet
 facet normal -9.662211e-01  2.577146e-01  0.000000e+00
   outer loop
     vertex  1.637864e+02  7.399939e+01  1.380000e+01
     vertex  1.637984e+02  7.404446e+01  1.130000e+01
     vertex  1.637864e+02  7.399939e+01  1.130000e+01
   endloop
 endfacet
 facet normal -9.662211e-01  2.577146e-01  0.000000e+00
   outer loop
     vertex  1.637984e+02  7.404446e+01  1.380000e+01
     vertex  1.637984e+02  7.404446e+01  1.130000e+01
     vertex  1.637864e+02  7.399939e+01  1.380000e+01
   endloop
 endfacet
 facet normal -9.729276e-01  2.311102e-01  0.000000e+00
   outer loop
     vertex  1.638092e+02  7.408984e+01  1.380000e+01
     vertex  1.637984e+02  7.404446e+01  1.130000e+01
     vertex  1.637984e+02  7.404446e+01  1.380000e+01
   endloop
 endfacet
 facet normal -9.729276e-01  2.311102e-01  0.000000e+00
   outer loop
     vertex  1.638092e+02  7.408984e+01  1.380000e+01
     vertex  1.638092e+02  7.408984e+01  1.130000e+01
     vertex  1.637984e+02  7.404446e+01  1.130000e+01
   endloop
 endfacet
 facet normal -9.789017e-01  2.043319e-01  0.000000e+00
   outer loop
     vertex  1.638187e+02  7.413550e+01  1.380000e+01
     vertex  1.638092e+02  7.408984e+01  1.130000e+01
     vertex  1.638092e+02  7.408984e+01  1.380000e+01
   endloop
 endfacet
 facet normal -9.789017e-01  2.043319e-01  0.000000e+00
   outer loop
     vertex  1.638187e+02  7.413550e+01  1.380000e+01
     vertex  1.638187e+02  7.413550e+01  1.130000e+01
     vertex  1.638092e+02  7.408984e+01  1.130000e+01
   endloop
 endfacet
 facet normal -9.841389e-01  1.773998e-01  0.000000e+00
   outer loop
     vertex  1.638270e+02  7.418140e+01  1.380000e+01
     vertex  1.638187e+02  7.413550e+01  1.130000e+01
     vertex  1.638187e+02  7.413550e+01  1.380000e+01
   endloop
 endfacet
 facet normal -9.841389e-01  1.773998e-01  0.000000e+00
   outer loop
     vertex  1.638270e+02  7.418140e+01  1.380000e+01
     vertex  1.638270e+02  7.418140e+01  1.130000e+01
     vertex  1.638187e+02  7.413550e+01  1.130000e+01
   endloop
 endfacet
 facet normal -9.886353e-01  1.503341e-01  0.000000e+00
   outer loop
     vertex  1.638270e+02  7.418140e+01  1.380000e+01
     vertex  1.638340e+02  7.422751e+01  1.130000e+01
     vertex  1.638270e+02  7.418140e+01  1.130000e+01
   endloop
 endfacet
 facet normal -9.886353e-01  1.503341e-01  0.000000e+00
   outer loop
     vertex  1.638340e+02  7.422751e+01  1.380000e+01
     vertex  1.638340e+02  7.422751e+01  1.130000e+01
     vertex  1.638270e+02  7.418140e+01  1.380000e+01
   endloop
 endfacet
 facet normal -9.923874e-01  1.231552e-01  0.000000e+00
   outer loop
     vertex  1.638398e+02  7.427380e+01  1.380000e+01
     vertex  1.638398e+02  7.427380e+01  1.130000e+01
     vertex  1.638340e+02  7.422751e+01  1.130000e+01
   endloop
 endfacet
 facet normal -9.923874e-01  1.231552e-01  0.000000e+00
   outer loop
     vertex  1.638398e+02  7.427380e+01  1.380000e+01
     vertex  1.638340e+02  7.422751e+01  1.130000e+01
     vertex  1.638340e+02  7.422751e+01  1.380000e+01
   endloop
 endfacet
 facet normal -9.953925e-01  9.588368e-02  0.000000e+00
   outer loop
     vertex  1.638442e+02  7.432023e+01  1.380000e+01
     vertex  1.638442e+02  7.432023e+01  1.130000e+01
     vertex  1.638398e+02  7.427380e+01  1.130000e+01
   endloop
 endfacet
 facet normal -9.953925e-01  9.588368e-02  0.000000e+00
   outer loop
     vertex  1.638442e+02  7.432023e+01  1.380000e+01
     vertex  1.638398e+02  7.427380e+01  1.130000e+01
     vertex  1.638398e+02  7.427380e+01  1.380000e+01
   endloop
 endfacet
 facet normal -9.976484e-01  6.853995e-02  0.000000e+00
   outer loop
     vertex  1.638474e+02  7.436676e+01  1.380000e+01
     vertex  1.638474e+02  7.436676e+01  1.130000e+01
     vertex  1.638442e+02  7.432023e+01  1.130000e+01
   endloop
 endfacet
 facet normal -9.976484e-01  6.853995e-02  0.000000e+00
   outer loop
     vertex  1.638474e+02  7.436676e+01  1.380000e+01
     vertex  1.638442e+02  7.432023e+01  1.130000e+01
     vertex  1.638442e+02  7.432023e+01  1.380000e+01
   endloop
 endfacet
 facet normal -9.991532e-01  4.114462e-02  0.000000e+00
   outer loop
     vertex  1.638494e+02  7.441336e+01  1.380000e+01
     vertex  1.638494e+02  7.441336e+01  1.130000e+01
     vertex  1.638474e+02  7.436676e+01  1.130000e+01
   endloop
 endfacet
 facet normal -9.999059e-01  1.371831e-02  0.000000e+00
   outer loop
     vertex  1.638494e+02  7.441336e+01  1.380000e+01
     vertex  1.638500e+02  7.446000e+01  1.130000e+01
     vertex  1.638494e+02  7.441336e+01  1.130000e+01
   endloop
 endfacet
 facet normal -9.991532e-01  4.114462e-02  0.000000e+00
   outer loop
     vertex  1.638494e+02  7.441336e+01  1.380000e+01
     vertex  1.638474e+02  7.436676e+01  1.130000e+01
     vertex  1.638474e+02  7.436676e+01  1.380000e+01
   endloop
 endfacet
 facet normal -9.999059e-01  1.371831e-02  0.000000e+00
   outer loop
     vertex  1.638500e+02  7.446000e+01  1.380000e+01
     vertex  1.638500e+02  7.446000e+01  1.130000e+01
     vertex  1.638494e+02  7.441336e+01  1.380000e+01
   endloop
 endfacet
endsolid
